cell_id,time_seconds,mean_intensity,mean_intensity_sub,area,centroid_x,centroid_y,dF_F0
0,0.1,534.2770462446013,254.30435180664062,75944,174.0163936584852,149.6825423996629,-0.024149870846060337
0,5.1,538.2080457634318,257.46588134765625,75344,172.40254034826927,150.6740417286048,-0.012018033584895817
0,10.0,537.439319934876,256.9051513671875,74934,172.12039928470386,149.71667067018976,-0.014169740466722867
0,15.1,545.1255021050453,269.97296142578125,72445,180.53000207053626,147.55540064876803,0.03597578021683181
0,20.1,541.9370971447104,264.3404235839844,74003,172.384619542451,148.7587259975947,0.014361864680847644
0,25.0,547.3787486425529,264.78961181640625,71826,173.25792888369114,146.46967671873693,0.016085548886443177
0,30.1,549.3691627868076,267.1983642578125,71738,178.37195070952635,146.39069948981015,0.025328730783831282
0,35.1,537.5479826973913,257.67974853515625,74902,178.75124829777576,151.56051907826227,-0.011197354264778043
0,40.1,550.9914313368254,269.66796875,70256,173.97657139603734,145.45913516283306,0.03480542217955199
0,45.1,548.5901701164837,269.3500061035156,71598,176.91274895946813,148.212338333473,0.03358529406364059
0,50.0,540.8655332724372,265.5422058105469,73349,186.68122264788886,149.64738442241884,0.01897350161381538
0,55.1,548.6230055606785,271.56195068359375,71574,180.2709503450974,146.88249923156454,0.04207325893256986
0,60.1,541.3873165335635,265.6119384765625,74128,181.14663824735592,150.91100528815022,0.019241088977752185
0,65.1,563.0679963368976,274.2222595214844,74254,183.2143049532685,150.64370942979502,0.052281746143275715
0,70.1,550.9159217800269,274.69268798828125,72718,180.98146263648616,146.15635743557303,0.05408693617175966
0,75.1,566.4426607058186,275.9522705078125,73815,180.85786086838718,149.11199620673304,0.05892037199632315
0,80.1,551.5653171634007,272.3177490234375,71903,181.26605287679234,146.69041625523275,0.04497350779701574
0,85.1,566.6710209275252,280.5518798828125,73874,179.45022606058964,148.7242602268728,0.07657059847008896
0,90.1,548.9097746439928,282.04681396484375,72330,181.94585925618694,147.170606940412,0.08230715628619759
0,95.1,567.8611164449321,282.0638732910156,72910,181.82792483884242,148.81134275133726,0.08237261857785652
0,100.0,545.3428083128247,271.6703796386719,73140,181.86845775225595,148.34340989882418,0.04248933678992979
0,105.1,568.1711309115833,285.2675476074219,72950,184.48371487320082,149.5914324880055,0.0946661793180568
0,110.0,555.6974233234396,277.7576599121094,69741,177.4628410834373,144.99300268134957,0.06584824983577055
0,115.0,560.1236297916366,275.8819885253906,76357,181.41545634322983,153.29634480139345,0.058650676723173714
0,120.1,548.5395413233903,278.2165832519531,72949,180.42592770291574,149.4116300429067,0.0676092908768566
0,125.1,568.846287981766,285.35589599609375,72831,177.89681591629937,149.2320715080117,0.09500520138308834
0,130.1,542.8220706757595,272.6643371582031,74198,176.5934256988059,150.53320844227608,0.046303481404118704
0,135.0,558.6287000948067,277.06695556640625,75944,177.5222005688402,152.6148082797851,0.06319778821302147
0,140.0,547.7663933863415,278.3593444824219,72819,180.93227042392783,150.36171878218596,0.06815711306000599
0,145.0,560.669225513444,288.7248229980469,74643,174.98160577683106,152.73575552965448,0.10793289147808852
0,150.1,538.1994345892062,272.70098876953125,74636,176.6381906854601,152.8840773889276,0.046444125791028155
0,155.1,572.6914699000213,300.62957763671875,70515,180.33371623058923,147.81435155640645,0.15361538282816598
0,160.1,548.5816425388214,276.2557678222656,72254,182.10057574667147,150.07187145348354,0.06008499183630192
0,165.1,556.7848498431197,282.77423095703125,75854,176.7847443773565,154.52744746486673,0.08509849650799085
0,170.1,540.3906976119483,272.43450927734375,74454,177.89273914094608,153.34037123593092,0.04542155561076725
0,175.1,559.4442669222985,283.0072021484375,75108,175.52753368482718,153.509572881717,0.08599248422628124
0,180.1,555.0602841989969,282.273193359375,69388,182.7128610134317,146.56949328414134,0.0831758490939364
0,185.4,584.6220058204611,292.3130187988281,71472,180.45822140138796,149.03835068278488,0.1217019886671307
0,191.1,586.6811644987665,294.5684814453125,71344,183.11140390222022,148.2806823278762,0.13035694678812731
0,196.7,570.0592995044394,287.37750244140625,77488,178.85317726615733,155.17982139169936,0.10276277570984087
0,202.4,582.079080132894,287.9794616699219,73141,187.30234752054253,151.86699662296112,0.10507269288868262
0,208.0,563.8419867754136,296.2318420410156,77734,180.63385391205907,155.90063550055316,0.13673981299004215
0,213.6,580.5420705116813,293.50146484375,73151,189.53053273366052,150.29579910049077,0.12626245024865843
0,219.3,577.8814725847154,298.4292297363281,74101,190.2504959447241,152.10252223316823,0.1451719182648367
0,224.9,563.6504193741941,296.6924133300781,78331,182.41173992416796,156.25542888511572,0.1385071777587661
0,230.5,573.0846801121945,275.94512939453125,74870,187.93500734606653,152.66173367169762,0.058892969176558944
0,236.2,580.3086604530921,300.2808837890625,73495,191.7634532961426,150.9346350091843,0.15227732890241458
0,241.8,579.3165384510833,296.05560302734375,73574,188.42229591975425,151.5988936309022,0.13606352545098963
0,247.5,566.4678034409316,291.27325439453125,78409,183.45155530615108,155.3607111428535,0.1177120678458218
0,253.1,566.417785923002,291.08074951171875,78028,181.09294099554006,155.45314502486286,0.11697336277286192
0,258.7,556.3533850689108,281.5372009277344,79378,184.00440928216887,156.35398977046538,0.0803516020672126
0,264.4,579.1464528721299,265.9328918457031,73778,190.27163924205047,150.95472905202092,0.020472693488265685
0,270.0,563.7684035659485,289.7923889160156,78857,181.77291806688055,155.76340718008547,0.11202949592677001
0,275.7,571.12495347477,261.2871398925781,75228,190.3261551549955,151.1399080129739,0.0026454026406388534
0,281.3,582.9998061666689,291.3218078613281,72227,197.0936907250751,148.31668212718236,0.11789838359900494
0,287.0,570.6058687156388,288.0738525390625,75485,194.47927402795258,151.1931907001391,0.1054349019550531
0,292.6,573.8384187245122,290.1604309082031,75281,189.97784301483773,151.21980313757788,0.11344179509923297
0,298.2,583.8022887177062,287.9859313964844,71918,197.6165354987625,147.79261102922774,0.10509751937496473
0,303.9,574.1495421366955,289.0146789550781,75350,192.4891307232913,150.97905773059057,0.10904516490595362
0,309.5,572.1898759773524,297.1529846191406,74180,188.74471555675385,150.1492720409814,0.14027454252749005
0,315.2,575.8702229513488,297.90655517578125,74366,193.0507221041874,150.6317806524487,0.14316624264901803
1,0.1,334.41134393063584,54.04872512817383,13840,325.93468208092486,28.620881502890175,0.008833846505213325
1,5.1,338.71044325511184,55.88335418701172,14574,321.62405653904216,28.885480993550157,0.04307768640982725
1,10.0,336.0267322782285,46.871620178222656,15038,324.3439287139247,29.739393536374518,-0.1251287284909656
1,15.1,337.34966238580694,61.128700256347656,15106,322.6118098768701,29.390507083278166,0.1409834675143809
1,20.1,338.81556774107264,49.94483947753906,14954,322.95613213855825,28.975591814899023,-0.06776627193845561
1,25.0,337.16688945328167,57.61018371582031,14962,324.93851089426545,29.28966715679722,0.07530941938179828
1,30.1,338.51711226433684,61.147804260253906,15223,325.3054588451685,29.189121723707547,0.1413400488342675
1,35.1,336.94271507390505,46.7015266418457,14681,325.18329814045364,29.23901641577549,-0.1283035696396126
1,40.1,337.0630506245891,60.64313888549805,15210,323.8944773175542,29.433990795529258,0.1319203352331495
1,45.1,338.03765980225455,60.304569244384766,15879,324.3428427482839,29.984696769317967,0.1256008427281143
1,50.0,339.3205973622963,59.638919830322266,15468,321.3031419705198,29.278898370830102,0.11317631916682559
1,55.1,338.5994527330771,63.494903564453125,15349,324.7818750407193,29.70949247507981,0.1851492823281161
1,60.1,338.64256897449246,60.144432067871094,15368,326.1909812597605,30.171004685059863,0.12261183968747533
1,65.1,355.4173642820903,66.06678771972656,15768,325.76420598680875,30.685502283105023,0.23315418492253143
1,70.1,344.3040129449838,61.628204345703125,15450,333.9968284789644,31.050355987055017,0.15030684434916375
1,75.1,358.6151285732933,49.946563720703125,15322,331.5392246443023,30.20532567549928,-0.06773408848067032
1,80.1,346.1660625,62.215145111083984,16000,328.941375,31.0190625,0.161262250024426
1,85.1,359.1836620419337,65.44973754882812,16073,328.5656691345735,31.351645616873018,0.22163677917581048
1,90.1,345.64279203021226,73.94306945800781,15358,327.44953770022136,29.90812605808048,0.38016708084830647
1,95.1,359.58631623879506,61.2766227722168,16399,325.86993109335936,32.44234404536862,0.14374448066159398
1,100.0,342.49295154185023,64.46914672851562,15890,331.65122718691003,30.387287602265577,0.20333379040488947
1,105.1,359.3342587809917,70.13373565673828,15488,326.0723140495868,29.926200929752067,0.3090648511057247
1,110.0,345.5551588278749,61.546260833740234,16244,329.0781827136173,32.18653041122876,0.14877734687861977
1,115.0,361.4001371400075,57.505393981933594,16042,325.66145119062463,30.914786186261065,0.07335349109559915
1,120.1,347.7093454359499,71.77069854736328,15644,326.7780618767579,30.435054973152646,0.3396191993464879
1,125.1,361.32191573204,68.75860595703125,16495,324.5736889966657,31.782479539254318,0.2833976890938707
1,130.1,346.7472437472438,66.91423034667969,15873,327.64795564795565,30.863541863541865,0.24897192720996156
1,135.0,359.9098644815632,67.39602661132812,15865,325.98821304758906,30.37800189095493,0.2579647827813831
1,140.0,348.05409553040477,66.32734680175781,15639,323.4850054351301,30.224630730865144,0.2380175895698028
1,145.0,359.6459339641368,95.15420532226562,15113,323.28088400714614,28.877787335406605,0.7760785798140711
1,150.1,343.61332605133805,63.70326614379883,16479,326.03671339280294,31.235451180290067,0.18903842535398
1,155.1,369.1328892860044,97.48088836669922,12311,308.79993501746407,25.551376817480303,0.8195067383829929
1,160.1,349.07182688810764,61.24536895751953,16498,322.27736695357015,32.17820341859619,0.14316111988806543
1,165.1,360.4056833052907,79.00023651123047,16047,327.3870505390416,30.462267090421886,0.47456045050916873
1,170.1,347.73021623457487,65.91181945800781,17666,329.29474697158383,32.992811049473566,0.2302616610529081
1,175.1,368.57970051926094,70.16248321533203,16562,319.60083323270135,32.10856176790243,0.30960143194172024
1,180.1,351.4756931721021,61.09317398071289,16374,325.6869427140589,31.477342127763528,0.14032036011979146
1,185.4,375.82344810253835,70.0135498046875,15916,318.33450615732596,32.08551143503393,0.3068215501743454
1,191.1,367.93063911908274,74.28871154785156,17618,330.33556589851287,34.348053127483254,0.38661858249213354
1,196.7,367.7615952732644,90.63804626464844,16925,330.0759231905465,31.666765140324962,0.6917832684497262
1,202.4,367.682508453735,68.4054183959961,16265,330.1669843221642,30.479680295112203,0.27680534922106287
1,208.0,363.0500865619963,94.49842071533203,16751,333.73165781147395,30.641155751895408,0.7638381855046248
1,213.6,364.4646417806631,73.97364807128906,17252,333.7719684674241,32.38604219800603,0.3807378388076138
1,219.3,361.6680890538033,93.434326171875,16170,339.6679653679654,29.42003710575139,0.7439765775060045
1,224.9,362.86731226639483,99.45050811767578,17658,337.9959225280326,32.60391890361309,0.8562702155014302
1,230.5,364.0906019128343,80.53395080566406,17461,337.9879159269229,31.834717370139167,0.5031876362091869
1,236.2,365.58666045861946,86.34271240234375,17182,340.23879641485274,31.436561517867535,0.6116097181567862
1,241.8,367.4854755043228,77.40365600585938,17350,337.92853025936597,32.04386167146974,0.4447598502421115
1,247.5,367.924630404463,83.4001693725586,17925,339.4407252440725,33.009037656903764,0.5566863689712962
1,270.0,374.7365395669668,70.20340728759766,15657,329.440186498052,29.796193395925144,0.31036529064773927
1,281.3,367.2046912801094,67.41903686523438,19014,340.6399495108867,36.060744714420956,0.25839427529766823
1,287.0,367.50590026646364,67.88539123535156,18389,338.48545326010117,34.690521507422915,0.26709890379582674
1,292.6,366.6139491726378,72.09490203857422,19399,343.3757410175782,35.60482499097892,0.3456705438382058
1,298.2,368.05019305019306,65.56034851074219,17871,339.11829220524874,33.490571316658276,0.22370136223320508
1,303.9,368.6405977715583,67.38578033447266,18937,337.8827691820246,35.59998943866505,0.2577735332955174
1,309.5,367.09037218064253,71.11703491210938,19641,337.92373097092815,38.125197291380275,0.3274183935382111
1,315.2,369.8410961758883,81.80081176757812,19194,334.5766906324893,35.95128686047723,0.5268339334005494
2,0.1,355.7340338587274,83.75350189208984,17130,969.9869235259778,64.29492119089316,-0.03840991158241335
2,5.1,358.3120296331138,87.523193359375,17008,966.1506937911571,66.7894520225776,0.004870642298237115
2,10.0,358.0619783342213,89.87979125976562,16893,970.7919848457941,63.8331853430415,0.03192719673725027
2,15.1,357.0801185149353,89.29112243652344,16538,970.1888378280324,63.315152981013426,0.025168576584036192
2,20.1,365.50389105058366,85.0472183227539,15420,981.9153047989624,57.95473411154345,-0.023556504037110064
2,25.0,362.58955650022205,99.9397964477539,15761,973.7350421927542,60.24141869170738,0.14742805413020738
2,30.1,362.6054673925634,94.28569030761719,17266,971.5552530985752,63.00057917294104,0.08251217240120731
2,35.1,360.24998547271775,96.05084228515625,17209,969.9153931082573,63.69992445813237,0.1027782222714465
2,40.1,366.61905409078554,92.38021850585938,14716,978.4015357434085,56.68360967654254,0.06063508359971131
2,45.1,365.5094458043055,91.65972900390625,15933,975.3172032887717,59.68901023033955,0.0523630048419814
2,50.0,364.91388389814756,93.74430084228516,16141,974.3398178551515,60.219193358527974,0.07629637566344552
2,55.1,371.9780319408606,98.350830078125,14339,978.9903758979008,55.65681009833322,0.12918482516250807
2,60.1,373.9054126473741,121.09711456298828,14928,983.4945739549839,53.58782154340836,0.3903392988841261
2,65.1,417.5515558267236,118.32891082763672,14751,979.6410412853365,55.240661650057625,0.3585570185674865
2,70.1,380.7671009771987,124.72470092773438,15350,987.1779153094462,56.02117263843648,0.4319883167092312
2,75.1,420.57188520130575,155.10452270507812,14704,985.09228781284,55.87146354733406,0.780784902511998
2,80.1,380.3197297116478,114.17964172363281,14947,984.1437746705025,56.90446243393323,0.3109184607227272
2,85.1,416.46100843582974,156.88357543945312,15529,982.9623285465902,57.40376070577629,0.8012105496491331
2,90.1,374.2683874201228,109.51631927490234,15962,977.1606941486029,60.6324395439168,0.25737795740655534
2,95.1,415.42325264234574,132.26272583007812,14665,979.7594272076373,58.4708489601091,0.5185338326409452
2,100.0,372.70932664157255,116.71688079833984,16737,971.9715002688654,65.76220350122483,0.3400489912804533
2,105.1,414.45372191011234,137.10972595214844,14240,978.4392556179776,58.289115168539325,0.5741831747060301
2,110.0,378.40244343237185,110.017333984375,13833,983.4036000867491,55.13106339911805,0.26313020379502333
2,115.0,418.3645599013134,152.09059143066406,13781,984.3386546694725,54.821057978376025,0.7461813769855976
2,120.1,377.9571853320119,126.5484390258789,15135,981.808721506442,57.22107697390155,0.45292700511541656
2,125.1,418.83263537906134,154.732421875,13850,981.2882310469314,55.2113357400722,0.7765127412051658
2,130.1,376.63867542266314,125.51336669921875,14314,973.3277211121979,59.61205812491267,0.44104314035004677
2,135.0,411.9400721539284,150.7890625,14968,973.2113842864778,60.728754676643504,0.7312382726228951
2,140.0,379.92152281473335,130.5323028564453,14552,979.8464128642111,57.00975810885102,0.4986665131543011
2,145.0,410.7987572289898,149.20428466796875,16254,969.0191337516919,65.8970099667774,0.7130431330621804
2,150.1,375.4395711500975,122.25691986083984,15390,969.9923976608187,63.64191033138402,0.40365524691869537
2,155.1,417.94892787524367,159.98388671875,12825,975.0404678362573,55.41894736842105,0.8368058206507232
2,160.1,392.40945932081667,129.61190795898438,9747,990.3983789884066,40.109674771724634,0.48809928204354863
2,165.1,435.4684426620835,167.82736206054688,10473,990.3348610713263,42.32884560297909,0.9268582719158319
2,170.1,387.81873359580055,131.7442626953125,12192,988.5201771653543,48.17142388451443,0.512581257520649
2,175.1,437.41948424068767,168.4208984375,10470,990.3515759312321,42.42492836676218,0.9336727773908241
2,180.1,390.4280653414682,135.33851623535156,10162,989.4164534540445,42.37964967526077,0.5538475747644872
2,191.1,459.87863720073665,180.535400390625,10860,980.4302025782689,49.15736648250461,1.0727617078960774
2,196.7,440.85232685965553,175.9192352294922,13645,963.9015756687431,62.20842799560278,1.0197626264825859
2,202.4,449.40668092323574,181.83091735839844,13561,972.4226826930168,57.10788289949119,1.0876357877547658
2,219.3,460.18962075848304,192.92189025878906,10521,980.2936032696512,45.68805246649558,1.2149733840461387
2,224.9,469.7050978067576,206.8129425048828,10122,990.5724165184746,40.07597312784035,1.374459230676704
3,0.1,491.15600398848085,238.5486602783203,143413,981.9601361103945,259.8371068173736,0.0015884314392336897
3,5.1,493.6030675997804,238.96002197265625,143891,983.6350014941866,260.65982584039307,0.0033156057344211347
3,10.0,492.5693088008955,239.5452423095703,142940,979.882384217154,261.62228207639566,0.0057727560643044415
3,15.1,491.4106529687348,238.0052032470703,143866,983.0009383732084,259.45242795379033,-0.0006933683195628547
3,20.1,489.7381650636096,235.79258728027344,146283,981.2278460244868,257.9737290047374,-0.009983424918396292
3,25.0,489.2296944184809,236.4230194091797,146573,982.8126667257953,258.9597129075614,-0.007336444942137363
3,30.1,492.2908482296915,238.55322265625,144890,982.0023535095589,259.76156394506177,0.0016075873839742605
3,35.1,488.5800305192395,236.2618865966797,145482,983.0090595400118,259.6416188944337,-0.008012989345015044
3,40.1,487.9952530356124,234.32144165039062,147252,981.4175427158884,256.6387689131557,-0.01616028813001049
3,45.1,490.9591846516214,235.83013916015625,146048,982.2237209684487,257.7600309487292,-0.009825756757839288
3,50.0,486.16295727807625,232.48284912109375,148542,985.5221822784129,256.1209220287865,-0.023879941660346037
3,55.1,485.4283873025153,231.6714324951172,150518,986.6757597098022,252.72797937788172,-0.027286816822450814
3,60.1,489.90028675881,236.2318572998047,147162,983.19650453242,256.6153150949294,-0.008139072620096794
3,65.1,500.0456959100674,234.8006591796875,148022,981.6757373903879,256.2709935009661,-0.014148209198497566
3,70.1,491.82675341485844,236.86245727539062,146785,990.4758524372381,254.58463058214394,-0.005491387910084867
3,75.1,500.94218131366114,237.76559448242188,147755,990.0851747825793,253.33527799397652,-0.0016994077853193163
3,80.1,494.0474098873202,236.7899627685547,144569,985.311691994826,257.9908763289502,-0.005795768824675006
3,85.1,501.4685788539123,239.47396850585938,146987,990.7628497758305,253.86782504575234,0.00547350048609974
3,90.1,489.9963054187192,235.4622039794922,146160,990.9278188286809,255.2833538587849,-0.011370597211114811
3,95.1,502.4661445957394,236.7151336669922,145191,986.2774689891247,256.0096218085143,-0.006109951945102293
3,100.0,494.6985324947589,238.2355499267578,143100,987.1305310971348,258.27012578616353,0.00027378265636910385
3,105.1,497.97061579651944,233.46864318847656,149400,991.4485809906292,251.7644109772423,-0.01974091219558158
3,110.0,489.1612985909223,232.09661865234375,148253,989.9314415222626,252.6257074055837,-0.025501598092698297
3,115.0,499.567908910997,236.80271911621094,149568,990.2516781664527,252.12032654043645,-0.00574220905944719
3,120.1,492.20141961401697,237.1820526123047,147364,988.9605738172145,255.103512391086,-0.004149510777672648
3,125.1,504.99502709682736,241.00018310546875,145589,986.0639471388636,255.08418218409358,0.011881580435401964
3,130.1,491.91186614908094,237.6571807861328,147866,991.4988232588966,251.9653334776081,-0.002154601723050938
3,135.0,504.43638504279096,240.39120483398438,145241,988.3372188293939,253.8125047335119,0.009324678246117088
3,140.0,492.2627124960194,236.96067810058594,147591,990.679797548631,251.72091794215095,-0.005078990531171644
3,145.0,506.2658893189342,242.41860961914062,142879,988.4887772170858,256.6147369452474,0.0178370931818701
3,150.1,491.541434502349,237.55435180664062,146448,992.1973464984159,253.2530386212171,-0.002586347246819186
3,155.1,503.3521801301305,240.447265625,146161,985.7956021100019,252.98673380723997,0.009560059319618282
3,160.1,492.88910670408313,236.13002014160156,148954,985.1446486834861,249.18814533345866,-0.008566653808051874
3,165.1,503.4549026271964,239.20669555664062,147115,986.7678754715698,250.18089249906535,0.004351308084508313
3,170.1,489.71383792815374,236.27137756347656,149625,990.0120434419382,249.0567485380117,-0.007973139854618273
3,175.1,503.12043262597507,239.1644744873047,148581,986.4342547162827,248.46693049582382,0.004174035512277011
3,180.1,490.2931925259664,235.70372009277344,149424,987.4399427133526,246.9967341257094,-0.010356549407256105
3,185.4,510.69830634654755,210.53732299804688,150444,985.7542607215975,245.63161043311797,-0.11602208599704537
3,191.1,509.03909437761644,242.64035034179688,150968,991.9370396375391,245.18701314185788,0.01876811053628473
3,196.7,516.9364326180257,254.56887817382812,145625,986.9708223175966,249.5834643776824,0.0688521288943171
3,202.4,516.2528525473591,246.28965759277344,145484,986.6979736603338,250.22335789502625,0.03409036772725341
3,208.0,510.175532693613,206.8552703857422,150274,984.5604761968139,244.54682114005084,-0.1314818303365534
3,213.6,514.7424296134706,212.03578186035156,146690,986.3825550480606,248.79665280523554,-0.10973054338380703
3,219.3,515.777807302632,254.4202117919922,146769,984.6745225490397,247.33509119773248,0.0682279269892757
3,224.9,514.1304270790032,246.5271453857422,146741,985.1345022863412,247.09818660088183,0.03508750192104017
3,230.5,513.4683363726289,215.68560791015625,148609,985.8505406805779,245.02190984395293,-0.09440610792487454
3,236.2,517.4814761836648,209.6785888671875,146811,984.4572409424362,245.67990818126708,-0.11962763201079066
3,241.8,528.9917395771193,273.99371337890625,120696,961.1345032146882,281.7718979916484,0.15041070986190835
3,247.5,529.3940353883522,266.1197204589844,127217,964.5263761918611,273.6412586368174,0.11735036817469527
3,253.1,516.7298936055748,246.77157592773438,157997,983.8110786913676,232.06888105470358,0.036113786465519104
3,258.7,509.14792708100174,241.98007202148438,160836,984.7892822502425,226.66624387574922,0.015995816085401866
3,264.4,513.8474400783662,244.0960693359375,161294,984.1495343906159,226.58999094820638,0.024880202309327967
3,270.0,517.9086421557555,219.80430603027344,150518,984.3644946119401,242.20620125167753,-0.07711303076029571
3,275.7,515.8709164741772,214.2604217529297,148493,984.9455799263264,244.69455799263264,-0.10039000222157704
3,281.3,511.89749029754205,210.9840545654297,154600,989.8411060802069,237.82979301423026,-0.1141464050800899
3,287.0,515.7143184450696,247.49269104003906,157126,986.9709659763502,231.55121367564885,0.03914151486851119
3,292.6,522.4475363484261,238.1422882080078,154202,987.7488229724647,233.86749847602496,-0.00011779304347828158
3,298.2,521.7415223342642,216.551025390625,145382,985.6336135147404,245.59464032686301,-0.09077250069441899
3,303.9,518.0461342764954,249.6327362060547,161160,982.5381794489948,225.04480640357409,0.04812687021923039
3,309.5,531.9304603652023,221.82403564453125,121686,962.3236033726148,278.040168959453,-0.06863284137706613
3,315.2,522.4694015880189,240.11985778808594,154910,987.4600154928668,232.5136337228068,0.008185380034339265
4,0.1,342.6939196951849,109.52362060546875,68763,563.1715457440774,123.3722932390966,0.013350107722820746
4,5.1,343.7546636107807,109.1644058227539,68938,566.4363486030926,122.95538019669848,0.010026529331717588
4,10.0,343.0796362474215,107.73160552978516,68838,568.1585170981144,124.64510880618263,-0.0032302304722280645
4,15.1,341.72832048779793,107.84690856933594,70193,571.5244682518199,124.46645676919351,-0.0021634071979094774
4,20.1,342.638684834965,106.13711547851562,70379,569.7061907671323,124.56651842168829,-0.01798299938440066
4,25.0,343.64960090067984,108.57820892333984,69281,569.814884311716,124.15351972402246,0.004602834535251346
4,30.1,344.8844835598931,109.39636993408203,68856,568.6567764610201,124.60680260253282,0.012172740860360631
4,35.1,342.93734562582574,105.45655822753906,69636,567.7518381297031,125.39854385662588,-0.024279748521948905
4,40.1,344.0994569546014,108.17312622070312,69055,568.653232930273,124.61562522626892,0.0008548704149611735
4,45.1,346.5113238247409,108.76305389404297,68219,566.5466365675252,126.39153315058854,0.0063130836115559
4,50.0,344.0059749824476,107.64737701416016,69791,569.0684328924933,125.4055537246923,-0.00400954159169324
4,55.1,346.31156559352047,109.39070129394531,68894,568.5859291084855,125.31355415565942,0.012120292657302424
4,60.1,346.67933905916203,108.45681762695312,68811,571.1282498437749,125.34365145107614,0.003479680620232287
4,65.1,349.7222027768055,108.53069305419922,68568,571.5249387469373,125.15629739820325,0.004163201414596535
4,70.1,344.5475383808457,107.34856414794922,70543,583.2066966247537,125.74616900330295,-0.0067742607316364535
4,75.1,351.36701127134336,106.73746490478516,68581,572.434464356017,126.46384567154168,-0.012428360554727182
4,80.1,346.9389067524116,110.15020751953125,67487,574.9884125831642,126.63283299005734,0.019147504789798642
4,85.1,351.4190636837121,110.7478256225586,67584,575.8065518465909,126.53147194602273,0.024676872479909753
4,90.1,345.6573874241717,109.82360076904297,68576,575.2526248250117,126.32330552963136,0.016125627098386983
4,95.1,349.4813998913219,109.73971557617188,68091,577.7346785918844,126.68753579768251,0.015349492518810931
4,100.0,347.02221040817534,110.11137390136719,67716,574.7919694016185,126.29456849193691,0.01878820283345102
4,105.1,353.2981714422301,111.3633804321289,66938,571.0933699841645,125.63700737996355,0.030372196731783783
4,110.0,349.434778721502,111.57300567626953,67110,573.1533601549695,127.6284607361049,0.032311721398307805
4,115.0,354.558843015027,110.87362670898438,66414,575.0874062697624,126.45869846719066,0.025840827285060233
4,120.1,350.3423214786187,112.43080139160156,67793,571.5950024338796,127.06064047910552,0.04024834160617267
4,125.1,353.4445849755868,113.84184265136719,67996,574.8000911818342,127.89333196070358,0.05330377937092315
4,130.1,350.5687456285251,113.88715362548828,67197,569.9113799723202,127.04785927943212,0.05372301204651225
4,135.0,355.128068303095,114.16372680664062,66527,570.9965427570761,127.42124250304387,0.05628196199141552
4,140.0,350.99516060020363,113.78854370117188,67777,570.8056715404931,127.70904584150966,0.05281063920058042
4,145.0,353.8414486048865,114.49952697753906,69170,566.6652739627006,128.2397282058696,0.059388900362080395
4,150.1,349.65168005464074,113.5147705078125,67349,572.4175266150945,128.09572525204533,0.05027759570321735
4,155.1,352.26975018277625,113.75938415527344,72493,559.8120370242644,124.46214117225111,0.052540845079330795
4,160.1,351.05101738150324,114.78976440429688,67428,571.49304443258,128.4787921931542,0.062074276594570814
4,165.1,354.5004821600771,114.6617431640625,68442,573.1494696239151,129.05202945559745,0.060889780164804
4,170.1,351.0077318812239,113.87609100341797,66478,577.4491711543668,129.3725142152291,0.05362065687230713
4,175.1,356.0613775618001,114.63229370117188,66262,572.9089523407081,127.63641302707434,0.060617303632092445
4,180.1,350.0044345573492,113.02322387695312,68327,573.2417785063005,127.8291744112869,0.04572963765929503
4,185.4,359.93983436544056,116.29693603515625,67015,569.1634260986347,126.98815190628963,0.07601914552827611
4,191.1,359.47779162739795,116.86280059814453,65786,576.3181223968626,129.1342838901894,0.08125471857353088
4,196.7,359.92528893780957,115.93092346191406,65412,571.8174646853788,126.50648199107198,0.0726326716473683
4,202.4,360.6229695896434,115.53980255126953,65504,570.2875244259892,126.59213177821202,0.06901388681590251
4,208.0,358.0703539079564,116.08271026611328,65469,571.6213627823855,126.21234477386244,0.07403705522723783
4,213.6,359.4661888583795,114.66714477539062,64461,576.0071360977955,126.61936674888692,0.060939757725726226
4,219.3,359.3998398980091,116.18537902832031,67457,571.7921194242258,126.2972412055087,0.07498698183363664
4,224.9,359.6989931434925,116.44986724853516,64756,577.1812650565198,126.88952375069492,0.07743411757444274
4,230.5,359.26333562533426,116.1667709350586,65445,575.9849186339675,127.90020628008251,0.0748148133716461
4,236.2,361.8626413464357,117.19945526123047,64823,572.7959366274316,127.14132329574379,0.08436956299903091
4,241.8,360.78646787254974,116.33822631835938,66065,574.1877242110044,128.74531143570726,0.07640117739227481
4,247.5,362.5768250399759,116.03712463378906,63163,579.7216883301933,126.49600240647214,0.07361528131973744
4,253.1,364.76521620920204,105.72052764892578,80917,524.2402214614976,106.8317288085322,-0.021837412885864157
4,258.7,360.6603202977692,103.81861877441406,81674,528.3999559223254,107.28776599652277,-0.03943452620453402
4,264.4,359.71844660194176,95.0048599243164,70555,563.703777195096,120.31782297498405,-0.12098244646880858
4,270.0,362.0898056037236,114.99588775634766,65742,571.9568920933345,125.54926835204283,0.06398140055422577
4,275.7,359.7022479657978,96.69095611572266,65259,571.0513339156284,123.57415835363705,-0.10538210612444229
4,281.3,362.3847358887747,117.54830932617188,61281,581.1238883177493,126.70684225126874,0.08759728047525783
4,287.0,362.3309107426754,118.52772521972656,61642,581.3817202556698,126.062424969988,0.09665917229140117
4,292.6,363.7801831542527,118.67145538330078,63007,583.209579887949,128.60521846778929,0.09798901306853926
4,298.2,363.1969502819067,117.7613754272461,62432,580.9271527421835,125.7476454382368,0.0895686411304484
4,303.9,364.2495920115045,120.24041748046875,61889,581.372344035289,126.88238620756516,0.11250558859251163
4,309.5,361.32883963410734,118.38447570800781,62532,584.0654704791147,129.65201816669864,0.09533377867010787
4,315.2,364.9795270436135,119.89546203613281,61105,581.6357581212667,128.06897962523524,0.1093139424914701
5,0.1,368.89541896239564,118.001220703125,76773,395.29540333190056,453.6591119273703,0.0401609793696257
5,5.1,373.51366194318257,124.948974609375,73745,395.69444708115805,446.31425859380295,0.10140426536685909
5,10.0,370.8557888406631,119.93672180175781,76492,394.0541233070125,451.4065784657219,0.05722209709644915
5,15.1,372.7941589709313,79.49104309082031,73309,395.41521504862976,448.9492831712341,-0.2992997806312432
5,20.1,373.0885686763522,124.8478012084961,75783,393.7052901046409,447.9357375664727,0.10051243879830926
5,25.0,372.61038569443355,121.79802703857422,76278,393.13912268281814,447.73504811347965,0.07362919073918037
5,30.1,375.34276406264604,78.47412872314453,74897,394.8243187310573,448.7942507710589,-0.30826371031191874
5,35.1,373.54913872128503,124.28032684326172,73089,395.70966903364393,452.51528957845915,0.09551024739730359
5,40.1,373.92357546533935,120.34354400634766,77148,392.7216389277752,450.14105355939233,0.06080816663228977
5,45.1,375.7422550052687,123.92337036132812,75920,393.4270152792413,453.6649367755532,0.09236373584744002
5,50.0,378.29002364846286,124.65858459472656,72732,390.7321261617995,460.04174228675134,0.09884452606724793
5,55.1,373.97776308282766,121.02029418945312,77124,390.9895233649707,456.37093511747315,0.06677360604938315
5,60.1,377.6514333709691,126.78046417236328,72626,392.49734254950016,455.51071241704074,0.1175485388429443
5,65.1,397.3029049021071,142.55270385742188,73703,389.83708939934604,461.81692739779925,0.2565781876881664
5,70.1,377.1417002049332,83.67242431640625,81002,394.74867287227477,457.94796424779634,-0.2624416060733248
5,75.1,387.6986946547839,128.87994384765625,98518,373.6812156154205,492.2748228750076,0.13605510023448697
5,80.1,380.3118336745274,132.7317352294922,75226,393.8603541328796,449.0531199319384,0.1700079955705252
5,85.1,397.67376397938983,81.09162139892578,76273,393.38928585475855,453.38636214650006,-0.2851909511581539
5,90.1,378.0427700714586,131.2086944580078,76128,394.4663986969315,452.0097336065574,0.15658264648475
5,95.1,396.11529118330975,81.18453216552734,76979,392.4622819210434,457.92188778757844,-0.2843719583256526
5,100.0,379.8795606482153,131.45590209960938,75839,392.48384076794264,454.6667545721858,0.1587617404048278
5,105.1,399.21300739646995,143.02276611328125,73143,393.1910504081047,454.34618487073266,0.2607217076747053
5,110.0,370.3297923274882,116.83274841308594,100254,372.1451513156582,491.0153510084386,0.029861092009722194
5,115.0,399.3537802945121,142.00601196289062,73817,394.22404053266865,456.81632957177885,0.2517591902825404
5,120.1,379.78668719649414,125.3134765625,75987,392.7319804703436,456.16910787371523,0.10461728898039024
5,125.1,394.9832370828436,138.81173706054688,78268,391.07830786528336,458.7179945827158,0.22360219249048538
5,130.1,378.1707836239421,77.73383331298828,78456,390.68392474762925,456.2645176914449,-0.31478929025306396
5,135.0,392.6741192326586,82.21284484863281,79391,390.5868045496341,465.3709866357648,-0.2753075544052204
5,140.0,376.43872031579866,80.38509368896484,80051,389.6512848059362,465.56493985084506,-0.29141887448272413
5,145.0,395.91509997213785,137.1837158203125,75371,391.68652399463986,454.27342081171804,0.20925145817107427
5,150.1,376.62745302850277,120.10452270507812,76589,391.33837757380303,456.6231965425844,0.05870123392992211
5,155.1,390.8694219035038,138.19314575195312,79485,390.8348493426433,461.5587343523935,0.21814941380275293
5,160.1,378.09581086132323,130.61288452148438,74908,392.80510759865433,452.3344903081113,0.15133068177286324
5,165.1,394.97604585732694,85.49280548095703,76062,390.52401987852016,459.2354395098735,-0.24639525126731038
5,170.1,378.3213865568686,123.57119750976562,74804,390.82494251644295,454.8650339554035,0.08925939119739403
5,175.1,386.3092088918922,127.72489929199219,100631,369.26788961651977,500.3324323518598,0.12587357610214156
5,180.1,367.78894067838723,111.72379302978516,100621,368.97964639588156,497.797159638644,-0.01517349325460744
5,185.4,402.19535391331465,139.80015563964844,76968,390.3109084294772,456.378585905831,0.23231493657176916
5,191.1,402.4653707722437,138.52484130859375,75572,390.86717302704704,454.41114433917323,0.22107325453077287
5,196.7,404.51342722009514,142.15518188476562,75481,389.99748281024364,459.6612922457307,0.25307409813777654
5,202.4,400.4019869792647,133.26937866210938,79719,386.48739949071114,471.86664408735686,0.1747472323012172
5,208.0,401.870146216057,139.8800811767578,74684,390.20671094210275,454.7816265866852,0.2330194667830751
5,213.6,400.3172761762201,139.63243103027344,77494,388.7054997806282,467.20871293261416,0.23083647225663462
5,219.3,402.0888469298019,85.65452575683594,77324,387.04175935026643,466.86594071698306,-0.24496971414540775
5,224.9,391.0466625399773,127.48462677001953,96930,369.5492933044465,505.4727948003714,0.12375561409902415
5,230.5,397.45107892403195,49.67075729370117,81192,386.446768154498,473.96663464380725,-0.5621606010108086
5,236.2,402.23158990372104,139.41897583007812,76860,388.1682669789227,462.98540202966433,0.22895490044946418
5,241.8,403.49485227989635,139.2664794921875,74499,389.4705298057692,455.064779393012,0.2276106707946739
5,247.5,402.5581535851094,137.5137481689453,77794,386.58357971051754,466.20921921999127,0.21216063799931711
5,253.1,404.1830067936032,139.0318603515625,76101,386.84327406998597,456.8185831986439,0.2255425424004318
5,258.7,398.2549100204236,137.99790954589844,77851,387.43915941991753,462.30149901735365,0.21642843937479198
5,264.4,401.1439753170719,81.03826904296875,79083,385.8206314884362,465.918149286193,-0.28566124323219577
5,270.0,401.501246882793,75.24665069580078,80601,384.74335306013575,467.6002655053908,-0.33671338808484463
5,275.7,396.54620640404545,133.12814331054688,103622,360.2296809557816,504.11042056706106,0.17350226635317448
5,281.3,394.48520332329736,133.75462341308594,104956,362.1368954609551,505.2481230229811,0.17902458343709732
5,287.0,399.79788974015275,76.50584411621094,81317,384.42065004857534,467.020955027854,-0.3256138091687519
5,292.6,397.33868911470245,132.7339324951172,106676,358.68036859274815,505.0221230642319,0.17002736409867109
5,298.2,399.93233976873057,79.85750579833984,79042,383.7297765744794,463.7318261177602,-0.2960694732964152
5,303.9,396.52322606705263,134.4452362060547,111405,355.52450069566,507.91847762667743,0.18511221943627765
5,309.5,397.56176470588235,136.2799835205078,111180,356.2334952329556,503.0476344666307,0.20128520944541245
5,315.2,398.6771217542472,135.32476806640625,108719,356.72898021504983,505.03956070236114,0.19286514534499954
6,0.1,375.40869721658225,132.4486846923828,77818,603.827880438973,475.6038577192937,-0.03344265775121989
6,5.1,376.9584671430929,138.03335571289062,78781,602.4721316053364,475.38177987078103,0.007312029933694879
6,10.0,377.6038027455615,137.8548583984375,76997,602.3108173045703,475.0651973453511,0.006009428173193746
6,15.1,376.73776143120773,137.99453735351562,78032,600.1501179003486,476.50973959401273,0.007028749126829185
6,20.1,378.60685941043084,138.82545471191406,77616,599.6330782312925,478.5833719851577,0.013092450517501878
6,25.0,376.4874555586374,136.36892700195312,79318,599.4810005295141,474.27490607428325,-0.004834302775782258
6,30.1,380.24317283390576,139.0345458984375,77155,600.2174972458039,475.88681226103296,0.01461831407743922
6,35.1,376.4415775281473,137.022705078125,78249,600.9812904957251,479.0461731140334,-6.329277147113429e-05
6,40.1,377.8875511739724,136.7261962890625,78409,601.1229323164432,476.7665191495874,-0.002227094909448396
6,45.1,379.4611933775515,137.89590454101562,77796,601.610378425626,480.58058254923134,0.006308966447749058
6,50.0,379.1171866021376,137.28538513183594,78311,600.5398603005964,480.5390430463153,0.0018536408331644443
6,55.1,377.84588735894766,136.4795379638672,79669,598.2549297719314,479.1547778935345,-0.004027108369740823
6,60.1,378.2361699733713,136.33987426757812,79989,597.7943967295503,480.6412131668104,-0.00504631797085784
6,65.1,388.0995442963544,142.26480102539062,81632,595.0715405723246,481.28077224617795,0.03819141952235021
6,70.1,380.386539324722,139.00335693359375,80204,603.8869383073163,479.84507007131816,0.014390709529784551
6,75.1,389.7439898673159,136.5514678955078,81321,600.5412624045449,480.9553743805413,-0.0035021925978992825
6,80.1,377.43437833381824,136.70834350585938,82488,599.3575065464067,480.9504655222578,-0.0023573773560021938
6,85.1,389.07840588864053,133.8179168701172,82328,597.5176732096006,482.2763093965601,-0.023450550863135723
6,90.1,376.1866000048896,135.64434814453125,81806,598.5603989927389,481.28541916240863,-0.01012198846557169
6,95.1,386.5911875244045,132.3766326904297,81952,597.6098569894573,482.8677030456853,-0.03396846434320881
6,100.0,374.9161778550221,134.2618865966797,82854,598.7027542424023,483.00328288314387,-0.02021063798712778
6,105.1,385.55760946945475,139.29641723632812,82877,596.471469768452,482.86666988428635,0.01652934599859843
6,110.0,375.8887607439421,126.5972900390625,82372,595.8432598455786,483.87262662069634,-0.07614378745815209
6,115.0,386.6311720217737,139.3699951171875,83036,597.9784671708657,481.7834433257864,0.017066287842429553
6,120.1,376.7851313378131,126.57891082763672,81850,597.2507391569945,480.87240073304827,-0.07627791156659144
6,125.1,387.3785939165268,141.05743408203125,81631,596.5846308387745,481.25595668312286,0.029380540149687138
6,130.1,375.85972183283155,126.28516387939453,82037,596.7369235832612,480.87321574411544,-0.07842155889873433
6,135.0,384.9426235491642,138.74063110351562,82194,597.5266807796189,483.64479159062705,0.012473441867593707
6,140.0,375.98720588772863,133.7454071044922,82069,597.7091349961618,480.4304670460223,-0.0239796980306773
6,145.0,386.25767160328445,138.5596466064453,80622,598.7919426459279,483.7867703604475,0.01115268964658978
6,150.1,375.29713947815804,124.22962951660156,81174,597.0786581910464,482.20244166851455,-0.09342202368414622
6,155.1,383.7956284687416,138.50375366210938,81802,596.9709787046771,481.23177917410334,0.010744805371609814
6,160.1,376.68762825425864,135.21185302734375,80894,597.5485820950875,482.8854055925038,-0.013278164247726256
6,165.1,383.81442432949024,136.49581909179688,82139,597.1892401904089,480.73054212980435,-0.003908295232584496
6,170.1,376.1582151854962,132.4072265625,80972,596.4512053549375,481.47716494590725,-0.033745202543772605
6,175.1,386.6427649928123,138.9174346923828,81389,595.7083143913796,483.33468896288196,0.013763683498549992
6,180.1,375.7361234567901,123.74958038330078,81000,595.7448271604939,483.85035802469133,-0.0969252295899631
6,185.4,393.14432862669724,141.9679718017578,81162,595.7633005593751,482.05429880978784,0.03602527898148609
6,191.1,391.5680304705738,139.279052734375,81390,595.8470942376214,480.42007617643446,0.01640262683263414
6,196.7,394.2057140729525,142.3872528076172,80573,593.8660593499063,481.4740297618309,0.03908502348268716
6,202.4,392.10006810663555,139.2245330810547,82224,594.9032277680483,478.87537701887527,0.016004764284312155
6,208.0,391.0563388961471,140.83555603027344,81134,594.4917420563512,480.7961397194764,0.02776136317931212
6,213.6,389.62736558428276,140.32568359375,83119,592.6873278071199,478.77283172319204,0.024040518776239344
6,219.3,391.12936058943563,139.5270538330078,81841,593.7001258537897,480.0652484695935,0.018212439314547704
6,224.9,389.4375645245527,139.35723876953125,82333,595.7861853691716,477.92152599808094,0.01697319713702872
6,230.5,389.26340661348274,141.00587463378906,82105,594.8915169599902,480.0071006637842,0.029004279989939034
6,236.2,391.69041142885146,140.36724853515625,81618,594.1580656227793,480.29080594966797,0.024343843036421006
6,241.8,393.3784362861797,141.103515625,79810,595.2691266758552,480.4749780729232,0.029716824755321728
6,247.5,391.2876504562221,139.45050048828125,82416,594.4689502038439,477.30596000776546,0.017653783729624284
6,253.1,391.35751182512126,138.4788818359375,82663,593.3803273532294,478.2508256414599,0.010563300766581874
6,258.7,386.88721595375443,138.17819213867188,82689,594.3213849484212,477.33819492314575,0.008368988038556971
6,264.4,389.877533466594,141.69456481933594,82545,595.0013447210613,476.8281785692653,0.03403006455639981
6,270.0,390.8538524380281,140.64962768554688,82013,594.0296050626121,476.4124346140246,0.026404532742339448
6,275.7,386.375514561955,137.93531799316406,84295,593.292484726259,474.9707455958242,0.006596590002833211
6,281.3,386.95411373477833,139.2289276123047,83598,596.3772099811,475.1073111796933,0.016036833809617707
6,287.0,387.79572455133064,139.34249877929688,83079,594.2334284235486,473.53209595686036,0.01686563060423302
6,292.6,390.45580427868276,139.03152465820312,82689,595.6662433939218,476.0715693744029,0.014596266278791655
6,298.2,388.2861773140227,136.73402404785156,82994,595.2962382822855,471.2693327228474,-0.002169971067497885
6,303.9,390.5350806843589,139.49806213378906,82296,595.9406654029358,474.4336541265675,0.018000869529545813
6,309.5,387.5970950044711,137.9302520751953,82754,596.2917925417503,475.6314860913068,0.006559620966717091
6,315.2,390.46452541917847,138.50094604492188,81946,595.8792009372025,473.91645717911797,0.010724316508220156
7,0.1,443.7032464217512,187.0489501953125,52889,182.85414736523663,390.61538316095977,0.011889247125290938
7,5.1,449.8936907652542,193.50689697265625,51068,187.0606837941568,394.82538967650976,0.04682516574808002
7,10.0,450.43031789757305,192.8712921142578,49733,189.4150564011823,397.5030462670661,0.043386698325716004
7,15.1,446.7275771300275,156.7114715576172,51666,191.41021174466766,404.8037200480006,-0.1522291207475185
7,20.1,449.858636677518,194.117431640625,50685,189.08671204498373,401.59960540593863,0.05012800954843122
7,25.0,446.7433563325023,193.13113403320312,51741,188.88266558435282,402.27958485533713,0.04479237979817878
7,30.1,450.31582689762786,150.75559997558594,50629,189.34930573386794,400.4743328922159,-0.18444893489148234
7,35.1,448.2798252853203,186.09674072265625,49681,187.2884805056259,397.63094543185525,0.006738025878737001
7,40.1,451.15625445582873,188.37928771972656,49093,188.83885686350396,401.23092905302184,0.019086049003068085
7,45.1,451.13837193066445,191.0501708984375,50133,187.06676241198412,405.2857000378992,0.0335348762541346
7,50.0,448.9457765613534,191.67401123046875,50421,186.00817119850856,405.5147656730331,0.03690970045521324
7,55.1,452.2526814008288,186.84112548828125,49228,186.13488258714554,404.8913829527911,0.010764966095580268
7,60.1,450.08273766976413,195.98866271972656,50364,185.90646096418075,407.53816217933445,0.06025091377137605
7,65.1,493.0270993509735,220.69000244140625,50075,185.17663504742885,406.73381927109335,0.193879143322289
7,70.1,456.52245223549556,161.02565002441406,51398,196.81544028950543,413.13483014903306,-0.12889046636762008
7,75.1,495.83837862516623,225.8463592529297,50377,190.50197510768803,411.6635369315362,0.22177377735511114
7,80.1,459.593121920301,207.22055053710938,48909,191.2530004702611,411.35198020814164,0.1210126902767223
7,85.1,498.1311358592748,179.2218780517578,49117,190.38617993769978,411.8036117841073,-0.030453306148955507
7,90.1,455.84621882542234,202.64898681640625,49720,191.83841512469832,412.95386162510056,0.09628164438366973
7,95.1,493.3357084242339,177.75250244140625,49963,190.7978303944919,411.22960991133436,-0.03840227019580194
7,100.0,456.38707065800395,200.05711364746094,49407,189.9250915862125,411.16588742485885,0.08226024203508793
7,105.1,496.4453391649124,224.70687866210938,48929,190.02673261256106,410.7186126836845,0.21560946498685096
7,110.0,458.89069887478064,199.564453125,48435,192.0173428305977,414.42886342520904,0.07959506864255722
7,115.0,502.22452686718486,230.86434936523438,47344,192.17239776951672,415.1349273403177,0.2489198812574328
7,120.1,462.6899752606094,203.6425018310547,47293,191.69858118537627,417.4005666800584,0.10165631854853695
7,125.1,498.71335938149474,229.80386352539062,48116,190.8685052789093,415.5589201097348,0.24318291124532623
7,130.1,462.9176794754042,164.65882873535156,46817,191.81658371958903,417.1517824721789,-0.10923585474513628
7,135.0,499.6477583465819,184.93650817871094,47175,192.62658187599365,415.6282988871224,0.0004614505001679698
7,140.0,459.71592085109904,163.73011779785156,48314,192.97505898911288,420.2762346317837,-0.11425995464178167
7,145.0,497.88383710100754,230.62623596191406,47244,191.03488273643214,417.0133561933791,0.2476317457604699
7,150.1,462.563559043381,205.69871520996094,45619,191.45825204410443,417.5492009908152,0.1127799319435216
7,155.1,503.00826246511525,231.87948608398438,45507,190.60693959171115,419.3871052805063,0.2544115235734821
7,160.1,462.3454774944378,206.06263732910156,46744,192.2692110217354,420.77428119116894,0.11474866194048192
7,165.1,502.4942578548212,188.11453247070312,46150,192.2495991332611,422.2487323943662,0.01765378761198807
7,170.1,461.48084410695463,205.12625122070312,46487,192.863273603373,421.6979800804526,0.10968304123928847
7,175.1,503.0405825453755,230.43751525878906,46005,194.70255407020977,420.5642212802956,0.24661081273730825
7,180.1,460.3298481506617,204.45555114746094,47152,192.5339752290465,424.5755005089922,0.10605471725537273
7,185.4,522.330817666235,197.92208862304688,44786,194.1243468941187,422.5288929576207,0.07071027683992298
7,191.1,521.3608141267198,227.3009796142578,45644,194.61199719568836,424.6947901148015,0.22964291909977474
7,196.7,522.4557707034242,198.7821502685547,45705,192.8019035116508,427.01078656602124,0.07536300079290698
7,202.4,480.51806272947914,206.29669189453125,64276,221.68341216005973,485.31447196465245,0.11601484011336972
7,208.0,523.4125253435459,249.2699737548828,44390,193.80957422842982,426.4225951790944,0.3484898247779123
7,213.6,522.8059878365084,240.84988403320312,44724,192.22739468741617,424.91986405509346,0.3029391908914283
7,219.3,523.1086696919035,190.4422607421875,46057,186.1633627895868,431.12994767353496,0.030246230422734225
7,224.9,515.2586464948829,238.22360229492188,49442,199.9697018729016,437.8694632094171,0.2887316465661947
7,236.2,508.6410787960084,225.83102416992188,49203,174.2714062150682,418.7709082779505,0.22169081829234613
7,241.8,506.84982236406336,182.3886260986328,49821,175.6989823568375,420.5058108026736,-0.013321970775825292
7,247.5,511.34066797642436,185.1392364501953,48355,174.19687726191708,420.4475442043222,0.0015581610552880842
7,253.1,510.19620201358765,232.58709716796875,48868,171.78376442661866,420.11451256445935,0.2582395271323516
7,258.7,503.40587077071444,182.2800750732422,49772,169.40068713332798,421.90609177851,-0.013909205375337899
7,264.4,506.898934992249,179.45960998535156,49671,171.7724024078436,422.0260111533893,-0.029167234310270324
7,270.0,506.91603960396037,174.8233642578125,47975,168.42355393434082,419.2591141219385,-0.05424819410089585
7,275.7,504.27017040055745,230.08204650878906,47359,166.75223294410776,417.92867248041557,0.24468781340778256
7,281.3,502.46748649152227,226.520263671875,48303,168.6924000579674,417.9879924642362,0.22541943606855988
7,287.0,503.6999007831796,169.3625946044922,47371,165.28464672478944,418.21473053133775,-0.08378962743935145
7,292.6,502.6511684616948,223.16392517089844,49210,159.9141231457021,419.45590327169276,0.20726246253139477
7,298.2,504.74450105629427,171.45286560058594,48282,165.66430553829585,421.41288679010813,-0.07248177063333051
7,303.9,506.0675899672846,224.88250732421875,45850,157.38998909487458,419.78529989094875,0.2165595732579207
7,309.5,484.81828777066676,212.75270080566406,48907,142.32017911546404,403.4947553519946,0.1509402753521079
7,315.2,500.33141610896104,224.93409729003906,46769,157.1665633218585,416.5500438324531,0.21683866240340174
8,0.1,412.0804280578547,125.18923950195312,23922,34.99000919655547,456.8084608310342,-0.0371817856299922
8,5.1,409.4946610865569,121.07787322998047,25567,35.66883091485118,447.36120780693864,-0.06880190209008165
8,10.0,417.3621912116696,127.06587982177734,22143,34.92896174863388,408.77125954026104,-0.022748728212787225
8,15.1,391.58613576697087,140.2935333251953,31996,37.51043880485061,417.6939304913114,0.07898386299979356
8,20.1,403.51850655178606,136.49224853515625,27855,36.48328845808652,435.72611739364567,0.04974855293306709
8,25.0,399.3621617890668,145.48550415039062,28976,36.28830756488128,427.83917725013805,0.11891480354119477
8,30.1,396.9767068809945,97.1352767944336,29923,36.922233733248675,419.682685559603,-0.252942072915988
8,35.1,414.44720887411864,111.4854736328125,22267,34.396955135402166,401.0285175371626,-0.14257611054770836
8,40.1,399.4160002781448,110.44161224365234,28762,36.105764550448505,422.64779917947294,-0.15060434654274607
8,45.1,401.8760654558533,99.25572967529297,27805,35.28451717317029,425.369861535695,-0.23663387690387863
8,50.0,400.73354502467816,127.68438720703125,28973,35.391157284368205,419.4667794153177,-0.017991848319483472
8,55.1,409.7661087001447,86.37771606445312,24195,34.62554246745195,393.78875800785283,-0.33567742185031174
8,60.1,405.8509259937047,143.794189453125,27322,35.06844301295659,433.9037771759022,0.10590706738721299
8,65.1,466.7958884646124,101.5327377319336,22522,33.445475535032415,393.7655625610514,-0.21912163032483742
8,70.1,413.98038523274477,118.92999267578125,31150,38.07531300160514,427.6060995184591,-0.08532104165911698
8,75.1,461.43669661368347,131.47052001953125,28940,36.75784381478922,434.93407049067036,0.01112692936781187
8,80.1,411.8569154810628,158.384033203125,30786,37.203599038524004,431.45501201844996,0.21811613074759278
8,85.1,454.52532027634317,112.62318420410156,29818,37.278925481252934,441.0238446575894,-0.13382608965872192
8,90.1,407.65072678157964,155.17471313476562,31096,37.062290969899664,434.44208258296885,0.19343356354091687
8,95.1,473.42963360733614,131.5513153076172,24209,35.16506258003222,399.4887025486389,0.01174831803758807
8,100.0,426.3744339058361,121.2305908203125,23406,35.30833974194651,400.98367939844485,-0.06762736601804104
8,105.1,467.91025274590663,121.05706024169922,24491,35.88367155281532,394.16075292964763,-0.06896197275024685
8,110.0,406.26222607801554,116.59049224853516,31122,37.46571557097873,437.44004241372664,-0.10331391095715127
8,115.0,456.6600173761946,125.00745391845703,28775,37.606602953953086,451.7464813205908,-0.03857988079852454
8,120.1,411.4595491396709,112.14490509033203,29233,37.06868949474909,440.1959087332809,-0.1375044876114698
8,125.1,456.2774778589323,125.9771499633789,28341,36.347694153346744,445.8898768568505,-0.031122043222645886
8,130.1,412.13589226057906,122.8045654296875,28736,37.40329203786192,448.7249095211581,-0.05552208101997596
8,135.0,460.2402367296241,131.18893432617188,27373,37.99104957439813,456.73499433748583,0.008961281301324621
8,140.0,409.2186940512786,123.5144271850586,29603,36.43715164003648,441.6991858933216,-0.05006260358824915
8,145.0,457.0947991856376,129.885009765625,27015,37.291726818434206,460.6758097353322,-0.0010670751457113297
8,150.1,411.485594172435,115.6603775024414,27593,37.254412350958575,454.13108397057226,-0.11046733262946062
8,155.1,439.6014969759749,103.79242706298828,29927,36.678016506833295,429.2488722558225,-0.20174258037283985
8,160.1,408.93978190479737,99.58089447021484,26869,37.34943615318769,438.7521307082512,-0.23413306622343844
8,165.1,469.8773814152411,112.49093627929688,20576,35.76778771384137,418.74834758942455,-0.13484319553236693
8,170.1,411.64244873065485,119.377685546875,26234,36.90386521308226,457.1051688648319,-0.08187787951157521
8,175.1,459.34501939886877,82.24888610839844,21393,36.409760201935214,427.49922871967465,-0.3674318497990809
8,180.1,391.7607626693427,101.30316162109375,29895,35.26248536544573,431.38635223281483,-0.2208872777716963
8,185.4,401.6048196831817,63.19115447998047,5934,42.80215706100438,595.9529828109202,-0.5140030024749459
8,191.1,403.4027925330096,71.52339935302734,6589,39.3126422825922,593.4115950827136,-0.4499205209271969
8,196.7,399.9605143721634,57.980735778808594,6610,41.404538577912255,594.3018154311649,-0.5540758238287663
8,202.4,473.3391751325535,96.64456176757812,24707,35.90108066539847,469.543449224916,-0.2567161142617232
8,208.0,468.69721968825604,98.14718627929688,25213,36.45004561139095,467.75357950263754,-0.24515957589630658
8,213.6,480.21964304137003,62.525726318359375,19386,35.23826472712267,435.85020117610645,-0.5191207454767599
8,219.3,476.8556119571348,101.00594329833984,21276,32.0713009964279,469.9044463244971,-0.2231731548640921
8,224.9,480.07798364648573,101.88704681396484,22992,34.5812891440501,474.6982428670842,-0.21639667377862337
8,236.2,498.8814421588144,97.09629821777344,18084,35.08543463835434,513.1525658040257,-0.2532418533422285
8,253.1,502.8193903660029,111.92239379882812,17978,35.83718989876516,516.6568027589276,-0.13921580022280342
8,264.4,502.20628775881283,109.46400451660156,17049,34.74461845269517,518.4676520617045,-0.15812303209318165
8,270.0,500.08317580340264,109.5997543334961,16928,34.917769376181475,521.093986294896,-0.15707899350948687
8,275.7,498.22698431010616,119.7931137084961,17336,36.29955006922012,517.6393631748962,-0.07868286209344642
8,281.3,500.15976630526376,97.54143524169922,17801,36.558732655468795,517.2016178866356,-0.2498183479656381
8,287.0,499.61004654536663,102.74510192871094,16543,35.40929698361845,520.6169981260956,-0.20979745569328628
8,292.6,506.55115023775863,113.82000732421875,15562,33.86833311913636,523.3408944865698,-0.12462143992994076
8,298.2,507.52292932523187,131.9564666748047,15635,33.37371282379277,522.1436520626798,0.014864297633413877
8,303.9,506.2978598842126,104.55049896240234,15373,32.99453587458531,523.208287256879,-0.19591232343173476
8,309.5,504.3994795055303,107.54658508300781,15370,33.25296031229668,524.6657774886141,-0.17286971769168538
8,315.2,507.48958131733434,116.6043930053711,15501,33.190181278627186,523.0254177149861,-0.10320700159394709
9,0.1,344.0934214287983,106.6326904296875,31481,1134.0414218099806,522.1133699691877,0.03189396193456123
9,5.1,348.3028662526155,104.02880859375,30109,1136.6326347603706,523.8737586768076,0.0066959674614993315
9,10.0,341.63984006253196,106.1796646118164,33263,1132.5989237290682,522.0340618705469,0.027509991088679818
9,15.1,341.5391192176156,101.05608367919922,33334,1133.3106137877242,518.5461690766184,-0.022071354055536646
9,20.1,343.9183084032592,98.78709411621094,32892,1133.9274899671652,518.3450991122461,-0.04402856642920373
9,25.0,343.26261523532264,103.2060317993164,32976,1134.3300885492479,523.185498544396,-0.0012661162369864824
9,30.1,344.9964451406881,107.11614990234375,33194,1133.2412182924625,521.0059649334218,0.03657244194536999
9,35.1,342.51135575328004,103.50663757324219,33155,1133.5217915849796,522.315457698688,0.0016428723835455832
9,40.1,344.6710938212321,107.81671905517578,32903,1133.5900373826096,520.2449624654287,0.043351911504019694
9,45.1,345.6049954030034,108.0946044921875,32630,1133.9388292981919,521.1291756052713,0.046041033417819836
9,50.0,347.53469349379463,108.84951782226562,31908,1134.4112448288831,521.1284317412561,0.053346396378770235
9,55.1,348.12894396949383,108.1922607421875,32518,1134.7156959222584,515.6272833507596,0.04698606157301413
9,60.1,345.93809048764746,108.28866577148438,34082,1131.7945836511942,519.0125579484773,0.04791898155497
9,65.1,356.42733085501857,113.07704162597656,33625,1133.1822156133828,517.545843866171,0.09425651755648204
9,70.1,346.0262669476863,100.7012939453125,31789,1135.1156060272422,518.5495611689578,-0.025504685641552297
9,75.1,358.54527389547593,104.15446472167969,30194,1136.1604954626748,518.7864476386037,0.007911952908065742
9,80.1,347.5985222459314,107.35404205322266,31399,1135.2612822064398,517.6918373196598,0.03887454529748822
9,85.1,355.9562013258673,93.54132843017578,31074,1135.381766106713,518.5754328377421,-0.09479230422228244
9,90.1,344.3161087537325,94.21102142333984,31815,1134.5903818953325,519.9889046047462,-0.0883116259873883
9,95.1,353.5787025396027,101.25271606445312,31816,1134.0335051546392,521.7834422931858,-0.02016852509898801
9,100.0,348.1434174570005,102.78147888183594,31105,1135.2786047259283,521.1917698119273,-0.005374552311369058
9,105.1,353.4139481518234,110.7101058959961,32248,1134.0690585462664,518.9498573554949,0.07135147147528494
9,110.0,345.14031445580827,102.21017456054688,32755,1133.9238894825216,519.9233094184094,-0.010903114679904936
9,115.0,355.0861195542047,103.55278015136719,32571,1133.929477142243,519.9642012833502,0.002089398186874888
9,120.1,348.6720798523108,109.10381317138672,31959,1134.8918614474796,519.7832848336932,0.05580723492883126
9,125.1,355.80640523675515,110.52493286132812,32692,1133.6321118316407,515.6437660589746,0.06955953566632238
9,130.1,348.762545086376,110.70693969726562,31606,1135.6848066822756,519.810384104284,0.07132083189056573
9,135.0,355.1169012338025,114.14258575439453,32258,1135.5742451484903,517.735104470209,0.10456788218452118
9,140.0,350.4172040318037,104.4033203125,31946,1134.1352595004068,516.3962937456959,0.010320150436669454
9,145.0,356.81087855621007,114.98133850097656,31916,1133.9391214437899,517.6802544178469,0.1126845665827708
9,150.1,349.6038961038961,107.20643615722656,32032,1133.9849213286714,515.8173701298701,0.037446150006976965
9,155.1,356.36505324598716,109.15840148925781,32209,1132.8597596944953,517.4350647334596,0.056335490901519944
9,160.1,350.83491983175736,110.3981704711914,31621,1134.1269725815123,517.2772208342557,0.0683328448226854
9,165.1,358.2498406018873,107.13325500488281,31368,1133.6164243815354,516.5490627390972,0.03673796953317824
9,170.1,349.6935726367224,107.75273895263672,31926,1133.5078306082817,516.980955960659,0.042732770401718176
9,175.1,358.93936637390215,117.1468505859375,31880,1134.0794228356335,517.6964240903387,0.13364041826355505
9,180.1,350.3226253901201,112.19186401367188,31721,1133.116641972195,515.034677343085,0.085690575632892
9,185.4,364.8747843001914,106.94143676757812,31873,1132.1692968970601,516.8327110720672,0.034881727511467696
9,191.1,364.3588925706853,115.1312026977539,32291,1132.838406986467,517.9641695828559,0.11413481564937093
9,196.7,365.68854533948104,123.5726547241211,33183,1130.9619082060092,519.6179067594853,0.19582349236631358
9,202.4,365.7767446059402,123.9486312866211,33231,1131.1775149709608,520.1705335379615,0.19946185076381162
9,208.0,364.3572752407863,123.48079681396484,32913,1132.0034332938353,519.6746574301948,0.19493457525783395
9,213.6,367.8418279333814,120.9384994506836,31883,1133.3732396574978,515.8721262114607,0.17033253916514146
9,219.3,366.3910694229427,124.95387268066406,32943,1130.9847615578424,518.9233828127371,0.20918966050601828
9,224.9,367.1995508603239,126.75357055664062,31616,1133.006705465587,515.9717231781376,0.2266054957817044
9,230.5,366.6438613520368,126.12553405761719,31937,1133.2048094686413,516.697873939318,0.22052793111926033
9,236.2,367.75309674222717,127.77633666992188,32292,1132.013780502911,517.8962901028118,0.23650289377957365
9,241.8,368.526243567753,128.21902465820312,32065,1132.1166692655543,519.1945423358802,0.2407868245355888
9,247.5,369.89037731636523,118.96604919433594,31353,1132.4112206168468,516.5218001467164,0.15124496384898153
9,253.1,369.6064325668117,128.3441619873047,32180,1131.5965506525793,518.4694220012431,0.24199778952008075
9,258.7,366.51111603749683,115.26702117919922,31576,1132.215986825437,515.9023942234609,0.11544914308833724
9,264.4,371.50807759683386,130.241943359375,30826,1133.491598001687,513.8547978978784,0.26036278744914015
9,270.0,367.19448162569967,127.44706726074219,32872,1131.1029143343878,520.2230773910927,0.23331652462942715
9,275.7,370.35168738898756,128.71426391601562,30965,1133.338963345713,513.4139189407396,0.24557929856761787
9,281.3,368.03470062208396,128.9613800048828,30864,1134.048049507517,512.7509396060135,0.2479706627822072
9,287.0,369.6481922211717,129.41746520996094,30673,1134.0914811071627,512.3934404851173,0.25238423958826306
9,292.6,370.19492153514,130.84120178222656,31033,1133.768987851642,514.2687461734283,0.26616186412710036
9,298.2,368.6210144692973,129.19642639160156,30893,1133.485579257437,514.038617162464,0.25024522742324046
9,303.9,369.5988327592805,129.8915557861328,31356,1132.4300612323,514.010077816048,0.2569720559604329
9,309.5,367.7377701007072,129.64700317382812,30683,1134.152005996806,513.2030440308965,0.2546054987349174
9,315.2,368.03539510062365,129.31671142578125,31106,1133.4379862405967,512.6257313701536,0.25140923632127116
10,0.1,288.8615191757747,59.16761016845703,51054,112.98139225134172,705.1173659262741,0.03622736567962946
10,5.1,291.28568285022703,60.461891174316406,49989,113.30466702674589,707.7804516993739,0.05889465599830849
10,10.0,290.96489875421014,52.19874954223633,49286,112.2964127744187,705.9613074706813,-0.08582123604582856
10,15.1,288.7643096179756,54.14271545410156,46018,105.20146464426963,721.4394802033987,-0.05177573936127586
10,20.1,290.9206046405541,59.52434158325195,48227,109.80919401994733,713.6876023804093,0.04247495372916634
10,25.0,292.47385349657606,60.61619567871094,48190,110.20641211869682,713.3025938991492,0.06159705600476486
10,30.1,293.87162272467555,53.2447395324707,49004,110.60913394824912,711.0898906211738,-0.06750237123073993
10,35.1,290.6829238921002,59.852413177490234,41520,101.0007225433526,739.32454238921,0.04822061022744224
10,40.1,293.29399407368095,59.65045928955078,45222,103.48259696607846,721.6572243598249,0.04468370642665593
10,45.1,294.84523319898,60.39459228515625,48628,109.01274985605001,711.667948507033,0.057716022106741045
10,50.0,294.27557744937053,59.42314147949219,45675,105.28674329501916,721.632162014231,0.040702593537045674
10,55.1,294.82759040792706,51.832759857177734,49249,110.45797884221,712.3301589879998,-0.09223096809575282
10,60.1,295.1114889123548,59.27975845336914,47350,107.68686378035903,715.4104751847941,0.03819146599581761
10,65.1,325.6292758910455,84.28562927246094,48791,108.3165542825521,714.6003156319813,0.4761298510618835
10,70.1,301.7059948081219,58.91791915893555,49693,112.87537480127986,715.0451371420522,0.031854421491184434
10,75.1,326.97005641544916,84.66292572021484,48391,110.99024612014631,716.1893533921597,0.4827376032260015
10,80.1,301.9435848705819,66.56839752197266,48409,110.26722303703856,715.1360490817823,0.16584048274578056
10,85.1,327.68787976991007,76.64990997314453,49372,112.99754921818034,712.2682289556834,0.3424022715285477
10,90.1,301.26099081018276,66.15070343017578,47335,109.90429914439632,718.1447132143235,0.15852522956637521
10,95.1,326.0199938731747,66.12428283691406,48965,110.85430409476156,711.6913713877259,0.1580625145492005
10,100.0,301.2275935570794,65.76066589355469,49729,111.16614048140924,712.2677109935852,0.15169433732755847
10,105.1,327.6343732343208,84.07598114013672,49556,111.54027766567116,710.4298773105174,0.4724581947070052
10,110.0,301.7831918101738,64.9455337524414,50404,111.85921752241886,714.2372232362511,0.1374185836024754
10,115.0,327.8051056929861,83.22750091552734,50571,113.16942516462004,713.4827074805719,0.4575984019001807
10,120.1,304.0607210626186,65.4379653930664,49538,110.99408534862125,711.4713149501392,0.14604274706436515
10,125.1,326.972576299811,83.31395721435547,49738,110.0190196630343,715.8707627970566,0.4591125476046634
10,130.1,303.1573355714315,58.087730407714844,48851,109.05533151829032,713.4597654091011,0.017314974989204403
10,135.0,326.36580814501906,73.00032043457031,48766,109.059959808063,711.8852684247222,0.278485467341232
10,140.0,301.66299439752487,57.79777908325195,47836,106.95714524625805,719.3382598879505,0.012236934888073581
10,145.0,324.57099889511807,80.63265991210938,48874,109.22077178049679,719.9294307811924,0.4121538546272076
10,150.1,301.51179250149596,62.2900505065918,48463,107.40032602191363,714.5487278955079,0.09091198310570416
10,155.1,324.78307557511664,79.26940155029297,49077,109.25912341830185,717.7730708886036,0.3882785347184978
10,160.1,301.26694584718973,58.3207893371582,48714,108.45391468571663,718.2558607381861,0.02139663452924029
10,165.1,326.31149210307564,73.67131805419922,48120,107.22030340814631,715.7922277639235,0.29023693226918407
10,170.1,301.89261071383766,62.380889892578125,47826,107.13310751474094,717.9795926901685,0.09250289166821948
10,175.1,326.36261403759414,68.36531066894531,48997,107.09247504949282,716.3383268363369,0.1973105822029195
10,180.1,302.2513870653509,63.19936752319336,47222,106.71102452246834,715.1719113972301,0.10683723636501234
10,185.4,338.20370254680245,80.32508850097656,48021,106.61294017200808,714.4167968180587,0.40676722650061764
10,191.1,339.64392360372625,83.85212707519531,47018,105.47339316857374,715.8136033008635,0.4685377438496783
10,196.7,339.7466499073265,82.86697387695312,46939,104.23400583736338,717.3821342593579,0.45128433948707336
10,202.4,340.4083679256915,90.76449584960938,48662,106.06345813982162,716.3507870617731,0.5895969798966292
10,208.0,339.2803101705081,90.10575103759766,46684,103.22763687773113,716.6018550252763,0.5780601035674593
10,213.6,339.1027837703286,75.85133361816406,48208,104.75611931629605,718.1497054430799,0.3284164662837618
10,219.3,338.2688521178062,78.65965270996094,48045,104.36615672806744,717.9750650431887,0.3775997455508341
10,224.9,337.7589314646792,87.17450714111328,49376,105.11043826960467,718.59180573558,0.5267239902383833
10,230.5,338.510123322376,62.926002502441406,47761,103.93080128138021,717.9560310713762,0.10204967921142348
10,236.2,339.852602457698,87.31732177734375,46629,101.53222243668104,718.503399172189,0.5292251633271772
10,241.8,339.53728033119296,70.0831298828125,47344,103.147875126732,721.8439295370057,0.22739547617838066
10,247.5,341.7050784974258,70.83441162109375,47199,103.22282251742622,717.4681243246679,0.24055299081055723
10,253.1,341.7051978109926,87.77533721923828,46231,100.53139668188012,717.9657372758538,0.5372465813537579
10,258.7,338.45975195342095,69.52677154541016,46201,100.29250449124478,718.2954481504729,0.2176517374554725
10,264.4,341.0946160022569,79.07823944091797,46081,100.6024608840954,717.0277771749745,0.38493063189714943
10,270.0,341.3035425166764,78.63526153564453,46323,100.64527340629925,718.1186667530169,0.37717257260543774
10,275.7,339.25410805559073,87.41549682617188,47346,101.91274870105183,717.150931440882,0.5309445444536584
10,281.3,339.2106776353067,86.11825561523438,47651,101.95227802144761,716.755262219051,0.5082254108122349
10,287.0,339.8911449166038,76.48248291015625,47724,101.7962660296706,716.5740926996899,0.3394700506068327
10,292.6,339.4019838911319,85.8775405883789,48793,100.98993708113869,719.7869366507491,0.504009666802163
10,298.2,340.9142141781069,75.74219512939453,47129,100.51392985210805,715.0079781026544,0.3265050777995908
10,303.9,341.8628963332013,86.26148223876953,47971,100.65497904984261,714.8854933188802,0.5107337992088334
10,309.5,339.2580732193259,85.19857025146484,48184,101.32251369749294,716.4291258509048,0.4921185723065102
10,315.2,341.0327110523707,85.1833724975586,48424,100.21953989757145,714.418057161738,0.49185240761860605
11,0.1,333.0980180956484,87.86727905273438,18568,303.7701421800948,615.6197759586386,0.013391568147546001
11,5.1,334.1067216458278,87.32733154296875,22554,306.8095238095238,615.9204575685022,0.007164241439154873
11,10.0,333.10607826002524,87.32823944091797,20598,303.1403048839693,617.6519565006312,0.007174712414657876
11,20.1,331.7401267674305,85.6574935913086,22561,302.30118345818005,619.5155356588804,-0.012094346269809942
11,25.0,331.05600176522506,85.35039520263672,22660,300.2190203000883,620.6117828773168,-0.01563617573154848
12,0.1,396.6312575030012,162.2771453857422,66640,902.5519957983194,659.22537515006,0.004718788951175465
12,5.1,398.0624602429346,161.97470092773438,66026,904.3154969254537,657.3181322509314,0.002846241656531579
12,10.0,398.9903696177897,163.671142578125,69883,897.8592790807493,662.1152927035188,0.013349549417185325
12,15.1,395.5672974413646,160.54916381835938,67536,901.834147713812,656.6523187633262,-0.005979794287911707
12,20.1,395.24465791312883,159.10279846191406,67249,903.1230055465509,654.506133920207,-0.014934785736980838
12,25.0,394.7812910938434,158.76739501953125,66920,904.1189479976091,655.1918559473999,-0.017011394489494194
12,30.1,398.61360873089393,161.1864013671875,69088,900.7634900416859,658.2729272811487,-0.0020344171566409356
12,35.1,395.6999260365756,159.5254364013672,68953,901.2035734485809,658.2964628079997,-0.012318075431393514
12,40.1,396.7426620146982,159.60926818847656,67355,904.0388538341623,655.2560314750204,-0.011799041334386627
12,45.1,397.2071526372187,159.0843505859375,67192,904.6201631146565,656.414141564472,-0.015049003469649444
12,50.0,398.9935384793695,161.20919799804688,69024,900.7850023180343,659.034335883171,-0.001893274648281218
12,55.1,396.85795406628625,159.24227905273438,71146,903.4372276726731,658.760548730779,-0.014071208984024895
12,60.1,398.87773163692054,161.20285034179688,67908,901.5012075160512,657.5123254992048,-0.0019325753735005234
12,65.1,435.40550166152565,191.47898864746094,67107,904.1224611441429,655.024870728836,0.18551837429829307
12,70.1,402.8392116028263,164.14352416992188,67225,910.2847898847155,654.2284715507624,0.016274241367520093
12,75.1,435.57809420140626,190.5678253173828,67982,910.6075431731929,655.6150157394604,0.1798770197171738
12,80.1,401.7103608356193,163.10047912597656,71085,905.9241049447844,658.4122951396216,0.009816357536231455
12,85.1,437.66096488065193,192.004150390625,69335,905.0244176822672,657.5372034326098,0.18876984799991048
12,90.1,401.0808467596272,162.37547302246094,69205,905.7649158297811,657.8208366447511,0.0053275723004860545
12,95.1,434.0520577852758,189.23602294921875,70537,904.0346484823568,658.2418305286587,0.1716313307799954
12,100.0,403.43121436114046,164.20046997070312,71025,902.0587680394227,660.9765012319606,0.0166268142197279
12,105.1,433.7707784431138,189.04002380371094,70975,903.9385980979218,659.0863120817189,0.17041782641595218
12,110.0,404.0886739218057,164.2277374267578,66987,903.6646662785316,656.6406168361025,0.016795637286956024
12,115.0,437.3536467628214,192.6427459716797,68362,904.0860565811415,655.8632427371932,0.19272363321902863
12,120.1,404.5457630860076,164.71339416503906,72482,898.3569161998842,663.7373140917745,0.019802520657821548
12,125.1,432.03698007888704,188.95945739746094,70227,905.6346419468296,656.2748800318966,0.16991900951893793
12,130.1,399.6902837489252,161.30020141601562,69780,904.4378045285182,657.646890226426,-0.0013298382896082886
12,135.0,431.9326361478072,188.37567138671875,68657,906.9310631108262,655.757868826194,0.1663045709464249
12,140.0,399.757094365241,161.244873046875,66285,908.1948404616429,653.4285434110282,-0.0016723970147169474
12,145.0,430.3537552666697,187.6300048828125,66693,907.2586478341055,653.1495959096158,0.16168786940792243
12,150.1,397.6249361484761,159.95030212402344,70476,904.7943413360576,659.2615642204438,-0.00968757208282057
12,155.1,429.9072569668314,186.4302215576172,69795,904.3431477899563,658.3758578694749,0.15425955997698787
12,160.1,398.6201655699427,159.69383239746094,70665,903.8624071322437,659.2567041675511,-0.011275472538315975
12,165.1,428.5283447347763,184.5923309326172,71336,904.2402713917237,660.1099585062241,0.14288048845964432
12,170.1,398.2634411632101,159.82345581054688,70976,900.514061091073,660.4997182146078,-0.010472925276926549
12,175.1,431.0545878518852,186.5268096923828,71188,902.1634123728718,660.4497668146316,0.15485757341602202
12,180.1,396.87083998096676,158.5249786376953,71454,900.9690430206846,658.865018053573,-0.01851228540670359
12,185.4,445.25488525414494,198.75601196289062,71593,899.030966714623,658.3300462335703,0.23057316026503197
12,191.1,448.01314027098283,200.6226348876953,70927,899.9235270066406,658.5725323219648,0.24213012424773117
12,196.7,453.7737775929087,204.07833862304688,69719,895.1047347208079,659.2994449145857,0.26352568468665377
12,202.4,452.89807017043023,204.93284606933594,70058,893.2282251848468,658.556852893317,0.26881626140061127
12,208.0,448.684973281083,201.25563049316406,70175,894.2843605272533,659.0703811898825,0.24604923791359096
12,213.6,447.43609996299773,200.1593780517578,70266,897.4650613383428,655.9431730851336,0.23926192708989916
12,219.3,448.49348422994785,200.98143005371094,68833,893.0205570002761,655.896139932881,0.24435155995159355
12,224.9,442.2341752806491,196.86111450195312,71976,894.7672557519173,655.572996554407,0.21884113800389193
12,230.5,443.26523956274787,198.79153442382812,72361,891.3738754301351,656.2584955984578,0.2307930931696246
12,236.2,446.15125805780826,199.86239624023438,72135,889.860456089277,657.4308588064047,0.2374232010924392
12,241.8,445.34629165917295,200.202392578125,72283,887.6158294481413,657.9443852634782,0.23952824618699825
12,247.5,447.378461879494,201.25193786621094,72179,889.1716427215672,656.3465412377561,0.2460263754724778
12,253.1,448.69649861352565,202.27249145507812,69601,889.8862228990963,654.8290829154754,0.25234500625335
12,258.7,444.6437842064113,199.84573364257812,70345,890.5402800483332,654.062818963679,0.23732003668873852
12,264.4,446.2341797945446,200.519287109375,71159,890.5534507230287,654.5793504686687,0.24149025931525436
12,270.0,451.47517840740477,204.52532958984375,70765,883.2489083586519,659.0309757648555,0.26629317373611133
12,275.7,445.6800698823465,200.61831665039062,73266,888.4429612644337,658.8192340239675,0.24210338841783438
12,281.3,444.6495751497423,199.6887664794922,71790,893.8241119933139,655.4325532804012,0.23634819399563517
12,287.0,445.70428906669684,200.47662353515625,70738,892.3470977409596,654.1278379371767,0.24122611309478997
12,292.6,449.79372259532664,202.73422241210938,72068,889.0741799411667,657.8483793084309,0.2552037561214658
12,298.2,446.17047949082576,200.93409729003906,72431,889.5120045284477,657.98161008408,0.24405850502459767
12,303.9,450.4722935830502,203.12513732910156,72402,888.6298859147537,659.1461976188504,0.25762405727385373
12,309.5,446.6179190910089,200.9731903076172,72872,890.4442035349654,659.9566500164673,0.2443005445871262
12,315.2,448.5805457685665,202.20668029785156,72375,890.3774784110535,658.8907633851468,0.25193754464789114
13,0.1,419.9280996309963,175.11941528320312,54200,331.40568265682657,800.1835793357934,-0.020175865594449036
13,5.1,420.5339811075858,180.8787078857422,55472,337.8626874819729,800.6163109316412,0.01204839623251697
13,10.0,421.72996900462147,182.29588317871094,53879,330.10016889697283,800.7496241578351,0.01997774291568413
13,15.1,421.0000744393784,175.38821411132812,53735,327.22281566948914,803.3880524797618,-0.01867188855871674
13,20.1,421.61310774515357,179.94454956054688,54731,330.2301803365552,800.6786830132831,0.0068216150049643575
13,25.0,424.34788384892767,184.35650634765625,52690,327.81747959764664,805.9536534446764,0.03150729439107399
13,30.1,421.9754157497926,173.65365600585938,55442,332.5777569351755,802.8892175606941,-0.02837704827226717
13,35.1,419.3516336320029,179.74850463867188,55245,334.28232419223457,805.0213956014119,0.005724708956196844
13,40.1,419.1746130692646,177.91839599609375,56147,329.6575596202825,803.3947494968564,-0.004515072930250704
13,45.1,423.5187511649581,182.41893005371094,53650,324.7555265610438,806.7686672879777,0.020666211967463488
13,50.0,420.33327318657524,180.72055053710938,55420,330.7013352580296,809.3508841573439,0.01116347786425146
13,55.1,419.2332018594168,179.49517822265625,56792,336.4236160022538,808.1031835469785,0.004307302805695733
13,60.1,420.74179869772723,181.13340759277344,56363,333.0647765377996,808.287741958377,0.013473486189399548
13,65.1,446.877861621464,202.25881958007812,54864,331.45326625838436,812.6567694663167,0.13167390663362463
13,70.1,423.6070164426078,176.26805114746094,57351,343.0635211243047,808.2315042457848,-0.01374904456136434
13,75.1,447.6841196982636,190.33970642089844,56208,338.6797075149445,808.5789923142613,0.06498435816072481
13,80.1,423.8956486130399,183.0782012939453,56166,337.72020439411745,808.6093722180678,0.024354951284325972
13,85.1,448.5241816943319,183.80816650390625,55786,340.9792958806869,810.3017423726383,0.02843923587858104
13,90.1,421.1974368466515,181.30029296875,56727,338.2864773388334,808.5233134133657,0.014407239416000599
13,95.1,447.52230008984725,182.37124633789062,55650,340.60337825696314,810.91423180593,0.020399413134773694
13,100.0,425.05262198234993,184.80636596679688,54844,338.18233535117787,812.2026839763694,0.03402433861038936
13,105.1,452.0656814142737,201.54922485351562,53455,337.646150968104,814.1769338696099,0.12770359850069465
13,110.0,422.19859540281965,170.54124450683594,57383,350.12643117299547,811.1951971838349,-0.04579154167959544
13,115.0,452.91228588304784,202.2635040283203,54176,341.24329961606617,813.3594211458949,0.13170011695094808
13,120.1,426.77356226345427,175.06832885742188,54165,339.1652543155174,815.6420936028801,-0.020461703191839573
13,125.1,446.9199166742143,200.75555419921875,55205,335.9347341726293,815.7676478579839,0.12326287066596602
13,130.1,424.2758396062536,167.511962890625,55264,339.5906195715113,815.1194629415171,-0.06274090867396563
13,135.0,440.4869459519611,188.78102111816406,58411,343.1792299395662,814.3302631353683,0.0562632379177608
13,140.0,423.65785992503857,176.56591796875,54428,329.6877342544279,815.5655912398031,-0.012082426957224347
13,145.0,442.9599018439817,197.1581268310547,56237,337.9537848747266,816.4072763483116,0.10313462759595685
13,150.1,418.39499203680765,169.34930419921875,56510,338.0963546274996,818.48660414086,-0.0524606587405757
13,155.1,441.5273343518958,196.69883728027344,56943,342.5209595560473,816.895421737527,0.10056482123948873
13,160.1,419.26919342534154,178.40953063964844,57676,343.22494625147374,815.0900547888203,-0.0017670876413590495
13,165.1,442.33998658760413,186.14132690429688,56664,339.41248411689963,816.8969892700833,0.041493681418186074
13,170.1,421.29139380096717,179.32167053222656,56041,338.6821791188594,815.6857836227048,0.003336496557210724
13,175.1,442.54809563525157,196.44091796875,57552,340.7469940227968,814.4348762857937,0.09912171702542295
13,180.1,418.2779536978397,167.61935424804688,56844,338.0876433748505,817.1043733727395,-0.06214003501493499
13,185.4,454.6463401918532,205.43533325195312,57544,342.2293201723898,816.7041220631169,0.14944706304771446
13,191.1,457.1830963384287,207.26026916503906,56260,337.1833451830786,817.4317810167081,0.1596579025967918
13,196.7,460.3559269856217,208.3428955078125,55222,331.1254753540256,818.7709246314874,0.16571538866980737
13,202.4,460.2308243086011,209.91860961914062,55865,336.885599212387,817.6252394164504,0.17453178811190156
13,208.0,454.44389212057115,204.07586669921875,56730,336.5875550854927,819.4523885069628,0.14184060698382178
13,213.6,456.42248908296943,204.6306915283203,57708,342.056751230332,817.7344908851459,0.14494495013756056
13,219.3,456.5818707810993,197.32286071777344,57035,338.5609888664855,817.3329885158237,0.10405634285922692
13,224.9,455.0972162519988,203.48068237304688,58159,345.80656476211766,816.7737065630427,0.1385104452980944
13,230.5,454.95962036842474,198.42071533203125,57108,337.33944456118235,818.0663479722631,0.1101990338074503
13,236.2,457.3233626212063,204.47775268554688,57134,336.7020688206672,818.2124129240033,0.1440892302335446
13,241.8,458.6695423461336,204.88291931152344,57030,338.9666315974049,818.6057864281956,0.14635620924295648
13,247.5,455.78866779322,204.58309936523438,57994,333.80682484394936,818.4058350863883,0.14467866355862952
13,253.1,457.39144845873386,206.58001708984375,57323,330.73970308602134,818.7521588193221,0.1558517717935458
13,258.7,452.28591072380067,203.91720581054688,58179,332.4914831812166,817.7994809123567,0.1409528712198831
13,264.4,452.8186740201436,192.9908905029297,59473,335.24629663881086,818.2281371378609,0.07981820250702447
13,270.0,456.378652103341,198.1092987060547,59144,339.4242695793318,817.1510719599621,0.10845660264701318
13,275.7,452.08464557067714,202.9222412109375,59885,338.2707522751941,816.8550889204308,0.13538586812088443
13,281.3,453.69366363329965,204.49038696289062,59340,340.50286484664645,815.8629255139872,0.1441599212522541
13,287.0,453.615483153264,196.11441040039062,59329,337.7447454027541,817.9434003607005,0.09729484937041616
13,292.6,456.1295649680347,203.50265502929688,59283,339.5503938734544,817.7939038172832,0.13863338620019786
13,298.2,454.9028085861516,193.2584228515625,58606,335.3048322697335,818.5181210115005,0.08131509336576052
13,303.9,455.3762607065025,205.24420166015625,59193,334.4589731893974,818.0264389370365,0.1483776479506673
13,309.5,452.4492493723421,205.9174041748047,58551,336.4950897508155,819.8479445269936,0.15214433521448842
13,315.2,456.17923431891984,207.25814819335938,58510,335.3816612544864,819.6602461117758,0.15964603538471378
14,0.1,422.63347583590496,148.0599822998047,35321,655.7693440163076,770.7742702641488,-0.023482117287868226
14,5.1,405.74049983629817,157.5430908203125,45815,629.949099639856,758.2624031430754,0.03906297362821978
14,10.0,395.64454633204633,148.916259765625,45584,616.6721437346438,760.651346963847,-0.017834607103490305
14,15.1,398.8887085897328,150.7432861328125,47452,621.4122060187136,759.5899224479474,-0.005784599450966571
14,20.1,405.51557472145,152.83912658691406,45683,628.064290874067,759.7322198629687,0.008038350214105693
14,25.0,400.28123453735776,149.42237854003906,48504,622.2016534718786,759.1979012040244,-0.01449654082579137
14,30.1,400.8108510087946,148.57916259765625,46392,621.5155845835488,758.61736937403,-0.020057904767180043
14,35.1,399.3310300703775,150.49034118652344,46890,623.171763702282,760.3672851354233,-0.00745287780380854
14,40.1,400.62258092139064,150.00267028808594,46712,622.1136966946395,759.9492207569789,-0.010669272577098599
14,45.1,399.5956487341772,149.7926025390625,50560,620.3176028481013,763.1885878164557,-0.012054757772464189
14,50.0,400.2241637018168,150.39463806152344,47501,616.3100987347635,761.2554683059304,-0.008084080182346564
14,55.1,402.54958378574014,151.64779663085938,44208,619.1855998914224,760.5986925443359,0.00018102787603869073
14,60.1,403.2118620512711,152.81752014160156,46771,621.1942442966796,762.0081888349619,0.007895846615889839
14,65.1,451.0114589214395,192.84971618652344,47823,616.3078435062627,758.9632394454551,0.2719250239458378
14,70.1,411.50638243280804,159.68960571289062,46769,631.183818341209,761.1559366246873,0.05322014253741271
14,75.1,480.143763443788,191.71484375,36727,655.0147303074033,772.8371225528903,0.26444006270480375
14,80.1,408.5789150739722,157.22900390625,44003,618.9316864759221,761.4343794741268,0.03699143827110456
14,85.1,484.1250266111128,189.70799255371094,32881,654.9093701529758,775.0882576563973,0.25120403463916285
14,90.1,409.137128072445,156.80838012695312,45607,626.2226851141272,762.303527967198,0.034217247460074714
14,95.1,504.6137015518129,166.63003540039062,27194,661.314922409355,758.7243509597705,0.09899519666261412
14,100.0,432.74723842805105,180.72857666015625,33767,656.8986584535197,778.758343945272,0.19198100853741482
14,105.1,511.0435257351557,196.26397705078125,26559,665.9689370834745,763.8864038555669,0.2944435109698385
14,110.0,436.74526178630657,160.5023956298828,33768,662.6330845771145,777.4121061359867,0.05858083403894092
14,115.0,511.2246437859419,204.25770568847656,27301,661.7507051023772,763.7112926266437,0.3471655148699285
14,120.1,439.6145923020504,149.0692901611328,31359,657.0764373863963,779.5899741700947,-0.016825307254262335
14,125.1,493.58079222967393,230.3501434326172,30269,660.3259109980509,780.0627044170603,0.5192561207509474
14,130.1,441.0700550664036,155.3003387451172,33959,662.25501339851,778.2639359227303,0.024271080005787173
14,135.0,495.8852322031175,230.19354248046875,31115,665.0536718624458,777.7244737264984,0.5182232715782854
14,140.0,450.0616752174271,192.8767547607422,36449,683.007874015748,783.3198990370106,0.2721033547198763
14,145.0,493.5649985863726,229.45449829101562,35370,675.5839129205541,780.8054566016398,0.5133489641799898
14,150.1,440.32922623434047,153.62046813964844,33925,661.8656153279293,779.6808843036109,0.013191626520773115
14,155.1,492.522856850227,226.59869384765625,29291,660.0822095524222,781.2186337100134,0.4945137322344509
14,160.1,442.948403108876,187.24179077148438,30622,661.6866958395924,782.6569133302854,0.23493839617755444
14,165.1,518.1739373155754,214.55125427246094,25078,669.268841215408,766.7294441343009,0.41505579901485745
14,170.1,437.20992226459373,177.79537963867188,27272,652.5327442065121,778.1724845995893,0.17263533997453784
14,175.1,491.89258436539575,226.559814453125,32863,665.2090801205003,783.5651340413231,0.4942573062681698
14,180.1,440.3550201360922,141.6898193359375,28804,658.4057075406193,777.9165046521316,-0.0654960224186338
14,185.4,567.6344787138619,300.3177490234375,28986,663.1254053681088,776.3509970330505,0.9807219200081414
14,191.1,565.4496692354907,288.7875671386719,29326,663.738593739344,775.2121666780331,0.9046755189043101
14,196.7,598.0640720463382,275.9479064941406,25206,669.4909942077284,764.7276838847894,0.8199925543882697
14,202.4,563.4873975305283,303.6370544433594,29399,660.2496003265417,778.810741861968,1.0026141359221865
14,208.0,598.1677771534078,280.270263671875,24914,670.392710925584,762.6378742875492,0.848500318700844
14,213.6,598.9578500817312,275.1327209472656,25694,674.0207441426014,762.9046080797074,0.8146160626996511
14,219.3,598.2678922418777,276.36962890625,25947,676.2033761128454,760.9524800554977,0.8227739911449715
14,224.9,595.082425892317,270.8851318359375,26448,676.8053917120387,762.8498563218391,0.7866014252453096
14,230.5,599.0142692016422,273.56280517578125,25089,673.5119375024912,763.4627127426362,0.8042618076106423
14,236.2,605.2890579770077,276.0356140136719,24182,672.985030187743,763.0581424199818,0.820571022384417
14,241.8,599.6101983451443,274.56707763671875,25259,673.3794687042242,762.8049804030246,0.8108854070599182
14,247.5,603.352608522501,282.4931640625,25110,675.0063321385902,764.5508164078057,0.863161282110509
14,253.1,597.4989015151515,337.33380126953125,26400,682.3232575757576,764.3147727272727,1.2248583598769769
14,258.7,593.8513108176542,334.53515625,25671,679.9422694869697,763.2230922052121,1.2064001183826503
14,264.4,597.0436133486767,275.1253662109375,26070,679.9634829305716,763.741081703107,0.8145675551189024
14,270.0,607.5101121721362,347.01690673828125,23981,674.0711396522247,762.6654017764063,1.2887225148197705
14,275.7,598.5595686894483,337.700927734375,24669,671.4306619644087,762.8385828367586,1.2272797133890345
14,281.3,563.1730269595438,301.35455322265625,29637,671.0034079022843,775.3407227452171,0.9875600799598158
14,287.0,593.0853752802041,332.3652038574219,25874,681.5616448944887,763.7765324263739,1.1920883692991215
14,292.6,600.4971400754533,273.04803466796875,24651,675.0745608697416,763.8787067461766,0.8008666795107764
14,298.2,596.2379560858801,273.7696838378906,24639,677.6937781565811,763.7732050813751,0.8056262594359322
14,303.9,598.2243771808813,270.635009765625,24646,672.3408260975411,762.8018339690011,0.7849517649473193
14,309.5,597.0945599072618,331.60589599609375,24154,673.026455245508,763.3973668957523,1.1870804144584313
14,315.2,600.6862435620535,331.527587890625,24076,674.5169878717395,762.4590878883536,1.1865639395530332
15,0.1,450.17831143409114,214.2819366455078,78161,756.6380291961464,985.2029017028954,-0.000798610826996945
15,5.1,455.461540464196,215.54208374023438,76821,758.2923549550253,986.6776532458573,0.005077482824779846
15,10.0,452.7961993077777,214.1333770751953,76565,757.9832691177431,989.7393978972116,-0.0014913473747198832
15,15.1,452.9166022768248,214.0455322265625,77652,758.3791789007366,986.8613042806367,-0.001900969838282019
15,20.1,455.0719566225336,214.26307678222656,77644,758.1974524754005,986.2078460666633,-0.0008865547847809993
15,25.0,454.23502362846625,213.87782287597656,78507,757.5307170061268,985.2087329792248,-0.0026830022331076984
15,30.1,457.04130237384874,215.6484375,77090,757.7556622129978,987.7654170450123,0.005573412748529731
15,35.1,453.7036332112269,213.3997802734375,76709,757.5949497451408,989.451172613383,-0.004912125415483615
15,40.1,453.407333780721,213.66754150390625,78977,757.5773326411487,986.4191220228674,-0.0036635489015721407
15,45.1,454.83410794987674,213.4404296875,77888,758.4255341002465,989.0501104149548,-0.004722576302589828
15,50.0,453.8690812470172,212.6832733154297,77529,757.5074488256007,989.7170478143662,-0.008253213138514223
15,55.1,454.04996616142915,212.58538818359375,78313,756.6630316805639,988.6262817156794,-0.00870965366374457
15,60.1,453.3698071778305,212.87652587890625,79244,757.4574983594972,989.4117283327445,-0.007352072179505287
15,65.1,493.9852160775157,244.98033142089844,80087,755.9075005931049,986.4280844581517,0.1423486800045964
15,70.1,460.7624984274752,218.4027099609375,79490,765.5141778840106,986.4152597811045,0.01841664588433306
15,75.1,497.1198756187333,246.0760955810547,78790,762.1178068282777,986.5794390151034,0.14745825241267774
15,80.1,461.4596731950992,217.7484893798828,78273,762.0548209471976,987.7975674881504,0.015366000908611926
15,85.1,499.6328426082935,246.73130798339844,77844,761.022969014953,986.3351318020657,0.15051352227291018
15,90.1,460.10034241285206,217.49063110351562,77684,762.2213711961278,991.0920137994954,0.014163602087744021
15,95.1,495.49397821417614,222.5258331298828,78216,761.6184412396441,989.0502582591797,0.037642860014351374
15,100.0,460.83442288860067,216.869140625,75566,759.5963528571051,994.3031654447767,0.011265578300895697
15,105.1,498.8096443406023,227.45025634765625,77040,760.9504283489097,991.3413940809969,0.060605553917081514
15,110.0,460.8202147381431,215.9334259033203,77676,761.9744193830784,990.5718497347958,0.0069023199487989705
15,115.0,494.78348965774273,227.66201782226562,80495,761.9881856015902,988.8302627492391,0.0615930023362782
15,120.1,460.0228869757815,215.93093872070312,75851,759.8958879909296,997.6836824827623,0.006890722161486025
15,125.1,496.49575031525853,245.14613342285156,79300,760.2087767969736,990.4616897856242,0.14312181839074653
15,130.1,462.1638663147717,216.7991485595703,76538,760.3812093339257,994.0323368784134,0.010939203758536914
15,135.0,493.86085682900034,243.09938049316406,79199,760.7015871412518,991.4248033434766,0.13357776440909452
15,140.0,459.2065277052626,215.2209930419922,74697,759.5595539312154,1000.6103725718569,0.003580229828299384
15,145.0,492.7666579940159,242.42222595214844,76870,759.470898920255,997.3764017171849,0.13042017787305832
15,150.1,457.2634831022192,214.43019104003906,76874,759.5872336550719,997.5473502094336,-0.00010729732066209846
15,155.1,494.8033893617289,243.7731475830078,79543,760.7911318406397,990.9060508152824,0.1367195551857229
15,160.1,462.7644708760606,217.3774871826172,76844,758.7127296861173,995.6421581385664,0.0136360094931091
15,165.1,495.8868420718306,233.6409454345703,78713,756.7853467660997,993.8746331609772,0.08947287345141967
15,170.1,463.68908525609555,217.13450622558594,79443,757.2840275417595,989.775146960714,0.012502983939910655
15,175.1,499.07602566856406,249.52308654785156,74488,757.5494442057781,1001.843370744281,0.16353164719530994
15,180.1,460.79288654489324,216.4575958251953,77740,755.3308078209416,994.9775147928995,0.009346535836984917
15,185.4,512.2036029080615,260.3031311035156,77715,755.3691050633726,994.7947371807245,0.2137992323403232
15,191.1,513.0671235716321,255.9155731201172,77186,754.3679812401213,997.644546938564,0.19333995284752362
15,196.7,517.151833971769,245.3788604736328,76228,753.4500708401113,998.7910347903658,0.1442070297533051
15,202.4,514.4066018158236,265.2711181640625,77100,753.1233722438392,998.670337224384,0.2369650654012034
15,208.0,512.5735766154494,243.75511169433594,76016,752.2980293622395,997.1029256998527,0.1366354534396867
15,213.6,512.8952965985147,241.39828491210938,76349,751.419311320384,999.3770710814811,0.12564551825566433
15,219.3,508.01980109079244,238.2406463623047,77925,752.0704651908886,998.642143086301,0.11092138016515107
15,224.9,509.68105982414653,238.61355590820312,76541,752.6427927515972,999.8289282868005,0.11266026558932947
15,230.5,509.9456188225463,240.3279266357422,76589,751.4529762759665,999.7983653005001,0.12065441404314163
15,236.2,512.4365711287467,241.6523895263672,76235,751.5267659211648,1000.9656194661245,0.1268304136674587
15,241.8,512.3398349783279,240.81768798828125,76596,751.411849182725,999.7562797012899,0.12293818201482026
15,247.5,506.5902310096826,236.34414672851562,78698,748.8724872296627,1002.5299626419985,0.1020779606109259
15,253.1,500.31829843882366,250.8707275390625,82630,740.2990197264916,996.4181290088345,0.16981572681305257
15,258.7,495.6958382472735,249.80532836914062,82249,739.6372113946674,997.3158093107515,0.16484774702308636
15,264.4,506.75068941522125,238.86105346679688,77602,747.9579778871679,1004.679170639932,0.11381435215507167
15,270.0,497.9281387064725,248.7522430419922,82534,737.7333826059563,999.5996316669493,0.15993718695312964
15,275.7,498.4999567265489,248.42437744140625,80881,739.7504110977857,1000.2741682224503,0.15840834243783355
15,281.3,504.56894919936565,256.305419921875,78188,747.2701437560751,1004.3574973141658,0.19515781706874108
15,287.0,500.9152377432865,251.0618896484375,81180,740.3061837891106,997.0120103473762,0.17070711993855306
15,292.6,509.6977824764739,236.54739379882812,76617,746.31344218646,1007.4821123249409,0.10302570617539483
15,298.2,511.10926106299524,237.3463592529297,75974,745.6498275725907,1005.440045278648,0.10675129968148776
15,303.9,511.6842284963887,238.39517211914062,76150,745.338187787262,1008.1367695338148,0.1116419371720112
15,309.5,509.7669517573166,262.1080322265625,74830,746.0995723640251,1010.3057329947882,0.2222155260219127
15,315.2,514.7041755512969,266.3751525878906,74098,746.6133228967044,1012.3460822154444,0.242113202230902
16,0.1,302.87120031510625,75.48593139648438,58393,1028.5840768585276,943.906547017622,0.012849204514362299
16,5.1,305.44886490958925,75.20886993408203,58013,1028.1640666747107,942.1935083515764,0.00913167097394858
16,10.0,304.66532230265426,75.13153839111328,58020,1027.6805584281283,942.6350913478111,0.008094057867363601
16,15.1,302.45812594676477,73.23651885986328,60073,1029.3371231668136,946.7761723236729,-0.017332786436701428
16,20.1,303.8401282869329,73.57865142822266,59554,1027.2456258185848,946.5072035463613,-0.01274214691897286
16,25.0,304.2948694140091,73.95709228515625,59233,1028.7389124305707,945.9441358702074,-0.0076643328970771776
16,30.1,305.8411002962336,74.6119155883789,59075,1028.2078036394414,944.9348455353364,0.0011219038161313923
16,35.1,304.6005452841442,74.43836212158203,58685,1029.4775155491182,944.9261480787254,-0.001206788266405612
16,40.1,304.8161689584136,74.53085327148438,59707,1029.6896176327734,946.3473964526772,3.423222403733259e-05
16,45.1,306.13199271907774,74.69901275634766,57685,1029.9310392649736,946.4682499783306,0.0022905493592227603
16,50.0,307.7298788575471,76.08058166503906,56545,1029.8197011229993,942.9069236890972,0.02082805620669126
16,55.1,307.54272341928646,76.54873657226562,56620,1030.994206993995,944.3199399505476,0.027109628369898383
16,60.1,307.4975272007913,76.59979248046875,56616,1030.570545428854,943.8094884838208,0.027794682327008356
16,65.1,319.9205700892703,83.89088439941406,58026,1032.5255747423569,942.3404163650778,0.12562452311358951
16,70.1,310.70069298725116,79.8585433959961,56711,1040.1767734654652,942.4760275784239,0.07151969454373568
16,75.1,321.12751773810163,84.36167907714844,55953,1038.0555823637696,941.3658606330313,0.1319415149822898
16,80.1,311.37238862320663,80.2690200805664,55622,1039.8065333860702,941.6225234619395,0.07702735637882693
16,85.1,321.92265382673304,83.69039154052734,55452,1035.336831854577,938.3967214888552,0.12293436577065872
16,90.1,310.16415145246873,79.47997283935547,55595,1039.488695026531,942.2879035884522,0.06644014024729264
16,95.1,320.0231424204934,84.10883331298828,54964,1037.6198602721781,940.7432319336293,0.1285489009367755
16,100.0,310.4265290194409,79.78886413574219,56376,1037.388640556265,940.3354618986803,0.07058475763544438
16,105.1,318.51549014104273,82.92028045654297,57004,1040.8991825135079,945.673286085187,0.1126012297230376
16,110.0,311.2709527854463,80.44768524169922,56508,1037.3795214836837,940.8164153748141,0.07942463575234775
16,115.0,321.78119160937774,85.85220336914062,56730,1034.8933721135202,940.2121805041425,0.1519409548186237
16,120.1,312.9536368884399,80.81983184814453,55432,1032.3053470919324,938.739320248232,0.08441799527415143
16,125.1,321.25016603166836,84.911865234375,57218,1033.2133594323464,941.541507917089,0.13932375961215057
16,130.1,312.26529489045913,80.34361267089844,56326,1036.1523452757165,941.5104747363562,0.07802821898173551
16,135.0,320.1290889171,84.38371276855469,57503,1034.4532633080014,941.3373563118446,0.13223715691715732
16,140.0,311.7009882220779,79.9884033203125,56971,1030.8345825068895,940.5738007056221,0.07326211884199761
16,145.0,319.04940015315236,83.23328399658203,58765,1031.7398111120565,941.9670552199439,0.11680102405124945
16,150.1,309.01655458725037,78.90276336669922,58292,1033.2330165374321,943.8393089960887,0.058695304297036816
16,155.1,317.70723565344576,82.52574920654297,58115,1032.3997590983395,944.5291921190742,0.10730751928817943
16,160.1,310.6100669057801,78.27710723876953,57992,1030.3888467374811,942.8957787281005,0.05030042461880006
16,165.1,317.4641772713316,84.7881851196289,58622,1029.987530278735,945.2860359591962,0.13766425427761536
16,170.1,309.36585324144534,77.56317901611328,58477,1026.2514150862733,942.1104707833849,0.040721134557454776
16,175.1,318.77272340063035,86.09005737304688,58695,1026.1592299173694,943.0046000511117,0.1551324136002825
16,180.1,309.53722009279807,77.25212097167969,59484,1020.9289893080493,939.5391029520543,0.03654744434745318
16,185.4,324.36703008556447,89.96646118164062,57968,1020.8592326800994,938.1329871653326,0.20714492031876594
16,191.1,326.29466940814626,87.12482452392578,58849,1014.4078064198202,934.7647028836514,0.1690166310463178
16,196.7,327.8147464324539,92.40776824951172,57953,1012.5456835711698,934.0603765120011,0.23990169864718022
16,202.4,327.9765431885361,92.01990509033203,57851,1009.797998305993,933.1527026326252,0.23469745879787407
16,208.0,326.6448360969166,92.146484375,57534,1009.3745958911253,932.7294121736712,0.23639586438699714
16,213.6,328.5578541010283,93.6942138671875,57766,1005.6437523802929,930.672021604404,0.25716286766780366
16,219.3,328.8482106348557,94.85887908935547,56249,1003.1032907251684,930.0725879571193,0.272790021257556
16,224.9,327.5050981773356,93.55137634277344,56785,1006.5864576912917,930.6563000792463,0.25524631354571564
16,230.5,328.9632707065361,95.19035339355469,56685,1001.1507806297963,929.3369850930582,0.2772376511551288
16,236.2,328.83314069559736,94.7342300415039,57102,1003.5923785506637,931.8648558719484,0.27111751504846116
16,241.8,330.185469993547,96.08320617675781,55788,1003.9946941994694,931.5877428837742,0.28921770113908957
16,247.5,329.4001506127199,89.95556640625,58428,998.6344903128637,931.336431163141,0.2069987372567885
16,253.1,330.52213937380736,96.8662338256836,56596,999.493162060923,931.2722807265532,0.2997241480578086
16,258.7,328.75059390782553,95.36394500732422,56827,997.7599028630757,930.1715381772749,0.2795668550831209
16,264.4,330.3918716652873,96.40824127197266,56789,995.2543978587403,930.8129391255349,0.29357893152384096
16,270.0,329.5895323437849,96.50752258300781,58141,993.0517190966788,933.2684164359058,0.29491106050529226
16,275.7,327.74157807538313,95.58073425292969,57944,992.5201746513875,933.2609070827006,0.2824756728044717
16,281.3,328.8068430928956,96.6150894165039,57021,995.2896652110626,931.9862331421757,0.29635436231959195
16,287.0,328.825510996119,96.21675872802734,57975,993.044674428633,932.1602759810263,0.29100967207740547
16,292.6,329.68538445821696,95.2076416015625,58732,989.0900020431792,934.058741401621,0.2774696195153815
16,298.2,328.467421513124,95.87474822998047,58290,989.1372448104306,935.2587579344656,0.28642067046513325
16,303.9,329.61080090435735,97.00785827636719,58384,988.6916278432448,933.7996711427788,0.3016244254944243
16,309.5,327.3903113354971,95.89804077148438,58233,988.8335651606477,934.5885666203012,0.2867332033000192
16,315.2,329.1148201196394,95.99740600585938,59345,985.7400286460528,934.477243238689,0.2880664583414717
17,0.1,315.6788537549407,92.89254760742188,7084,1178.7545172219086,910.4695087521175,0.026470461578751825
17,5.1,319.55160618679355,92.49420928955078,6724,1178.9180547293279,907.5791195716836,0.022068789673513042
17,10.0,314.99642755072875,90.9598159790039,6998,1176.9349814232637,904.4564161188911,0.00511361457834146
17,15.1,309.5654484188699,86.27203369140625,7716,1177.339683773976,902.4996111975116,-0.04668677385396597
17,20.1,315.414200398142,89.86663818359375,7535,1176.9678832116788,906.3761114797611,-0.006966091976640044
17,25.0,314.9654380990954,91.37142181396484,7407,1175.5693263129472,899.5174834615904,0.009661893662971757
17,30.1,315.7103200956302,91.0802001953125,7529,1176.081816974366,897.7692920706601,0.006443870290600616
17,35.1,315.0347358762616,91.12215423583984,7629,1176.5268056101718,899.7829335430594,0.0069074659659737764
17,40.1,317.7146331576814,94.13835906982422,7401,1175.3499527090933,898.0730982299689,0.040236782987618666
17,45.1,316.03486682808716,90.92692565917969,8260,1175.7961259079902,903.3962469733656,0.004750173778826331
17,50.0,315.85001273236566,92.54448699951172,7854,1175.7366946778711,896.1270690094219,0.022624362595991515
17,55.1,317.90750457596096,94.4643783569336,8195,1175.2353874313606,900.653447223917,0.04383932352226967
17,60.1,316.3262633286973,93.84191131591797,8628,1173.4952480296708,897.3661335187761,0.03696101038127214
17,65.1,322.5821972734563,98.51420593261719,7482,1174.959502806736,889.6029136594493,0.0885902587479299
17,70.1,310.9165082382763,93.3084487915039,6312,1175.8729404309252,881.1007604562737,0.03106620463232831
17,75.1,314.8768517133024,93.28545379638672,6683,1175.6369893760286,882.1159658835852,0.03081210800283664
17,80.1,313.09325637910086,93.38155364990234,6584,1175.7986026731471,885.8065006075334,0.03187401946437516
17,85.1,311.0666762880646,86.94866943359375,6929,1174.6022514071294,880.5087314186751,-0.0392098920104499
17,90.1,305.69371383482377,88.52710723876953,7604,1175.4559442398738,882.9643608627039,-0.02176802154631501
17,95.1,310.17765520779886,88.35496520996094,7796,1174.1555926115957,886.3377373011801,-0.023670205438558075
17,100.0,309.3171270718232,91.15184020996094,7240,1173.4034530386741,883.0410220994476,0.007235498476044147
17,105.1,313.01701894043373,93.06584167480469,7286,1173.1553664562175,880.9991765028823,0.028385375594104794
17,110.0,312.43909668313336,93.94342041015625,7085,1173.933803810868,882.235850388144,0.03808269440761146
17,115.0,317.0015883520847,96.05362701416016,7555,1173.4694904037062,883.0559894109861,0.061400654810555094
17,120.1,314.0153242147923,94.49078369140625,7896,1174.4574468085107,884.1998480243161,0.044131104688384694
17,125.1,319.0817389040739,97.66954803466797,7683,1174.716386828062,883.2716386828062,0.0792567179557426
17,130.1,314.62614709402845,96.87217712402344,7519,1175.7837478388083,878.3718579598351,0.07044570234921867
17,135.0,316.7897599151081,97.21456909179688,7539,1175.015519299642,880.5982225759385,0.07422916238184218
17,140.0,311.11302298173246,92.75247192382812,8485,1175.6823806717737,880.9384796700059,0.024922613497309523
17,145.0,316.2077580539119,96.61587524414062,7605,1175.6481262327416,880.5474030243261,0.06761354502634434
17,150.1,311.9415956228528,96.03147888183594,7859,1175.9989820587862,878.4088306400305,0.06115591608613097
17,155.1,313.18718073461446,95.2353286743164,8222,1174.92714667964,879.3015081488688,0.05235838935177647
17,160.1,314.433036259309,96.49372100830078,8191,1174.8304236356978,883.4343791966793,0.0662637304494395
17,165.1,316.67275943396226,97.43145751953125,8480,1175.6806603773584,884.3843160377359,0.07662579774454599
17,170.1,316.24192037470726,96.84953308105469,8540,1175.5324355971898,888.714168618267,0.07019548377047571
17,175.1,320.1836303939962,100.40438842773438,8528,1174.2362804878048,884.5171200750469,0.10947693424778451
17,180.1,316.4636832239925,97.79437255859375,8536,1175.3789831302718,880.7944001874414,0.08063603944051807
17,185.4,326.31542082902746,101.47635650634766,8709,1175.111149385693,885.6680445516133,0.12132227164882214
17,191.1,328.24462299134734,104.1743392944336,8090,1175.233868974042,880.8055624227442,0.15113520830679827
17,196.7,329.1860252004582,100.25768280029297,8730,1175.5161512027491,884.8695303550974,0.10785582472937198
17,202.4,330.38488170802077,100.68482208251953,8665,1173.800230813618,883.8875937680323,0.1125757497123583
17,208.0,329.2527323943662,101.17498779296875,8875,1174.2489014084506,884.0002253521127,0.11799212202654259
17,213.6,330.62418958193604,101.89459228515625,8946,1174.6481108875475,883.4044265593561,0.12594381217042266
17,219.3,330.5558413719185,102.48931121826172,9330,1172.9589496248661,886.9306538049303,0.1325155063859188
17,224.9,328.9637963684973,102.86983489990234,8977,1174.5423860978055,884.4018046117857,0.13672032506293494
17,230.5,327.47173550271174,100.237060546875,9588,1173.5696704213601,883.3172715894868,0.10762794709515965
17,236.2,328.816285258116,98.50967407226562,9395,1173.9198509845662,885.5559340074508,0.0885401813100009
17,241.8,328.38120213993494,96.3759994506836,9533,1172.917654463443,885.7028217769852,0.06496289733959992
17,247.5,330.23158004591943,100.47176361083984,9582,1173.3723648507619,885.1017532874139,0.1102214356860861
17,253.1,327.95472676505784,98.36815643310547,10028,1172.5461707219786,887.8108296769046,0.08697639949830845
17,258.7,327.3180908545127,98.14008331298828,9994,1171.9651791074646,889.305383229938,0.08445617234435222
17,264.4,325.35128485511206,97.0936508178711,10974,1171.1718607618006,888.8714233643157,0.0728930052880089
17,270.0,323.2304179233089,95.19389343261719,11605,1171.0171477811289,887.9842309349418,0.05190052644707531
17,275.7,327.1175836998474,98.09294128417969,11141,1171.1434341621039,887.8206624180954,0.08393524896225898
17,281.3,325.84077098366885,98.17407989501953,10532,1172.6370110140524,882.1934105582985,0.0848318374342709
17,287.0,327.63914345340714,99.69189453125,11021,1171.6704473278287,884.2615007712549,0.10160381678429138
17,292.6,328.1924667781396,95.22534942626953,11363,1170.286632051395,883.0778843615243,0.05224811782179136
17,298.2,326.3763334160258,99.02559661865234,12093,1169.8383362275697,884.7386918051766,0.0942411688269602
17,303.9,327.80149995924023,100.48770904541016,12267,1170.3455612619223,887.1421700497269,0.1103976340787993
17,309.5,325.4474289469361,98.6008071899414,12174,1169.785855101035,883.7431411204205,0.08954720992290004
17,315.2,328.9210612781337,101.34452819824219,12174,1169.8899293576474,885.732462625267,0.11986555775997457
18,0.1,312.0049335049335,91.4722671508789,18648,287.7016302016302,1157.7488202488203,-0.03465864028549895
18,5.1,322.4069295101553,102.95101928710938,16740,297.43614097968936,1163.4826762246116,0.08648096344529133
18,10.0,314.22654917566797,94.6943130493164,17590,289.49539511085845,1161.315122228539,-0.000655173819211612
18,15.1,297.2838493802724,81.22750854492188,21219,272.38140345916395,1147.8066355624676,-0.14277544454387434
18,20.1,323.1950762470923,103.4368667602539,15476,303.72221504264667,1165.4824890152495,0.09160829520329389
18,25.0,315.1608656981915,96.41383361816406,16865,294.5589089831011,1163.2196857396975,0.017491575744243364
18,30.1,325.7735581787521,104.41532897949219,14825,306.06799325463743,1167.2468128161888,0.10193437630491087
18,35.1,300.35485965438016,84.5270004272461,20022,278.3063130556388,1151.8450204774747,-0.10795466137911362
18,40.1,315.4471792372365,96.89246368408203,16414,298.29943950286344,1165.836115511149,0.02254273947971063
18,45.1,317.71727386934674,98.3529281616211,15920,299.44290201005026,1166.5363693467336,0.037955572335780716
18,50.0,316.30951048081107,98.80789947509766,16077,306.5971263295391,1167.6812216209491,0.04275705632718671
18,55.1,320.7201901492143,102.40545654296875,15146,312.0102337250759,1169.497094942559,0.08072343389407122
18,60.1,319.06194229140885,100.284423828125,15353,312.44805575457565,1168.4128183416922,0.05833937511077985
18,65.1,317.0482706195363,97.34202575683594,21048,277.9416571645762,1147.142483846446,0.027287137712155178
18,70.1,300.9602378845965,84.92416381835938,20346,283.2482060355844,1146.8608571709426,-0.10376324621091056
18,75.1,319.47650333517225,98.95919799804688,19939,279.789859070164,1146.2800040122372,0.04435376674462596
18,80.1,307.68702763677385,87.80074310302734,17730,286.96266215454034,1150.360067681895,-0.07340561930955018
18,85.1,321.61704749679075,100.05963897705078,19475,280.7610783055199,1145.4930423620026,0.055967135736617546
18,90.1,299.3009521930041,83.87841033935547,20269,282.2948838127189,1145.490108046771,-0.11479947737464312
18,95.1,313.24666135607515,94.7783432006836,21341,281.4407947143995,1142.2240288646267,0.00023162808375222756
18,100.0,295.87014738016643,82.11717987060547,21509,281.1956855269887,1143.4919336091868,-0.13338640725437767
18,105.1,311.6643571978445,92.8796157836914,22083,281.0040755332156,1140.9332971063714,-0.019806358986395833
18,110.0,299.1841891956325,83.9342041015625,20973,287.05669193725265,1143.6832594287894,-0.11421066474377563
18,115.0,317.6473674605347,98.25520324707031,21918,287.8468838397664,1143.003421845059,0.03692424442811195
18,120.1,302.41207202164384,87.0029296875,21438,289.60556022016976,1143.6729172497435,-0.08182524540314304
18,125.1,317.38608033240996,99.03053283691406,23104,282.78189923822714,1140.071762465374,0.04510659022317253
18,130.1,305.61942281691455,89.5087661743164,21449,289.4070586041307,1144.0883957294047,-0.0553802071773433
18,135.0,321.60891177787727,102.72283935546875,22330,286.85333631885356,1142.5613972234662,0.084072894504503
18,140.0,302.4493639812542,88.32866668701172,22405,285.01459495648294,1142.6011604552555,-0.06783424247302523
18,145.0,322.9978360957643,104.52188110351562,21720,285.95253222836095,1143.794659300184,0.10305886108580728
18,150.1,303.1118783890254,88.94921875,21577,284.5434953886082,1144.037169207953,-0.06128532233671056
18,155.1,322.06567385070764,101.69197082519531,21622,284.74179076866153,1143.3892794376097,0.07319374982276448
18,160.1,305.2155802126676,89.90213012695312,21630,285.87521960240406,1144.9368007397134,-0.05122888891740934
18,165.1,318.4911377194112,98.96308898925781,23301,287.6367537873911,1142.823441054032,0.044394829843455774
18,170.1,302.0806125143008,86.94819641113281,22726,287.2384493531638,1143.2844759306522,-0.08240286632668241
18,175.1,320.1388711395101,99.94355773925781,23475,291.3879020234292,1142.9891799787008,0.05474208662152813
18,180.1,300.27737133674464,84.51383209228516,23647,289.6866833002072,1142.0910897788303,-0.10809363178809452
18,185.4,333.95741923095386,106.56204986572266,20831,270.0256348711056,1139.2359944313764,0.12458953205635906
18,191.1,331.04901882578173,110.96511840820312,25072,287.78493937460115,1141.214582003829,0.17105677623981538
18,196.7,337.3414461934626,115.95568084716797,24077,289.630767952818,1142.9171408398056,0.22372406525129312
18,202.4,337.51877091324576,116.8357162475586,24506,289.8320411327838,1142.8385293397534,0.23301141098427594
18,208.0,336.3286411716843,116.75678253173828,24580,290.6380797396257,1143.6772986167616,0.23217839368919116
18,213.6,337.416098996332,116.62098693847656,24809,290.5287597242936,1144.0041517191341,0.2307452915400307
18,219.3,336.3019642216821,116.56193542480469,25099,291.3333598948165,1143.520976931352,0.23012209862837824
18,224.9,335.76128701549624,116.11438751220703,25361,292.63416269074565,1144.349670754308,0.22539895658826914
18,230.5,333.7836828939773,113.99495697021484,25985,291.20069270733114,1143.5479699826824,0.20303180613979005
18,236.2,335.71183654297795,115.18079376220703,25548,291.7816658838265,1143.5138954125568,0.21554638937727594
18,241.8,339.10550845755154,118.3523178100586,24889,292.3249226565953,1145.431917714653,0.24901667968581617
18,247.5,338.0063793980666,117.60467529296875,25551,291.604907831396,1144.4226840436775,0.24112652601948772
18,253.1,340.97510969286,119.57518768310547,25070,292.4389708815317,1146.3565616274432,0.2619220870051058
18,258.7,339.2339821892978,118.39608764648438,25378,293.99487745291196,1146.079675309323,0.24947859928971153
18,264.4,346.4876851255634,125.06172180175781,24848,297.4410817772054,1147.900193174501,0.31982355234742366
18,270.0,345.30556639862596,124.11306762695312,25618,296.3859786087907,1147.0661253805918,0.30981204678919505
18,275.7,346.9533564450047,126.58700561523438,25384,296.85089032461394,1147.9120312007565,0.3359204481204704
18,281.3,351.72356661905735,126.71076965332031,24505,303.3102224035911,1149.0446847582125,0.3372265767267787
18,287.0,349.68799260093294,125.04544067382812,24868,303.27187550265404,1147.816390542062,0.3196517314593789
18,292.6,347.86563175476516,126.16810607910156,25445,298.1922185105129,1146.3944979367263,0.33149964320998077
18,298.2,349.46672276315263,128.0808563232422,24957,300.8078294666827,1148.1317866730776,0.35168561846767626
18,303.9,344.39339488908473,123.86602783203125,26101,297.29293896785566,1145.8618060610704,0.30720494259290226
18,309.5,345.6601176423512,124.29058837890625,24991,302.3146332679765,1147.976111400104,0.31168549028639525
18,315.2,344.9734482220836,123.40680694580078,25648,301.73487211478476,1147.0041328758577,0.3023586112563037
19,0.1,372.68558673469386,132.35552978515625,4704,1166.5720663265306,1165.0218962585034,-0.003237127178848554
19,5.1,385.00978753879207,140.3569793701172,4189,1166.0518023394604,1169.639054666985,0.057021389318236526
19,10.0,380.1864690413579,136.60401916503906,4183,1166.6908917045182,1169.1465455414775,0.028758033781302525
19,15.1,374.13413527008623,132.6883087158203,4406,1167.0413073082161,1167.3531547889243,-0.0007309857015601435
19,20.1,367.7434725848564,121.92202758789062,4596,1167.7484769364664,1163.8698868581375,-0.08181131021912992
19,25.0,365.3769655758606,122.05590057373047,4706,1167.9296642583936,1163.8106672333192,-0.08080311946068204
19,30.1,383.2729166666667,132.1161651611328,3840,1167.3291666666667,1170.1239583333333,-0.005039770186516182
19,35.1,366.41841093549766,125.65829467773438,4682,1167.6920119607005,1164.4491670226398,-0.05367366969783871
19,40.1,368.63953742090337,125.46037292480469,4583,1167.3687540912067,1165.0218197687104,-0.05516420851676245
19,45.1,373.3493351363534,129.31204223632812,4437,1168.6549470362859,1165.2846517917512,-0.026157479637787147
19,50.0,383.98472116119177,138.1663818359375,3927,1166.4601476954417,1171.3335879806468,0.04052410888795747
19,55.1,367.6759259259259,126.12139129638672,4644,1167.1070198105083,1165.361111111111,-0.05018611223234443
19,60.1,377.3760167325122,134.105224609375,4303,1167.134324889612,1168.2405298628864,0.009939737001889099
19,65.1,386.7585233003833,137.39166259765625,4957,1167.6443413354853,1162.2993746217471,0.03468973706509135
19,70.1,388.4870012091898,141.70494079589844,3308,1170.8352478839179,1172.188331318017,0.067172819374803
19,75.1,412.32332361516035,155.77194213867188,3430,1169.797667638484,1172.0516034985424,0.17311070268925113
19,80.1,388.97162904209887,138.90342712402344,3278,1170.578096400244,1171.956375838926,0.04607476007679978
19,85.1,401.95340401785717,146.6830291748047,3584,1170.4874441964287,1170.0089285714287,0.10466255389341826
19,90.1,382.5983875783816,134.9296417236328,3349,1169.8169602866528,1172.2576888623469,0.016148381042258464
19,95.1,398.06290672451195,146.91754150390625,3688,1171.0395878524946,1169.0859544468547,0.1064286545107985
19,100.0,392.5531496062992,142.65870666503906,3048,1170.013779527559,1174.601377952756,0.07435558241663845
19,105.1,394.90324267782427,142.0074462890625,3824,1170.9147489539748,1167.8985355648535,0.06945097310891474
19,110.0,377.07562568008706,134.92385864257812,3676,1170.556583242655,1169.9197497279652,0.01610482894817381
19,115.0,392.4953341740227,142.41021728515625,3965,1169.333921815889,1168.4718789407314,0.0724842213291222
19,120.1,385.41210287443266,137.4901885986328,3305,1170.0402420574887,1172.7942511346446,0.035431731449008595
19,125.1,395.6846516500786,145.13751220703125,3818,1168.5646935568361,1170.4119958093243,0.09302334293417615
19,130.1,400.1474622770919,149.90737915039062,2916,1171.3364197530864,1174.8117283950617,0.12894497223938972
19,135.0,398.1111111111111,145.1955108642578,3654,1171.1590038314175,1168.6302681992338,0.09346012791996977
19,140.0,386.5420181193377,140.68409729003906,3201,1171.1287097781942,1173.308653545767,0.059484898006856315
19,145.0,393.8786885245902,144.79922485351562,3660,1171.1737704918032,1169.1530054644809,0.09047571779998916
19,150.1,366.4817302525524,124.23554229736328,3722,1169.7955400322408,1169.7101020956475,-0.06438834669149213
19,155.1,398.3789224393132,147.39552307128906,3378,1171.6110124333925,1171.01243339254,0.11002830978046053
19,160.1,386.44127190136277,140.244384765625,3082,1171.4834523036989,1173.803374432187,0.056173444985121244
19,165.1,403.4181875393329,135.14173889160156,3178,1170.7819383259912,1173.8640654499686,0.017745674202619275
19,170.1,381.0278422273782,133.55828857421875,3017,1170.1769970169041,1174.620815379516,0.005820789085344287
19,175.1,409.72140762463346,147.25689697265625,3069,1172.6011730205278,1173.215705441512,0.1089843235673758
19,185.4,407.037637521714,149.28228759765625,3454,1171.907353792704,1171.090909090909,0.12423743903022849
19,191.1,405.88347826086954,152.51527404785156,3450,1169.9463768115943,1172.2069565217391,0.14858489823438442
19,213.6,423.18833496252853,164.65924072265625,3069,1171.9433040078202,1174.0957966764418,0.24004050367732518
19,219.3,434.9892353377877,171.2345428466797,2694,1172.148849294729,1176.4844097995547,0.2895587749988734
19,224.9,420.40048797490414,161.9856719970703,2869,1173.7058208434994,1174.120948065528,0.21990599136850367
19,236.2,414.9523653088042,165.6230010986328,3044,1173.4967148488831,1172.9835742444152,0.2472985348500985
19,270.0,424.8126959247649,181.18771362304688,2552,1174.330329153605,1176.7825235109717,0.36451560614023404
19,275.7,417.81059141863165,165.77249145507812,2587,1175.1735601082335,1175.2068032470042,0.24842433924521037
20,0.1,276.88032656312225,55.41651916503906,5022,589.1911589008363,1184.39446435683,0.05571243883079592
20,5.1,276.6276247351185,54.685646057128906,5191,587.1833943363514,1184.2471585436333,0.04178894015471067
20,10.0,273.7742418569824,53.6655158996582,5342,585.954698614751,1183.698053163609,0.02235494984469368
20,15.1,274.0168883259447,50.112796783447266,4737,584.4842727464641,1184.2539582013933,-0.04532612827365253
20,20.1,273.6108597285068,48.57981491088867,4862,592.1034553681612,1184.302139037433,-0.07453020055654747
20,25.0,274.3644819381354,49.761444091796875,4623,585.4548994159636,1184.7531905688948,-0.05201957298257261
20,30.1,274.52043779316506,49.87800598144531,4477,576.544337726156,1183.8644181371453,-0.04979901061868615
20,35.1,273.9382740711147,52.27459716796875,5006,587.2694766280464,1185.5285657211346,-0.004142748469308229
20,40.1,272.1190206302426,48.398406982421875,4411,577.0405803672637,1183.9605531625482,-0.07798611243030779
20,45.1,274.79881386861314,50.855018615722656,4384,582.0280565693431,1185.5524635036497,-0.03118643071575807
20,50.0,272.54487834798607,50.87278747558594,4891,583.0505009200573,1185.3093436924964,-0.030847925037953933
20,55.1,274.63198992443324,49.429508209228516,3970,577.3596977329975,1185.064483627204,-0.058343117755893056
20,60.1,276.4489492676714,54.885765075683594,4711,582.0806622797708,1185.7728720016983,0.04560130766385726
20,65.1,285.84381826124945,56.6453742980957,4578,577.4755351681957,1184.803626037571,0.07912274444066927
20,70.1,278.5748757984386,54.51966094970703,4227,586.0965223562811,1185.7120889519754,0.03862684074453174
20,75.1,293.02006604013206,63.11700439453125,3937,587.8348996697994,1186.6088392176785,0.20241053831980932
20,80.1,279.34159427695454,54.32151794433594,3914,583.6425651507409,1186.6484414920797,0.034852117275982517
20,85.1,287.3952004084759,55.66823196411133,3917,579.7561909624712,1185.5353586928773,0.06050769369337766
20,90.1,275.09793103448277,50.02130889892578,4350,586.2967816091954,1185.6937931034483,-0.04706901828455346
20,95.1,284.3709090909091,56.65437316894531,4675,578.8791443850267,1185.64192513369,0.0792941774363627
20,100.0,277.1765988372093,52.2413444519043,4128,584.5007267441861,1186.5087209302326,-0.004776229360982474
20,105.1,286.1130923302394,55.048702239990234,4094,583.214215925745,1186.3292623351247,0.04870534223149314
20,110.0,274.9936664320901,49.04988098144531,4263,586.4632887637814,1186.144499178982,-0.0655752065360635
20,115.0,287.38358103326254,56.84446334838867,4239,584.4979948100968,1186.0148619957538,0.0829154905386937
20,120.1,276.6444335458558,51.0260009765625,4078,579.2719470328592,1186.2574791564493,-0.02792913112569004
20,125.1,289.5824148910115,58.93927001953125,4083,583.5079598334557,1186.4817536125397,0.12282260655737973
20,130.1,279.07930607187114,53.01837921142578,4035,581.022800495663,1186.7048327137547,0.010026671892841685
20,135.0,290.38303941908714,59.487892150878906,3856,581.695020746888,1186.696836099585,0.1332741328713417
20,140.0,278.8349975037444,54.16895294189453,4006,582.95481777334,1186.9515726410384,0.03194567758553629
20,145.0,284.18503269556794,54.606231689453125,4129,579.2458222329861,1186.0719302494551,0.04027605668529752
20,150.1,272.116934487021,48.19340896606445,4045,574.1967861557479,1186.4625463535228,-0.08189142729065908
20,155.1,284.09595375722546,49.88072204589844,3460,585.3326589595375,1186.4158959537572,-0.04974726823083803
20,160.1,279.9016393442623,51.37027359008789,2989,580.1816661090666,1187.6758113081298,-0.021370565450261697
20,165.1,286.83182406209573,57.10932159423828,3865,581.8331177231565,1187.0085381630013,0.08796117274470888
20,170.1,274.9257493188011,44.70891571044922,2936,579.549727520436,1186.5027247956402,-0.14827276860189345
20,175.1,287.2116574405731,52.443397521972656,3071,578.2572451970042,1186.6746987951808,-0.000927017202062008
20,180.1,271.486155484558,42.125492095947266,3756,587.0958466453674,1185.6448349307775,-0.19748828205694186
20,185.4,284.60295280780383,42.910926818847656,3793,582.8926970735565,1184.907461112576,-0.18252535729463235
20,191.1,288.69292649098475,51.62080764770508,3605,582.2981969486824,1186.0263522884882,-0.016597766202630898
20,196.7,285.3279273434966,47.33492660522461,3083,567.1375283814466,1185.4923775543302,-0.09824594613288944
20,202.4,286.55144379029997,52.37523651123047,3567,569.9201009251472,1186.130361648444,-0.0022255185869920753
20,208.0,283.9059907834101,52.42667007446289,3255,557.8986175115207,1185.7901689708142,-0.0012456834530648257
20,213.6,284.6582196231319,52.79597091674805,3078,555.5120207927225,1186.0591293047432,0.005789682512632501
20,219.3,286.2611046736192,51.73435592651367,2589,555.9069138663576,1186.0401699497875,-0.014434614634250085
20,224.9,282.28539325842695,46.06893539428711,2670,561.0629213483146,1185.4610486891386,-0.12236371262155696
20,247.5,283.5179420665802,46.03742218017578,2313,556.10289667099,1185.0817120622569,-0.12296405513000262
20,253.1,285.0966990291262,49.42934036254883,2575,549.5968932038835,1185.4174757281553,-0.05834631531918704
20,264.4,282.8707553707554,47.45602798461914,2886,546.7404712404713,1185.1971586971588,-0.09593890421627929
20,270.0,281.4816219369895,50.54579162597656,3428,541.5563010501751,1184.0177946324388,-0.03707735970978097
20,275.7,277.5274918403214,47.37112808227539,3983,545.8009038413256,1182.730856138589,-0.09755628986789132
20,281.3,280.91712328767125,44.900142669677734,2920,549.5859589041096,1183.5866438356165,-0.144629799275435
20,287.0,284.38183768323205,48.74210739135742,2797,547.8795137647479,1183.8469789059707,-0.07143844753883621
20,292.6,285.407604832978,50.82106399536133,2814,543.6090973702914,1184.5792466240227,-0.03183328323575261
20,298.2,286.06422315926045,53.55432891845703,3083,540.547518650665,1184.3253324683749,0.02023678217810779
20,303.9,287.3824935638102,53.80813217163086,2719,539.6528135343876,1184.2103714600955,0.02507186123807825
20,309.5,278.70705567133075,49.7470703125,3359,535.938076808574,1181.7862459065198,-0.052293400675566586
20,315.2,282.333426183844,56.34059143066406,3590,539.4523676880223,1182.7777158774372,0.07331647820204394
21,15.1,285.9930715935335,46.2202033996582,2165,890.8923787528869,21.062355658198616,-0.039710413027707815
21,25.0,288.24748578924357,46.028160095214844,2287,893.713598600787,21.4954088325317,-0.043700382174102166
21,30.1,292.14701601164484,47.22084426879883,2061,892.9340126152354,22.552644347404172,-0.018920694760441337
21,35.1,292.7895937927887,49.4532356262207,2191,896.6157005933363,20.962117754450023,0.02746036843053155
21,40.1,290.98764983654195,51.73518753051758,2753,894.6171449328006,20.168180167090448,0.07487112153171947
21,50.0,294.45646766169153,53.741546630859375,2412,894.0717247097845,20.506218905472636,0.11655604738818101
21,55.1,297.65884752677204,52.205299377441406,1961,896.2524222335543,20.26568077511474,0.08463835486493762
21,60.1,296.8219294517637,55.133811950683594,2353,892.7832554186145,19.178920526986825,0.1454823131895066
21,65.1,325.6667866138899,74.50980377197266,2779,889.369917236416,20.445124145376035,0.548045733829533
21,70.1,307.9703504043127,59.59440612792969,1855,899.9536388140161,19.83288409703504,0.23815741682503797
21,75.1,335.9407183037646,82.85882568359375,2311,895.2384249242753,18.306793595845953,0.7215083803221819
21,80.1,304.1059204440333,59.19482421875,2162,895.8672525439408,18.685938945420908,0.22985554192392924
21,85.1,327.43995381062354,78.17625427246094,2598,897.9530408006159,18.64857582755966,0.6242213881494421
21,90.1,310.54503616042075,62.847412109375,1521,896.0414201183432,17.895463510848128,0.3057431810703683
21,95.1,323.6673850574713,75.10428619384766,2784,892.4310344827586,17.61889367816092,0.5603969403880237
21,100.0,301.4494010739364,61.93238067626953,2421,893.3506815365552,17.460553490293268,0.2867321189734409
21,105.1,325.9898329702251,77.02051544189453,2754,892.6525054466231,17.5199709513435,0.6002092920827973
21,115.0,335.31032841504043,78.44708251953125,2101,895.7187053783913,19.19466920514041,0.6298482250387298
21,120.1,302.1468110709988,60.82853698730469,2493,893.1784997994384,19.586843160850382,0.26379821729861924
21,125.1,324.6190828402367,76.07146453857422,2704,889.7403846153846,18.242973372781066,0.5804914277522417
21,130.1,297.85508511567,57.0582389831543,2291,887.9965080750763,17.67612396333479,0.18546498535973058
21,135.0,323.59415064102564,74.72832489013672,2496,891.3365384615385,18.782852564102566,0.5525858167125963
21,140.0,292.9382756368387,56.056396484375,3062,892.5934030045722,19.442521227955584,0.16465030155045995
21,145.0,326.23055665219107,78.15681457519531,2533,888.3861034346625,17.619028819581523,0.6238175011587973
21,150.1,304.47348662599717,60.727962493896484,2131,891.3411543876115,19.20178320037541,0.2617086410607175
21,155.1,317.02057971014494,72.8431396484375,3450,894.136231884058,20.191304347826087,0.5134184478141074
21,160.1,297.00263591433276,58.028236389160156,3035,892.6560131795717,19.507742998352555,0.20561804267804712
21,165.1,330.8588577664605,80.9539794921875,2749,894.4176064023281,20.053837759185157,0.681932527603092
21,170.1,307.0793168880455,65.1933822631836,2635,892.2193548387097,19.394307400379507,0.3544840031427099
21,175.1,326.5649289099526,77.34918212890625,3165,891.3854660347552,20.87867298578199,0.6070378037272174
21,180.1,302.4340804218853,62.813838958740234,3034,893.5105471324983,20.941331575477918,0.3050456517523416
21,185.4,350.8273021476905,50.39178466796875,3399,892.8773168578994,20.854957340394233,0.04696004184953986
21,191.1,344.8861554566867,87.95995330810547,3821,893.1585972258571,23.51531012823868,0.8274914651926291
21,196.7,350.5665944775311,98.21548461914062,3694,893.6196534921494,22.985652409312397,1.040564519884729
21,202.4,347.37593423019433,95.27289581298828,4014,892.7414050822123,23.711260587942203,0.9794281080681118
21,208.0,347.2721244580464,43.230201721191406,3921,893.5539403213465,24.414180056108137,-0.10183189380168843
21,213.6,356.57131034482757,45.34291458129883,3625,894.3544827586206,23.781517241379312,-0.0579373193386386
21,219.3,359.9280989358642,104.14872741699219,3477,898.2548173712971,25.890135174000577,1.1638359651981294
21,224.9,357.83742331288346,108.16012573242188,3912,900.0700408997955,25.549079754601227,1.2471783944426924
21,230.5,358.90699404761904,40.14272689819336,4032,897.5855654761905,25.425595238095237,-0.16597851593849344
21,236.2,365.1556069958848,41.44755935668945,3888,895.8402777777778,25.570730452674898,-0.13886879052680215
21,241.8,367.73828032979975,116.74591827392578,4245,897.6786808009423,25.608480565371025,1.4255602830341119
21,247.5,371.0877960865088,119.1113510131836,3884,896.5437693099897,25.130278063851698,1.4747054676312314
21,253.1,370.7544474393531,118.01563262939453,3710,894.7199460916443,25.19865229110512,1.4519403805737712
21,275.7,379.02854401535143,44.09672927856445,4169,896.8181818181819,26.887263132645717,-0.08382856778915025
21,287.0,382.55033277870217,130.53135681152344,4808,902.1909317803661,25.96838602329451,1.7119721139175619
21,292.6,385.1425540941875,89.83177185058594,4714,900.3756894357234,26.38629613915995,0.8663811221572053
21,298.2,385.55371074214844,49.13642883300781,4999,900.4896979395879,26.979395879175836,0.020878262722907753
21,309.5,382.3930147764345,45.029109954833984,5211,903.3548263289196,28.447706774131646,-0.0644570508190965
22,35.1,327.83518945212495,79.03884887695312,31248,274.17159498207883,602.8619111623144,-0.06255378440414708
22,40.1,333.74026904401813,84.70796203613281,25126,288.0926530287352,607.729005810714,0.004685158879695407
22,45.1,335.2595338512764,85.67476654052734,22525,300.6833296337403,619.4127857935628,0.016152016466103813
22,50.0,334.4496297215672,85.19437408447266,24171,296.3210872533201,616.092673037938,0.010454285586566943
22,55.1,339.1388319672131,86.94876098632812,21472,300.0307842771982,616.2924273472429,0.031262323471780915
22,60.1,335.3468009282281,84.61064910888672,24132,302.5981269683408,623.4685894248302,0.0035309715822889848
22,65.1,356.58594423033327,98.49734497070312,22055,294.5320788936749,615.8372251190207,0.16823517296883395
22,80.1,339.45042268771084,86.98764038085938,24013,305.97201515845586,622.6736351143131,0.03172345545669531
22,90.1,336.7286086547909,85.27860260009766,23409,303.8315605109146,624.6358665470545,0.011453284235204097
22,100.0,338.7983767809095,86.0969009399414,22671,305.0644435622602,627.2177671915663,0.021158773280333318
22,105.1,358.07604345340195,94.39364624023438,22737,307.3244051545938,626.3659233847914,0.11956294533034188
22,115.0,358.230841480596,94.89087677001953,23423,304.86906032532124,628.3275413055544,0.12546038545059815
22,120.1,343.77060022650056,86.6729965209961,22075,303.48330690826725,624.0252774631937,0.027991598276582548
22,125.1,361.47573689697657,98.80307006835938,21102,298.87413515306605,621.04198654156,0.17186124849856113
22,145.0,359.2992095540854,94.67460632324219,23278,303.11839505112124,627.9714752126471,0.12289529354000782
22,150.1,344.3770385430635,85.78292083740234,23117,302.14448241553833,625.5853700739715,0.017434788643919057
22,155.1,362.193739688768,99.25959777832031,22427,296.615285147367,622.1247603335265,0.17727592976098414
22,160.1,340.87610160705026,84.76502227783203,25077,305.2334410017147,633.0476931052359,0.005361926170742262
22,170.1,342.0694610778443,84.75923156738281,24215,302.61226512492254,631.631096427834,0.005293245013648457
22,185.4,372.111797870119,102.9359359741211,23945,299.2992691584882,629.0391731050323,0.22087941561474703
22,191.1,369.895518723143,100.83839416503906,24435,299.66044608144057,630.599386126458,0.19600136312641694
22,196.7,370.4789165385734,102.84903717041016,24071,294.78937310456564,631.6410203149018,0.21984874581329983
22,208.0,367.92788879235445,100.30699157714844,26473,297.0069882521815,634.1467532958109,0.1896986227392
22,213.6,374.58071965402866,106.32359313964844,23817,289.24608472939497,624.9739261871772,0.2610589783827189
22,236.2,375.8315274099045,103.11859130859375,24918,291.2297134601493,630.6628541616502,0.2230458129559628
22,241.8,372.9179539993134,98.25582885742188,26217,297.0691536026242,637.158790098028,0.16537065293067654
22,247.5,379.06011158186163,105.39160919189453,23839,289.07131171609547,629.3526574101263,0.25000511262895364
22,253.1,379.6910825514468,102.92636108398438,25366,293.862059449657,633.2837262477332,0.220765851909671
22,258.7,377.8470263018822,104.88880920410156,24599,289.52937111264686,629.3117199886174,0.24404161553283638
23,35.1,342.1232850609756,93.05643463134766,5248,42.99657012195122,590.2766768292682,-0.07241658543307404
23,65.1,356.29965694682676,100.04350280761719,5830,45.33447684391081,591.0217838765009,-0.0027697245530986314
23,100.0,344.4533494631786,97.19750213623047,6613,45.92076213518826,594.2490548918796,-0.031138563646095213
23,105.1,366.7389154160982,110.98802185058594,5864,44.075886766712145,596.5726466575716,0.10632487363226789
24,35.1,268.5886768845793,57.04732894897461,3197,79.68032530497341,1153.3162339693463,-0.004785060714465779
24,40.1,268.99682172782434,57.557498931884766,3461,80.57728980063565,1156.5605316382548,0.004115071823227019
24,45.1,272.4362745098039,59.009212493896484,3060,79.4078431372549,1155.861111111111,0.029440832925376713
24,50.0,264.022232408893,54.9064826965332,4363,79.86545954618381,1157.9273435709374,-0.04213303497367838
24,55.1,269.2316281485328,58.08755874633789,3851,79.34380680342768,1155.8254998701636,0.013362190939540181
24,60.1,264.52774248199916,54.686622619628906,4722,78.93434985175773,1156.4862346463362,-0.045968587612494005
24,65.1,278.3778171689035,63.5001106262207,3949,77.47910863509749,1156.0539377057482,0.1077864626760033
24,70.1,266.70322319075615,57.251895904541016,4933,85.54530711534564,1156.9839854044192,-0.001216303087865157
24,75.1,276.50392640789767,62.24854278564453,4457,81.35943459726273,1156.0424052052952,0.085952328888866
24,80.1,268.5159383576103,58.5731201171875,4737,81.33185560481317,1154.3766096685665,0.021833015763638816
24,85.1,276.2180807248764,62.700035095214844,4856,80.95037067545304,1155.7771828665568,0.09382880443531628
24,90.1,266.2373161764706,57.820335388183594,5440,82.62444852941177,1155.7783088235294,0.008700365696169424
24,95.1,273.43622017659214,61.10981750488281,5323,81.3189930490325,1156.8919782077776,0.06608678159619917
24,100.0,262.50008421761834,54.82958984375,5937,79.90820279602492,1154.9508169108979,-0.043474463524742955
24,105.1,269.79297407912685,57.7547607421875,5864,78.20532060027286,1154.7341405184175,0.0075563880808099965
24,110.0,263.5990293074482,51.58462142944336,5357,77.96863916371103,1153.464065708419,-0.10008431893648712
24,115.0,267.83824913711953,54.4440803527832,6374,74.18795105114528,1154.0225917791026,-0.050199840710933086
24,120.1,267.5316164635548,51.92613983154297,4349,67.15198896298,1147.055185100023,-0.09412638502314892
24,125.1,264.4048909451421,53.59804916381836,7565,73.37766027759419,1152.8148050231327,-0.0649592149686204
24,130.1,272.3792013789141,53.11864471435547,3481,65.2054007469118,1146.2628555012927,-0.07332262967804827
24,135.0,270.58624867484474,54.93430709838867,6603,73.02635165833712,1153.26942298955,-0.04164762643810935
24,140.0,260.7205399949533,52.6009521484375,7926,76.63966691900076,1153.2524602573808,-0.08235399687877125
24,145.0,268.3082716049383,58.43269729614258,8100,74.79901234567902,1152.70987654321,0.0193832798707362
24,150.1,262.3914469534502,55.62814712524414,7927,72.9222909045036,1153.4912324965308,-0.029543291793125932
24,155.1,268.93405666063893,59.25922775268555,8295,72.42628089210368,1153.1564798071126,0.03380245554961504
24,160.1,265.27680956621293,56.29695510864258,7861,71.81834372217276,1151.9385574354408,-0.017875651802708458
24,165.1,270.2414377755171,61.13871765136719,8847,70.97061150672545,1149.8623262122753,0.06659095695477758
24,170.1,266.5114329268293,56.88723373413086,7872,72.13973577235772,1151.356199186992,-0.00757798989197622
24,175.1,275.8024096385542,65.49461364746094,8300,71.76722891566266,1151.9734939759037,0.1425814169667439
24,180.1,266.1217223650386,54.48646926879883,7780,71.23984575835476,1148.4874035989717,-0.04946034802554193
24,185.4,279.7931159859411,66.73722839355469,8251,71.45994424918192,1150.977093685614,0.1642593602091896
24,191.1,275.52553450758836,65.23875427246094,9027,71.17115320704553,1151.3754292677522,0.13811784124729146
24,196.7,275.5660356470718,64.91800689697266,9033,69.21177903243662,1151.9959039078933,0.13252226673567705
24,202.4,276.8954550711229,65.147216796875,8647,69.04140164218805,1152.4465132415867,0.13652093101703172
24,208.0,276.2126827022672,66.24275207519531,8689,69.33410058694902,1155.4850960985154,0.155633010330577
24,213.6,280.9027242194303,67.61857604980469,8039,68.07898992411991,1154.9223784052742,0.17963484527333398
24,219.3,282.5481942714819,71.23421478271484,8030,65.69240348692404,1155.062515566625,0.24271120219216719
24,224.9,282.9617905280079,72.5301742553711,8087,66.49115864968468,1155.940274514653,0.2653197668990216
24,230.5,282.12865209918976,71.55734252929688,8146,64.2090596611834,1155.5615025779523,0.24834830329086616
24,236.2,283.24959901295495,72.14376068115234,8105,63.78519432449105,1156.5179518815546,0.25857861759562145
24,241.8,280.94560818852653,69.8862533569336,8402,64.87134015710545,1155.90573672935,0.21919544127515686
24,247.5,283.44136989700957,71.16120147705078,8059,65.14716466062787,1155.6511974190346,0.24143745399216837
24,253.1,281.8602406767544,70.29718780517578,8393,63.21339211247468,1154.373763850828,0.2263643676647426
24,258.7,284.1160953230534,72.11251068115234,7847,63.44539314387664,1155.6053268765133,0.25803344804210054
24,264.4,288.5801038753496,74.7855224609375,7509,62.86189905446797,1156.356372353176,0.3046652764754319
24,270.0,288.33644859813086,75.1207046508789,7704,61.23935617860852,1156.0796988577363,0.3105126724702645
24,275.7,287.24961870869345,74.67192840576172,7868,62.742119979664466,1155.930350788002,0.302683579824462
24,281.3,287.55894234300405,75.84739685058594,8169,63.081772554780265,1156.1423674868404,0.3231901272562296
24,287.0,289.2688919220747,76.91474914550781,8059,61.44794639533441,1156.3377590271746,0.341810542426536
24,292.6,291.4262233375157,78.53282928466797,7970,64.11468005018821,1157.7099121706399,0.37003863929139985
24,298.2,290.90382978723403,79.11349487304688,8225,62.70285714285714,1156.8578723404255,0.3801685976773673
24,303.9,292.9307843619375,81.17601776123047,8134,63.993484140644206,1157.522744037374,0.41615018750385396
24,309.5,290.5416666666667,80.740234375,8280,62.422222222222224,1158.492270531401,0.4085477608125549
24,315.2,295.1102293862368,83.76514434814453,8065,65.15102293862368,1158.796404215747,0.46131860303655975
25,100.0,330.7470978441128,81.67654418945312,12060,515.1437810945274,715.0310116086235,-0.10235325730385367
25,105.1,359.6079536797196,96.24718475341797,13126,521.4492610086851,719.5643760475392,0.05778192190869078
25,115.0,358.7412876008804,95.04515838623047,10904,517.4981658107116,714.148110785033,0.04457133539516305
26,125.1,264.97586900316,28.471837997436523,3481,758.6613042229244,22.148807813846595,0.038688296478307564
26,130.1,254.05639851130834,24.199554443359375,3493,765.8594331520184,19.736329802462066,-0.1171699564120124
26,135.0,268.2378112942827,30.610315322875977,2851,759.2090494563311,18.83795159593125,0.11670262665320462
26,140.0,254.60088202866592,25.355745315551758,3628,760.0374862183021,20.177508269018745,-0.07499066586008525
26,145.0,264.3575810692375,28.419246673583984,3423,761.4230207420392,19.895705521472394,0.036769699140585595
26,150.1,256.55925485533095,24.654035568237305,2523,755.7003567181927,22.247720967102655,-0.10058991597263141
26,155.1,264.98440910508265,28.973224639892578,3207,756.1281571562208,21.769878391019645,0.05697950892397218
26,160.1,251.45170454545453,20.971525192260742,3520,769.1775568181819,19.099147727272726,-0.2349325049383024
26,165.1,266.2362835402483,27.27964210510254,2497,756.3612334801762,21.3516219463356,-0.004804502286152773
26,175.1,262.30047365304915,25.089868545532227,3378,760.034043812907,21.711071640023683,-0.0846901833042912
26,180.1,254.38130381303813,24.188766479492188,3252,755.9950799507995,19.153751537515376,-0.11756351484026306
26,185.4,273.3305084745763,32.291439056396484,3304,751.7902542372881,18.71731234866828,0.178032125194777
26,191.1,268.3677047289504,28.689720153808594,4335,754.3303344867359,20.48719723183391,0.046636910328087894
26,196.7,271.1468616697136,28.8313045501709,3282,749.7553321145643,21.582876294942107,0.05180208636901341
26,202.4,270.43542435424354,30.17690086364746,3794,750.3070637849236,21.266736953083818,0.10089112455187677
26,208.0,267.62660144421153,28.602628707885742,4293,746.7046354530631,22.735849056603772,0.04345970534358412
26,213.6,273.3113069016153,30.776426315307617,3405,748.4320117474302,24.986784140969164,0.12276256362568516
26,219.3,272.7460402684564,31.017385482788086,3725,748.3092617449664,25.048590604026845,0.131553055732786
26,224.9,268.6271434546215,28.61273956298828,4782,749.5644081974069,26.819322459222082,0.04382856199636997
26,230.5,270.2921898276229,29.901968002319336,4699,747.4575441583315,30.39221110874654,0.0908612295586372
26,236.2,271.6092619392185,28.521169662475586,4146,748.629522431259,26.014954172696577,0.04048797738146793
26,241.8,272.1933689839572,30.611595153808594,4675,748.4859893048128,31.65754010695187,0.11674931648795643
26,253.1,274.07381864623244,29.535228729248047,3915,748.0584929757343,32.022222222222226,0.07748212172469943
26,264.4,272.28365384615387,30.27363395690918,4784,747.1394230769231,31.020903010033443,0.10442006890250627
26,270.0,275.44770186335404,28.58192253112793,4025,748.0827329192547,26.35055900621118,0.04270431809162352
26,275.7,274.86505644526125,30.798152923583984,3809,747.0034129692833,30.804935678655816,0.12355517749700823
26,281.3,275.02681794739556,28.73611831665039,3878,749.6044352759154,26.924445590510572,0.04832957339838944
26,287.0,277.7585507246377,34.27680587768555,3450,744.4179710144928,24.98608695652174,0.25046079248611797
26,292.6,278.30543046357616,34.60226058959961,3775,744.5732450331126,23.45774834437086,0.2623337878413631
26,298.2,277.74039433771486,35.830101013183594,3956,745.1870576339737,27.11602628918099,0.30712694373226407
26,303.9,281.32343332343333,37.72926712036133,3367,744.2352242352242,24.201366201366202,0.376410901050769
26,309.5,280.18430141287286,37.43394470214844,3185,745.3971742543171,21.156985871271587,0.3656371694949411
26,315.2,283.7517077517077,38.13671112060547,3367,744.990495990496,20.213543213543215,0.3912749682937056
27,125.1,361.18076515753245,104.46349334716797,15108,523.3796664019063,721.7496028594122,0.06466799656089939
27,135.0,357.6783474115581,98.95211029052734,11957,521.3434808062223,713.877310362131,0.008497242844167236
27,140.0,339.1809397060525,87.42964935302734,17282,523.5781738224742,726.7964355977317,-0.1089370397813422
27,145.0,356.81393713522255,98.08708190917969,14221,520.6117713240982,719.4290134308417,-0.0003189282815391835
27,155.1,359.0109432363739,101.65953826904297,14164,527.0621293419938,718.0360773792714,0.036090728657814895
27,160.1,334.4601756954612,83.62236785888672,13660,524.3935578330893,714.9608345534407,-0.14773998070194638
27,165.1,359.66495189738106,93.44466400146484,14968,527.0173703901656,718.4498931052913,-0.047633388239135474
27,170.1,336.6940078937926,83.38774871826172,13935,526.3806960889846,718.6223896663079,-0.15013116524307518
27,175.1,362.4472902448816,104.4195327758789,12455,521.8278602970695,715.8770774789241,0.06421996048760387
27,185.4,392.0808242037292,129.6249237060547,13783,521.8165856489879,717.2125081622288,0.3211075314879473
27,191.1,392.00604063701263,128.78038024902344,14568,522.9468698517298,720.1984486545854,0.31250013801874876
27,196.7,390.54037623308096,121.7879638671875,17436,521.3500229410415,725.2144413856389,0.2412350318861411
27,202.4,391.3618044721789,131.68930053710938,15384,520.8846203848154,722.727444097764,0.3421471872992022
27,208.0,387.96076947335223,123.29442596435547,15855,520.5880163986125,721.7248186691895,0.2565885485214359
27,213.6,388.2849032800673,123.99446105957031,14268,518.6256658256237,716.9196103167928,0.2637231458670158
27,219.3,390.6029575118023,121.16368103027344,14404,519.7515967786726,718.2390308247709,0.234872484205912
27,224.9,391.2173981936302,128.674560546875,12622,524.6618602440184,711.5908730787514,0.31142164785272847
27,230.5,390.306187880731,125.94232940673828,15595,522.6744469381212,718.0181468419365,0.28357537389706694
27,236.2,395.86260040488474,127.42638397216797,15313,525.2703585189055,718.446875204075,0.2987005181013883
27,241.8,395.98270733900534,128.99606323242188,14457,524.6805699661064,715.8022411288649,0.31469832958280025
27,247.5,399.90254512400986,132.85203552246094,15402,524.2472406181015,720.1538111933515,0.3539975159424485
27,253.1,401.3050740624015,141.79080200195312,15865,522.6115348250867,721.8844626536401,0.4450993764538429
27,258.7,397.9238911617638,140.6204071044922,15399,522.4434703552179,720.4661341645561,0.4331709797409005
27,264.4,399.0046978989952,131.04293823242188,15326,520.4030405846274,718.1956152942712,0.33555961074078544
27,270.0,402.4322923863479,139.57366943359375,14474,522.8804753350836,715.9530192068537,0.42250286915707547
27,275.7,396.4609587607285,138.34124755859375,14331,517.6719000767566,715.283371711674,0.40994230769649465
27,281.3,400.3346694847314,141.27186584472656,13721,521.2665257634284,715.7863858319364,0.43981049800305927
27,287.0,402.3988046726433,142.1680145263672,14724,525.2290817712578,717.216381418093,0.4489438401011663
27,292.6,406.23240800516464,138.04901123046875,13941,522.6581306936374,717.8104870525788,0.40696390197773175
27,298.2,401.53758829465187,132.3749542236328,15856,523.057076185671,719.414858728557,0.34913521262149816
27,303.9,404.7929644320177,137.8101043701172,15379,523.4291566421743,718.7508290526042,0.4045290179792631
27,309.5,400.98880644748624,141.75177001953125,15634,519.6076499936037,721.2887936548548,0.4447015714293757
27,315.2,402.6985920828335,139.72479248046875,15839,519.7031378243576,720.5613359429257,0.42404308063570056
28,165.1,377.9727272727273,119.36092376708984,6270,42.55342902711324,597.0035087719298,0.0
29,165.1,239.28320347483432,10.718937873840332,44664,990.5080377933011,1112.1436727565824,-0.19918492801534105
29,175.1,239.1368286445013,10.027059555053711,40664,996.5707259492426,1112.2874532756246,-0.2508753652755417
29,185.4,244.37455382101234,12.155953407287598,46506,988.6680643357846,1112.815959231067,-0.09182506536802189
29,196.7,256.139295669585,22.956863403320312,50942,998.5470731420046,1117.3020297593341,0.715114168516524
29,202.4,245.47034683887094,11.066361427307129,48005,990.0783043432975,1114.3212998645974,-0.17322880985761924
29,208.0,244.88248104698704,12.015470504760742,48673,986.3944486676392,1115.984159595669,-0.10232058526222866
29,213.6,245.40898043254376,15.227801322937012,48550,984.4845726055613,1115.2141709577754,0.13767361618514948
29,219.3,246.90065895810022,14.54327392578125,32172,1016.6261345269178,1101.417070744747,0.08653236849058073
29,224.9,244.69888845190536,14.412496566772461,48311,988.1404856036927,1115.3003870754073,0.07676195267128785
29,230.5,245.22077640894625,12.037586212158203,46187,988.2852101240609,1115.1925217052417,-0.10066831411186476
29,236.2,245.28457126231348,15.836804389953613,48118,982.6785402552059,1115.8951535807805,0.18317241846312624
29,241.8,245.63535353535354,11.515510559082031,46530,990.4170642596174,1113.6835160111757,-0.1396727431532883
29,247.5,409.6828250401284,158.29217529296875,3115,1172.729695024077,1172.428250401284,10.826056018219186
29,253.1,417.9195767195767,164.76953125,2835,1173.5537918871253,1174.5319223985891,11.309981229658238
29,258.7,395.03379416282644,142.7437286376953,3255,1172.6973886328726,1171.4924731182796,9.66442689282979
29,292.6,412.69434559114273,158.27090454101562,2529,1173.401344404903,1176.9367338869117,10.824466873944166
30,185.4,315.2017061089708,31.260292053222656,3634,40.41854705558613,23.286461199779858,-0.14346491172691286
30,202.4,320.7408074055027,38.46073913574219,3889,41.57752635638982,23.775263563898175,0.05382804916197148
30,208.0,312.56481965499216,38.29248046875,3826,39.543387349712496,23.399372713016206,0.049217745075896636
30,213.6,312.164468371467,35.815704345703125,3715,38.7179004037685,23.53808882907133,-0.01864616520282795
30,219.3,315.2137383689108,38.651878356933594,3654,40.132183908045974,23.754515599343186,0.05906528269187231
30,224.9,310.7369383490073,41.1530876159668,3828,41.4299895506792,23.316091954022987,0.12759866330866051
30,230.5,312.52801082543976,41.74184036254883,3695,42.70230040595399,22.942895805142083,0.14373054668665586
30,236.2,310.73608617594255,32.07508087158203,3342,40.73758228605625,22.552962298025136,-0.12113961766794629
30,241.8,312.82387580299786,36.44063186645508,3736,42.80620985010707,22.262044967880087,-0.00152308944140448
30,247.5,309.4046454767726,33.07401657104492,3272,41.423594132029336,21.154339853300733,-0.09376868088777063
30,253.1,308.2650421179302,31.202608108520508,3324,40.29993983152828,21.548134777376653,-0.14504545750630846
30,264.4,306.5721007473014,32.84940719604492,3613,41.104898975920285,22.409078328259064,-0.09992299993619919
30,270.0,305.8712346904998,28.952150344848633,3021,39.810989738497184,21.58755379013572,-0.20670822239601863
30,287.0,306.2489527229204,31.278226852416992,3342,39.7474566128067,22.088270496708557,-0.14297349645846538
30,298.2,307.4739766081871,31.72697639465332,3420,41.26812865497076,22.1766081871345,-0.13067771470065306
30,303.9,309.6115063408599,32.72026443481445,3233,43.49644293226106,21.053510671203217,-0.10346152434288226
30,309.5,305.81484821160205,32.0832405090332,3327,40.976555455365194,21.066426209798617,-0.1209160427962651
30,315.2,306.96095444685466,33.247066497802734,3227,41.10784009916331,22.18283235202975,-0.08902709581112468
31,191.1,517.0607750017207,101.32974243164062,14529,34.18060430862413,391.50189276619176,0.0
32,196.7,327.04170708050435,13.963171005249023,4124,1180.7463627546072,142.3486905916586,-0.013486457635344782
32,208.0,320.9941910499139,15.315942764282227,4648,1180.8143287435455,137.30808950086058,0.08208836985284085
32,219.3,321.1818367346939,12.455750465393066,4900,1179.5020408163266,140.45979591836735,-0.11998739327865354
32,236.2,324.07256191950466,6.8448967933654785,5168,1179.1822755417957,139.16486068111456,-0.5164004379660593
32,241.8,328.0190211583672,22.190534591674805,4679,1178.7655481940585,147.9147253686685,0.567785919027217
33,236.2,284.31080725742834,49.21860122680664,3803,579.8438075203786,1186.2029976334472,0.0
34,241.8,469.6779296274559,188.54258728027344,35781,1068.3755624493447,70.03557754115313,0.05482080301529398
34,247.5,465.9170538166774,168.94483947753906,29489,1070.9391298450269,57.497812743734954,-0.05482080301529398
35,253.1,245.6182028376248,14.83089828491211,47575,988.8973620599054,1114.4670099842353,0.04176025800978775
35,258.7,244.9380736299612,15.918405532836914,48703,979.5170934028705,1117.669999794674,0.11814955078365917
35,264.4,245.59017895185343,11.837936401367188,46940,986.2459522795058,1119.3302939923306,-0.16847304574007313
35,270.0,244.87586220846734,14.845906257629395,49437,985.9294860125008,1121.3477355017496,0.04281445642918278
35,275.7,243.48096008859736,13.748769760131836,46954,989.7696042935639,1118.0851258678706,-0.034251219482556834
35,281.3,245.45987464667567,11.805891990661621,48822,990.4604071934783,1120.765802302241,-0.17072392717173687
35,287.0,244.67145105445388,11.423518180847168,47655,986.1149302276781,1120.6778302381701,-0.19758284233089043
35,292.6,243.5379222860195,13.29123306274414,44934,986.7009614100681,1123.4057284016558,-0.06638976825842259
35,298.2,252.1662694491271,20.60816764831543,51609,997.4975876300646,1127.069154604817,0.4475704461043218
35,303.9,252.9626959672887,23.204360961914062,51603,994.592581826638,1125.1443520725538,0.6299337098972692
35,309.5,436.98374809547994,188.42381286621094,1969,1176.3737938039615,1180.1427120365668,12.235370921961328
36,309.5,370.8111852231914,127.34779357910156,5847,626.4544210706346,862.5797845048743,-0.009442259258292169
36,315.2,375.6202550865472,129.77561950683594,6586,630.4884603704828,861.9550561797753,0.009442259258292169
37,309.5,243.42779698463679,14.876214981079102,48883,986.2684573369065,1123.5399013972137,0.15368797080065233
37,315.2,244.09544736215443,10.912759780883789,46193,987.924187647479,1123.73610720239,-0.15368797080065233
