cell_id,time_seconds,mean_intensity,mean_intensity_sub,area,centroid_x,centroid_y,dF_F0
0,0.1,1840.2936696811043,1219.0277099609375,23111,47.55531997749989,108.73700835100169,-0.0543935608266323
0,5.1,1847.2219619072412,1349.7093505859375,23049,45.531476419801294,112.7366046249295,0.04697690011284852
0,10.1,1842.4163051415317,1346.9161376953125,23281,46.22524805635497,112.41321249087238,0.04481018964861986
0,15.0,1814.271980313647,1193.470947265625,23976,47.621663329996665,112.83867200533867,-0.07421808095168148
0,20.1,1834.2475023890192,1336.6214599609375,23022,44.22873772912866,116.20827903744245,0.03682455201684557
0,25.1,1829.0115085137331,1331.3072509765625,23374,46.00752973389236,113.58406776760503,0.032702291141496816
0,30.0,1834.884675938074,1332.488525390625,22866,45.33770663867751,112.3900113705939,0.033618612143259806
0,35.1,1844.5496034325836,1337.7713623046875,23073,45.4594981146795,113.64313266588654,0.03771653753266735
0,40.0,1852.8863814244717,1344.591552734375,22998,45.97838942516741,111.52913296808418,0.04300699642380095
0,45.1,1844.999911991199,1335.0931396484375,22725,45.29443344334433,112.08950495049505,0.03563902562002087
0,50.1,1850.1219133060933,1340.17333984375,22516,45.01119204121514,111.56435423698703,0.03957976460218169
0,55.1,1845.9669453710524,1334.895751953125,23083,46.21006801542261,111.8857600831781,0.03548591090886548
0,60.0,1861.4489905546354,1353.6331787109375,22339,43.946819463718164,113.41926675321187,0.05002063497702847
0,65.1,2075.298170972411,1516.824462890625,22799,46.14184832668099,110.5825255493662,0.17660900362225665
0,70.1,1933.6531891189304,1410.3092041015625,21542,42.42544796212051,112.96499860737164,0.0939845367966562
0,75.0,2100.338026901795,1542.1746826171875,22229,45.17738089882586,109.77839758873543,0.1962733072406423
0,80.1,1922.4905264140377,1405.466796875,21428,42.919124509986936,111.08852902744073,0.09022825511649335
0,85.0,2130.5512029463816,1573.5377197265625,20907,40.666523174056536,114.04261730520878,0.22060178607695077
0,90.0,1930.807914070492,1414.33544921875,21506,42.66841811587464,111.96731144796802,0.0971077170799205
0,95.1,2116.318702990277,1563.56298828125,21804,43.4557879288204,111.56558429645936,0.21286433252553413
0,100.0,1956.0589787441975,1434.121826171875,20465,39.01891033471781,116.34356217933056,0.11245611753210223
0,105.0,2111.537487427997,1558.4317626953125,21874,43.60866782481485,111.30693974581695,0.2088840128697413
0,110.1,1940.2494657876791,1417.8026123046875,21995,43.98631507160718,111.01868606501478,0.09979721438415468
0,115.1,2134.5447816432275,1571.826416015625,21616,43.32235381199112,110.53238341968913,0.21927431846057016
0,120.1,1959.6093269009878,1427.8001708984375,21765,43.386905582356995,111.15258442453481,0.1075523750790383
0,125.1,2132.5844500404714,1568.18310546875,22238,44.53669394729742,110.92625236082381,0.21644818261075946
0,130.0,1953.8914869466516,1429.4771728515625,22025,42.74133938706016,114.39309875141885,0.1088532346349151
0,135.1,2158.2989900951643,1595.618408203125,20596,38.78389007574286,118.17765585550592,0.2377298964834712
0,140.1,1991.390431130208,1458.35498046875,20713,38.52363250132767,119.7688408246029,0.13125390740788861
0,145.1,2167.173805639711,1594.5765380859375,21455,41.25304124912608,115.157958517828,0.23692171215464541
0,150.1,1978.0489817331998,1445.8544921875,20967,39.418180951018265,118.21786617064912,0.12155721051168762
0,155.1,2174.3009585565264,1605.6162109375,21282,40.39249130720797,117.0979231275256,0.24548524655956835
0,160.1,1984.1171324422844,1452.0279541015625,20575,38.13929526123937,120.74721749696234,0.12634599856812656
0,165.0,2169.019397993311,1597.9801025390625,22425,44.2314381270903,112.48044593088072,0.23956187565274975
0,170.0,1958.7997500646384,1427.7825927734375,23206,46.2545893303456,111.7243816254417,0.10753873963166267
0,175.1,1706.732233473133,1170.2410888671875,43157,137.95901012581967,81.21405565725144,-0.092237608730383
0,180.1,1989.4169280381675,1456.54296875,22637,44.38953924990061,113.41918098687988,0.1298483200409185
0,185.4,2285.351985479658,1695.709228515625,22589,44.029040683518524,113.91664084288813,0.315370891365103
0,191.1,2313.3703703703704,1718.715576171875,22896,44.61277078965758,113.85984451432564,0.3332170406427993
0,202.3,2371.168155164637,1768.436279296875,22170,42.70243572395128,115.48231844835364,0.3717856610695933
0,207.9,2371.1761254160097,1764.4852294921875,22836,45.353345594675076,111.41473988439306,0.3687208102001025
0,213.6,2375.9789775014538,1771.29345703125,22357,44.68971686720043,110.42617524712618,0.37400198941177215
0,219.2,2422.6281555606097,1800.348388671875,21985,45.499886286104164,106.73409142597225,0.3965400582551764
0,224.8,2412.2666943559925,1786.06103515625,21669,45.59199778485394,104.87502884304767,0.38545728025700093
0,230.4,2422.8286508337546,1795.46337890625,19790,39.697524002021225,111.2411824153613,0.392750729553249
0,236.1,2390.6495613233415,1768.570068359375,21884,47.442195211113145,102.05318954487296,0.3718894419746189
0,241.7,2384.1815571155075,1764.29150390625,21938,49.15470872458747,98.91243504421551,0.36857053620715036
0,247.3,2371.54178713408,1754.6475830078125,22136,51.11497108782074,95.7850560173473,0.36108969420009435
0,253.0,2422.852705951622,1803.3541259765625,20381,45.11338992198616,100.13723566066435,0.39887162506580054
0,258.6,2463.0162911984517,1837.9541015625,18599,40.09435991182322,104.09226302489381,0.4257110147219653
1,0.1,1487.4978347167087,758.8402709960938,16626,455.98514375075183,36.833152893059065,-0.059744514914983456
1,5.1,1474.9208796609128,860.5824584960938,16279,456.25271822593527,36.47238773880459,0.06632107954253005
1,10.1,1468.2771302614892,821.6957397460938,16559,457.12464520804394,37.64158463675343,0.018137750324049403
1,15.0,1466.8967741935485,730.86328125,15500,453.3855483870968,35.91935483870968,-0.09440993670447534
1,20.1,1475.8070116861436,863.305908203125,14975,453.80921535893157,35.13782971619366,0.06969562175287948
1,25.1,1471.1618446667114,825.791748046875,14897,452.51164664026317,35.15922668993757,0.023212987391670915
1,30.0,1463.9850756168746,775.2667846679688,15076,456.7228707880074,36.26319978774211,-0.03939093041092122
1,35.1,1474.7834082824352,776.4891357421875,14899,455.43620377206526,34.864420430901404,-0.037876353040475284
1,40.0,1482.3636934673366,791.3378295898438,14328,457.69828308207707,34.445840312674484,-0.019477796229197677
1,45.1,1463.2841326037978,766.3140869140625,15535,459.15558416478916,36.34631477309301,-0.050483941010331
1,50.1,1472.5475803602967,771.555908203125,14155,457.63892617449665,33.59286471211586,-0.04398896254482755
1,55.1,1488.0413217242365,797.8335571289062,14012,462.52583499857263,33.84441906936911,-0.011429141351928053
1,60.0,1472.1330078125,766.2864379882812,15360,459.24713541666665,35.711002604166666,-0.050518199938218954
1,65.1,1777.872562971396,1048.9251708984375,14054,458.91191119965845,32.67397182296855,0.2996907031388575
1,70.1,1549.8607708189952,853.7152709960938,14530,460.5293186510668,33.64397797660014,0.05781216012855828
1,75.0,1772.1127091874455,1033.0701904296875,14879,459.1572686336447,33.797230996706766,0.2800452877313577
1,80.1,1545.3817298895067,881.4304809570312,14209,462.9327890773453,33.15447955521149,0.09215321869131413
1,85.0,1776.2278233118154,1042.562744140625,13787,459.5221585551607,31.102052658301297,0.2918072171324648
1,90.0,1546.8758316571252,887.5068359375,12926,461.5891226984373,29.901593687142196,0.09968224201556362
1,95.1,1748.8698926334625,1025.9351806640625,13412,458.6617954070981,30.563823441694005,0.27120451804018425
1,100.0,1524.605064864445,855.7957153320312,12873,458.09438359356795,29.590305290142158,0.06038997429188879
1,105.0,1746.717201418317,1040.12744140625,11563,449.1369021880135,26.246389345325607,0.28878970891451944
1,110.1,1537.7191021204862,874.8170776367188,11271,448.8497915003105,25.57936296690622,0.08395875539689666
1,115.1,1769.8313134033576,1049.8489990234375,11139,449.86883921357395,25.87727803213933,0.30083538996559483
1,120.1,1545.6757706156143,880.5133056640625,11387,450.77456748924214,26.55721436726091,0.09101677518276612
1,125.1,1768.9054542398521,1044.256103515625,11899,453.44785276073617,28.21068997394739,0.29390540630536405
1,130.0,1541.2446026282853,875.2360229492188,12784,461.56899249061325,30.194696495619525,0.08447785756251014
1,135.1,1729.37178499923,1008.366455078125,12986,462.3953488372093,29.436008008624672,0.2494356541178105
1,140.1,1513.9815352542626,845.7433471679688,13431,467.4595339140794,31.05971260516715,0.04793439613451604
1,145.1,1707.080953096813,899.2196044921875,13304,468.1018490679495,30.11455201443175,0.11419517088875059
1,150.1,1468.8804015713663,718.6489868164062,13746,469.90455405208786,31.06358213298414,-0.10954429076630534
1,155.1,1680.958955775773,882.6954345703125,13522,470.03660701079724,30.061529359562194,0.093720583548881
1,160.1,1441.905313066518,753.3903198242188,14342,472.99128433970156,32.44700878538558,-0.06649738067430129
1,165.0,1663.840425531915,928.5078125,12408,467.701724693746,26.928755641521597,0.15048528262927308
1,170.0,1479.6138743455497,805.7434692382812,11460,473.9499127399651,25.704275741710298,-0.0016282141586234666
1,175.1,1663.4996861268048,931.1551513671875,11151,460.8309568648552,23.80225988700565,0.15376551825446516
1,180.1,1472.1443384107176,809.34326171875,10898,467.3311616810424,24.238575885483574,0.0028321772495520266
1,185.4,1807.8513111651798,1028.8953857421875,11097,467.60277552491664,24.47048751914932,0.2748724165005941
1,191.1,1842.4389854204114,1061.8436279296875,10014,464.5260635110845,22.340323547034153,0.31569756327363074
1,196.7,1846.5524511840465,1023.031982421875,9628,461.04933527212296,21.54310344827586,0.26760725498517696
1,202.3,1839.063983386076,1058.97412109375,10112,459.4553006329114,22.81002768987342,0.31214204619697694
1,207.9,1867.957617666741,1110.5633544921875,8966,452.0312290876645,20.9328574615213,0.3760646680295519
1,213.6,1877.2683467506708,1103.6121826171875,8571,453.53074320382683,20.366234978415587,0.3674516861767858
1,219.2,1849.213915338927,1061.62451171875,10607,463.4009616291128,25.716130856981238,0.31542606316078803
1,224.8,1849.5474271543708,1064.8153076171875,9678,461.63029551560237,22.992250464972102,0.31937967956724794
2,0.1,1876.436586887291,1272.0513916015625,30459,651.7851866443416,81.1839521980367,0.03478741955919509
2,5.1,1864.467415292743,1239.1162109375,30812,652.8701804491757,80.57305595222641,0.007995333298299668
2,10.1,1875.1707841731309,1197.68408203125,30682,651.7284401277622,79.81093149077635,-0.02570884409642259
2,15.0,1853.5319303567478,1222.867431640625,31647,649.6683413909691,80.09830315669731,-0.005222711594077383
2,20.1,1866.1823935193975,1214.7191162109375,31602,648.0026897031834,80.0254730713246,-0.011851197166994974
2,25.1,1859.5707407060002,1161.669677734375,31983,647.2293718537974,79.55473220148204,-0.055005814907015345
2,30.0,1855.755204525951,1172.6239013671875,31463,648.2464482090074,78.87703016241299,-0.0460947812167799
2,35.1,1876.8586953037345,1147.1717529296875,31195,650.2585029652188,77.95550569001442,-0.06679957598982614
2,40.0,1880.6467519844484,1137.7630615234375,30865,650.6662238781792,77.15558075490037,-0.07445335127436414
2,45.1,1872.3318422524094,1145.9093017578125,30403,654.5598131763313,75.04979771733052,-0.0678265538297853
2,50.1,1891.5712656019327,1161.6737060546875,29804,654.9519192054757,72.77207757348008,-0.05500253795200484
2,55.1,1891.824688270875,1188.898681640625,29593,658.3080796134221,71.61920048660156,-0.032855585069335044
2,60.0,1897.1453729516556,1187.4356689453125,29414,657.9081389814374,70.71751546882437,-0.0340457155481506
2,65.1,2158.2231236633966,1381.294921875,29459,659.2124308360773,70.26429953494687,0.12365476528243713
2,70.1,1943.7139082717972,1241.7852783203125,29522,660.1293611543933,70.14020052841948,0.010166564246927301
2,75.0,2154.417542795525,1407.148193359375,29676,661.4086130206227,69.73567866289257,0.14468586533319616
2,80.1,1934.6982355551006,1259.3035888671875,29301,661.4009760759019,69.16767345824374,0.02441734647594864
2,85.0,2158.99113577156,1424.246826171875,29557,661.4410461142877,69.4192238725175,0.158595248431123
2,90.0,1939.738650682832,1275.78759765625,29363,661.384293158056,68.84010489391412,0.037826745680605844
2,95.1,2161.320657340758,1424.66455078125,29452,659.9989474399022,68.53195029200054,0.15893505873554575
2,100.0,1952.1905930470348,1275.08642578125,29340,658.995432856169,67.94079754601226,0.03725635690544384
2,105.0,2150.7012939249057,1406.02734375,29909,657.8505132234444,67.20435320472099,0.14377407742693965
2,110.1,1961.0931128537334,1275.48486328125,29330,658.3487555404023,66.19331742243436,0.03758047754648297
2,115.1,2168.4687457488776,1407.280517578125,29404,657.6864712284043,65.66650795810094,0.14479350834020793
2,120.1,1967.487290805966,1265.5185546875,28562,658.7603809257055,64.30176458231216,0.029473092247157363
2,125.1,2181.3361445357987,1406.8653564453125,28339,659.7213733723844,63.96044320547655,0.14445578337079187
2,130.0,1959.2378831076264,1276.56005859375,28060,664.0157519600855,64.36507483962937,0.0384551266292871
2,135.1,2180.7957835457205,1434.2171630859375,27701,667.1972852965597,63.97754593696978,0.16670591068545912
2,140.1,1994.0265011253903,1311.0103759765625,27546,669.5750018151456,63.85849125099833,0.06647974518080069
2,145.1,2212.5968007613747,1438.4246826171875,27319,671.5842087924156,64.07112266188368,0.17012864054309904
2,150.1,1993.4813003346449,1279.9849853515625,27193,673.4806383995881,64.13407862317509,0.041241233499886024
2,155.1,2235.1342629772944,1441.7630615234375,27394,674.8287216178725,64.95988172592538,0.17284434253180558
2,160.1,2003.972058986584,1295.5194091796875,27057,675.5956684037402,64.00365894223306,0.05387816503706669
2,165.0,2242.8793007460195,1455.9464111328125,26943,676.7732620717811,64.04375904687674,0.18438220321879598
2,170.0,2017.3623958953003,1305.158935546875,26896,679.3780487804878,64.45768887566925,0.06171971977387338
2,175.1,2239.1015061244125,1275.2440185546875,27023,681.1465418347334,63.91592347259742,0.03738455535752151
2,180.1,2004.9402990571598,1299.3553466796875,27152,682.7883028874485,63.94567619328226,0.05699862062040421
2,185.4,2358.9966118471143,1532.227783203125,26268,681.0126008832038,62.25658596010355,0.24643551701273889
2,191.1,2379.9545661580505,1555.26611328125,26346,680.5405754194185,61.91839368405071,0.26517672062282316
2,196.7,2396.3827775012446,1549.613525390625,26117,680.0916644331279,61.29095991116897,0.26057845763141446
2,202.3,2418.558991714319,1577.8382568359375,25707,678.5169409110359,60.24328004045591,0.28353869116669167
2,207.9,2412.1814318529864,1561.006103515625,26120,675.7063169984687,59.57316232771822,0.26984608360779316
2,213.6,2412.6504239771793,1566.927490234375,25591,673.0786213903325,58.26024774334727,0.2746630088699029
2,219.2,2430.0607049862033,1582.540771484375,25731,670.913411837861,58.67813143678831,0.2873640892839559
2,224.8,2429.45521182266,1472.8079833984375,25375,671.4651034482758,58.758226600985225,0.19809874247943784
2,230.4,2416.7237449225067,1583.9930419921875,25357,672.0904286784714,59.03383681034823,0.28854548121607676
2,236.1,2431.3352304385894,1412.96533203125,25126,673.4067499801002,59.393775372124495,0.1494179869717007
2,241.7,2454.0499736767506,1406.1060791015625,24693,675.7518730004455,59.310087879156036,0.143838127002145
2,247.3,2449.9902252614643,1318.640869140625,24860,678.6332662912309,61.89159292035398,0.0726869930823678
2,253.0,2461.2104266548486,1426.263916015625,24821,679.9046774908344,62.48019821924983,0.1602361091763836
2,258.6,2468.7295518772708,1432.7552490234375,24770,678.8264836495761,61.986192975373434,0.1655166739216464
2,264.2,2483.7745114006516,1366.78662109375,24560,677.454315960912,60.49527687296417,0.1118525635579326
2,269.9,2454.47403419886,1379.3319091796875,25264,673.2018682710576,58.99018366054465,0.12205789517565091
2,275.5,2449.3929880478086,1372.6578369140625,25100,672.1640239043825,58.54988047808765,0.11662867583491149
2,281.2,2432.3118163672657,1380.3612060546875,25050,671.3736926147704,57.77061876247505,0.12289520683166866
2,286.8,2430.1675445705023,1602.3984375,24680,670.858265802269,56.91900324149108,0.3035178886590783
2,292.5,2446.777280896059,1344.3460693359375,23927,671.6384419275296,56.85739959042086,0.09359764021107399
2,298.1,2454.4788378615985,1369.5504150390625,23887,670.9525264788379,56.51002637417842,0.11410085260014062
2,303.8,2451.6200343200344,1394.8243408203125,23310,671.1728013728014,56.36456456456457,0.13466066693938872
2,309.4,2441.387377584331,1357.3458251953125,22975,672.0955386289445,56.45758433079434,0.10417267193497755
2,315.0,2454.0345209607376,1651.3294677734375,22566,673.1591332092529,56.57023841176992,0.3433222667583578
3,0.1,1570.8308866311597,967.3289794921875,44686,917.8250458756658,101.526697399633,0.000613131886692968
3,5.1,1555.7561272610535,959.83251953125,45167,920.8609161556003,103.29023402041314,-0.0071412685692043105
3,10.1,1559.184679610364,966.4216918945312,45273,920.5135952996267,103.58962295407859,-0.0003253739410651946
3,15.0,1556.1184897876824,964.5961303710938,44603,922.0262762594444,103.81884626594623,-0.002213749945656291
3,20.1,1568.7478368914492,975.5018920898438,44265,924.3049361798261,104.12931209759404,0.009067260569232944
3,25.1,1569.3903422790058,978.734375,44379,924.9514860632281,104.76155388810022,0.012410967743393729
3,30.0,1567.3539989019034,982.3634643554688,43712,926.654968887262,103.38389915812591,0.016164927919153742
3,35.1,1583.1071889103805,1006.906494140625,43428,928.4324859537626,103.29117159436308,0.04155244180528345
3,40.0,1587.9964943235902,1003.8034057617188,43073,929.4241868455878,102.8207461750981,0.03834258140911441
3,45.1,1575.9930614589316,1012.6854248046875,43525,932.9269385410684,104.15937966685813,0.04753021568915821
3,50.1,1589.2924944300037,1008.5758666992188,43088,930.0689054957297,101.64495915336056,0.043279254647194884
3,55.1,1592.4700776930076,1013.4073486328125,42861,931.7391101467534,100.94066867315274,0.04827697969391593
3,60.0,1584.1307989984066,1007.6758422851562,43930,931.5945367630321,104.0567493740041,0.0423482619168806
3,65.1,1782.090031045188,1148.7030029296875,43485,934.0889962055882,102.41025641025641,0.18822792838535723
3,70.1,1637.8484706543632,1055.700439453125,42698,932.3892688182116,100.23923837182069,0.09202530416269922
3,75.0,1798.958462579005,1160.926513671875,42877,932.1295099937029,100.89598152855844,0.2008720294364926
3,80.1,1616.380641343681,1043.27685546875,43939,932.7833132297048,102.92480484307791,0.07917424568785775
3,85.0,1806.909182172624,1168.6416015625,42833,931.802628814232,101.08280998295706,0.2088525804389778
3,90.0,1717.8257110289417,950.9124145507812,35969,921.0962495482221,84.40359754232811,-0.016368299259373983
3,95.1,1792.798489306981,1188.6143798828125,43159,932.1250724066823,100.67355592112885,0.22951258824527546
3,100.0,1666.9721991805545,1101.7618408203125,39783,929.358846743584,92.92682804212855,0.13967160036412893
3,105.0,1791.8182529095175,1182.4512939453125,43478,931.4985049910299,101.46064676388059,0.22313744095541954
3,110.1,1687.6605539783627,1114.546142578125,39099,926.8478733471444,90.77467454410599,0.1528957883002587
3,115.1,1794.3451165107906,1164.3377685546875,44159,930.7180642677597,102.59897189700854,0.20440065982420896
3,120.1,1691.1479196005632,1083.388427734375,39055,924.7435155549865,90.06419152477275,0.12066598924202736
3,125.1,1811.432994476164,1150.124267578125,43086,930.6173931207353,99.09641182750778,0.18969809634399676
3,130.0,1624.9790820694045,1023.4850463867188,45559,929.6911477424877,103.15103492174983,0.058701433964930626
3,135.1,1849.5568388301183,1184.5836181640625,40175,925.4355196017424,91.16739265712508,0.22534313484028728
3,140.1,1702.2009171823763,1088.3631591796875,40559,925.7900589265022,91.60183929584063,0.1258118927736289
3,145.1,1880.061440074567,1203.9058837890625,38623,930.009087849209,88.94816560080781,0.24533024691081323
3,150.1,1701.5267401510512,1084.67529296875,39192,927.9541488058787,88.86400285772606,0.12199713333031886
3,155.1,1824.4311969734279,1130.25341796875,44671,931.990530769403,102.39652123301471,0.16914352444300393
3,160.1,1650.2032516663664,1016.2320556640625,44408,933.885516123221,102.64161862727437,0.0511988801115848
3,165.0,1818.1679902260232,990.4976196289062,44199,936.0254304396027,102.86931831036901,0.024578965703568833
3,170.0,1654.445396049593,1010.4590454101562,44603,934.0180481133556,102.3572629643746,0.045227230349155885
3,175.1,1849.2762818861117,612.639892578125,31048,971.2816284462767,110.75115949497552,-0.36628020598211
3,180.1,1651.798641136504,1013.8184814453125,45332,935.9987205506044,104.47904350127945,0.04870225889040291
3,185.4,2011.899526158012,814.1942138671875,31023,921.7523772684782,72.97911227154047,-0.1577907417501802
3,191.1,1927.559912705449,1120.6368408203125,43989,940.2123258087249,103.15335652094842,0.1591960571567664
3,196.7,1943.7972666728333,1009.147705078125,43244,940.70187771714,102.74123577837388,0.043870769016536706
3,202.3,1940.2477812640072,1192.09521484375,44620,939.625033617212,103.5816898251905,0.2331131928437987
3,207.9,1943.4009757618962,1161.781005859375,44888,939.9819105328818,104.45542238460168,0.2017559232534192
3,213.6,1931.7979553403281,1145.7239990234375,44604,939.5298179535467,102.05820105820106,0.18514642199846046
3,219.2,1945.093683479352,1114.4498291015625,44629,939.914427838401,101.83687736673464,0.15279616084003655
3,224.8,2007.0041239690077,660.7185668945312,32008,971.1428392901774,104.60578605348663,-0.31654722588473444
3,230.4,1914.6658511402406,1082.59765625,44552,943.5321871072006,102.43412192494164,0.11984800864973441
3,236.1,1926.4741828732037,1095.9654541015625,44118,942.821796092298,99.22326488054762,0.1336757697922798
3,241.7,1927.9070885333213,1082.048828125,44311,942.0024373180474,98.34002843537722,0.11928029627817696
3,247.3,1967.2016673417038,494.4109191894531,29628,981.0227487511813,104.45473876063184,-0.48857723817098475
3,253.0,1914.2688003322796,1078.8125,43337,946.7467060479498,99.15984032120359,0.11593261158184001
3,258.6,1922.8739322064703,1048.0887451171875,44016,939.3303571428571,99.5015903307888,0.08415170431206212
3,264.2,1926.461491571519,1033.5269775390625,42653,943.1486648066959,99.14404613977915,0.06908889096617968
3,269.9,1911.482325819672,1022.1324462890625,42944,943.7927999254844,98.90881147540983,0.05730229318800842
3,275.5,1920.2288143735589,1029.732666015625,41632,944.3886433512682,96.28939277478862,0.06516402360738964
3,281.2,1917.0295012312297,1023.6749267578125,41422,944.6768866785766,94.90022210419583,0.05889784779810625
3,286.8,1898.0315841421286,1029.81201171875,42553,944.718680234061,95.8718304232369,0.06524609946181854
3,292.5,1901.641245997363,1052.4952392578125,42472,945.787766057638,96.04772556036919,0.08870981845540744
3,298.1,1909.712346431586,1091.9027099609375,42652,945.1346244021382,95.28746600393886,0.12947323350442952
3,303.8,1895.3658762934435,1066.0093994140625,43102,944.5238504013735,96.63488933228156,0.10268897798173784
3,309.4,1905.576693897165,1070.4298095703125,41620,943.5860163382989,94.67282556463239,0.10726148696724455
3,315.0,1887.5127375846632,1095.9688720703125,42669,946.3040380604185,96.27244603810729,0.13367930536754752
4,0.1,947.995392084259,354.814208984375,12153,1134.4137250061713,43.90241092734304,0.001690662592686266
4,5.1,940.1080393765382,353.8865966796875,12190,1134.9962264150943,44.452584085315834,-0.0009281180552794671
4,10.1,939.3506989596879,348.8280944824219,12304,1134.2495936280884,44.42563394018205,-0.015208984743819277
4,15.0,935.9003011570771,355.28228759765625,12618,1133.0566650816295,44.312173086067524,0.0030121146777796473
4,20.1,937.4938867689432,358.26556396484375,12841,1134.0327856085974,45.54878903512188,0.01143432552863299
4,25.1,931.1586933771864,351.5648193359375,13378,1136.1922559425923,47.9891613096128,-0.007482823664479131
4,30.0,927.5635479041916,348.8696594238281,13360,1137.2470808383234,48.68383233532934,-0.01509164103930127
4,35.1,940.7950894210367,346.54705810546875,13196,1137.5694907547743,48.55600181873295,-0.021648672845286532
4,40.0,940.7306444477216,365.63641357421875,13562,1138.5609792066066,50.27569679988202,0.032243275796492825
4,45.1,942.1419383455311,348.3400573730469,13527,1140.0147113181044,51.455163746580915,-0.01658678248438606
4,50.1,942.7509020060614,366.0997619628906,13858,1140.371698657815,52.844710636455474,0.03355137378892814
4,55.1,945.8537752955683,386.91680908203125,13787,1140.8596503953,52.720823964604335,0.0923208401574901
4,60.0,942.7029016277424,382.094482421875,14130,1139.9725406935597,53.098301486199574,0.07870673039205224
4,65.1,1131.5873296897853,488.78485107421875,12991,1139.9884535447618,49.58986990993765,0.37990872107199836
4,70.1,990.2643661246414,412.0172119140625,13591,1139.715547053197,51.170701199323084,0.1631828251273985
4,75.0,1137.4781327543424,479.4117431640625,12896,1137.527605459057,47.77303039702233,0.35344711261513234
4,80.1,989.7457098283932,415.6102294921875,12820,1135.756942277691,46.024570982839315,0.1733264215995953
4,85.0,1136.6222472271338,472.1075744628906,12442,1134.6150136633983,44.515913840218616,0.332826411976033
4,90.0,989.4476820173753,381.390869140625,13007,1135.40816483432,46.30652725455524,0.07672033064802349
4,95.1,1140.3077859868474,462.2865295410156,12317,1132.2822115774945,43.15214743849963,0.3051002140221661
4,100.0,992.9125349030262,375.3390808105469,13251,1135.431967398687,47.08723869896612,0.05963527681216204
4,105.0,1123.7399556868538,472.4033203125,13540,1134.8942392909896,47.64615952732644,0.33366134431119016
4,110.1,1002.8652333508128,373.25311279296875,13349,1132.8044797363098,45.86680650235973,0.05374629426082628
4,115.1,1152.0860248936506,448.6158142089844,12694,1131.546242319206,44.400346620450605,0.26650585237510643
4,120.1,1020.9829167984815,341.8779296875,12644,1131.4869503321734,44.03551091426764,-0.03483028231947594
4,125.1,1166.442619047619,403.81817626953125,12600,1131.1468253968253,44.47404761904762,0.14003578862370192
4,130.0,1022.7770830076598,329.94451904296875,12794,1131.629826481163,45.38619665468188,-0.06851998727725435
4,135.1,1163.672501712459,430.9476623535156,13139,1130.1860111119568,45.88537940482533,0.21662616241130322
4,140.1,1037.4147753589625,322.6918640136719,12954,1129.6171838814266,44.819283618959396,-0.08899525753953545
4,145.1,1158.166690626797,424.8291320800781,13912,1130.350201265095,49.20852501437608,0.19935268663580824
4,150.1,1005.4710715272024,339.8902893066406,14484,1132.2783761391881,50.88545981772991,-0.04044167205439686
4,155.1,1155.3626806833115,400.71075439453125,14459,1129.8332526454112,51.44740300159071,0.13126309745715162
4,160.1,1011.0682265317594,293.28021240234375,14232,1130.5062535132097,50.429595278246204,-0.17202850717975465
4,165.0,1150.5655030800822,379.735107421875,14610,1130.7443531827516,51.81177275838467,0.07204588128508005
4,170.0,1020.8675210649295,309.43511962890625,14123,1130.3642285633364,49.989024994689515,-0.12642092069042277
4,175.1,1162.74053711144,349.9687805175781,14187,1128.2081483047862,50.61760766899274,-0.011988666838184878
4,180.1,1017.7139132821076,282.7135314941406,14576,1128.205886388584,51.65312843029638,-0.20185974091371595
4,185.4,1262.1631805370123,315.9626159667969,13482,1126.4425901201603,46.50511793502448,-0.10799287591034201
4,191.1,1260.3534409515719,384.8612060546875,15301,1122.443500424809,52.640611724723875,0.0865175822654755
4,196.7,1261.8602400309717,367.39208984375,15498,1121.30636211124,52.89392179636082,0.037199798058549303
4,202.3,1291.3387108186514,393.53302001953125,14133,1122.3808816245667,48.83761409467204,0.11099933879148705
4,207.9,1287.5114193058719,396.54107666015625,14493,1121.685365348789,50.204650520941144,0.11949150785678138
4,213.6,1292.9769254514586,366.11761474609375,12958,1124.836394505325,44.57231054175027,0.03360177471928279
4,219.2,1306.3972659145186,331.43798828125,12143,1129.1570452112328,42.59384007246974,-0.06430371252563746
4,224.8,1299.7289663972776,328.1837463378906,11755,1128.8200765631645,41.267035304125905,-0.07349089749720694
4,230.4,1274.5593234391843,324.9085998535156,12061,1128.4916673575988,41.62192189702346,-0.08273709894278145
4,236.1,1265.033628884096,340.1977844238281,12519,1127.8095694544293,43.215831935458105,-0.03957356987618582
4,241.7,1273.9706782253952,349.39495849609375,11766,1128.855855855856,40.76772055073942,-0.013608647510763495
4,247.3,1258.513309527674,337.5618896484375,12322,1127.9264729751665,42.145999026132124,-0.04701507339331782
4,253.0,1257.3099745922466,366.70550537109375,12201,1127.3390705679863,41.732562904679945,0.0352614730480896
4,258.6,1257.850482713095,282.4609680175781,12119,1128.568446241439,41.69782985394835,-0.20257276330622037
4,264.2,1251.8065890837568,285.2524719238281,12202,1130.126782494673,42.53065071299787,-0.1946919532183561
4,269.9,1250.9943695615082,297.52105712890625,11722,1130.5336973212761,40.99718478075414,-0.16005600310145784
4,275.5,1254.849640350117,323.4846496582031,11539,1131.5380015599271,40.74105208423607,-0.08675711161004296
4,281.2,1231.069267717199,317.1025390625,11867,1133.7155136091683,42.225499283727984,-0.1047747118906202
4,286.8,1238.506347826087,327.7767639160156,11500,1134.1079130434782,41.35295652173913,-0.07463986639841996
4,292.5,1244.3884955752212,371.57708740234375,11300,1131.920796460177,39.91575221238938,0.0490146376880444
4,298.1,1252.0401022386745,386.2279357910156,11346,1133.1314119513486,40.413273400317294,0.09037605348929263
4,303.8,1255.0797640653357,376.4832763671875,11020,1130.679945553539,39.038294010889295,0.06286550259299437
4,309.4,1255.9742963164088,382.2265930175781,11049,1131.0401846320933,38.78260476061182,0.07907969727667666
4,315.0,1257.4938782859201,379.34417724609375,11108,1131.5957868203097,39.08057256031689,0.07094223014346797
5,0.1,1180.9740545748598,629.7803955078125,29061,459.9365472626544,147.04576580296617,0.02134367454920483
5,5.1,1173.1258177967704,597.64306640625,26443,460.94996785538706,144.0561207124759,-0.030774902067205203
5,10.1,1166.8414715983106,551.8441772460938,25333,456.0579481308965,144.995065724549,-0.10504905553206241
5,15.0,1180.5000907605736,624.639892578125,27545,461.0971138137593,145.7987293519695,0.013007085813373256
5,20.1,1196.246447572227,679.1898193359375,29698,461.9340696343188,148.19156172132804,0.10147319723668934
5,25.1,1194.3028233317507,617.465576171875,27379,460.3747032397093,145.5921326564155,0.0013721687327460247
5,35.1,1235.5649244734416,603.3681030273438,28202,467.21207715764837,150.91082192752287,-0.02149034830652194
5,40.0,1207.3513876626616,576.3478393554688,26051,463.31350044144176,142.42927334843193,-0.06531034585291882
5,45.1,1229.091625893203,588.9652099609375,28409,467.3712203879052,150.74884719631103,-0.044848178803486245
5,50.1,1231.4512059743668,586.93994140625,29727,467.54933225687085,147.81205637972215,-0.04813264945761893
5,55.1,1223.524972253052,590.8265380859375,30634,466.9459750603904,146.16860351243716,-0.04182957784307305
5,60.0,1207.2861029645596,572.2363891601562,28301,462.9591180523656,145.84943994911842,-0.07197807269891021
5,65.1,1357.7456688093052,693.9534301757812,32670,460.8210896847261,143.40198959289867,0.12541602024664034
5,70.1,1244.977348632651,613.0753784179688,30241,463.0871994973711,144.79924605667802,-0.005747615779372298
5,75.0,1378.4560542309491,703.2066650390625,29946,462.4669404928872,142.3839243972484,0.14042241448206272
5,80.1,1234.7823150719514,623.400146484375,31688,460.9204430699318,143.3878124211058,0.010996532865186192
5,85.0,1397.6748105273257,720.9130859375,31271,463.8091522496882,141.36340379265133,0.16913772717283487
5,90.0,1251.5640857458036,637.2117919921875,33541,462.69491070629977,142.74631048567426,0.033395510151777906
5,95.1,1385.6956280768102,714.3652954101562,30673,463.1461219965442,139.20624001564894,0.15851887576831736
5,100.0,1257.6363636363637,638.6179809570312,32912,463.13943242586294,142.73936558094312,0.03567599111737862
5,105.0,1392.062182140745,727.8679809570312,33820,463.7170609107037,139.24290360733295,0.18041679855393805
5,110.1,1275.459800099657,653.314453125,34117,465.56505554415685,138.06548055221737,0.059509932272120585
5,115.1,1393.0591258155782,726.15966796875,34638,463.03308505109993,139.0615220278307,0.17764634923989672
5,120.1,1261.9561001103305,644.05029296875,34442,463.32898786365485,138.58797398525056,0.04448581998935052
5,125.1,1390.403394047657,720.9776611328125,31349,464.3386710899869,133.45988707773773,0.169242451720845
5,130.0,1242.3283136240452,639.271240234375,32472,461.8968649913772,137.4702204976595,0.036735411568562464
5,135.1,1371.3354558791398,716.3689575195312,32037,463.17738864437996,134.2502106938852,0.1617683062617737
5,140.1,1244.361020049001,635.9832763671875,28979,463.30970702922804,128.8709410262604,0.03140317016846217
5,145.1,1369.0431009638478,711.7815551757812,31229,463.3308463287329,131.85667168337122,0.15432870604585502
5,150.1,1238.5384466458004,632.35107421875,30991,465.8826756155013,132.07256945564842,0.025512661801653767
5,155.1,1392.376903270924,722.3927612304688,31459,467.637273912076,131.99685304682285,0.1715373842781371
5,170.0,1212.1646385334877,606.4895629882812,31967,460.81959520755777,122.91109581756186,-0.016428133907340034
5,191.1,1452.7677174547578,705.2936401367188,34260,462.557880910683,120.9681844716871,0.143806957459483
6,0.1,1138.4059166249738,472.2356262207031,61961,1079.774487177418,325.27802972837753,-0.0065606523259880865
6,5.1,1137.9569614910058,471.2261047363281,61596,1078.6684849665562,328.86736151698165,-0.008684376816930427
6,10.1,1133.9946597178657,467.5796203613281,62169,1079.5489230967203,330.68764175071175,-0.016355464845156497
6,15.0,1141.7791346998292,498.9505920410156,60349,1077.8930885350212,324.5534971581965,0.04963946630983299
6,20.1,1138.9143214610685,466.77935791015625,61544,1079.0290523852852,329.71087352138306,-0.0180389723217581
6,25.1,1144.404669782088,471.8371887207031,59703,1080.3868649816593,329.462338575951,-0.0073988429835982195
6,30.0,1125.8536636136553,458.8070983886719,62452,1080.0925350669313,335.8518542240441,-0.034810168433950434
6,35.1,1135.6603107113656,468.65838623046875,61150,1081.7966475878986,336.0763368765331,-0.014086071343635313
6,40.0,1136.4138933816923,500.8989562988281,61209,1081.3631982224836,336.68864055939486,0.05373822889749087
6,45.1,1133.2149801294051,467.1756286621094,60894,1081.350477879594,337.72476762899464,-0.01720533983944594
6,50.1,1141.0305836743485,527.3646850585938,60359,1079.418446296327,336.30403088189,0.10941402897474103
6,55.1,1149.938040010634,577.2525024414062,60184,1077.2024458327794,332.9142629270238,0.21436274102828476
6,60.0,1148.509116875353,584.5737915039062,60218,1077.6434620877478,336.5444717526321,0.22976449436187096
6,65.1,1396.24191640707,769.8455200195312,60029,1078.42426160689,333.81948724783024,0.619519554970066
6,70.1,1215.8124173941421,644.855224609375,61285,1074.2899078077833,331.64580239862937,0.35657819552291653
6,75.0,1395.0502923052616,749.6414184570312,63290,1075.4717332911991,335.3039816716701,0.5770163037070856
6,80.1,1206.8617274040778,597.3088989257812,62290,1075.8899181248996,329.78161823727726,0.2565552659751782
6,85.0,1402.250124564026,716.9330444335938,62217,1076.2006686275456,326.401305109536,0.5082078869991621
6,90.0,1218.6858167601015,396.09283447265625,61897,1075.0023264455467,325.37536552660066,-0.16674180165948913
6,95.1,1396.2539930905205,675.0988159179688,64549,1073.4378534136856,326.86910718988673,0.42020146313061485
6,100.0,1228.5066019775227,544.6470336914062,65132,1068.407879383406,319.4047626358779,0.14577080554718888
6,105.0,1198.902434629612,546.35205078125,94347,1069.3893923495182,425.80731766775835,0.14935764010912808
6,110.1,1241.018828196521,552.26025390625,65540,1065.5001068050046,311.61121452548065,0.16178669275261168
6,115.1,1389.6360336350688,665.4743041992188,65289,1074.1188867956316,332.45735116175774,0.39995443365493677
6,120.1,1241.727320890665,540.1878662109375,66063,1063.8196569940815,311.37847206454444,0.13639008078396297
6,125.1,1422.687552497254,644.1807250976562,61908,1068.3244330296568,325.5446307423919,0.35515925481255356
6,130.0,1231.4858518276762,526.4542236328125,61280,1072.0075065274152,322.34193864229763,0.10749869655446372
6,135.1,1234.72618398377,544.14013671875,91682,1071.5757945943587,403.3947666935713,0.14470444932607182
6,140.1,1249.6849116710107,540.4019775390625,65607,1064.0100446598685,318.31040895026445,0.1368405055429851
6,145.1,1419.8174822237556,676.4296875,66662,1063.5701149080435,324.56004920344424,0.4230012099580029
6,150.1,1245.718121832851,572.54345703125,65319,1062.094122690182,317.40389473200753,0.20445634951379418
6,155.1,1443.8409109594672,687.1502075195312,60815,1069.3398996957987,331.56925100715284,0.4455539057386297
6,160.1,1254.522650718361,539.3096313476562,58188,1067.995394239362,323.3269402625971,0.13454254319628647
6,165.0,1457.157698108034,672.8591918945312,58352,1067.6502776254456,326.96228064162324,0.41548997906346624
6,170.0,1262.9476670336185,586.8916015625,59045,1065.844965704124,323.0895080023711,0.23464045793765909
6,175.1,1475.0995391216825,698.7864379882812,56631,1066.0576539351239,322.3433278592997,0.47003297627969226
6,180.1,1280.1338790085917,638.99267578125,56566,1065.7437506629424,321.58034861931196,0.3442451855589508
6,185.4,1621.0106433785904,582.2368774414062,58628,1065.461468922699,319.98079415978714,0.2248483418038782
6,191.1,1649.055215048082,875.4857177734375,56778,1064.9035541935257,319.69065483109654,0.8417542262181569
6,196.7,1648.725040342384,757.8014526367188,57012,1064.572651371641,321.2313548024977,0.5941825202785515
6,202.3,1665.5887983048412,925.735107421875,55688,1062.7947672748169,312.7675262174975,0.9474635757495932
6,207.9,1667.9159145414935,882.4487915039062,54623,1064.7162733646999,312.2767698588507,0.8564024040355798
6,213.6,1639.2141132514407,872.0263061523438,56741,1065.7546042544193,311.66266015755804,0.8344766820572064
6,219.2,1643.4393623335877,819.693603515625,58965,1065.1052827948783,314.3074366149411,0.7243846790765963
6,224.8,1630.792842315038,777.7855224609375,60215,1063.300157767998,313.3793240886822,0.6362228920500055
6,230.4,1622.9456523581148,822.8026123046875,59009,1066.0714128353302,315.4498805266993,0.730925082832317
6,236.1,1629.1318973296347,854.9374389648438,59842,1062.2995387854685,312.8941044751178,0.7985269312789718
6,241.7,1617.9568599254853,838.9121704101562,61196,1061.7762925681418,309.7573534217923,0.7648146667751726
6,247.3,1616.9063063676276,788.67041015625,58766,1063.5151788449102,309.2938263621822,0.6591213671567574
6,253.0,1629.5847395833334,886.2647094726562,57600,1061.1280208333333,304.78559027777777,0.8644299285321768
6,258.6,1628.0728236945633,870.008056640625,57701,1061.5280151123898,308.0000866536109,0.8302309022662759
6,264.2,1624.405123112222,870.6998291015625,58402,1062.8170610595528,311.32637580904765,0.8316861799797185
6,269.9,1615.9344956932482,881.0538940429688,57584,1063.1156223951098,308.03546123923314,0.8534679663381194
6,275.5,1615.2339914893616,877.3008422851562,58750,1060.1378723404255,307.6911319148936,0.8455726931248155
6,281.2,1596.6611685445464,872.1554565429688,60263,1060.092212468679,305.4028342432338,0.8347483749848263
6,286.8,1596.3805812307437,875.97607421875,60045,1059.7854442501457,305.4216837371971,0.8427857862278444
6,292.5,1603.459361527235,890.5086669921875,59611,1060.39757762829,307.6035966516247,0.8733579173489057
6,298.1,1611.3766318103103,905.1122436523438,60056,1059.5054449180764,305.68291261489276,0.9040793768607145
6,303.8,1611.8764878116392,904.3462524414062,57719,1060.9811500545748,303.4092239990298,0.9024679655934034
6,309.4,1597.9583250249252,889.1060180664062,60180,1059.0899966766367,304.26500498504487,0.8704071729398157
6,315.0,1600.6530017324094,897.375244140625,60032,1056.3671541844349,304.29377665245204,0.8878030958664386
7,0.1,1089.2743333084336,494.2176818847656,26774,741.807201015911,214.76843206095467,0.023863153600112146
7,5.1,1082.5999713086826,479.60211181640625,27883,747.5933005774127,214.04228382885628,-0.00641569762347277
7,10.1,1082.8814750770619,472.9369201660156,26602,738.8106533343357,213.64307194947747,-0.020223872427119836
7,15.0,1081.677741983818,483.7198181152344,26696,740.5634926580761,213.6530191789032,0.0021148910447413042
7,20.1,1087.876538449179,483.0182800292969,31119,754.3848131366689,209.95835341752627,0.0006615254057392726
7,25.1,1097.4031967001804,468.6168518066406,27153,742.3148086767576,208.7226089198247,-0.029173691456923542
7,30.0,1087.283060376436,480.0151672363281,28637,743.9741243845375,208.8626252749939,-0.005559977076931422
7,35.1,1091.8754794648705,440.0862121582031,32067,755.3686344216796,207.96441824929056,-0.08828017784016208
7,40.0,1088.387754488317,429.9452209472656,33253,757.1802544131357,207.3322407000872,-0.10928911301679228
7,45.1,1083.8938127516437,430.514892578125,39242,775.9297436420162,209.13274043117067,-0.10810893308016226
7,50.1,1091.1152700427406,424.661376953125,30884,750.6040668307214,207.1968656909727,-0.12023557117332834
7,55.1,1090.0544644664913,436.2339172363281,34573,761.2122176264716,206.69204292366877,-0.09626091784984124
7,60.0,1092.533591365367,428.0293273925781,31779,749.1566128575474,207.4294030649171,-0.1132582401621093
7,65.1,1309.7240976434325,586.454833984375,40228,776.4016853932584,209.78219150840212,0.21494943984476125
7,70.1,1154.1954521515536,481.5418701171875,32279,749.4845255429226,206.81158028439543,-0.0023971302515288363
7,75.0,1345.9885817682662,616.2525024414062,32054,750.1893367442441,206.93227054345792,0.2766808102805527
7,80.1,1144.0065688970365,479.7214660644531,32730,749.7816070882982,207.14821264894593,-0.006168433267541983
7,85.0,1336.9886332301849,603.01220703125,32639,749.9480376237017,208.03992156622445,0.24925109436763537
7,90.0,1152.3571940104166,412.99212646484375,30720,744.1154622395833,207.15706380208334,-0.14441057753796724
7,95.1,1336.5694808436292,597.7044067382812,32052,745.8594471483839,208.01737801073256,0.23825500631608382
7,100.0,1152.1178489702518,480.61456298828125,33212,749.8878116343491,205.92858003131397,-0.004318218136804447
7,105.0,1323.7884709780342,580.8104248046875,32596,746.9191311817401,208.54175358939747,0.2032560043511446
7,110.1,1151.7002865686518,470.60675048828125,32104,744.653158484924,207.17564789434337,-0.025051249030826124
7,115.1,1333.0834810001968,579.2440185546875,30474,743.4284964231804,207.42150685830543,0.2000109046678883
7,120.1,1137.3547458011067,435.0237121582031,30901,742.1721950745931,208.78686773890811,-0.09876808105587327
7,125.1,1324.6108682073705,539.608154296875,30419,741.1666721456984,207.97721818600218,0.11789789563934422
7,130.0,1124.2311692613448,429.0307312011719,30190,742.1213978138456,209.33885392514077,-0.11118364732766468
7,135.1,1316.0265176563946,544.7554931640625,30244,741.4003438698585,208.382918926068,0.12856155822848614
7,140.1,1142.2363947255926,432.78216552734375,30411,741.3425734109368,208.88004340534675,-0.10341185865942026
7,145.1,1334.7748738396363,564.1585693359375,32102,745.7155317425705,205.86788985109962,0.16875861205124115
7,150.1,1144.2460382290476,435.7752380371094,30605,744.0986440124162,208.20545662473452,-0.09721115647669874
7,155.1,1350.4656454994251,543.6097412109375,29574,746.4276391424901,209.2422059917495,0.1261879215680245
7,160.1,1141.1293279022402,416.2956848144531,30442,746.1231522239012,210.33811838906774,-0.13756664662672619
7,165.0,1344.427985357233,397.1178894042969,31688,750.0188714970967,209.79310780106033,-0.17729698976794678
7,170.0,1147.7676737361612,417.2320861816406,29988,747.7997532346271,212.2721088435374,-0.13562671834818354
7,175.1,1344.3459705749365,235.70851135253906,28751,744.3798476574727,212.44068032416263,-0.5116863102844851
7,180.1,1147.8811840341045,410.2932434082031,29087,746.5678481795991,215.07525698765772,-0.15000181196533902
7,185.4,1443.707972270364,485.20635986328125,30004,746.533162245034,212.8528196240501,0.0051945366703471845
7,191.1,1464.1961852013194,506.40045166015625,32138,751.4512415209409,210.588586719771,0.04910200995637655
7,196.7,1468.0360280388136,391.30615234375,32669,751.954268572653,209.79099452079953,-0.18933707585311765
7,202.3,1467.277694347701,605.80615234375,31297,748.3907083746046,210.94846151388313,0.2550392678051643
7,207.9,1467.6572429399548,571.913330078125,32259,752.952478378127,210.09101336061255,0.18482403034754913
7,213.6,1448.3468549422337,583.520263671875,31160,747.223973042362,210.4986842105263,0.2088699357623515
7,219.2,1462.1162177797776,590.2680053710938,31114,746.4658674551649,210.46975637976473,0.22284912822971445
7,224.8,1448.7267649193675,269.862548828125,31687,748.7154037933537,210.14731593397923,-0.44092991730281234
7,230.4,1452.3819453154397,595.4641723632812,31892,747.3306471842468,208.3582716668757,0.23361394729277335
7,236.1,1453.2182631595647,593.289306640625,31517,746.3946758892026,209.1829488847289,0.22910831149891922
7,241.7,1457.4167081219116,572.61083984375,30153,743.2580837727589,210.09680628793154,0.18626905057745302
7,247.3,1469.7540106951872,341.2991638183594,32912,754.2440447253282,204.01239669421489,-0.2929357831644218
7,253.0,1483.8213763762137,651.3128662109375,30791,750.0242278587899,205.08411548829204,0.34931482547511494
7,258.6,1473.957892970978,652.838623046875,29805,748.1355141754739,206.0494212380473,0.35247571239383535
7,264.2,1488.9377602386428,673.111083984375,32182,752.8548567522217,201.46125163134673,0.394473857234682
7,269.9,1479.08830099566,662.4232788085938,31336,749.3350140413581,201.6463811590503,0.3723320959957741
7,275.5,1474.9334645419337,645.145263671875,31502,749.5824392102089,200.49400038092818,0.33653749836347796
7,281.2,1469.5164907239678,629.2265625,32018,749.9102067586982,200.14073333749766,0.30355897051943775
7,286.8,1457.1732122376864,642.317626953125,32261,748.6101174793093,199.3691454077679,0.33067952695894637
7,292.5,1457.945194598888,626.2759399414062,32734,750.4942261868393,199.14345940001223,0.29744621124622783
7,298.1,1457.7941122691534,662.046142578125,32814,748.8554885110015,197.7486743463156,0.37155078868035796
7,303.8,1451.4049447691318,662.7960205078125,32681,749.2283895841621,197.19139561212938,0.3731042992285378
7,309.4,1443.5315741583258,663.5900268554688,32970,750.6169548074007,196.41977555353353,0.3747492299400201
7,315.0,1443.431773555267,667.1123046875,33103,751.0557049210041,195.54828867474248,0.3820462786316129
8,0.1,1215.876944532488,577.1026000976562,78875,889.2006846275752,409.9005261489699,0.012119682896214444
8,5.1,1205.4194999237689,555.552978515625,78708,888.7560476698684,415.7568608019515,-0.02567393674515973
8,10.1,1202.3089753772836,559.9237670898438,83094,881.696668832888,412.4675427828724,-0.018008469382863847
8,15.0,1196.046097352284,594.3483276367188,84148,877.878963255217,411.00194894709324,0.04236515447301342
8,20.1,1211.7062986907426,564.0325927734375,79969,879.7141267241055,420.64837624579525,-0.010802431241204091
8,25.1,1203.87000976574,565.3220825195312,84991,878.5613064912756,409.84290101304845,-0.008540930508590035
8,30.0,1196.2428977105353,560.7434692382812,84867,876.4908503894329,411.9340497484299,-0.016570879813165983
8,35.1,1216.8860547496265,571.6762084960938,82996,879.1438623548123,419.2256373801147,0.0026029041707074964
8,40.0,1217.8042771766252,556.9752807617188,82157,879.6429762527843,421.65238506761443,-0.02317951010758197
8,45.1,1219.4443763128024,79.08625030517578,76649,876.7981447898864,434.3121893305849,-0.861298925759856
8,50.1,1207.5190173936576,595.8119506835938,81294,884.9254557531921,414.4845991094054,0.044932049326427775
8,55.1,1229.7405164662246,637.6690063476562,71176,904.508317410363,423.57242609868496,0.11834074632157442
8,60.0,1222.6627615401208,626.982666015625,74176,902.2765449741156,416.882927092321,0.09959909555384915
8,65.1,1388.7335935092945,683.1260375976562,68159,912.7509206414413,448.0520254111709,0.19806306267635765
8,70.1,1265.7616479605804,624.5361328125,73060,906.7839994525048,419.4890637831919,0.0953083777346556
8,75.0,1386.0990725184063,721.2613525390625,73209,904.6190359108853,419.5120681883375,0.2649445892179327
8,80.1,1258.8346925160993,657.4761352539062,73451,903.5763842561707,421.64016827544896,0.1530783909350034
8,85.0,1387.347942805471,735.8167724609375,70776,910.2997061150672,418.4215553294902,0.2904718126150487
8,90.0,1263.9671069909134,456.14349365234375,76156,901.8407348075004,416.9319029360786,-0.2000177991357892
8,95.1,1347.5649134956973,553.9852294921875,77973,912.3622023007964,434.0701268387775,-0.02842344722075611
8,100.0,1268.9928311397368,610.0451049804688,71420,907.7482777933352,419.75911509381126,0.06989408486591125
8,110.1,1275.958154092029,611.9935302734375,75085,900.5958447093294,416.04865152826795,0.07331122349833605
8,115.1,1395.440349422089,611.3843994140625,74752,904.3925112371576,419.89697934503425,0.0722429328128867
8,120.1,1271.4231997745314,605.1033935546875,85156,876.6898515665367,420.0446122410635,0.06122733583310504
8,125.1,1396.8013948930775,666.0448608398438,86745,877.7518934808922,419.98734220992566,0.1681061794450468
8,130.0,1277.6037482327924,603.6661987304688,85587,875.4828770724525,418.4473459754402,0.05870679066574274
8,135.1,1396.3676754898918,607.7020263671875,83794,877.0508508962456,414.8759457717736,0.06578480519419634
8,140.1,1293.113679924761,607.77392578125,83999,876.6142335027798,415.0952749437493,0.06591090203061511
8,145.1,1407.4157877206617,601.6892700195312,81063,875.7249670009745,411.3123743261414,0.05523966288000083
8,150.1,1287.5805597351791,605.8711547851562,83075,875.3967378874511,411.52711405356604,0.0625738316780216
8,155.1,1924.3664261670453,1122.3175048828125,155371,817.8663972041114,508.2875697523991,0.96831488362493
8,160.1,2247.348853400017,1458.232666015625,70382,755.2104515359041,614.635091358586,1.5574412301502119
9,0.1,1588.4559160562621,941.0208129882812,44506,591.7726373972049,300.45546667865005,0.012681423961375442
9,5.1,1572.3143501550605,914.3455810546875,46111,589.2142655765435,295.5679989590336,-0.016025180064977884
9,10.1,1573.3369506474417,897.2647094726562,46259,588.3761862556476,294.0565295401976,-0.03440679407122219
9,15.0,1565.1624270918808,947.0810546875,45091,590.5722206205229,299.9885564746845,0.019203165147976993
9,20.1,1581.1086026231176,946.4716796875,43231,593.2814646896903,302.3110036779163,0.018547385026847888
9,25.1,1579.7183156080637,916.5902099609375,44099,591.0018821288464,297.77965486745734,-0.013609618192517553
9,30.0,1436.1901437784577,826.9779663085938,69621,543.8180146794789,241.24762643455279,-0.11004601285423617
9,35.1,1595.8543886473315,906.9703369140625,41858,594.150986669215,300.4442878302833,-0.023962063750550443
9,40.0,1576.5621975582685,888.4011840820312,45050,587.7970477247503,296.08810210876806,-0.04394529459109083
9,45.1,1576.5186570697983,854.6940307617188,42236,593.4787148404205,302.5060848565205,-0.08021931483693587
9,50.1,1579.868665188047,881.5447998046875,41931,594.6519758651117,299.73296606329444,-0.05132380620036947
9,55.1,1577.2542054742444,888.4207153320312,42088,594.6044240638662,300.4273427105113,-0.0439242759974649
9,60.0,1574.2982186661775,881.8485717773438,43619,590.0753341433779,297.9015337352988,-0.05099690138638113
9,65.1,1846.9438114966338,1081.8485107421875,42482,594.7600866249235,299.69427051457086,0.16423343166006593
9,70.1,1644.3905071644042,933.7290649414062,42432,592.0049962292609,297.5581872171946,0.004834394763553745
9,75.0,1861.4939362843415,1098.03662109375,42878,591.357969121694,297.0227389337189,0.18165429888828985
9,80.1,1625.2060699102503,937.373046875,42340,592.7397732640529,299.1151865847898,0.00875587318620708
9,85.0,1862.6718407770688,1110.9244384765625,42004,592.9601466526998,297.95964670031424,0.1955235492585718
9,90.0,1631.7844020216053,944.6463623046875,41749,593.5937866775253,299.88701525785046,0.016583066086294302
9,95.1,1854.5306179578697,1115.1539306640625,42867,589.5691557608417,297.82508689668043,0.20007512570826755
9,100.0,1624.9614094353344,940.19921875,42627,590.9010720904591,301.58934478147654,0.011797263683879561
9,105.0,1851.3892438764644,1111.1416015625,41316,592.4550779359087,298.58972310969114,0.19575724974645015
9,110.1,1641.2838629677356,954.4960327148438,41129,592.4933501908629,299.54674317391624,0.027182808534957307
9,115.1,1849.8245403196731,1104.0496826171875,41605,592.5780074510275,298.5538757360894,0.18812526703466376
9,120.1,1625.7134688090737,943.89111328125,42320,591.4569234404537,299.45278827977313,0.015770303344021512
9,125.1,1836.1060516099567,1099.4857177734375,43790,588.1876912537109,295.723224480475,0.18321374716912392
9,130.0,1622.6526646497557,948.6622924804688,42970,589.522783337212,294.7272748429137,0.020904817351311496
9,135.1,1827.4275350783435,1095.08056640625,43973,588.786346166966,294.07668341937097,0.1784731347430049
9,140.1,1631.6779259849138,949.6343383789062,45207,586.0965779635898,290.43906917070365,0.02195088648283214
9,145.1,1836.886785649901,1095.6962890625,44376,588.6730439877412,292.6075806742383,0.17913574590706247
9,150.1,1612.5018550130876,931.4711303710938,43935,589.491385000569,293.93890975304424,0.002404513974185748
9,155.1,1846.6490943623478,1094.80908203125,43174,589.320540139899,293.67964515680734,0.17818097629160445
9,160.1,1453.0277878702245,803.3562622070312,74313,536.9901094021235,226.89022109186817,-0.13546655681649014
9,165.0,1634.5157581867938,926.20751953125,76373,536.8998075236012,222.3663598392102,-0.0032599313248980674
9,170.0,1608.1844732463437,930.4805908203125,45676,583.2000613013399,284.8391058761713,0.0013385428618255485
9,175.1,1645.3689140036372,930.7396240234375,76980,535.9812808521694,217.07386334112758,0.0016173019597894827
9,180.1,1454.86380325419,808.1199340820312,77623,535.2576813573296,216.17481931901628,-0.13034012183112512
9,185.4,1735.5003625528998,988.7213745117188,75851,537.0597355341393,216.56982768849454,0.06401447834294037
9,191.1,1944.5489256968003,1124.4212646484375,45099,585.2136411006896,284.3963945985499,0.21004818565135236
9,196.7,1744.3447270800211,991.7452392578125,79254,532.3164256693668,213.07981931511344,0.06726861641797034
9,202.3,1766.172149822291,1005.7694702148438,76811,535.3491036440093,213.12110244626422,0.08236082052175617
9,207.9,1755.0120232066974,1003.2784423828125,78598,533.6984528868419,211.60392121936945,0.07968009595408368
9,213.6,1738.988583579086,989.0713500976562,79009,532.1666519004164,211.08477515219786,0.06439110526747506
9,219.2,1759.886880979918,1013.6244506835938,76088,534.1798575333823,215.7563084849122,0.09081397341326569
9,224.8,1742.0499006118182,998.9273071289062,77474,534.1332447014482,213.28075225236853,0.07499761307596141
9,230.4,1733.0374930620844,999.7722778320312,88283,523.6143538393575,191.09121801479333,0.07590692998270333
9,236.1,1745.3859959364888,777.8095092773438,79734,534.2330749742895,201.9461584769358,-0.1629587459130001
9,241.7,1732.5346675402054,773.6502075195312,80897,531.8033301605745,201.64998702053228,-0.16743478679185267
9,247.3,1734.9239972565854,709.389404296875,78734,535.0275357532959,201.840005588437,-0.23658917829332063
9,253.0,1915.357441734905,1141.1983642578125,44452,584.0571402861514,275.55529559974804,0.22810289484360832
9,258.6,1910.372167856828,1132.190185546875,45372,581.6554262540774,272.281891915719,0.21840872536469763
9,264.2,1834.2956036064788,850.5180053710938,62665,558.8637516955238,231.36672783850634,-0.08471335288658063
9,269.9,1714.882551221905,762.573974609375,79507,528.379878501264,199.21427044159634,-0.17935449692022426
9,275.5,1732.7447330635687,772.874755859375,76610,532.8673410781882,201.50419005351782,-0.1682692906419073
9,281.2,1713.980376083036,767.6793212890625,79291,528.8062201258655,197.9680039348728,-0.17386036791261558
9,286.8,1731.480528307922,1008.654541015625,75032,534.3079352809468,203.09238724810749,0.08546559521583184
9,292.5,1714.3612475377545,681.747802734375,76150,529.7721602101116,203.7887721602101,-0.26633574292242207
9,298.1,1715.813131118229,764.9481811523438,77739,527.023064356372,201.86329898763813,-0.1767994898156769
9,303.8,1698.6550751649213,744.3632202148438,81554,523.2789194889276,192.9722392525198,-0.19895203656772878
9,309.4,1691.9166010715282,741.7490234375,78766,525.6142371073813,200.01261965822818,-0.2017653096414548
9,315.0,1727.571970761878,989.8507080078125,85368,525.1120208977603,182.62518742385905,0.06522981283625486
10,0.1,1163.8480432815563,622.641845703125,53048,412.7067938470819,390.79578871965015,-0.014084090513766925
10,5.1,1166.8162286110683,630.1886596679688,51896,415.0712193618005,387.321913056883,-0.0021341645567827167
10,10.1,1167.8034268935808,633.2393798828125,51767,418.22135723530437,388.33465335059014,0.002696467396341433
10,15.0,1160.772616755169,632.7244262695312,51411,416.7201377137188,386.2013187839178,0.0018810693252270853
10,20.1,1170.0224066390042,638.8880004882812,51815,414.17848113480653,385.31232268648074,0.011640718348980944
10,25.1,1169.6818406729342,636.0492553710938,52546,414.4241616869029,383.53983176645227,0.007145736212258375
10,30.0,1162.9917253025612,633.0018310546875,53295,413.6424430059105,381.4227038183694,0.0023203231160549517
10,35.1,1182.0823625033865,644.74755859375,51674,414.8556527460618,382.2523899833572,0.02091897614454699
10,40.0,1170.300120025148,632.6780395507812,52489,409.21474975709197,380.4495227571491,0.0018076187463427775
10,45.1,1163.617222877583,623.916748046875,52558,409.35910803303017,382.45418394916095,-0.012065359340430846
10,50.1,1163.664415671392,622.690673828125,53754,411.49123786136846,383.7246902556089,-0.014006774114941339
10,55.1,1165.223101029697,624.4317016601562,53608,412.3871623638263,384.24095284285926,-0.011249961269316499
10,60.0,1165.6249412295715,625.8302001953125,53173,409.46636450830306,383.78080980948977,-0.009035522961453152
10,65.1,1264.9084646754106,676.0784912109375,54438,410.2228957713362,384.9274954994673,0.07052962332397614
10,70.1,1198.2511417213645,644.0042114257812,54085,410.42525654063047,384.04052879726356,0.019741930617925958
10,75.0,1277.3577021088008,682.3663330078125,54154,410.98903128116115,382.37328729179745,0.08048604258274113
10,80.1,1195.1073907106381,645.302734375,53459,413.0238313473877,383.7163059540957,0.021798063599193916
10,85.0,1280.2038564973197,686.118896484375,54661,413.0011342639176,382.15491849764913,0.08642800112348455
10,90.0,1208.0136088039078,654.336669921875,52613,415.26041092505653,384.64630414536333,0.03610275712790991
10,95.1,1284.8996242518078,693.779296875,52961,413.9901248088216,380.8976038972074,0.09855778435323678
10,100.0,1207.7141510704187,653.8330078125,51989,412.5491161591875,384.5697166708342,0.03530523847402398
10,105.0,1283.7799393585567,691.52001953125,53099,415.4640200380421,381.854761859922,0.09498035457957688
10,110.1,1213.30495760561,657.3609619140625,53191,413.70692410370174,379.6471771540298,0.040891541580169714
10,115.1,1293.6124719467516,693.241455078125,52133,414.15195749333435,381.12191893810063,0.09770614422017294
10,120.1,1219.0280839587242,658.5200805664062,51168,410.07586772983115,378.062324108818,0.04272693624279062
10,125.1,1290.506094671191,689.076904296875,52751,412.97753597088206,376.79782373793864,0.09111182856433862
10,130.0,1216.84631147541,657.814208984375,51240,412.3516198282592,376.9483216237315,0.04160923105226823
10,135.1,1293.382223840831,691.1090087890625,52171,414.7993329627571,379.1826685323264,0.09432954379246249
10,140.1,1228.326905364955,666.9818115234375,52116,412.07732750019187,369.6917261493591,0.056125578222769264
10,145.1,1300.1794436972498,701.1636962890625,51303,410.1003450090638,371.0944389217005,0.11025053663862738
10,150.1,1213.2368501881288,656.1282348632812,52092,411.00120939875603,369.25456883974505,0.038939592446319234
10,155.1,1296.8873357936402,695.1956176757812,52297,411.12719658871447,368.9767099451211,0.10080044314667147
10,160.1,1208.8813434247872,647.3486328125,52850,413.1401892147588,374.4771617786187,0.025037620709986014
10,165.0,1292.5324606032889,694.9992065429688,52479,411.9640618152023,369.6702299967606,0.10048943793239555
10,170.0,1218.2480328094032,665.24267578125,50961,412.6489864798572,369.4796020486254,0.053371761387598915
10,175.1,1294.59520021729,706.9125366210938,51544,410.71278907341303,363.76790703088625,0.11935347949985642
10,180.1,1217.8546594912696,672.238037109375,51658,411.70910604359443,363.5949126950327,0.06444849526534666
10,185.4,1340.910396598939,734.8102416992188,52219,410.6079970891821,360.2224860682893,0.16352781738686148
10,191.1,1369.1741541541542,749.6962280273438,49950,411.9962962962963,368.3015615615616,0.18709888131482408
10,196.7,1372.4869810415166,757.5078735351562,50004,411.80769538436925,368.27523798096155,0.19946815208993857
10,202.3,1374.9524900612969,766.02392578125,51063,410.8646182167127,361.0497033076787,0.21295280856361068
10,207.9,1379.453187902826,771.6142578125,50425,409.5629350520575,361.72569162121965,0.22180476306515215
10,213.6,1376.0765091811018,767.0835571289062,49994,411.46813617634115,365.476737208465,0.21463067106362446
10,219.2,1383.1131534736635,775.3441772460938,50595,411.42818460322167,362.34604209902164,0.22771086612594021
10,224.8,1371.4757617864063,766.4080200195312,51097,412.2089555159794,363.622639293892,0.21356099868587244
10,230.4,1368.7930721616226,765.3806762695312,49597,412.6313486702825,365.24039760469384,0.2119342616545821
10,236.1,1356.621427890573,753.4148559570312,52455,413.6685158707464,357.0872748069774,0.19298710495838373
10,241.7,1366.195504463933,758.8097534179688,50628,415.99182270680257,361.5286797819388,0.2015296005736258
10,247.3,1355.3294909303686,742.8734130859375,51270,414.27029451921203,354.64815681685195,0.17629536426142625
10,253.0,1365.5035882714783,761.9226684570312,48770,414.0199097806028,357.6311667008407,0.20645871428975401
10,258.6,1380.034083928231,772.6891479492188,47207,413.1228843180037,357.47956870803057,0.22350678693979892
10,264.2,1380.2857953470777,741.2332763671875,47583,412.9192778933653,354.71445684383076,0.1736983064248748
10,269.9,1376.5001918158569,767.0386352539062,46920,411.67401960784315,353.0173913043478,0.2145595399767049
10,275.5,1360.6701812800593,755.03515625,48654,410.41515599950674,346.46604595716695,0.1955527530079123
10,281.2,1367.93619053684,763.6405639648438,47109,410.6721433271774,351.14924961260056,0.20917889849143526
10,286.8,1343.1056964307174,752.9864501953125,49926,408.42997636502025,341.08462524536316,0.19230875020418772
10,292.5,1351.3712890665238,748.6534423828125,48539,409.57458950534624,347.8361935762995,0.18544769297240513
10,298.1,1371.0643205926924,769.3568115234375,47512,408.34033507324466,350.05051355447046,0.2182302326564482
10,303.8,1362.9134257127307,761.2055053710938,47774,408.0115962657512,347.7591995646167,0.20532312968200322
10,309.4,1360.8085115374863,754.0145263671875,47324,408.03028061871356,349.9531738652692,0.19393664698146046
10,315.0,1341.6496678075298,741.3154907226562,49670,407.0075296959936,342.72383732635393,0.17382848791139738
11,0.1,1576.7139589147641,975.0679321289062,43714,302.95083954797093,544.629912613808,0.021350115900815442
11,5.1,1551.8762140247707,951.4766235351562,44892,304.7951528111913,542.0867637886483,-0.003360968293975871
11,10.1,1543.3828208541563,947.7476196289062,45823,303.45769591689765,539.0877288697816,-0.007266971605486195
11,15.0,1528.6092438782975,940.4076538085938,46474,302.91416706115245,536.9922967680853,-0.014955333302415755
11,20.1,1555.613657397206,958.7266235351562,45382,303.1915737517077,538.8502269622318,0.004233157301062139
11,25.1,1547.8743901104913,950.5906982421875,45705,303.1282573022645,537.8749808554862,-0.00428894456192422
11,30.0,1531.764998064766,938.741943359375,46506,302.86094267406355,538.7901561088892,-0.01670010769639291
11,35.1,1539.342662985772,945.3743286132812,47090,301.676980250584,536.1918878742833,-0.009752912301518134
11,40.0,1558.002055164954,956.8148803710938,46225,302.56300703082746,540.1191346673878,0.0022306721019799344
11,45.1,1550.7724464535572,954.5294189453125,46455,300.74144871380906,539.4528253148208,-0.0001632701200886797
11,50.1,1553.1606931439028,959.0945434570312,46455,298.6399095899257,538.7095253471101,0.00461854076252908
11,55.1,1549.2917146390346,956.6318969726562,46902,298.9961835316191,536.7127627819709,0.0020390032868707955
11,60.0,1556.1537901966237,962.1574096679688,46739,299.60705192665654,536.9843385609448,0.007826787753792192
11,65.1,1821.4105871694205,1138.8931884765625,46358,300.2680443504897,537.6472884938953,0.19295143622404295
11,70.1,1616.4861600618929,1005.3814086914062,46532,299.0757758101951,536.286576979283,0.053102439795693526
11,75.0,1825.8909997218834,1141.13720703125,46743,299.8977386988426,535.8442547547227,0.195301968464304
11,80.1,1597.0726706243947,989.709228515625,47502,299.08984884846956,534.466254052461,0.03668637019528695
11,85.0,1825.0429528493894,1138.49267578125,47168,299.0877713704206,534.7492791723203,0.19253191295361397
11,90.0,1599.1198508892498,988.4523315429688,48018,298.2879545170561,532.423466200175,0.03536981385454562
11,95.1,1803.7438437940468,1121.496337890625,48244,298.12169388939554,531.4842052897769,0.1747288336988402
11,100.0,1599.4318941012925,987.9584350585938,48197,297.6248936655808,531.7668942050335,0.034852474277539895
11,105.0,1779.467801763454,1102.30712890625,49335,299.46526806526805,530.7645890341543,0.1546287974096298
11,110.1,1596.3054236389949,980.7321166992188,49063,300.1772007419033,530.5562236308419,0.02728315438639193
11,115.1,1797.9331097560976,1110.05078125,49200,298.6696341463415,529.4327235772357,0.16274000685276743
11,120.1,1594.5230461731037,971.4180908203125,49531,302.5420039974965,530.3149946498153,0.017527032687102505
11,125.1,1795.5222631877482,1103.474609375,49364,299.5031196823596,528.2072765578154,0.15585169303851826
11,130.0,1580.8838828710868,958.0028076171875,50406,304.1029044161409,528.0327540372178,0.00347498502675284
11,135.1,1786.8388462236198,1096.414306640625,49611,299.2394428654935,526.3636895043438,0.14845626880350665
11,140.1,1592.8356000392503,962.4388427734375,50955,304.9008929447552,526.2434304778726,0.008121579250279263
11,145.1,1789.4899474480453,1087.68505859375,50236,307.19923958913927,527.8377458396369,0.13931268176651232
11,150.1,1586.6052558176602,956.0317993164062,50192,306.3114241313357,527.1173095313994,0.00141042163571901
11,155.1,1798.4534489633174,1091.249755859375,50160,305.9972288676236,527.6872208931419,0.14304657952422883
11,160.1,1594.3300931136805,966.202392578125,48865,301.63804358948124,527.3639210068557,0.012063768202000317
11,165.0,1800.0037334403853,1091.147705078125,49820,306.32798073063026,527.4420313127258,0.1429396848414862
11,170.0,1579.1987777168376,947.0428466796875,51052,308.2435164146361,525.4219227454361,-0.008005197025121027
11,175.1,1775.0285406983444,1068.871337890625,52066,311.35725809549416,525.7457073714132,0.11960595653485741
11,180.1,1574.9636478251734,937.8900756835938,52349,314.1687138245239,524.9546123135112,-0.017592409781942694
11,185.4,1883.5778419782182,1125.7998046875,52613,313.74175583981145,524.8768175165834,0.1792365671263636
11,191.1,1904.6511765378896,1140.9249267578125,52442,314.54217993211546,524.1167384920484,0.1950796121804649
11,196.7,1906.6374859708194,1142.881591796875,52569,314.91622439080066,523.9258878806901,0.19712915149826638
11,202.3,1900.1703491188196,1134.2244873046875,53678,318.7107194753903,523.4226498751816,0.18806113235301952
11,207.9,1895.9667866552863,1131.9833984375,53894,318.0425093702453,523.4013062678591,0.18571366885963148
11,213.6,1884.450361616463,1123.4456787109375,53648,317.3807597673725,523.2278370116313,0.17677070114945917
11,219.2,1907.4364362855042,1138.7918701171875,53057,316.909078915129,522.74421848201,0.19284530872801856
11,224.8,1898.6131760600774,1130.6878662109375,52732,315.1570583327012,523.1509709474323,0.18435664341950253
11,230.4,1878.7948674626418,1118.1556396484375,53268,316.04246451903583,523.5877262146129,0.17122956721245475
11,236.1,1876.2704928748856,1113.3740234375,53543,316.64262368563584,524.4710793194255,0.16622098872236798
11,241.7,1868.5447306092763,1103.8953857421875,53621,317.7647749948714,523.7080621398333,0.15629244180815213
11,247.3,1852.587308379223,1097.6390380859375,53752,318.33887111177256,523.7167175174877,0.14973913286087157
11,253.0,1835.079197100235,1086.609130859375,54901,319.9349192182292,523.3705761279393,0.13818568447740495
11,258.6,1834.5700127527782,1087.6707763671875,54890,321.1786664237566,522.2464201129532,0.13929772162550647
11,264.2,1838.3117485337243,1088.7747802734375,54560,321.33821480938417,521.3666972140762,0.14045412773881338
11,269.9,1815.5331922436872,1072.13427734375,55284,321.49055784675494,521.2749077490774,0.12302377336465546
11,275.5,1822.0976065615416,1078.791015625,55109,320.7310965541019,521.4122194196955,0.129996477717912
11,281.2,1817.178294291893,1074.8133544921875,55027,320.5490032166028,520.4953023061406,0.12583001451555625
11,286.8,1811.574180734856,1073.701416015625,55385,320.12313803376367,520.393752821161,0.12466529721280165
11,292.5,1816.3122855801523,1075.67138671875,55382,321.0512260301181,520.6112997002637,0.12672877375598463
11,298.1,1833.480779013153,1086.1602783203125,55044,320.01140905457453,520.4344706053339,0.13771552688357153
11,303.8,1825.1677130534476,1079.0592041015625,54951,320.8294298556896,520.2886025732016,0.1302773959212441
11,309.4,1824.5700130043776,1078.1038818359375,54597,319.8254482847043,520.3285711669139,0.12927672871174167
11,315.0,1818.323084449115,1076.7791748046875,55193,320.60214157592446,519.9770804268658,0.1278891436673358
12,0.1,968.5113120007653,479.4061279296875,41814,83.69794805567513,635.2711292868418,-0.00013862582725185181
12,5.1,976.2081892584392,484.02740478515625,40199,78.74414786437474,632.1417199432822,0.009499624411842694
12,10.1,975.8280446288795,484.0844421386719,40243,79.41107770295456,633.5017767065079,0.009618582938534022
12,15.0,956.5124168306626,473.4892578125,42684,86.50916034111142,637.7021366319932,-0.012478997677985569
12,20.1,964.5685807511849,476.3557434082031,41987,85.57956034010527,637.7204849119966,-0.0065005838451392935
12,25.1,983.6054219148346,488.9074401855469,39617,79.42350506095868,634.550748416084,0.019677547924246905
12,30.0,973.8308204376661,481.4076843261719,40259,81.88757793288457,636.7453985444248,0.004035870101107747
12,35.1,976.8835405963413,485.0469970703125,41654,85.71376098333893,639.3221059201998,0.011626111504810724
12,40.0,990.9960137525537,493.8793640136719,40138,80.13461059345259,637.8738850964173,0.03004711623272794
12,45.1,984.8217826666009,488.2909851074219,40546,82.24125684407834,638.8968085631135,0.018391853842296763
12,50.1,982.3493750758403,485.8117370605469,41205,84.43904865914331,640.4098531731586,0.013221072296869564
12,55.1,987.2273574176688,487.5780334472656,41327,84.78246666827982,639.8169961526363,0.016904904082766112
12,60.0,985.0613127749045,485.7425231933594,41378,85.67903233602398,641.1585141862826,0.013076718129648628
12,65.1,1203.6676259671635,632.9542236328125,42392,89.21362521230421,642.8712964710322,0.3201051112195394
12,70.1,1043.98020685166,525.7825317382812,41479,88.01451336821042,641.8543841461944,0.0965851583294073
12,75.0,1214.8187996554034,639.0139770507812,41788,89.542237005839,643.4477601225232,0.3327434840451093
12,80.1,1035.0203326283406,522.5914916992188,41608,88.42275523937704,643.2066669871178,0.08992984565688084
12,85.0,1219.180924406467,642.87060546875,41194,88.54143807350584,643.5745496917027,0.3407869644368106
12,90.0,1046.7333725000613,529.1853637695312,40851,87.63780568407138,643.9475410638662,0.10368218966177208
12,95.1,1217.358482337549,641.1263427734375,41274,89.34329117604302,645.6262780442894,0.3371490866671105
12,100.0,1046.8774570098642,529.1902465820312,41463,89.58625762728215,647.7539010684225,0.10369237337727268
12,105.0,1217.6284790892867,645.1073608398438,41462,90.3534079398003,650.1551299985529,0.3454519972111895
12,110.1,1074.9293796625445,547.6947631835938,39946,87.34093526260452,649.6764381915586,0.14228585460276572
12,115.1,1261.0250273140737,673.1023559570312,39357,88.7925146733745,652.4106512183347,0.40383905706941436
12,120.1,1087.8937030764175,555.8630981445312,39559,91.0508607396547,654.8182967213529,0.15932193767082387
12,125.1,1274.2073644888312,681.3005981445312,39351,92.2758506772382,655.8469924525425,0.42093751539491364
12,130.0,1093.3208706336668,560.3812255859375,39879,92.48627096968329,656.5384036711051,0.16874505691996836
12,135.1,1277.5300171526587,684.58447265625,39644,93.83510745636161,656.2455352638483,0.4277864459583952
12,140.1,1114.9761686759246,574.7605590820312,39318,91.96953049493871,656.016760771148,0.19873495340122732
12,145.1,1286.9305072792304,687.60009765625,39702,95.37914966500428,657.6370208049972,0.43407590865156276
12,150.1,1094.0273560013939,556.9876708984375,40174,96.27990740279783,659.3923433066162,0.1616673746470547
12,155.1,1290.4348788648772,685.3014526367188,39749,96.26159148657828,658.6874135198369,0.42928179728321386
12,160.1,1104.128402381987,561.9992065429688,39127,94.46719656503181,657.5705778618345,0.1721195583475343
12,165.0,1300.699363254363,691.808837890625,38791,94.11554226495836,657.3215952153851,0.4428537622273008
12,170.0,1096.5382889060668,552.907958984375,40103,98.44226117746803,659.8912799541181,0.1531586257534199
12,175.1,1292.4652793542691,682.779052734375,39645,97.03677639046538,658.6717618867449,0.42402101715205015
12,180.1,1110.7351456698816,561.4290771484375,40022,97.28534306131628,658.3378142021888,0.17093048226639607
12,185.4,1380.674136946864,733.1561279296875,40293,97.80830417194053,658.8148561784925,0.5290887013076782
12,191.1,1400.1684538222069,744.150146484375,40474,98.57637001531847,659.738375253249,0.5520181005359308
12,196.7,1411.3098368883313,753.1405639648438,39850,97.5930740276035,660.1962860727729,0.5707687394049579
12,202.3,1418.5353960022153,760.3775634765625,39722,98.79887719651579,661.0515079804642,0.5858624060377212
12,207.9,1419.3910098678368,765.1307373046875,39421,98.98574363917709,661.4768270718653,0.5957757438917756
12,213.6,1409.037426333648,758.5226440429688,39197,99.5731050845728,662.7847029109371,0.5819937398154889
12,219.2,1418.4741785232509,767.8218383789062,39289,99.56657079589706,663.0510066430808,0.6013883713934849
12,224.8,1413.148176544251,766.4231567382812,39129,99.5011372639219,662.6747169618442,0.5984712460883395
12,230.4,1400.2928118125965,761.0675048828125,39551,99.4218603827969,663.479406336123,0.5873013650379554
12,236.1,1417.9842984324089,770.51611328125,38977,98.73181619929701,663.72350360469,0.6070076183102695
12,241.7,1411.4196840521565,764.393798828125,39880,99.80977933801404,665.7096539618857,0.5942387666298483
12,247.3,1407.0736784442618,765.0602416992188,40161,100.20995493140111,665.0013694878115,0.5956287164992358
12,253.0,1414.8582085828343,769.9591064453125,40080,100.13211077844312,664.4850548902195,0.6058459109645391
12,258.6,1418.8053546125736,768.9844360351562,40227,100.9658189773038,664.6522733487459,0.6038131140541766
12,264.2,1421.2251897184822,774.7954711914062,40850,101.0993635250918,664.5072705018359,0.6159327538714349
12,269.9,1415.6543792391624,772.4569091796875,40692,102.00481667158164,665.6410350928929,0.6110553906288686
12,275.5,1418.6902368459766,773.1201171875,40786,102.66167312313048,666.3980042171333,0.6124385937867369
12,281.2,1412.5534323271665,767.089599609375,41080,103.70946932814022,666.5074488802337,0.5998611959577269
12,286.8,1401.0978125,767.3910522460938,41600,102.76194711538461,667.1981971153846,0.6004899130934449
12,292.5,1396.555550278998,765.0513916015625,42115,103.755265344889,668.9637421346314,0.5956102585148909
12,298.1,1407.752017035372,773.6426391601562,42265,102.73945344847984,667.5633029693599,0.6135283786417444
12,303.8,1391.3986607454253,765.0728759765625,43009,103.05494198888604,667.6823455555814,0.5956550668630936
12,309.4,1384.9414950490448,762.512451171875,43022,102.82778578401748,667.9354981172423,0.5903149810474689
12,315.0,1386.3672960953688,764.654541015625,42949,102.80968124985448,667.6470232135789,0.5947825770375801
13,0.1,2062.229422042265,1288.1351318359375,72116,743.7657385323645,628.6779078151867,0.0002760702019110167
13,5.1,2053.574831862425,1281.6207275390625,70478,746.3273503788416,630.1423706688612,-0.00478256267653337
13,10.1,2049.5489084984283,1286.8922119140625,69354,749.0171439282522,634.3097297920812,-0.0006890948838799504
13,15.0,2039.8326315483796,1283.451904296875,68872,748.7150220699268,634.4656028574748,-0.0033605982832952738
13,20.1,2063.5848762117503,1298.798095703125,69837,747.4637942637856,633.8579263141315,0.008556185641797755
13,25.1,2045.409355367584,1274.4075927734375,68923,749.0470234899816,635.9097833814546,-0.010383780995074742
13,30.0,2041.4462844161226,1277.7418212890625,69989,747.7849947848948,636.2775721899155,-0.007794651241264638
13,35.1,2060.306393590644,1289.6282958984375,69773,746.3299843779113,636.6780273171571,0.0014355574666325948
13,40.0,2081.4772834963906,1285.0128173828125,71754,744.2839144856036,634.6258466426959,-0.0021485018433022376
13,45.1,1799.1249660602768,300.7977294921875,44196,744.9868313874558,705.7770386460313,-0.7664214232296676
13,50.1,1765.2089099437585,975.3433837890625,42851,745.0221931810227,710.4313318242281,-0.24261622641760539
13,55.1,1768.2024986368917,981.0726318359375,42183,747.3112391247658,710.8621956712419,-0.23816729122446914
13,60.0,2010.0407157611808,1247.5135498046875,80362,736.4353674622334,606.6143450884747,-0.03126782254301451
13,65.1,2268.221446579774,1427.381103515625,84088,735.2145014746457,598.4229735515174,0.10840479823736707
13,70.1,2213.349501619929,966.1560668945312,64509,749.2271776031251,547.9297772403851,-0.2497504571452957
13,75.0,2311.283727685325,1455.6148681640625,82625,736.2499364599092,597.7723570347957,0.13032917437738656
13,80.1,2087.3585773656523,1323.0941162109375,83254,735.362589184904,599.8664208326327,0.027422783807210596
13,85.0,2291.9129002533978,1452.9527587890625,86820,737.5096406357982,590.7660331720801,0.12826196555879205
13,90.0,2089.080693825352,1319.25830078125,80539,735.5211884925316,600.4345224052943,0.02444415657377811
13,95.1,2268.886479562129,1437.4376220703125,85870,740.8235239315244,594.366111563992,0.11621399046509416
13,100.0,2075.019033899706,1306.0323486328125,84691,739.0115832851188,594.3655169970835,0.014173802856414734
13,105.0,1859.271605948283,1068.636474609375,158903,816.9096366966011,516.6879354071351,-0.17017130666005803
13,110.1,2121.054853598556,1347.1353759765625,82547,736.033798926672,601.0603898385162,0.046091552515341395
13,115.1,2325.411924119241,1455.033935546875,81918,736.5642471740033,593.4706535804097,0.12987806254834716
13,120.1,2261.2371081342358,1473.929931640625,72410,742.8923629332965,618.6943239883994,0.144551377675051
13,125.1,2487.056585324971,1621.4462890625,71591,745.7120308418656,620.5425681999134,0.25910231153720353
13,130.0,2254.958531413286,1465.9644775390625,72151,744.1748555113581,620.1131515848706,0.13836596053272945
13,135.1,2459.5747765322076,1579.5191650390625,74843,749.3870903090469,618.860254131983,0.22654462576610102
13,140.1,2267.680008358874,1473.56884765625,71780,749.7305516857064,619.9960434661466,0.14427098498955016
13,145.1,2469.190908485857,1555.3192138671875,75125,752.701856905158,616.3875673876872,0.20775262835913616
13,150.1,2239.818480364102,1456.4454345703125,73386,751.0296241789987,619.193211239201,0.1309741344288226
14,0.1,1925.1313986757132,1211.906982421875,61165,538.8785906972942,674.0071609580642,-0.010377461067475552
14,5.1,1932.2891155908283,1218.2962646484375,61363,541.4963414435409,673.5383048416799,-0.005160082348878358
14,10.1,1942.9705448481545,1235.83544921875,62366,542.2404996312093,671.0262803450598,0.009162116150706353
14,15.0,1933.690813531954,1227.072509765625,63169,541.5444284379996,671.8371036426095,0.0020064494899009015
14,20.1,1941.767190902492,1229.9656982421875,61995,539.865666586015,672.9060569400758,0.004368977775747028
14,25.1,1959.5943101176397,1236.4830322265625,62989,541.1803013224531,671.4431091142898,0.00969092137227564
14,30.0,1935.034190765298,1218.0838623046875,62590,539.0901262182457,673.2524045374661,-0.005333526474331811
14,35.1,1952.0623447353335,1231.2449951171875,62796,538.9136091470795,673.8322345372317,0.00541362974974253
14,40.0,1936.4868190966379,1208.2037353515625,60618,535.4362400607081,677.7591639447029,-0.01340146936280967
14,45.1,1927.9184419739786,864.0057983398438,61257,535.4735295558058,676.2328060466559,-0.2944676248198623
14,50.1,1925.7921579606086,1198.394775390625,60724,534.4624201304262,678.4376193926619,-0.02141129850120744
14,55.1,1923.25787054579,1195.421142578125,60701,533.9738719296222,678.4173736841238,-0.023839516257555763
14,60.0,1924.5897252289758,1195.6732177734375,60050,533.4487427144047,679.619567027477,-0.023633675959244625
14,65.1,2229.7637356015084,1412.1160888671875,58079,530.4282787238072,685.0148418533377,0.1531098750990975
14,70.1,1967.2959739818803,1010.5390014648438,55961,526.257036150176,687.9371705294759,-0.17481111436335453
14,75.0,2243.9200684682814,1421.11767578125,57837,531.1750263672044,684.2795096564483,0.1604604171997084
14,80.1,1948.6038675753277,1219.03662109375,57814,528.548102535718,686.1027778738713,-0.004555519923088023
14,85.0,2214.3963455665407,1400.4774169921875,57957,528.4338906430629,687.0001380333696,0.14360593446850328
14,90.0,1969.8915090450355,1236.4215087890625,60641,533.2154482940584,681.5745947461288,0.009640682384213263
14,95.1,2219.1519782673913,1399.589599609375,60002,532.5918969367688,683.4478850704977,0.14288095796021424
14,100.0,1972.3524401897832,1227.220703125,59647,531.6135765419887,682.4346739986923,0.0021274616555908383
14,105.0,2195.2832517237935,1389.7244873046875,60042,530.9958862129843,683.9928383464908,0.13482527577715636
14,110.1,1967.8395647038974,1229.279052734375,59270,530.6917158764974,683.9077104774759,0.0038082747839794035
14,115.1,2219.143425247313,1402.7001953125,60854,533.8737962993393,682.4612515200315,0.14542101727332046
14,120.1,1960.1177662232426,1219.08203125,59236,529.8755148895941,683.8109089067459,-0.004518438765232457
14,125.1,2215.573580629572,1399.779052734375,60009,532.6483360829209,682.4382842573614,0.14303566214567617
14,130.0,1959.2433175371436,1216.699951171875,59297,530.3113648245273,684.9538425215441,-0.0064636046641397315
14,135.1,2202.774749778716,1387.10498046875,58748,529.5911860829304,684.0317457615579,0.13268623124376233
14,140.1,1995.408491201551,1244.5963134765625,60863,533.7365394410397,681.0365739447611,0.01631608824247002
14,145.1,2211.5722624563045,1387.442138671875,59789,530.7246148957166,684.4053086688186,0.13296154887278672
14,150.1,1962.3774335842925,1215.10986328125,60302,529.7539882590959,682.4577791781367,-0.007762043272275744
14,155.1,2201.610748844773,1375.90234375,62109,531.0499605532209,683.4161071664332,0.12353834947300706
14,160.1,1953.0716077644329,1207.248291015625,63778,535.9497318824673,683.0711217034087,-0.014181668885754594
14,165.0,2203.3970963775655,1387.179931640625,63438,534.9600712506699,682.9089189444812,0.13274743509033038
14,170.0,1936.676752023591,1216.0936279296875,66466,538.8238497878615,683.381729004303,-0.0069587178659370275
14,175.1,2196.46153610302,1408.94384765625,65230,538.1342787061168,682.2089989268742,0.150519477117397
14,180.1,1918.3100543930732,1200.9693603515625,72068,544.3896181384248,687.1830770938558,-0.019308936403541487
14,185.4,2397.6065704269554,1564.23583984375,65323,539.7846547157969,680.8543851323424,0.2773282650966266
14,191.1,2356.123503954213,1521.63525390625,70937,543.2452175874367,685.6897951703625,0.24254135436257637
14,196.7,2415.624629145818,1573.677001953125,67749,542.9746564524937,677.7784026332492,0.28503775679250065
14,202.3,2369.872573828482,1485.576904296875,75479,552.8110467812239,685.1148663866771,0.2130967220535562
14,207.9,2359.5398594322596,1525.55126953125,73132,548.7216676694197,686.7036728108078,0.24573910582495956
14,213.6,2341.560687875725,1508.223388671875,75188,551.7401181039528,686.6124381550247,0.23158945432604147
14,219.2,2392.401287859361,1541.6141357421875,70194,544.4583867567029,681.875772858079,0.2588557679721109
14,224.8,2372.723081629667,1517.265380859375,75181,552.9896915444061,682.1040821484152,0.23897299068270128
14,230.4,2350.3990161738952,1502.3404541015625,77656,556.0570593386216,683.5439502420934,0.2267855504536402
14,236.1,2361.414471742896,1513.254638671875,77945,557.9904932965553,682.9304637885689,0.23569788712758716
14,241.7,2359.587471254031,1514.6781005859375,77837,557.0479720441435,681.0911777175379,0.2368602618097209
14,247.3,2352.016986873208,906.8987426757812,79532,560.431084343409,679.3551652165166,-0.25944197921198386
14,253.0,2355.5620142606895,1521.6944580078125,81062,563.0721916557696,679.3580469270435,0.24258969942053324
14,258.6,2362.80928125352,1520.4534912109375,79903,562.5076029685994,681.0762048984394,0.24157634713354484
14,264.2,2378.3755512848943,1542.0565185546875,81174,565.131593860103,678.4639416561953,0.2592170102196071
14,269.9,2367.698135840096,1537.100341796875,81699,565.8395818798272,677.8858615160528,0.25516988094516135
14,275.5,2367.1668952175723,1536.27978515625,81674,565.239084653623,677.857029164728,0.2544998284099325
14,281.2,2362.1338122924612,1545.4361572265625,81009,564.6551123949191,677.8353392832895,0.26197676542495435
14,286.8,2361.5255184098414,1546.7718505859375,81451,565.2069833396766,676.3814440583909,0.2630674698046737
14,292.5,2361.6405093745825,916.9326782226562,82297,565.7972222559753,675.5121328845523,-0.2512484388533501
14,298.1,2390.7999928479476,1523.885986328125,83892,570.6169837410004,675.9842058837553,0.24437926400919174
14,303.8,2383.926539318841,1555.648193359375,83446,570.8455767801931,675.2199985619443,0.2703157396795862
14,309.4,2377.31471832281,1544.6396484375,81565,567.9384294734261,673.9234843376448,0.2613263499545039
14,315.0,2375.6523143825857,1544.4180908203125,81404,567.8139403469117,673.9696452262788,0.2611454297891602
15,0.1,652.3434654421166,160.2093505859375,38327,1042.818900513998,630.413990137501,0.044609128099379364
15,5.1,648.4559277532531,151.9116668701172,34659,1040.4606595689431,633.8518422343403,-0.009494057013888928
15,10.1,643.3329298535664,149.38893127441406,33872,1042.5205184222957,633.4045524326878,-0.025942988498940608
15,15.0,643.9988752912193,156.16542053222656,37343,1043.9682403663337,632.7545992555499,0.018241589425437247
15,20.1,642.7536689578302,149.1633758544922,37681,1043.1527294923171,635.7467689286377,-0.027413672011987446
15,25.1,644.4459219623321,150.783447265625,37751,1047.550157611719,631.5121983523616,-0.01685035983293711
15,30.0,637.5850407516414,147.8172149658203,35336,1044.455059995472,636.0734095539959,-0.036191012080179726
15,35.1,645.9583952868566,151.3507080078125,35645,1043.0930565296676,636.7755365408893,-0.013151663426427216
15,40.0,648.0388424508262,156.0602569580078,36249,1042.9278876658666,637.9682198129603,0.01755589393281657
15,45.1,638.0046689187334,129.5801239013672,36411,1047.9189255994067,635.6351651973305,-0.15510187293963038
15,50.1,640.7974361748161,157.0687255859375,36976,1046.3350010817828,636.9453429251406,0.02413138737489333
15,55.1,642.0763561708736,163.2728271484375,37993,1050.1895349143263,635.0681178111757,0.06458383974512337
15,60.0,655.9751417717338,170.47979736328125,36326,1044.6063976215382,635.8181467819193,0.1115752721729566
15,65.1,778.4700262927257,246.68092346191406,34230,1052.2344434706397,640.5027461291265,0.6084276194483139
15,70.1,704.6857991228309,198.25477600097656,36709,1046.5144787381842,638.358250020431,0.2926757891626841
15,75.0,802.580343980344,254.63449096679688,34595,1045.4892903598786,640.8230958230959,0.6602870720094084
15,80.1,692.3164923213889,199.60414123535156,35944,1050.6903238370799,638.0775651012686,0.3014740224481501
15,85.0,797.2586857693897,252.6147918701172,36295,1050.748643063783,637.8200303072049,0.6471180771617951
15,90.0,694.534130270594,188.74354553222656,38397,1053.3258067036488,636.4671979581739,0.23065994470182227
15,100.0,696.7708859681494,180.9066925048828,35227,1054.6651716013284,633.3412439322111,0.17956150270704455
15,110.1,707.2633037085802,178.701416015625,36456,1052.2269036646917,633.2237491770902,0.16518249210475158
15,120.1,711.8187174381495,185.47744750976562,36661,1052.9405089877528,632.5370830037369,0.20936408528380462
15,125.1,798.041388092964,232.63531494140625,34551,1054.2651732221932,635.6987352030332,0.5168463801725038
15,130.0,702.2708725843785,182.0443572998047,37154,1054.691123432201,633.9851967486677,0.18697939077129472
15,140.1,704.7961295267293,184.9701385498047,36533,1057.7495141379027,634.5171762516081,0.20605629102333456
15,150.1,708.5704773696519,187.0816192626953,36345,1055.3973861604072,633.9924336222314,0.21982372730857308
15,155.1,803.5594776576208,234.7137451171875,34307,1056.1814207013147,634.6658990876498,0.5303983178452908
15,160.1,698.7469050160086,173.80271911621094,37480,1062.9904215581644,627.365288153682,0.13324163797729452
15,165.0,797.3369838767665,224.07577514648438,36159,1063.0240327442684,630.0635526424957,0.46103582124193093
15,170.0,702.0696929307428,177.19833374023438,39014,1061.606269544266,629.1152919464807,0.15538198133921297
15,175.1,804.3172611071024,230.12442016601562,38804,1063.47394598495,629.1594938666117,0.500474654099854
15,180.1,705.6238213519184,188.7203826904297,41467,1063.7517061759954,629.4973834615478,0.23050891658838665
15,185.4,843.2207190279344,254.94976806640625,39915,1063.8634347989478,628.0338719779531,0.6623427656061188
15,191.1,859.4928216659665,263.67144775390625,40469,1064.883194543972,626.6556376485705,0.719210521330741
15,196.7,856.7027626280646,263.4393615722656,39238,1063.9042509811918,628.2909934247414,0.7176972554510601
15,202.3,867.4267622345449,274.9495544433594,41297,1066.5818582463617,626.7334915369155,0.7927468857963211
15,207.9,869.5676048832478,272.96783447265625,41284,1068.562760391435,625.0319252010464,0.7798255253191567
15,213.6,854.5116795878683,262.5049743652344,39599,1068.6238288845677,627.4630925023359,0.7116047932940491
15,219.2,858.8241916286452,260.2012023925781,40328,1064.7848145209284,630.2346260662567,0.696583564989367
15,224.8,853.015625,256.2969055175781,41536,1062.7670695300462,631.0491621725732,0.671126473131004
15,230.4,848.8040573254575,255.35801696777344,41308,1062.760675898131,631.8058003292341,0.6650046609782991
15,236.1,854.4944365672538,252.0079803466797,41611,1063.9565018865203,628.3844175818894,0.6431614987592214
15,241.7,848.0112651222021,246.7725372314453,40834,1064.836459812901,629.4490130773376,0.60902496647932
15,247.3,843.4238292247056,170.62811279296875,40849,1068.4667433719308,626.5919116747044,0.11254232965819644
15,253.0,847.7074416052299,253.0150146484375,41913,1070.4553241237802,624.2795314103023,0.6497276399992804
15,258.6,847.983864696734,253.64804077148438,41152,1070.3678071539657,624.8726428849145,0.6538551448174552
15,264.2,846.0465381374833,252.4733123779297,40354,1069.6229617881747,626.1498488377856,0.6461955918734059
15,269.9,840.3468056047346,253.9282989501953,39538,1076.1112853457432,619.693332996105,0.6556825053968174
15,275.5,842.6801455936661,251.822998046875,37639,1080.2953054013124,616.2772390339807,0.6419553631734639
15,281.2,835.0834642576591,248.3072052001953,35644,1081.3548984401302,618.8670463472113,0.6190314246722709
15,286.8,841.390527305926,248.82228088378906,36146,1084.9816300558846,614.401372212693,0.6223898601117519
15,292.5,840.9185359750953,201.70260620117188,34371,1086.7073695848244,615.760583049664,0.31515659247465305
15,298.1,849.7220570834896,251.61790466308594,34651,1086.60402297192,614.6518426596635,0.6406180977764362
15,303.8,850.8703530941679,251.48463439941406,35373,1087.7691176886326,612.1050236055748,0.6397491389208719
15,309.4,845.3374186802974,244.13412475585938,34432,1087.7531656598512,613.4139463289963,0.5918217898506878
15,315.0,851.700423532142,248.1100616455078,34472,1089.2759050823856,611.5585402645626,0.6177459943523842
16,0.1,2527.354890645634,1787.327880859375,55279,839.6703630673493,842.935707954196,0.0065575117002473595
16,5.1,2512.899597814129,1769.472412109375,55447,840.6159575811135,842.0326437859578,-0.0034980334449444908
16,10.1,2519.6418416447946,1778.8944091796875,54864,838.122557596967,842.9915244969379,0.001808089750415065
16,15.0,2505.835119284654,1764.31982421875,55246,839.131068312638,843.933443145205,-0.006399781972198839
16,20.1,2526.4011439256446,1778.404541015625,54549,836.8852957891071,842.7923151661809,0.0015322139664806491
16,25.1,2529.1863965055245,1751.3575439453125,54486,836.2890467275997,842.3842638475938,-0.013699662826583048
16,30.0,2529.4844994259047,1778.1058349609375,53998,836.873661987481,842.8961443016408,0.0013639936716170768
16,35.1,2563.322756513045,1798.0220947265625,53009,835.8681167348941,842.550000943236,0.0125801007366646
16,40.0,2567.379829583026,1810.9779052734375,52929,835.8136749230101,843.2762757656483,0.019876338078328018
16,45.1,2554.8365467734056,1794.0556640625,53214,835.2406509565152,842.301217724659,0.010346352456729144
16,50.1,2572.5799442471457,1817.510986328125,52374,834.1696834307099,843.485049833887,0.02355552972557098
16,55.1,2587.0627133596718,1770.380859375,52142,833.7049211767865,843.4596870085536,-0.0029864292625273654
16,60.0,2586.4000189645362,1825.6588134765625,52730,832.5306087616158,842.4610278778683,0.028144087151504314
16,65.1,2808.5315310241244,1986.72900390625,53265,831.9168309396414,841.7445414437248,0.11885291110273051
16,70.1,2629.093225126158,1554.345703125,53108,831.9887210966333,841.7080854108609,-0.12464950610672673
16,75.0,2822.995831326194,1985.0501708984375,53974,832.9144402860636,841.0626783266017,0.11790745392444743
16,80.1,2601.991385829967,1809.411865234375,54213,832.439562466567,840.6033977090366,0.018994401763328114
16,85.0,2832.2669173628733,2001.2347412109375,53983,831.095696793435,839.894837263583,0.12702201035035338
16,90.0,2628.54782528396,1850.96728515625,54145,832.1628405208237,840.3816972943023,0.042396890205521426
16,95.1,2848.0989576583415,2021.4632568359375,54013,831.4912335919131,840.8857126987947,0.13841396846332124
16,100.0,2646.3983750275106,1879.750244140625,54524,831.3668843078277,840.6277969334604,0.058606397081648
16,105.0,2836.373614495356,2009.9095458984375,54583,828.8851473902131,839.792078119561,0.1319073421992234
16,110.1,2668.4131316857247,1898.67919921875,54220,829.1391368498709,840.0264478052379,0.06926649035639859
16,115.1,2857.8321245034076,2019.7406005859375,54874,828.6130407843423,839.0995188978387,0.13744383164226903
16,120.1,2690.428584780455,1917.9307861328125,53497,824.6314746621306,838.8428883862647,0.08010827804852738
16,125.1,2894.7798999119077,2061.693359375,53353,824.6108747399396,838.6420632391805,0.16107008676193718
16,130.0,2692.3099709907765,1924.1868896484375,53776,825.2205444808093,838.114121541208,0.08363148610400678
16,135.1,2884.4561813895234,2044.2855224609375,54292,825.170043468651,837.3809953584322,0.15126663144971006
16,140.1,2728.560945411539,1954.1578369140625,54114,824.9979302953025,837.3284917027017,0.10051002441029776
16,145.1,2912.6724516736517,2049.892578125,54163,823.5002677104296,836.6290825840518,0.15442431955921904
16,150.1,2710.3365855461316,1936.398681640625,54117,822.8428589907053,836.2880980098676,0.09050871948277953
16,155.1,2928.4864735013675,2079.324462890625,54116,821.420448665829,835.2893598935619,0.170999277635793
16,160.1,2702.6433955292814,1918.411376953125,54130,821.0117125438759,835.3922039534455,0.08037892917271124
16,165.0,2919.0688558348197,2067.60009765625,54389,819.5315780764493,834.8902903160565,0.164396545130494
16,170.0,2708.078354679086,1929.16259765625,54968,822.5106971328773,835.6911839615776,0.08643362236838523
16,175.1,2937.974162329955,2081.9970703125,54765,820.6556194649868,834.1354697343194,0.1725043921170938
16,180.1,2729.3226806928446,1939.973388671875,55135,820.1772558266074,833.8781173483268,0.0925218633792997
16,185.4,3055.1227561928163,2122.36767578125,54539,818.3617961458773,832.6295494966904,0.19523963651272158
16,191.1,3088.9661533408753,2184.27734375,54806,819.098036711309,833.11745064409,0.2301048909566075
16,196.7,3122.750573890791,2219.330078125,53146,817.1325217325857,833.7967297632936,0.24984530538679325
16,202.3,3125.7780843734954,2193.7998046875,53998,818.2209155894662,832.4527760287418,0.23546759171742382
16,207.9,3112.476944852741,2213.337646484375,55107,817.7334821347561,831.5931188415265,0.24647058766106675
16,213.6,3117.9767980578567,2223.41064453125,53961,817.6918515223958,831.900242767925,0.2521433307307653
16,219.2,3141.8275085387245,2245.443359375,54165,815.0317363611188,830.901578510108,0.2645513476741718
16,224.8,3127.7131211036926,2244.884033203125,54218,816.2332251281862,830.60625622487,0.2642363556876312
16,230.4,3109.0886406232776,2235.7900390625,54422,815.3426004189482,830.2013340193304,0.25911495171266336
16,236.1,3133.6353375097306,2255.63671875,53954,815.1671423805464,829.4316640100826,0.27029187382958164
16,241.7,3141.43770974334,2267.9033203125,53339,815.4152496297269,830.6289956692101,0.2771999739481965
16,247.3,3114.023050696709,1775.2091064453125,53968,815.2995849392232,829.3450748591758,-0.0002673375899736762
16,253.0,3129.006186842648,2272.768310546875,53339,814.1150940212602,830.1713192973247,0.2799397580231834
16,258.6,3140.111233146493,2282.552734375,52808,813.476727011059,831.3637138312376,0.2854499866764301
16,264.2,3138.7932772793106,2282.489013671875,53163,813.095329458458,830.3200910407614,0.2854141015134065
16,269.9,3103.7868428398624,2258.85888671875,53735,811.7892993393505,829.1665208895506,0.27210648065558035
16,275.5,3108.722816532635,2261.901123046875,53470,812.0070693847017,830.3095193566486,0.2738197565806273
16,281.2,3090.526115524538,2252.044677734375,53876,810.8580815205286,829.1125547553642,0.2682689680687907
16,286.8,3085.3080201254083,2251.150390625,53266,809.847933015432,830.5521345698945,0.26776533836704547
16,292.5,3087.867519228987,1853.10302734375,53955,809.880159392086,828.8308775831712,0.04359966187651981
16,298.1,3118.587330026592,2257.1650390625,53023,810.4757369443449,830.2227901099523,0.2711525677779641
16,303.8,3101.555232832274,2263.1943359375,53021,810.1281756285246,829.1707813885064,0.2745480466516468
16,309.4,3069.1993409294014,2233.924560546875,53712,810.4217865653858,828.3021298778672,0.25806438262966164
16,315.0,3092.175679260298,2250.190673828125,52778,809.556576603888,828.5933153965667,0.26722486106495413
17,0.1,1639.6833160590172,979.458740234375,65608,1099.2550603584928,930.631767467382,-0.1028367160734572
17,5.1,1637.5302716568285,975.97216796875,64714,1099.4668232530828,930.5922366103161,-0.10603034179241992
17,10.1,1890.0784365578886,1270.17333984375,37814,1100.673824509441,855.4355000793357,0.1634516472408827
17,15.0,1871.440388182478,1252.5577392578125,37199,1100.7567945374876,853.5155246108766,0.14731613338938931
17,20.1,1650.7915006844364,980.4805908203125,65017,1098.3362043773168,927.9137456357568,-0.10190072276439491
17,25.1,1884.126347968419,1011.6627197265625,41544,1093.529631234354,862.7209705372617,-0.07333855876486005
17,30.0,1867.3135236420837,1222.7967529296875,43228,1092.6775932266123,867.5773110021282,0.12005570563452095
17,35.1,1880.423604695703,1040.4981689453125,44381,1090.9698744958428,869.998850859602,-0.04692590323186604
17,40.0,1652.7693404094011,979.0709228515625,65950,1097.0206520090978,927.1321758908264,-0.10319194851198196
17,45.1,1866.0371815879637,1244.2493896484375,33565,1097.6841948458216,843.3915685982422,0.13970586262109436
17,50.1,1860.2523623619184,1029.0584716796875,45082,1088.266913624063,869.3991837096846,-0.05740442156485648
17,55.1,1864.0550033952713,803.0119018554688,32398,1092.0396629421568,836.4751219211063,-0.26445825096383496
17,60.0,1863.3239004886716,1030.7174072265625,45020,1088.7465792980897,867.8173700577521,-0.05588487204028875
17,65.1,1882.1745577562183,1143.9571533203125,67101,1094.9338161875382,926.4296210190608,0.04784031647777589
17,70.1,1695.0098501070663,1012.8140869140625,67715,1093.8166875876836,927.4111644391937,-0.07228393101535874
17,75.0,1703.7802213001382,756.2884521484375,36150,1098.1237067773168,1008.1523098201936,-0.30725593284015995
17,85.0,1796.063036458477,952.2188110351562,36233,1098.3075373278502,997.4254684955704,-0.1277879093503171
17,90.0,1488.4424775449102,567.3189086914062,26720,1096.7866017964072,1020.4365643712575,-0.48034799808574774
17,95.1,1717.3841939460349,911.6199951171875,29204,1096.7284276126559,1011.666038898781,-0.1649755575036004
17,100.0,1555.2633792859667,811.7240600585938,28290,1097.086638388123,1013.500742311771,-0.2564781001493832
17,105.0,1697.5114126257395,895.9815673828125,29923,1098.8213080239282,1010.0039768739765,-0.17930002325727012
17,110.1,1569.2753071465652,824.1090698242188,28895,1095.9549056930264,1011.8046720885966,-0.24513369575912625
17,115.1,1734.1250502478895,922.1239624023438,29852,1097.4250636473269,1008.6886975747019,-0.15535414784467722
18,0.1,2319.1258407738683,1538.71240234375,126223,525.1657701052899,1006.0593869580028,0.0027550376318369817
18,5.1,2301.036971303264,1532.1607666015625,126774,525.4789467871962,1006.1732610787701,-0.0015145618951444351
18,10.1,2293.7082938963244,1535.919921875,127841,523.6700901901581,1005.3189743509515,0.0009352213664566666
18,15.0,2286.3770849180146,1532.843994140625,127523,523.7751934945069,1006.1184884295382,-0.001069313091274282
18,20.1,2300.865271722879,1532.787109375,127078,522.6351453438045,1005.4397299296495,-0.0011063840118752276
18,25.1,2288.949923096742,1530.9210205078125,128083,520.9110108289157,1004.7124598892906,-0.0023224852205161123
18,30.0,2284.5294841836176,1530.703857421875,127526,521.21509339272,1006.485163809733,-0.0024640070397201506
18,35.1,2312.662524815515,1539.08935546875,126433,522.3814273172352,1006.8537565350819,0.0030006921443170662
18,40.0,2308.537797384591,1533.2884521484375,126940,520.9242476760675,1006.4989286276981,-0.0007796666923299855
18,45.1,1535.5001904153512,858.657958984375,81401,555.2447635778431,970.3240132185108,-0.44042590892050293
18,50.1,1549.9270677343102,867.0274047851562,80801,554.2086236556478,969.8300639843567,-0.4349716707365924
18,55.1,1551.7607260520917,861.0595092773438,80435,554.2981786535712,969.8231864238205,-0.43886085579508943
18,60.0,1565.686934248483,860.0029907226562,80424,557.2399781159853,973.2794563811798,-0.4395493725714868
18,65.1,1845.7701929995078,1038.7489013671875,79223,560.842810799894,974.5416608813097,-0.32306343141582966
18,70.1,1608.8858681775628,859.1444091796875,82247,554.433037071261,972.6414702056002,-0.44010889686343263
18,75.0,1820.5767712217591,1045.058837890625,82062,554.3266310838147,972.5629158441178,-0.3189513435257364
18,80.1,1573.2619827009462,882.6426391601562,83704,547.7829494408869,967.855335467839,-0.4247954643776376
18,85.0,1864.0440866422368,1060.1630859375,79684,558.060401084283,974.4506676371668,-0.309108139041536
18,90.0,1609.6539852887977,907.6664428710938,82930,549.9897503918968,968.9402869890268,-0.4084878391231509
18,95.1,1840.2486083291349,1063.8948974609375,81377,553.2160807107659,972.3593890165525,-0.30667617527824953
18,100.0,1666.6727861634424,945.746337890625,79037,556.9253387653883,974.836064121867,-0.38367176140442727
18,105.0,1829.950432269629,1070.2015380859375,82009,549.4732773232206,970.892377665866,-0.3025662352741138
18,110.1,1630.007526233265,938.2771606445312,82910,547.7399348691353,969.1296466047521,-0.38853930851659535
18,115.1,1838.1460379430246,1082.8101806640625,81965,548.6413713170256,970.3997193924235,-0.2943493782164493
18,120.1,1649.8839249311209,948.9617309570312,80939,548.882084038597,970.6990943797181,-0.38157633955015857
18,125.1,1827.1018996823875,1081.15478515625,83435,544.3249475639719,968.5383232456403,-0.2954281738264695
18,130.0,1627.3638820578997,941.233642578125,82142,548.0976479754571,968.8035475152784,-0.38661261503699323
18,135.1,1809.6371731397808,1066.401611328125,83216,545.1620601807344,967.5403047490867,-0.3050425886805233
18,140.1,2434.006353508923,1632.7698974609375,127646,516.635789605628,1003.9678329128998,0.06405085022951905
18,145.1,4284.779488982654,3171.471435546875,42660,460.2403187998125,1074.5805907172996,1.0667988077928292
18,150.1,3850.7016044684783,2868.160400390625,44937,455.8534392594076,1069.0406346663106,0.8691357045326072
18,155.1,4060.790431483506,2996.735107421875,46653,452.59751784451163,1063.0953636422096,0.9529258494558823
18,160.1,3728.342598646055,2756.094970703125,47417,453.6521711622414,1063.5503300504038,0.7961043999221096
18,165.0,4084.7082738944364,3032.02490234375,46266,454.4139324774132,1065.6486404703237,0.975923662160195
19,0.1,831.2009029345372,396.9046325683594,3544,75.78527088036117,910.8876975169301,0.027020966237011234
19,5.1,807.2938029424878,387.211669921875,4486,73.41729826125724,912.1397681676326,0.0019396871436585025
19,10.1,827.06125,397.9574279785156,4000,70.87575,912.7045,0.02974515454489736
19,15.0,783.914502967359,373.4834899902344,5392,71.44807121661721,913.9703264094956,-0.03358302400948177
19,20.1,785.2302454757212,376.7530517578125,5581,69.54488442931374,914.8310338648988,-0.02512278391608518
19,25.1,780.5320368119466,374.9045715332031,5759,69.19430456676507,914.6516756381316,-0.02990586728314908
19,30.0,805.743824158724,396.73583984375,5141,68.91830383193931,913.9698502236919,0.026584202206316177
19,35.1,806.6943552954502,395.3872985839844,5297,69.16046818954125,914.0758920143478,0.023094748987660604
19,40.0,838.1179128077705,411.90606689453125,4427,66.36977637226113,913.5150214592275,0.06583832011093604
19,45.1,802.141500290754,384.2791442871094,5159,67.90502035278155,912.6821089358402,-0.005648446286386753
19,50.1,796.7951829047447,385.2849426269531,5522,65.89532777978994,913.5492575153929,-0.0030458664773743227
19,55.1,805.3682256867112,392.1059875488281,5388,64.64142538975501,913.256867112101,0.01460410676954559
19,60.0,792.974451893459,381.4572448730469,5519,65.07138974451894,913.0028990759196,-0.012950325944732572
19,65.1,881.630142040214,437.1745910644531,5421,65.22265264711308,911.6830843017893,0.1312225509284154
19,70.1,823.0401863715783,402.1700744628906,5151,63.89419530188313,911.5600854203068,0.04064569817121194
19,75.0,893.7910594722332,444.91998291015625,5078,63.465931469082314,911.001575423395,0.15126434224181923
19,80.1,850.4250559284117,422.99835205078125,4470,61.87718120805369,911.2158836689038,0.0945404527749741
19,85.0,901.1285479226656,448.5711669921875,4862,62.009049773755656,911.1955985191279,0.16071205913938175
19,90.0,841.4506159498595,412.6180114746094,4627,60.45104819537497,910.4998919386211,0.06768053093575706
19,95.1,904.1524761077324,446.7936706542969,4604,59.639009556907034,910.2109035621199,0.15611265198555174
19,100.0,856.9076354679803,419.5340576171875,4060,56.357142857142854,910.048275862069,0.08557632707682879
19,105.0,952.037492844877,480.4696960449219,3494,50.86634230108758,911.684029765312,0.2432519325525152
19,110.1,927.9075056861259,463.6397399902344,2638,48.38097043214557,911.8529188779378,0.19970313944026896
19,120.1,925.3051976899156,463.9823913574219,2251,32.426921368280766,915.1226121723678,0.20058977595023897
19,125.1,1039.4641744548287,536.1637573242188,1605,25.300934579439254,915.6679127725856,0.38736455794213026
20,0.1,1459.0146247042799,765.5379028320312,69745,889.1884006021937,1093.8578966234138,-0.0036435809361604773
20,5.1,1452.3948808803618,772.38525390625,69426,890.8478235819433,1094.1418344712356,0.005268325543117337
20,10.1,1453.999671047927,773.8399047851562,69919,889.206252949842,1093.985497504255,0.0071615704567047226
20,15.0,1443.8799891663816,766.55322265625,70152,889.9567225453302,1094.0543106397536,-0.0023221304625513565
20,20.1,1452.1012109987178,763.3707275390625,70190,888.6843567459753,1093.9807807379968,-0.0064641846011102245
20,25.1,1451.572579041559,677.501220703125,70406,888.2020424395648,1094.2566258557508,-0.11822433915560625
20,30.0,1442.48626099832,737.1305541992188,70238,889.6786782083773,1094.6228822005182,-0.04061607315918414
20,35.1,1451.2013359729956,690.1129150390625,70211,888.8665023999089,1094.1103530785774,-0.10181007336890036
20,40.0,1451.960747053902,748.1466674804688,70517,889.1901101861962,1095.2281861111505,-0.02627847453695613
20,45.1,1444.9814106920376,747.9378051757812,70632,889.6138011099785,1095.2057282817987,-0.026550311237929402
20,50.1,1444.1083151596488,677.6513061523438,71532,887.9235447072639,1095.5501733489907,-0.11802900121063452
20,55.1,1449.0626077766035,652.15673828125,71908,888.2969349724648,1095.957765478111,-0.15121047564273254
20,60.0,1451.488955879867,673.1775512695312,70988,889.3071223305348,1095.4806868766552,-0.12385164484241097
20,65.1,1683.3265065423413,912.8953857421875,72069,891.3967725374295,1096.1493152395622,0.18814388438916974
20,70.1,1500.2120495667775,795.0451049804688,71903,890.8859018399788,1094.8725922423264,0.03476038333582239
20,75.0,1694.2482853223594,932.1036987304688,72171,890.4823128403375,1095.4950049188733,0.21314372551324867
20,80.1,1479.427380341072,666.7880859375,74002,893.8772330477555,1095.1980622145347,-0.13216760774170588
20,85.0,1692.5843548608254,888.7494506835938,72930,893.3255861785274,1096.0456739339093,0.1567176711331984
20,90.0,1489.840426535812,775.6411743164062,74179,893.7103223284217,1095.8087194489005,0.00950594354820772
20,95.1,1681.9209674603494,908.2421875,74463,895.1742476129084,1095.7693888239796,0.18208769315340106
20,100.0,1493.5058635607322,778.5054931640625,75125,894.3168053244592,1095.786462562396,0.013233887598463352
20,105.0,1680.3101496430347,904.1192626953125,74377,894.6698038372077,1095.7123573147612,0.17672165891881758
20,110.1,1505.1605358367742,788.6542358398438,74351,894.5445252921951,1095.4955145189708,0.026442593363435025
20,115.1,1693.3875325302497,919.4254150390625,74546,895.5476886754487,1095.9106591902987,0.1966427929115919
20,120.1,1504.62094938983,784.7092895507812,75143,894.1058382018285,1095.6269246636414,0.021308200221790786
20,125.1,1693.3207175293976,916.9932861328125,75091,894.5566978732471,1095.5652341825253,0.19347734905993116
20,130.0,1502.8026476200573,789.1890258789062,75464,895.4151648468144,1094.832913707198,0.027138628773700317
20,135.1,1691.1775384901007,913.9201049804688,75409,895.4808709835696,1095.1342280099193,0.18947756830870227
20,140.1,1520.5163499198275,796.487060546875,76086,895.7194227584575,1094.2791840811713,0.03663710515361713
20,145.1,1707.016837248767,913.9236450195312,75428,897.2491249933712,1094.4854430715384,0.18948217571041368
20,150.1,1516.71860812974,781.6943359375,76214,895.2143438213452,1094.0503057181095,0.017384203284918544
20,155.1,1722.033036328063,914.026123046875,75644,896.1908809687484,1094.2041272275396,0.18961555204616298
20,160.1,1517.0434960854845,781.7711791992188,75616,896.3028591832416,1094.0277851248413,0.01748421567724039
20,165.0,1719.5174799421281,908.4835205078125,76030,895.4367223464421,1094.038839931606,0.18240179084938246
20,170.0,1518.9523123846425,780.6075439453125,76393,896.0874294765227,1092.6801146701923,0.01596973095951524
20,175.1,1729.3001154643505,914.44970703125,76214,895.250203374708,1093.3901251738525,0.19016685149232151
20,180.1,1532.002238184468,783.6534423828125,76848,896.2326280449719,1093.3792811784301,0.019934002942382057
20,185.4,1817.8964468192987,844.28955078125,76917,895.6510004290338,1093.2819532743088,0.09885259809793748
20,191.1,1850.141330629436,978.2312622070312,76926,896.8397680888127,1093.2780074357174,0.27317928194438706
20,196.7,1859.9037260252712,989.3081665039062,77321,895.1894440061561,1093.291874135099,0.2875960007753145
20,202.3,1868.6978223890094,988.29541015625,77011,896.766617755905,1092.9798470348392,0.28627788669604814
20,207.9,1866.8536965682547,994.7633056640625,77599,896.8685936674442,1092.4027113751465,0.29469592737463896
20,213.6,1857.1988100886022,988.4447021484375,77989,895.6758389003577,1092.988588134224,0.2864721919475328
20,219.2,1871.867853012977,991.6619262695312,77830,896.4761660028266,1092.8084800205577,0.29065944628563983
20,224.8,1848.4666565106447,978.7106323242188,78771,898.3365324802274,1091.989678942758,0.2738031876864806
20,230.4,1839.4848924156875,971.9725341796875,78636,898.8284119232922,1091.880411007681,0.2650334751565722
20,236.1,1843.8553286947265,969.0772705078125,78903,899.1731112885442,1091.7560929242234,0.261265256060322
20,241.7,1839.7844165877486,967.0115966796875,80252,896.4625305288341,1091.8748567013906,0.2585767577237529
20,247.3,1828.8734213836478,953.3512573242188,79500,898.3900628930818,1090.7823018867925,0.24079766833698218
20,253.0,1832.6564619066614,948.3917236328125,80224,896.9976191663343,1090.9410650179498,0.23434277797725533
20,258.6,1830.8844527363185,941.435791015625,80400,897.0115422885572,1090.5947014925373,0.22528955136617404
20,264.2,1830.7696629213483,941.0518798828125,79744,898.1513342696629,1090.3328024678972,0.22478988659436752
20,269.9,1823.8513062044713,929.2890014648438,79620,896.6310725948255,1090.3801431801055,0.20948036452491334
20,275.5,1825.0637988700848,927.741455078125,79829,897.1206328527227,1090.4976261759512,0.20746621503538168
20,281.2,1820.8491208380096,939.6986083984375,80190,895.4805711435341,1090.540104751216,0.2230285881332397
20,286.8,1810.3566947282789,995.9409790039062,81131,895.2165510100948,1090.231255623621,0.2962286828232887
20,292.5,1817.1302272363776,1007.09716796875,81281,897.3265830882987,1089.6213875321416,0.3107485915649596
20,298.1,1834.8694932832873,1017.9752807617188,80992,896.5322624456736,1090.0607590873174,0.3249065809584031
20,303.8,1823.116801148458,1017.2929077148438,80804,897.3258254541854,1090.1785183901786,0.3240184645595483
20,309.4,1819.531450784258,1015.0841674804688,80777,896.774391225225,1090.3907795535858,0.32114376364346975
20,315.0,1821.9293316831684,1017.5989990234375,80800,897.3532920792079,1090.4858415841584,0.3244168459316643
21,0.1,1820.509864391951,1225.7828369140625,45720,197.30435258092737,1118.702668416448,-0.0046443920849904225
21,5.1,1822.9652294547698,1229.6820068359375,45412,197.86657711618074,1119.2164405883907,-0.0014782026662166423
21,10.1,1817.8252886081464,1234.04638671875,45910,197.22324112393815,1119.0412328468742,0.002065744810128576
21,15.0,1811.8183736971516,1227.8519287109375,45957,197.0719803294384,1118.9531953782885,-0.002964255880362798
21,20.1,1829.651678013967,1240.14892578125,45679,196.56343177390048,1119.6816918058626,0.007021105821440918
21,25.1,1829.1527538820044,1241.015625,45917,196.59402835551103,1119.155868196964,0.007724879688866058
21,30.0,1811.784901982021,1229.1956787109375,46165,197.11677677894508,1119.0773313115997,-0.0018731090166140734
21,35.1,1816.7812385646941,1231.09326171875,46457,197.395957552145,1118.8289601136535,-0.0003322407392726916
21,40.0,1822.3080183300704,1234.082763671875,46481,197.73324584238722,1118.9416105505475,0.002095283487944448
21,45.1,1804.364113663638,1219.8382568359375,46664,197.11308503343048,1119.1756171781244,-0.009471487830887535
21,50.1,1814.0464446212397,1224.383544921875,46507,197.1911325176855,1119.377061517621,-0.005780639950102308
21,55.1,1817.278375149343,1226.955322265625,46872,198.1182582351937,1119.1412143710531,-0.003692314902368102
21,60.0,1820.0962876289757,1225.234130859375,47005,198.42346558876716,1119.0554834592065,-0.00508995032922648
21,65.1,1957.8356686541738,1314.725341796875,46960,198.0175468483816,1119.1270017035774,0.06757836903637629
21,70.1,1854.533423406035,1246.1820068359375,46629,197.12187694353298,1119.6183062042935,0.01192006580027933
21,75.0,1974.770110536068,1328.513671875,46953,197.9496943752263,1119.4585223521394,0.07877471740555084
21,80.1,1838.1171904581597,1237.4591064453125,47538,198.3253817998233,1119.0881400143044,0.004836928755425006
21,85.0,1979.0183806421592,1334.3182373046875,47278,197.55852616438935,1119.5961335081856,0.08348811897878082
21,90.0,1864.5193276599348,1257.87451171875,47238,197.64494686481223,1119.3789322155892,0.02141457001032399
21,95.1,1989.4057165708994,1345.8505859375,47511,197.11683610111342,1119.3366588789963,0.0928525737079717
21,100.0,1884.4651221620254,1278.709716796875,47437,197.03058793768577,1119.654341547737,0.03833309553706453
21,105.0,1993.4522417153996,1353.1083984375,47709,197.120459452095,1119.4792177576558,0.09874603554763779
21,110.1,1903.4836428496485,1294.7869873046875,47655,196.726429545693,1119.441968313923,0.051388100777800885
21,115.1,2026.8918958670392,1377.6695556640625,47593,197.18174941693107,1119.563339146513,0.118690094842747
21,120.1,1914.0388045261432,1302.6524658203125,47546,196.37079880536743,1119.7352248348968,0.05777499730930392
21,125.1,2031.2577447076085,1384.800537109375,47710,196.594445608887,1119.4270383567386,0.1244805678023772
21,130.0,1918.9498507836468,1311.1263427734375,47917,196.97362105307093,1119.4578959450716,0.0646559232711234
21,135.1,2040.894851356723,1396.4195556640625,47799,196.7454967677148,1119.630117784891,0.1339153999183106
21,140.1,1953.5729014178762,1338.988525390625,47818,196.0582416663181,1119.5133631686813,0.08728046889340314
21,145.1,2061.6029989140425,1410.551513671875,47884,196.71004928577395,1119.5110057639295,0.14539077975745723
21,150.1,1944.6344457390146,1333.6219482421875,48064,197.0284204394141,1119.206953229028,0.08292272093092265
21,155.1,2084.195031081901,1428.348388671875,47777,197.0830315842351,1119.486614898382,0.15984213182501303
21,160.1,1946.7059570393806,1336.6114501953125,48044,197.7883190408792,1119.3075305969528,0.0853502451581398
21,165.0,2080.7572989283112,1429.4034423828125,48055,198.15001560711684,1119.2558942877952,0.16069885260475322
21,170.0,1955.6942914319902,1347.7115478515625,48471,198.37490458212127,1119.0039198696127,0.09436370506133739
21,175.1,2100.7621786619047,1443.3909912109375,48158,198.3383030856763,1119.2147929731302,0.17205696984035565
21,180.1,1981.4163578722003,1361.27734375,48576,198.34325592885375,1118.8203845520422,0.10537935205581954
21,185.4,2215.8770127534676,1526.2294921875,48379,198.28369747204366,1118.8222369209782,0.239323180473451
21,191.1,2243.0285377504806,1544.06884765625,48357,198.55286721674216,1118.8047645635586,0.25380902737281863
21,196.7,2263.835745962681,1562.0447998046875,47804,197.98573341143,1119.4339176637939,0.2684057929986156
21,202.3,2268.2682688102627,1561.2303466796875,48019,198.67639892542536,1118.8524125866845,0.2677444438093958
21,207.9,2269.6597228002997,1568.572265625,48052,198.63420877382836,1118.9408765504038,0.2737062014511261
21,213.6,2258.4101971561217,1560.5926513671875,48033,198.555347365353,1119.0512356088523,0.2672266248398988
21,219.2,2279.430546563355,1577.168212890625,47881,198.2880892211942,1118.9434848896221,0.28068625049286466
21,224.8,2265.101962990748,1566.5517578125,47988,199.0222972409769,1118.8642994081854,0.27206551623230624
21,230.4,2248.5600848109425,1558.1126708984375,48107,198.6493857442784,1118.825015070572,0.2652128403482637
21,236.1,2253.6200955943473,1555.661865234375,48120,199.53052784704906,1118.6319825436408,0.26322274627272924
21,241.7,2244.201933027029,1548.3521728515625,48318,199.67264787449813,1118.2165445589635,0.2572871571240976
21,247.3,2227.763514906602,1537.9337158203125,48502,200.7607521339326,1118.5893571399117,0.24882720049916787
21,253.0,2237.3924055863154,1545.8780517578125,48404,200.8914552516321,1118.5496859763655,0.25527813054029863
21,258.6,2237.506281561769,1540.2806396484375,48714,202.29872315966662,1117.9396887958287,0.25073294083369124
21,264.2,2237.6043621348704,1541.591552734375,48921,203.16318145581653,1117.4278735103535,0.25179742358894175
21,269.9,2231.375089624091,1536.787353515625,48815,203.4133360647342,1117.2402949912937,0.24789633565564823
21,275.5,2237.2456995939356,1539.2373046875,49007,203.82624931132287,1116.9362948150265,0.24988573586962323
21,281.2,2231.022044292321,1537.3541259765625,49083,204.1508668989263,1117.0205570156672,0.2483565641157123
21,286.8,2217.5093690558097,1530.9739990234375,49418,203.55153992472378,1116.5764498765632,0.24317579722066407
21,292.5,2234.112276722427,1543.688232421875,49378,204.87287860990725,1116.325975130625,0.25349996160963106
21,298.1,2241.672924841533,1551.7515869140625,49695,204.51655096086125,1115.9007546030787,0.26004753665368285
21,303.8,2233.3163125978876,1546.7584228515625,49802,205.03957672382634,1115.9225934701417,0.2559930061926747
21,309.4,2236.7541716389233,1547.8172607421875,49441,205.0455896927651,1115.9038449869543,0.2568527997878924
21,315.0,2239.685638061361,1551.4490966796875,49478,205.46267027769917,1115.4669954323133,0.25980190966164346
22,0.1,1689.9217907227617,916.1005859375,1854,1185.1413160733548,1163.8969795037756,0.009545535441999091
22,5.1,1676.6264722378014,919.7077026367188,1783,1185.3959618620304,1165.184520471116,0.013520588635298774
22,10.1,1660.050626020686,912.6853637695312,1837,1184.8731627653783,1166.210669569951,0.005781950585553404
22,15.0,1614.0313276976628,877.8194580078125,2011,1185.0815514669318,1162.8279462953753,-0.03264037993273101
22,20.1,1661.3680765357503,910.8798828125,1986,1184.7824773413897,1163.9335347432025,0.003792305269879739
22,25.1,1705.3474787818272,898.5162353515625,2003,1184.7978032950575,1163.6035946080879,-0.009832470532654033
22,30.0,1673.4515181194906,927.9246215820312,2042,1184.671890303624,1163.62291870715,0.022575657438513093
22,35.1,1786.7469431153643,1002.9959716796875,1881,1185.5832004253057,1166.331206804891,0.10530450566114997
22,40.0,1716.4897959183672,951.733642578125,1862,1184.858754027927,1165.8378088077336,0.04881326848124974
22,45.1,1709.7291989664084,959.1949462890625,1935,1185.2821705426356,1164.167441860465,0.057035647077640764
22,50.1,1713.6129032258063,917.802001953125,1922,1184.818418314256,1165.528616024974,0.011420500886700727
22,55.1,1731.4984407484408,934.1165771484375,1924,1185.335239085239,1164.3861746361747,0.02939921065273092
22,60.0,1696.7046279491833,929.1876831054688,2204,1185.4927404718694,1161.697822141561,0.02396755494578299
22,65.1,1852.6990500863558,1096.8775634765625,2316,1184.9192573402418,1162.0863557858377,0.2087622954645826
22,70.1,1716.9593175853017,1013.07861328125,2286,1185.3753280839894,1161.3692038495187,0.1164156063094511
22,75.0,1873.7410071942445,1103.3145751953125,2224,1185.2544964028777,1162.6241007194244,0.21585590127818619
22,80.1,1765.9847740667976,979.0714721679688,2036,1185.2436149312377,1165.357072691552,0.07893963695514114
22,85.0,1909.668260038241,1129.8829345703125,2092,1185.0162523900574,1165.296845124283,0.24513431131609847
22,90.0,1814.7430730478588,1080.404052734375,1985,1185.0478589420654,1166.9949622166246,0.1906084382592497
22,95.1,2001.9287776708372,1206.143798828125,2078,1184.7223291626565,1166.5447545717036,0.32917400763572885
22,100.0,1875.2296015180266,1136.5223388671875,2108,1184.6067362428842,1166.340607210626,0.25245095434503534
22,105.0,2040.5307917888563,1238.2552490234375,2046,1184.480449657869,1167.477028347996,0.3645609200325489
22,110.1,1883.7804754678807,1127.2646484375,1977,1184.804248861912,1167.2832574607992,0.24224895231025795
22,115.1,2062.0221741481882,1208.3631591796875,1849,1184.6473769605193,1168.3126014061654,0.3316197492593564
22,120.1,1895.6558089033658,1111.1033935546875,1842,1185.001628664495,1167.9907709011943,0.2244392019787625
22,125.1,2057.956740442656,1220.3865966796875,1988,1184.7922535211267,1166.45523138833,0.3448696126860555
22,130.0,1926.0533536585365,1128.808349609375,1968,1184.3577235772357,1166.9095528455284,0.24395011553408466
22,135.1,2110.987232102143,1264.98828125,2193,1184.1837665298679,1164.6306429548563,0.3940208000363747
22,140.1,1963.6141571194762,1188.7230224609375,2444,1183.9709492635025,1162.1996726677578,0.3099762609304042
22,145.1,2172.6238095238095,1323.9632568359375,2310,1183.8298701298702,1164.3770562770562,0.459011396286955
22,150.1,1976.859805510535,1199.3447265625,2468,1183.455429497569,1162.862641815235,0.3216814100364325
22,155.1,2174.814829344841,1341.8092041015625,2549,1183.4939191839937,1162.719105531581,0.4786776825706909
22,160.1,1961.3407643312103,1184.3167724609375,2512,1183.2050159235669,1162.8148885350317,0.30512056049332925
22,165.0,2157.4483188044833,1291.4090576171875,2409,1183.5263594852636,1162.7708592777085,0.42313657316636305
22,170.0,1965.0583826429981,1172.163818359375,2535,1183.0962524654833,1162.196449704142,0.29172796939143797
22,175.1,2190.146103896104,1325.6959228515625,2464,1183.5393668831168,1162.3214285714287,0.46092079932340896
22,180.1,1996.1590736522398,1229.2667236328125,2634,1183.7175398633258,1160.7247532270312,0.3546555386611068
22,185.4,2284.5523629489603,1344.986572265625,2645,1183.7005671077504,1160.7345935727787,0.482179151616475
22,191.1,2313.790857605178,1405.8818359375,2472,1183.5954692556634,1161.9587378640776,0.5492859109758659
22,196.7,2270.6991492652746,1379.5638427734375,2586,1182.986078886311,1162.0502706883217,0.5202834052375004
22,202.3,2327.3503826016913,1426.8272705078125,2483,1183.628272251309,1162.3644784534838,0.5723678413696907
22,207.9,2334.7181008902076,1401.18505859375,2359,1183.9415006358627,1161.948707079271,0.5441100485529687
22,213.6,2337.0943075615974,1418.8133544921875,2354,1183.8640611724725,1162.9532710280373,0.5635364823910235
22,219.2,2391.25702811245,1437.6402587890625,2241,1183.7554663096832,1164.004016064257,0.5842837862033591
22,224.8,2360.143808255659,1417.9971923828125,2253,1183.537505548158,1164.2734132268088,0.5626370693501801
22,230.4,2352.4569983136594,1433.691162109375,2372,1182.77107925801,1165.2575885328836,0.5799318700675044
22,236.1,2350.5926933540613,1470.409423828125,2573,1182.9774582199766,1163.4220753983677,0.6203955022890909
22,241.7,2410.280801209373,1525.282470703125,2646,1183.2191987906274,1162.0154950869237,0.680865761056653
22,247.3,2403.3318632855567,1521.006591796875,2721,1183.3498713708195,1160.7148107313487,0.6761537299476696
22,253.0,2458.225270758123,1555.5230712890625,2770,1183.2083032490975,1160.4140794223827,0.7141909916909893
22,258.6,2506.414711033275,1587.1513671875,2855,1182.9887915936952,1159.8721541155867,0.7490454666340766
22,264.2,2470.109231853418,1558.653076171875,2838,1183.086328400282,1159.7744890768147,0.7176402662617739
22,269.9,2511.167434715822,1567.55322265625,2604,1182.802995391705,1162.7165898617511,0.7274482538190414
22,275.5,2494.3296869106,1561.101318359375,2651,1182.5254620897774,1163.2357600905318,0.7203382363406184
22,281.2,2455.4311643835617,1549.7623291015625,2920,1181.2013698630137,1163.320890410959,0.7078426368864005
22,286.8,2502.723082099596,1580.3157958984375,2972,1181.0306191117093,1163.0370121130552,0.7415126470037883
22,292.5,2513.9802232854863,1581.8817138671875,3135,1180.476236044657,1162.1802232854864,0.7432382932030014
22,298.1,2607.1548904659057,1649.54736328125,3241,1179.9182351126196,1162.1826596729404,0.8178060375286347
22,303.8,2603.6700879765394,1650.20703125,3410,1178.7014662756599,1162.607038123167,0.8185329935670309
22,309.4,2594.671997673742,1637.6044921875,3439,1178.6341959872057,1162.4036056993311,0.804644958518172
22,315.0,2638.431444241316,1667.2342529296875,3282,1178.72760511883,1163.994820231566,0.837297041851225
23,5.1,1008.748078302757,577.7407836914062,19514,245.17987086194526,49.43768576406682,0.00138170862286351
23,10.1,1012.699609013273,578.5922241210938,19438,245.80039098672702,49.14533388208663,0.002857486162443388
23,20.1,1022.6378251973107,590.9215087890625,20526,245.89296501997467,49.897885608496544,0.02422748546909242
23,25.1,1009.7771051724986,576.337646484375,20319,249.59151533047887,51.41616221270732,-0.0010503092880613507
23,30.0,1003.724063813527,561.1259155273438,20936,251.17338555598013,52.3479174627436,-0.027416370966337575
23,35.1,1022.3888389288569,571.931640625,20016,246.98266386890487,49.97936650679456,-0.008687114236247172
23,40.0,1021.1673352151736,574.3661499023438,20193,247.78616352201257,49.44000396176893,-0.004467448378095016
23,45.1,1030.551825856983,582.382080078125,19662,243.63991455599634,48.379259485301596,0.009426335966395598
23,50.1,1032.590198648785,582.5426025390625,19834,244.20248058888777,47.995109408087124,0.009704564993570874
23,55.1,1022.1724032586558,573.778076171875,19640,247.26160896130347,48.15244399185336,-0.005486739890199111
23,60.0,1038.543033834202,592.7999877929688,19566,239.65578043544926,47.92722068895022,0.02748339983007091
23,65.1,1110.8935035149823,647.4065551757812,20057,248.6688936530887,50.6174402951588,0.12213141376885854
23,70.1,1077.768578976225,623.3734741210938,20063,238.0974928973733,47.03354433534367,0.08047555624700238
23,75.0,1157.3252156532717,675.287109375,19012,241.90942562592048,47.63139070061014,0.17045598733103706
23,80.1,1096.6018894758229,641.5762939453125,19688,238.4085229581471,45.66304347826087,0.11202598739514609
23,85.0,1202.1918655625914,714.9122314453125,20530,235.24081831466148,46.050949829517776,0.23913708716551513
23,90.0,1099.4584258573896,645.7843017578125,20265,238.78529484332594,45.95874660745127,0.1193196079463142
23,95.1,1182.4208101265822,698.2139892578125,19750,239.59164556962025,46.19736708860759,0.2101944977469903
23,100.0,1135.5865857184158,673.760986328125,20754,230.62137419292665,44.57319071022454,0.16781080155328398
23,105.0,1171.4684173528822,692.1156005859375,19916,240.56075517172124,47.23127133962643,0.19962433368644097
23,110.1,1105.4918598660483,644.235595703125,19410,239.48238021638332,46.154250386398765,0.11663527968184827
23,115.1,1195.5686204064873,703.0636596679688,19484,237.82488195442414,45.66264627386574,0.2186002938733271
23,120.1,1103.543045007391,641.2020263671875,19619,238.54809113614354,46.066007441765635,0.11137728002075872
23,125.1,1175.3737782954372,689.9581909179688,19747,241.54636147262875,46.90469438395706,0.19588495671930622
23,130.0,1095.738813182565,642.1434326171875,20694,238.5101478689475,46.88518411133662,0.1130089927641623
23,135.1,1224.7665455548913,738.6390991210938,21743,230.84528353952996,45.44938600929034,0.28026219372564565
23,140.1,1137.4394223054292,679.0210571289062,22434,232.1528037799768,46.01720602656682,0.17692793303274876
23,145.1,1194.2665014958864,708.2909545898438,21392,236.60181376215408,46.52281226626776,0.2276606158518059
23,150.1,1119.4723085935739,665.720703125,22191,232.83700599342075,46.50011265828489,0.15387480679744625
23,155.1,1210.909986257444,723.2451171875,21830,233.3319285387082,46.63939532753092,0.2535802416005461
23,160.1,1134.3725009842951,676.5182495117188,22859,228.27455269259372,46.48737915044403,0.1725898875999163
23,165.0,1183.8746908491344,692.425048828125,20621,239.2769991755977,46.8448183890209,0.20016069154491195
23,170.0,1079.2917306216423,623.7742919921875,20848,246.113392171911,47.16035111281658,0.08117028249090354
23,180.1,1093.5259050609532,641.0326538085938,21656,241.9997691171038,46.892870336165494,0.11108371137041219
23,185.4,1243.3208933990895,728.7633056640625,21088,239.32132018209407,45.96457701062216,0.2631447611240885
23,191.1,1249.341039652515,738.1430053710938,21411,240.7951520246602,45.996777357433096,0.2794023285040181
23,196.7,1399.586410459588,507.567626953125,25240,215.30285261489698,44.18042789223455,-0.12024743298811558
23,202.3,1285.9033397559408,761.184814453125,21798,233.03275529865124,45.34567391503808,0.31934004244018843
23,207.9,1264.6240110570966,742.509765625,20982,238.67796206272044,45.90453722238109,0.2869711101577272
23,213.6,1273.6962804005723,746.6019287109375,20970,236.14735336194565,45.27982832618026,0.2940639403311087
23,219.2,1288.5143942715183,756.4864501953125,20529,237.1657167908812,44.87919528471918,0.31119650097482787
23,224.8,1272.8160797726287,743.5369873046875,20759,238.31277999903656,45.4287297075967,0.2887515643506397
23,230.4,1320.5852485773523,793.8379516601562,22669,227.767171026512,44.65971150028673,0.3759367987213568
23,236.1,1238.479845335911,609.2188720703125,20690,241.12503624939583,46.4587723537941,0.05594178610890705
23,241.7,1232.478092150506,604.5308837890625,20358,243.10580607132331,46.59215050594361,0.04781622902933348
23,247.3,1225.1261453879047,604.50244140625,19644,243.5591529220118,46.75091631032376,0.04776693065417619
23,253.0,1271.4604545874527,656.9042358398438,21646,234.8913425113185,46.3076780929502,0.13859347419423665
23,258.6,1330.774671694188,727.1264038085938,23073,224.7577688206995,45.63130065444459,0.26030756558043316
23,264.2,1839.5242233775639,1139.4295654296875,38661,151.22102377072503,60.40099842218256,0.9749409376902181
23,269.9,1846.3194451192849,1236.90283203125,41162,139.74444876342258,71.65142607259122,1.1438885851643503
23,275.5,1837.8349836569892,1221.14453125,41608,141.67563930013458,71.5349452028456,1.116575169517118
23,281.2,1839.2922052865135,1224.7857666015625,41464,140.3681506849315,71.71213582867065,1.1228864194422976
23,286.8,1830.355851774132,1277.1785888671875,41936,141.6708317436093,72.16916253338421,1.2136974117781776
23,292.5,1827.1724903201437,1211.1240234375,42356,143.90738030031164,72.1209037680612,1.0992069076290845
23,298.1,1859.3428796260969,1233.790771484375,41936,141.4261493704693,72.37709843571156,1.1384945389143073
23,303.8,1853.9751210711233,1271.7044677734375,42124,140.8399249833824,72.4834773525781,1.2042092729989775
23,309.4,1840.4517923073329,1229.0738525390625,42794,143.0699630789363,72.70178062345188,1.1303188371355395
23,315.0,1833.2862530948469,1274.9378662109375,43217,143.93525695906703,73.08399472429831,1.2098136307722236
24,10.1,1284.8307040347565,574.1677856445312,28081,1098.6142943627365,1032.4096364089598,0.0534739421327405
24,15.0,1298.5142195295796,590.5120239257812,28060,1097.9165359942979,1030.7561297220243,0.0834620911787149
24,30.0,1197.538500413489,470.3899230957031,21766,1109.1249655425893,1047.2917853533033,-0.13693603331145562
25,15.0,717.2653955883376,19.915422439575195,14371,1169.7835223714426,342.40790480829446,-0.7564943313649893
25,40.0,746.7248945806654,25.496774673461914,12806,1169.854208964548,328.6001093237545,-0.6882511940816264
25,50.1,746.120231675654,40.36109924316406,15021,1169.9557952200253,329.717928233806,-0.5065052479870807
25,55.1,744.6784159360649,156.49072265625,16767,1170.3580843323195,336.2802528776764,0.913410482313575
25,60.0,743.6751172593956,166.66737365722656,16843,1170.0832986997566,332.9364127530725,1.0378402911201217
25,65.1,869.5918128654971,237.18905639648438,17955,1169.137454747981,335.24282929546087,1.900108192330424
25,70.1,782.6790737564322,178.11483764648438,17490,1168.9012006861064,330.94042309891364,1.1778083174744192
25,75.0,876.2994029165231,138.532958984375,17418,1168.4359283499828,331.3593983235733,0.6938410876207503
25,80.1,777.0930192473427,54.75078201293945,17405,1168.6895719620798,329.89503016374607,-0.33056274237711236
25,85.0,873.9092237549685,80.30500793457031,17108,1168.5711947626842,333.1485854570961,-0.018111480628753743
25,90.0,812.2104744057599,66.71785736083984,10139,1171.9011736857678,284.78045172107704,-0.1842414331988876
25,95.1,911.2900645395873,113.52011108398438,11001,1172.6526679392782,278.6611217162076,0.3880092494596331
25,105.0,903.3418469290244,114.92906951904297,11511,1172.2070193727739,275.2883328989662,0.4052365699871709
25,115.1,907.4112311015119,93.58751678466797,11575,1172.7885097192225,268.92302375809936,0.14429362066933688
25,135.1,894.414247477867,121.30704498291016,14571,1172.210692471347,260.390089904605,0.4832200114420939
25,145.1,900.7868964573929,185.21702575683594,14622,1172.7741758993297,255.99035699630693,1.264646699629253
25,150.1,815.0824101378815,126.55419921875,12547,1174.5272973619192,257.6750617677532,0.5473769131852468
25,155.1,914.809161444345,133.3090057373047,13404,1173.1621157863324,251.36974037600717,0.6299678641325004
25,165.0,904.6456698687394,97.47528839111328,13637,1170.8317811835448,251.70426046784485,0.19182936475912526
25,170.0,809.8466400532269,140.98609924316406,15030,1171.2228875582168,255.04018629407852,0.7238356087404657
25,175.1,900.7140189243028,144.73565673828125,16064,1170.2326942231075,257.50298804780874,0.7696814102896997
25,180.1,783.5314048041873,158.62142944335938,21398,1166.8057295074307,293.54528460603797,0.9394626126379214
25,185.4,912.6559812353402,143.24337768554688,21743,1167.32419629306,289.8659338637722,0.7514353294130013
25,191.1,923.7067864635593,177.3724365234375,21926,1167.1415214813464,291.2699990878409,1.1687309864556368
25,196.7,922.0307958477508,232.65235900878906,23120,1166.083347750865,293.5217993079585,1.8446380392800819
25,202.3,924.8334336313618,207.42413330078125,23264,1165.7653026134801,291.70555364511694,1.5361727788447403
25,207.9,932.1811023622047,160.6109161376953,21463,1167.7783627638262,285.42692074733264,0.9637880463170004
25,213.6,918.2515579741947,162.23561096191406,22786,1165.5901430703063,290.85205828140084,0.9836531734916599
25,219.2,955.1616249927143,165.69772338867188,17157,1169.249519146704,252.250043713936,1.0259843870988579
25,224.8,950.1523033350674,192.18484497070312,17301,1169.0733483613665,251.67267787989132,1.3498421546465151
25,230.4,940.4732705311218,189.4390411376953,17303,1168.9092642894295,251.30237531063977,1.3162692389664294
25,236.1,950.0475399753998,225.30300903320312,16260,1169.830258302583,251.63567035670357,1.7547776115001765
25,241.7,933.9997056919183,214.75682067871094,16989,1169.242215551239,252.50620990052386,1.6258294732117193
25,247.3,946.2210445664666,237.38504028320312,15662,1170.4525603371217,253.7107649086962,1.9025044853300794
25,253.0,947.1137785723407,240.7406768798828,15662,1169.8514876771803,254.2813178393564,1.943533820040392
25,258.6,944.5337415567199,241.394287109375,15841,1169.441701912758,255.53879174294553,1.9515255057021987
25,264.2,943.0854571770184,248.34552001953125,15891,1169.205588068718,260.0054118683532,2.0365181601518323
25,269.9,940.4822731345193,254.66578674316406,15626,1169.0557404326123,258.69909125815946,2.1137959974238916
25,275.5,942.8714792266006,230.33595275878906,14947,1168.9086104234964,257.62929015856025,1.8163153635021534
25,281.2,937.8883437990581,269.2020568847656,15288,1168.8246991104133,259.5391156462585,2.291530825345791
25,286.8,933.0706633970057,270.01708984375,15496,1168.9212700051626,257.7348347960764,2.3014962250875852
25,292.5,933.5427206116598,269.1475830078125,15695,1168.995476266327,254.0721248805352,2.2908647738035324
25,298.1,928.4762858215493,264.9058837890625,15982,1168.6042422725566,255.25616318358152,2.2390015603796574
25,303.8,925.8275686349449,264.4056091308594,15699,1169.7143767118926,250.53118032995732,2.232884707196326
25,309.4,918.9280480931806,265.208251953125,15969,1169.009330577995,251.6206399899806,2.2426986128618416
25,315.0,927.1577538001103,259.4625549316406,12697,1165.7976687406474,286.16003780420573,2.1724460335236055
26,45.1,1417.1777621264087,688.1613159179688,32656,1095.3478993140618,1017.906234688878,0.0
27,45.1,3700.294555059821,2746.533203125,45051,457.57807817806486,1075.1493418570064,-0.02641821756386254
27,50.1,3710.0023553162855,2757.110595703125,44580,456.0903992821893,1074.443472409152,-0.0226687792872669
27,55.1,3723.8643310394136,2776.650146484375,44756,456.53201805344537,1074.3052775046922,-0.015742465541645306
27,60.0,3755.7279143122973,2781.913818359375,44067,456.6339891528808,1074.4226064855789,-0.013876616972842025
27,65.1,4132.480399408284,3043.09521484375,43264,455.5404262204142,1074.5328217455622,0.07870607936561709
27,70.1,3834.0039774155944,2835.33203125,43747,456.6533247994148,1074.7394335611584,0.005058890109844717
27,75.0,4157.696876730024,3065.044921875,43352,457.11688042074184,1074.5665251891494,0.08648673713123989
27,80.1,3857.7385351558028,2844.25439453125,43677,461.7368866909357,1077.7666735352702,0.008221659209820811
27,85.0,4124.291362405878,3048.712158203125,43959,454.99406264928683,1072.2009144885008,0.08069715441304089
27,90.0,3869.5325762104003,2856.379638671875,43498,458.6732263552347,1074.6801002344935,0.012519774662956935
27,95.1,4195.353164410506,3104.391845703125,43215,458.16876084692814,1074.3206988314244,0.10043430135161004
27,100.0,3886.6282945468774,2880.028076171875,43443,457.58267154662434,1074.6577354234284,0.020902592648511704
27,105.0,4192.100204927577,3118.44482421875,42942,457.66054212658935,1074.9546364864236,0.10541575355332088
27,110.1,3919.6368344392295,2922.10009765625,43253,458.5059764640603,1075.1182808128915,0.03581614025130218
27,115.1,4231.147499594654,3152.00048828125,43173,458.6186737081046,1074.8462001714033,0.11731045163730036
27,120.1,3924.5283515266206,2913.775634765625,43331,458.0694422007339,1073.99196879832,0.03286531285563959
27,125.1,4283.8295895204765,3182.484130859375,42292,459.75794476496736,1075.4852927267568,0.12811618995591567
27,130.0,3912.9606742854535,2894.7568359375,43839,460.53463810762105,1073.9938639111294,0.026123593497645887
27,135.1,4229.67402197398,3139.46435546875,43506,460.4961384636602,1073.7667907874777,0.11286668576017092
28,50.1,2428.2111056298945,1679.070556640625,32434,741.456496269347,518.792902509712,0.06106603651979156
28,55.1,2219.819169087006,1485.80419921875,39595,728.7180704634424,504.69326935219095,-0.06106603651979156
29,75.0,2118.4960865329704,1248.86181640625,29769,1088.9560952668883,828.7262924518794,0.03204172917647126
29,80.1,1920.7140313298407,957.0969848632812,38749,1092.2362383545383,849.498438669385,-0.20906859808533707
29,85.0,2096.732319575187,1376.766357421875,29001,1089.2003724009517,825.8437640081377,0.13774023156094042
29,90.0,1902.2453521654227,1050.7156982421875,37383,1093.4099724473692,846.1236658374128,-0.1317034183916589
29,95.1,2115.482327892122,1417.0015869140625,35225,1092.4215471965933,840.8275372604684,0.17099005573958406
29,100.0,1905.3459526008003,1261.4027099609375,35739,1092.7184308458548,842.3364951453594,0.04240534611116304
29,105.0,2124.219910463181,1432.1680908203125,34846,1090.4610572232107,838.497158927854,0.1835234399069452
29,110.1,1910.034213618307,1248.90380859375,35746,1092.4430146030325,841.3017120796733,0.032076430925880264
29,115.1,2128.53111040664,1399.1436767578125,34699,1090.868151819937,837.4761520504914,0.15623253154033426
29,120.1,1763.7920494916084,1059.4256591796875,65304,1093.4712115643758,915.6159806443709,-0.12450562995028908
29,125.1,1756.6423013991384,937.5030517578125,29947,1097.1856279426988,1006.4072862056299,-0.22526074707883148
30,105.0,702.4827586206897,5.751969814300537,29,1174.8275862068965,479.3448275862069,0.0
31,125.1,2105.0978969654197,1366.8909912109375,35425,1090.2586873676782,837.7923782639378,0.3011212043856786
31,130.0,1749.033335360107,1052.4124755859375,65786,1094.3869364302436,915.1342078861763,0.0017742428251740678
31,135.1,1925.603403698747,1160.96533203125,65752,1094.785299306485,914.0335959362453,0.10510393350702199
31,140.1,1584.1179689572832,821.9859619140625,30152,1100.4860042451578,1004.9636176704696,-0.21756499118758135
31,145.1,1768.1301266301266,850.4879760742188,31746,1100.621338121338,998.0986265986267,-0.19043438953029287
31,150.1,1594.1322881270396,820.8306274414062,29723,1097.9272617165159,1003.3820610301786,-0.21866473519803759
31,155.1,1790.769692399535,928.0638427734375,31827,1098.7621202123983,997.6042982373457,-0.1165911893336694
31,191.1,1981.7312634510697,906.1112670898438,31596,1096.8076655272819,990.6999620205089,-0.13748748749970027
31,196.7,2178.27586149905,1158.6314697265625,60505,1086.4672010577638,909.4295678043137,0.10288236810621768
31,202.3,2190.1658069270447,1164.91845703125,59708,1086.9395725865882,909.0302304548804,0.10886684861448823
31,207.9,2415.659651920677,1415.8052978515625,28844,1077.3057481625294,822.1236999029261,0.3476819337907047
31,213.6,2380.0261052781943,1405.623779296875,28002,1076.0632811942005,819.6537033069067,0.337990312608379
31,219.2,2378.4904320092783,1403.220947265625,27592,1076.3216874456364,817.7162583357494,0.3357030960515804
31,224.8,2362.08788068855,1380.469970703125,28698,1078.3126001811972,819.8396752386926,0.31404681313195565
31,230.4,2363.1966877617206,1353.7471923828125,31761,1080.5214571329618,828.4475614747646,0.28860983700421494
31,236.1,2356.537436178597,1379.46044921875,29183,1078.2347599629923,821.2012815680362,0.3130858661229776
31,241.7,2344.327268996649,1567.0863037109375,29242,1078.715717119212,820.2090486286847,0.49168385187346975
31,247.3,2291.910776923651,1376.77978515625,26798,1077.0579520859765,813.5727666243749,0.31053418579442155
31,253.0,2283.3952011559813,1537.4892578125,26298,1076.1396303901438,812.2009658529166,0.4635109073934439
31,258.6,2324.5056336554226,1561.968017578125,28667,1075.7036662364392,817.7575260752782,0.4868118389182773
31,264.2,2325.5425035434023,1565.68359375,28927,1077.3752203823417,817.4729145780758,0.4903486351769562
31,269.9,2299.7745932281837,1542.2406005859375,28087,1076.589240573931,815.0090433296543,0.4680336329593996
31,275.5,2317.3392750202556,1559.9554443359375,28387,1076.6959875999578,816.0450558354177,0.4848961033273436
31,281.2,2309.3022170771064,1567.7568359375,28506,1076.5444117027994,815.8979513084964,0.4923221205458176
31,286.8,2288.9495486313335,1554.2137451171875,27472,1076.8439502038439,812.8036546301689,0.47943067364000475
31,292.5,2310.663108667714,1589.8721923828125,28012,1076.4797943738397,814.1579680137085,0.5133733670596685
31,298.1,2342.388859750341,1615.534912109375,28599,1075.8866044267281,815.6256162802895,0.5378012907296142
31,303.8,2314.1149735546232,1605.4693603515625,27415,1076.6676636877621,812.0587634506657,0.5282200564467479
31,309.4,2315.825021840419,1606.256591796875,27472,1076.6933605125218,812.6391598718695,0.5289694091989727
31,315.0,2307.679709931532,1587.4345703125,27166,1075.534013104616,811.4836560406391,0.5110530344330322
32,140.1,1913.8872678300881,1249.2301025390625,35642,1088.3934964367882,834.1553504292689,0.016384462044558862
32,145.1,2126.820415013732,1303.59765625,32770,1088.1090326518156,829.2237717424474,0.060618375971910755
32,150.1,1885.4013027312628,1220.3033447265625,35771,1091.3702160968382,835.4403846691454,-0.007150599365019774
32,155.1,2124.348749211688,1366.315185546875,33299,1089.7105018168713,830.6738941109343,0.11164590256257334
32,160.1,1750.1839507304846,1006.01416015625,65436,1093.9675102390122,911.2479521975671,-0.18149814121402338
32,165.0,2576.1428571428573,1133.2474365234375,28,1089.0,877.4642857142857,-0.07798004243318897
33,145.1,1834.5913012435294,1079.3619384765625,84035,546.3332302017017,969.5587790801452,0.048313781464886525
33,150.1,1645.1982478312618,945.3182983398438,81499,550.4466067068307,969.1750819028455,-0.0818740547593323
33,155.1,1862.384182917953,1093.0982666015625,79686,554.8418668272972,971.043847099867,0.06165498015537
33,160.1,1638.137830134904,939.7118530273438,78945,555.9362847552093,971.3929697890936,-0.08731922905778713
33,165.0,1856.4456754915075,1090.5958251953125,79246,553.6433510839664,970.3311081947354,0.05922452219686269
33,170.0,2416.8905697923115,1633.8994140625,127643,516.5762243131234,1005.0027185196211,0.5868998268612885
33,175.1,4078.7415586357133,3012.891357421875,46823,454.0707558251287,1064.2120111910813,1.9262246698264358
33,180.1,3831.9989862605958,2824.200439453125,46363,455.97955266052674,1065.9464443629618,1.742961500455195
33,185.4,4338.375322675112,3186.04638671875,46099,457.0006073884466,1067.3932406342872,2.0943988448377144
33,191.1,4393.45644606931,3228.69775390625,45679,456.72350533067714,1067.3960901070514,2.1358233331646637
33,196.7,4420.880139173328,3280.230712890625,45411,456.5589614851027,1068.0430732641871,2.185873931742592
33,202.3,4450.413860333215,3297.83203125,45136,457.31533587380363,1068.3962912087911,2.2029689431102586
33,207.9,4456.45314576872,3314.18310546875,45140,457.3837616304829,1069.5294638901196,2.2188496739700705
33,213.6,4443.760892833252,3304.1865234375,44846,457.70184631851225,1070.2834589484012,2.20914064649992
33,219.2,4491.672040843746,3339.7373046875,44658,458.16792064131846,1070.4165659008465,2.2436687992887983
33,224.8,4467.821885861644,3321.6171875,44595,458.35313375939006,1070.5380648054715,2.226069912490709
33,230.4,4421.353351301985,3306.42333984375,44893,457.6283607689395,1070.3345733187803,2.211313120238051
33,236.1,4421.428104502502,3300.610595703125,44975,457.339388549194,1069.395664257921,2.2056675813566757
33,241.7,4405.596580099987,3289.67138671875,45206,457.6518382515595,1069.9431933814096,2.1950430418691793
33,247.3,4373.916408463173,3284.533935546875,45184,457.6509162535411,1069.895051345609,2.190053370959826
33,253.0,4356.339827124742,3280.46337890625,45582,457.2036988284849,1069.837216445088,2.1860999050532706
33,258.6,4380.076768213093,3288.923095703125,45201,457.81779164177783,1069.808632552377,2.1943162756601233
33,264.2,4375.299973761315,3287.175048828125,45734,459.38643022696465,1070.5643066427604,2.1926185118569124
33,269.9,4339.050093368654,3276.98828125,46054,459.358275068398,1070.3597081686717,2.1827247695819154
33,275.5,4342.407854526539,3280.5205078125,46139,459.41273109516897,1069.746526799454,2.1861553906300797
33,281.2,4326.815184944841,3288.183837890625,46230,459.4747999134761,1070.86874324032,2.193598282811503
33,286.8,4312.124282941557,3272.600341796875,46370,460.0887858529222,1072.0215872331248,2.1784630504708664
33,292.5,4314.777307511436,3302.450439453125,46782,460.26116882561666,1071.1662605275533,2.2074545014713403
33,298.1,4347.422445568318,3336.70849609375,46664,461.3351191496657,1072.2991385222012,2.2407271152465307
33,303.8,4328.496187960398,3278.080810546875,46563,462.4675171273329,1072.6246161115048,2.1837858719589223
33,309.4,4305.849746715892,3271.92919921875,46588,462.3027603674766,1072.453228299133,2.177811213502287
33,315.0,4335.824023813693,3323.977294921875,45688,462.04379705830854,1073.7127911048854,2.2283621307428936
34,160.1,1287.0619896784824,599.5426635742188,82546,875.5856492137717,410.8999466963875,-0.5381085061902087
34,165.0,1923.6557591967955,1088.1712646484375,151792,818.1999248972278,511.07748102666807,-0.16166591389348814
34,170.0,2260.729381848312,1513.042724609375,69999,757.9903427191817,608.7411248732125,0.1656577700434946
34,175.1,2516.0204932819556,1683.9329833984375,69291,756.3916381636865,611.0669495316852,0.2973127158968194
34,180.1,2354.7355547336088,1605.3916015625,62183,769.3984207902481,597.6875351784249,0.23680393414338297
34,185.4,2638.231347336592,1779.22265625,68127,755.8625801811323,610.7034949432677,0.3707244879226245
34,224.8,2661.376215491226,1796.5372314453125,62629,761.0318542528222,573.4617349790034,0.38406374714058816
34,253.0,2759.9629127624885,1764.7921142578125,50907,777.563124914059,581.5851847486593,0.3596071062878957
35,165.0,2059.929533793511,1170.092529296875,27091,1081.8508729836476,814.8336347864605,0.01184795730894619
35,170.0,1882.6876249472054,1178.4625244140625,35515,1093.161086864705,834.9118963818105,0.019085985285333035
35,175.1,2117.9248382559776,1340.585205078125,35550,1093.6841631504922,835.8374964838256,0.15928302026850508
35,180.1,1760.006192326372,1011.6353759765625,65888,1094.4518576979117,909.8093734822729,-0.12517928019037874
35,185.4,2421.7300094073375,1081.1826171875,31890,1079.6359987456883,829.6574161179053,-0.06503768267240576
35,191.1,2410.1711795384726,1422.8748779296875,27994,1075.4390226477103,819.5970565121097,0.2304437492687234
36,165.0,1852.9468345115765,821.0197143554688,38051,1101.7962208614754,981.2704265328113,-0.049830704752286424
36,170.0,1585.339937644574,791.3660278320312,29829,1095.8120956116531,1002.0436152737269,-0.08414903101512222
36,175.1,1752.8660968660968,882.4205322265625,29835,1095.3495558907323,1000.0265124853361,0.021228699576403023
36,207.9,1970.662181914823,912.6520385742188,30102,1096.1244435585675,991.7076274001728,0.05621573895971376
36,213.6,1979.8820190488407,912.9281616210938,31183,1097.0075040887664,987.8819549113299,0.05653529723129173
36,219.2,2017.3875,934.947509765625,31600,1095.3201582278482,984.9733227848101,0.0820183741202894
36,224.8,1970.459983726607,918.97998046875,30725,1093.8505126118796,987.2722213181448,0.06353909062248762
36,230.4,1880.3431128791647,873.3793334960938,28154,1092.2156709526178,995.5040846771329,0.01076528526890614
36,236.1,1940.2913552850569,903.0497436523438,30643,1093.1635610090395,987.2219430212447,0.04510296585676678
36,241.7,1942.897693013501,1036.8487548828125,30516,1092.4059509765368,986.0397168698388,0.19994907975976675
36,247.3,1998.929024777249,945.5416259765625,32772,1094.3967106066154,976.270139143171,0.09427898584241011
36,253.0,2022.571975218659,1099.1307373046875,32928,1093.001214771623,973.7564686588921,0.2720282592358415
36,258.6,1973.9247488278634,1058.4713134765625,29860,1093.6167782987275,979.5364701942398,0.22497295056487218
36,264.2,1965.1703441295547,1051.4971923828125,29640,1093.4975033738192,980.6923414304994,0.2169017732121788
36,269.9,1977.3883427892863,1054.0865478515625,30316,1094.6831376170999,976.1175286977174,0.2198984443247835
36,275.5,1972.6102782994708,1055.634521484375,29285,1094.8673040805872,976.6041659552671,0.22168992020536715
36,281.2,1970.4635013812156,1071.2989501953125,28960,1093.7281422651934,976.9970303867403,0.23981842422114943
36,286.8,1991.3759941916107,1090.8133544921875,30301,1092.5001485099501,970.7944292267582,0.2624025198935619
36,292.5,1997.7016117969822,1122.6832275390625,29160,1092.782647462277,971.9838134430727,0.2992856474033022
36,298.1,1996.2788154734162,1121.2122802734375,27893,1093.9002258631199,973.2051052235328,0.29758331443578917
36,303.8,2007.7754186500463,1145.4197998046875,29201,1092.126057326804,968.6209033937193,0.3255987705454636
36,309.4,1990.5308443824144,1138.7598876953125,28660,1093.1590369853454,969.4011863224006,0.3178912284673245
36,315.0,2005.6679988974643,1150.0057373046875,29024,1093.731532524807,966.839822216097,0.33090609377563207
37,170.0,1283.7084206632967,609.7645874023438,81110,872.4890149180126,410.93715941314264,-0.16553263363156787
37,175.1,1425.523165402522,577.8934326171875,83983,872.7735017801222,409.8266673017158,-0.2091485456509738
37,180.1,1307.7011621339038,687.4229736328125,83209,871.094076361932,409.6368061147232,-0.059256555333497954
37,185.4,1507.4749398170438,569.6932373046875,83080,869.7365430909966,407.2782137698604,-0.2203705738361126
37,191.1,2057.4773329671084,1208.84130859375,145630,825.4248849824899,493.53933942182243,0.654308308452152
37,196.7,2088.469697823881,1132.335693359375,141904,818.8022395422257,516.2285488781148,0.5496098058234634
37,202.3,2063.0662776274244,1256.094482421875,141888,833.4237356224628,483.33957769508345,0.7189746277687363
37,207.9,2069.524690199676,1255.3475341796875,143883,830.6585906604672,487.44768318703393,0.7179524235519793
37,213.6,2039.056273779955,1268.622314453125,145343,832.967882870176,482.1966245364414,0.7361190589433287
37,219.2,2061.851932274016,1239.817626953125,147831,826.4250055806968,490.6383167265323,0.6966996301772392
37,224.8,1567.03253804488,693.5303344726562,77540,889.4066288367294,414.1369099819448,-0.05089858666693888
37,230.4,2028.8119750146177,1229.07275390625,140242,833.5449223485118,477.10571726016457,0.6819951916141767
37,236.1,2038.5196481657863,1228.4765625,138588,833.782823909718,476.6118928045718,0.6811792992470185
37,241.7,2027.1358191339746,1221.224609375,141497,833.4534795790723,478.60400573863757,0.6712549475377365
37,247.3,1583.2901340626718,70.45326232910156,85557,881.5094615285716,417.64893579718785,-0.9035841872708863
37,253.0,1558.2980139923268,662.2796630859375,88620,873.1085759422252,412.7929248476642,-0.09366536254746992
37,258.6,2004.9677582401937,1231.1649169921875,140470,836.6135758524952,476.72416886167866,0.6848583323350457
37,264.2,2001.4010735528798,1234.2802734375,137860,837.3054330480197,476.46452923255475,0.6891217207671185
37,269.9,1976.421884564145,1210.205810546875,138865,838.368307348864,472.94712850610307,0.6561756395086824
37,275.5,1977.4121233422036,1193.80126953125,139417,838.0654009195435,474.947230251691,0.6337259032980109
37,281.2,1965.5133767993586,1205.700927734375,140953,837.9893723439728,475.3418657282924,0.6500106739235871
37,286.8,1973.2701312674844,1205.6771240234375,139410,837.6053439495015,476.19371637615666,0.6499780983683873
37,292.5,1561.1542525290372,193.23512268066406,80070,894.5506931434994,416.76946421880854,-0.7355562995218393
37,298.1,1983.922044989179,1176.9862060546875,137233,840.1879868544738,473.30309765143954,0.6107143640507399
37,303.8,1968.127342480854,1196.432373046875,137888,841.7048038988164,472.6489832327686,0.6373265879994293
37,309.4,1522.7887734381181,782.0894775390625,75838,899.8429942772752,415.23204725863025,0.07029525831721996
37,315.0,1974.6010168349183,1182.132568359375,136502,840.1497120921305,478.9091588401635,0.6177571990849375
38,175.1,1865.266900490016,1103.1883544921875,78977,554.503994833939,970.4293655114781,-0.0154199061907071
38,180.1,1647.053925297749,952.6829223632812,80185,552.1794849410737,968.6901540188314,-0.14974388802107919
38,185.4,1950.95379607658,1161.982421875,80491,551.0302766768956,967.6905989489508,0.03705297221077476
38,191.1,1995.2619605302502,1189.018798828125,80264,551.3290267118509,969.0087959732881,0.06118255846717113
38,196.7,1998.3342308026354,1195.4566650390625,80597,550.2916237577081,968.292430239339,0.06692826353384061
38,202.3,2003.8555021925245,1195.4747314453125,81413,550.6439757778242,968.4389962291035,0.06694438754737646
38,207.9,1999.9735236208435,1198.7554931640625,81771,550.8281664648837,968.7715449242396,0.0698724212486565
38,213.6,1991.8933686349362,1196.212646484375,81205,549.775358660181,968.0501077519857,0.06760296634348592
38,219.2,2006.351621008764,1198.520263671875,81585,550.9758411472698,969.335012563584,0.06966248223457827
38,224.8,1988.8899406989744,1184.6080322265625,82292,552.1878797452972,969.764752345307,0.05724601129763875
38,230.4,1972.7284592465712,1172.9971923828125,82901,552.0887926563009,969.7005705600657,0.04688350000388397
38,236.1,1990.7074250681198,1180.6009521484375,82208,553.5466377968081,970.5612349163099,0.053669748673802656
38,241.7,1981.1354590931885,1177.4725341796875,81759,552.4501767389523,968.0839295979647,0.050877679627203264
38,247.3,1968.8072702663508,1162.4854736328125,82748,554.007299270073,969.6542031227341,0.0375019388309182
38,253.0,1977.2862848392037,1165.2958984375,81625,553.2897886676876,968.7021133231241,0.04001020345007918
38,258.6,1977.8183821638895,1157.79736328125,81677,552.4949128885733,969.4671449734932,0.03331786626440308
38,264.2,1958.202253991696,1141.1463623046875,82609,553.4953455434638,969.5029234102822,0.01845708203225894
38,269.9,1959.2379816852067,1136.7906494140625,81355,554.7950586933808,970.4251121627435,0.014569669525595937
38,275.5,1959.6030636727162,1135.2578125,81275,553.9091110427561,970.4872839126423,0.013201634133909167
38,281.2,1949.8129438169174,1137.787109375,81537,553.7360830052614,969.8783864993807,0.015458996028927873
38,286.8,1930.4392857577268,1139.66064453125,82213,552.6419057813241,968.0928320338633,0.01713109981101026
38,292.5,1932.6096230701019,1151.4566650390625,82323,554.0973118083646,968.9881685555677,0.027658882243507488
38,298.1,1940.1884351186654,1161.9417724609375,82543,553.6036247773887,968.1732188071671,0.0370166931803191
38,303.8,1926.0106870229008,1130.3770751953125,82530,553.3535078153399,968.3750272628135,0.008845644720369935
38,309.4,1923.0812166632084,1133.71435546875,81929,554.0130722943036,968.7774170318203,0.011824120436968216
38,315.0,1931.4686762302524,1150.9114990234375,82605,553.3051631257188,969.7178742206888,0.027172329240459536
39,241.7,1552.787059038567,512.7373657226562,5471,1177.8720526411992,891.6892707000549,0.04056414364141793
39,253.0,1544.1980713596913,476.8363037109375,5185,1178.2044358727098,889.5706846673096,-0.03229451723536407
39,258.6,1545.3596966413868,497.1618347167969,5538,1177.252798844348,889.9691224268689,0.00895470737568049
39,264.2,1528.28074204947,511.6544494628906,5660,1177.810777385159,891.1780918727915,0.03836644184355851
39,269.9,1528.4996175908223,465.3570861816406,5230,1178.1715105162523,888.6456978967495,-0.05559077562529274
39,275.5,1532.670394238059,479.262451171875,5276,1178.096853677028,887.2492418498863,-0.027370822915797385
39,281.2,1531.6301950805769,544.1212768554688,5895,1177.478032230704,889.4054283290925,0.10425556696104746
39,286.8,1527.7956382778718,510.7153625488281,5319,1178.6559503666103,886.6456100770822,0.03646063150894586
39,292.5,1530.1455383040436,592.7330932617188,5861,1178.2487630097253,887.7672752090087,0.2029098030109797
39,298.1,1549.217704149933,639.5111694335938,5976,1177.8022088353414,886.9874497991968,0.29784259322098583
39,303.8,1530.338827838828,663.8330688476562,6006,1178.080919080919,887.1689976689977,0.3472021642751778
39,309.4,1520.751472513089,674.10546875,6112,1178.148560209424,887.3332787958116,0.3680492718240088
39,315.0,1510.2758045689511,661.0482177734375,5997,1178.535767883942,888.1580790395197,0.3415505063954578
40,253.0,1489.5185328612524,289.0152893066406,36152,467.4263387917681,107.56350962602346,0.01783873197332079
40,258.6,1475.0573197357876,278.8846740722656,36183,463.02213746787163,105.58903352403063,-0.01783873197332079
41,286.8,1780.280659813531,1069.850830078125,8366,451.8307434855367,19.035142242409755,0.0
42,309.4,2515.4404277068356,1670.4857177734375,61631,767.9543411594814,550.8580908958154,0.0
