cell_id,time_seconds,mean_intensity,mean_intensity_sub,area,centroid_x,centroid_y,dF_F0
0,0.1,822.546337515176,413.1247253417969,54362,246.3797689562562,108.65109819359111,0.0013452982664401603
0,5.1,832.8407698871717,413.63470458984375,52735,249.1809234853513,105.95374988148289,0.002581402742691724
0,10.1,828.684080846255,413.8573913574219,53979,252.8599825858204,104.2696233720521,0.0031211582548219172
0,15.1,831.8707815691345,414.389404296875,53367,254.3816028631926,102.39678078213127,0.004410668717061969
0,20.1,828.1503716090673,407.8422546386719,53820,259.0413415087328,100.69940542549239,-0.011458527981016046
0,25.0,830.1876606194437,409.2174072265625,52531,255.63644324303743,101.98237231349108,-0.008125387905355002
0,30.1,836.3309739253534,406.2591857910156,52273,258.32842959080216,100.69075813517495,-0.01529562232612248
0,35.1,835.9838968175227,411.3426208496094,52412,259.0738762115546,100.35547202930627,-0.002974225220794973
0,40.0,833.7159423022532,408.1683654785156,53035,261.72991420759877,100.8539266522108,-0.010668089800582547
0,45.1,836.3180010375238,415.610107421875,52047,258.37099160374277,100.82542701788768,0.00736944910423584
0,50.1,835.8612570948077,415.5386657714844,52327,261.86781202820725,99.80774743440288,0.007196286482076489
0,55.1,832.3403622548832,417.7276306152344,52118,259.80348440078285,100.23801757550174,0.012501971472356673
0,60.0,837.9669826678157,325.56085205078125,52215,263.89173609116153,97.20212582591209,-0.21089489806994174
0,65.1,947.8070239304121,387.54974365234375,52193,261.37807751997394,98.80453317494683,-0.060644183594749275
0,70.0,869.3503756715501,440.47784423828125,50443,257.8766528556985,99.56326943282517,0.06764468757860641
0,75.1,993.0006063328093,508.8379211425781,44530,240.01933527958678,107.86600044913541,0.23333809055906576
0,80.1,907.1004906995321,484.2748718261719,43815,240.56914298756135,107.31023622047245,0.1738013636693338
0,85.1,999.5196362227338,512.4353637695312,43873,240.08472181068083,108.15948305335856,0.24205769032957686
0,90.1,903.9925345790969,480.90948486328125,43668,242.38794998625997,106.90077402216727,0.16564422805042447
0,95.1,1012.7201999687549,462.6824951171875,38406,230.29414674790397,118.79813050044264,0.12146505076031848
0,100.1,904.6731557838764,438.16534423828125,44382,243.34894777161912,108.11349195619846,0.062039574013144236
0,105.1,1010.1651459146483,453.9353332519531,38687,231.27241709101247,118.1709618218006,0.10026339210945635
0,110.0,901.3002918385831,378.9306640625,39748,231.91883868370735,118.34982892220992,-0.08153539221348718
0,115.1,1006.3090669103462,583.653564453125,39396,231.84396893085594,118.77299725860493,0.4146787077390554
0,120.1,916.2837926179221,394.3657531738281,39772,233.84886352207585,117.11721814341747,-0.044123315516396214
0,125.1,1026.8939773676616,564.076416015625,39501,233.56785904154324,118.64411027568923,0.3672269714017158
0,130.0,923.4169355251703,487.03314208984375,39054,234.87527525989654,117.3428330004609,0.1804869498626822
0,135.1,1028.4056026125115,563.8756713867188,39196,236.95976630268396,117.9404020818451,0.36674039996704505
0,140.1,917.3479011655959,485.1167297363281,39379,237.718377815587,118.2333985118972,0.17584188656334826
0,145.0,1017.6874527207625,491.2900390625,39658,238.74779363558426,116.34550405971052,0.19080495676785428
0,150.1,905.7647481181239,457.69329833984375,43175,246.06302258251304,109.62019687319051,0.1093720715008808
0,155.1,997.4317852793162,524.78271484375,43517,245.8678217708022,110.40372727899441,0.2719856060068212
0,160.1,896.9327325317333,360.8449401855469,41833,242.67367867473047,117.03241460091316,-0.1253721646432875
0,165.0,1005.400572176696,493.92901611328125,41246,242.63087329680454,115.31198176792901,0.1972013961478661
0,170.1,893.3297519318683,451.30560302734375,43093,246.99094980623303,109.66286867936788,0.09388936549087736
0,175.1,995.0846979771163,519.7610473632812,42563,246.45126048445834,108.73667269694336,0.2598139231890847
0,180.1,890.2428195392392,482.4673156738281,42929,248.25698245940973,109.44748305341378,0.16942014961102608
0,185.4,1023.1670025368074,567.601318359375,42179,247.58126081699425,108.61450010668817,0.37577074564771906
0,191.1,1035.871513360077,547.0625,42627,247.02317779810917,109.9810448776597,0.3259880821213638
0,196.7,1045.1680634681481,554.8013305664062,42478,245.17190074862282,111.35536042186544,0.3447457142029106
0,202.3,1051.8710891276567,590.6754150390625,42254,245.8067638566763,111.21240592606617,0.4316985001601957
0,208.0,1053.7730051253116,561.553466796875,42534,247.7040250152819,112.98760991207034,0.36111176409750484
0,213.6,1062.752145819269,571.0869750976562,41476,245.6640225672678,113.42002603915518,0.38421939510427466
0,219.3,1059.5563601648544,531.4910888671875,42947,247.7081519081659,111.10047267562344,0.2882455836245352
0,224.9,1057.7285518267868,600.2493286132812,42999,248.50312797972046,109.69538826484337,0.454904066797781
0,230.5,1069.0024712479803,521.107421875,42084,244.70402053036784,115.74500998003992,0.2630773100171181
0,236.1,1070.725326482552,540.9900512695312,42039,244.74823378291586,116.3050262851162,0.311269481146348
0,241.8,1060.3907266111046,505.0610046386719,42595,244.0211527174551,115.86827092381735,0.22418347610213046
0,247.4,1062.0402579171525,622.1338500976562,42029,242.92114968236217,117.29819886269004,0.5079484898229567
0,253.1,1072.4677569758267,625.0186767578125,41823,244.42211223489468,116.98924037013127,0.5149408275729453
0,258.7,1070.7819942053566,529.458251953125,42453,243.50738463712813,115.65955291734389,0.28331832664577455
0,264.3,1053.3109034132801,613.2011108398438,46114,247.23387691373551,108.98620809298694,0.4862970225837345
0,270.0,1054.5935922330098,621.853271484375,46350,245.67206040992448,108.88595469255664,0.5072684141509648
0,275.6,1060.0902889071772,621.1298217773438,46174,245.8791960843765,107.07406765712305,0.5055148929545062
0,281.2,1057.3762804606476,629.8275756835938,47151,246.24169158660473,106.96277915632754,0.5265967949691974
0,286.8,1060.9170758550626,636.368896484375,47248,246.49585167626142,106.07471215712835,0.5424518634909267
0,292.5,1054.81526145954,644.260986328125,48344,246.38554939599535,106.54316978322025,0.5615809704500833
0,298.1,1041.2491516124444,560.7511596679688,49211,247.21460649041882,107.39072565076914,0.3591671056880348
0,303.7,1043.7124000894873,627.146240234375,49169,247.2644959222274,106.63009213122089,0.5200976859097507
0,309.4,1044.5611845028886,623.7025146484375,49506,250.0446814527532,106.58958510079586,0.5117506705594945
0,315.0,1039.0591969560428,619.2820434570312,49935,248.89942925803544,107.90571743266246,0.5010361870824411
1,0.1,1130.316467357297,682.4894409179688,57532,561.2463672391017,90.34424320378224,-0.05582546348614841
1,5.1,1136.0617452037839,682.3265991210938,56555,560.4450358058527,89.23203960746176,-0.05605074327638624
1,10.1,1143.566198792814,691.2626342773438,55998,563.611753991214,88.08444944462302,-0.04368838813053143
1,15.1,1224.8375038790307,778.410400390625,35447,635.1219849352555,75.09202471295173,0.0768742121751263
1,20.1,1224.6820606400897,779.7232055664062,35620,634.9110050533408,75.07821448624368,0.07869038271793947
1,25.0,1223.648893766969,781.2905883789062,34622,639.3998035930911,75.43189301600138,0.08085874291782985
1,30.1,1208.7591898351993,708.7697143554688,39745,620.185633413008,73.49606239778589,-0.019468615299699697
1,35.1,1220.8180807706558,776.9030151367188,35087,636.6970102887109,75.17128851141449,0.07478885423678155
1,40.0,1217.726174834363,772.2774047851562,35771,634.8993039053983,74.1147857202762,0.06838965851603028
1,45.1,1144.3557260216262,679.970458984375,56968,561.4182874596264,87.49938561999718,-0.05931029190552832
1,50.1,1209.7639178565698,766.1976318359375,37398,630.0937483287877,73.08420236376277,0.05997873453350375
1,55.1,1133.822292747931,674.3908081054688,57032,562.3330410997335,86.83761747790714,-0.06702933335386864
1,60.0,1215.0220189883603,561.9199829101562,37286,630.4864828622003,72.70313254304564,-0.22262454535785667
1,65.1,1368.2813345356176,631.37548828125,36597,633.0288274995219,72.67475476131924,-0.1265379018723791
1,70.0,1254.4050966862842,800.1594848632812,34493,640.5276142985533,73.35726089351462,0.10696248976657258
1,75.1,1384.6323968571512,882.9349365234375,34491,642.0852396277289,72.89136296425154,0.221476310816804
1,80.1,1258.5771600474386,818.3350219726562,34571,641.156778803043,72.5304156663099,0.13210702431505225
1,85.1,1392.6770316784318,896.9396362304688,34282,641.3284522489936,72.15591272387842,0.24085079496577005
1,90.1,1259.0960269755167,814.8958129882812,34105,643.040903093388,72.05565166397889,0.12734912865526163
1,95.1,1395.9954033555505,882.4013671875,34808,638.0517122500574,71.56757067340841,0.2207381564216544
1,100.1,1275.404433686572,800.2525634765625,33877,640.011010420049,71.14189568143578,0.1070912572628667
1,105.1,1401.765661868806,884.2273559570312,33904,641.4851050023597,70.50147475224162,0.22326427916698618
1,110.0,1273.2321066357576,783.1696166992188,34510,638.6553172993335,70.83375833091857,0.08345824202662368
1,115.1,1409.5551568708854,923.2178344726562,33722,641.7149931795267,70.61995136706008,0.2772047722703342
1,120.1,1288.5427884893752,823.279541015625,34542,638.982658792195,70.56956748306409,0.13894740703130304
1,125.1,1421.437074829932,937.0977172851562,34692,638.6165686613629,70.47705522887121,0.2964065813177124
1,130.0,1283.331470929911,775.5896606445312,36154,632.4043259390386,70.23441389611108,0.07297192375464599
1,135.1,1416.6384543840365,879.7937622070312,35481,634.1567599560328,70.18477494997323,0.21713072445826198
1,140.1,1288.8409175307795,798.3685302734375,35007,636.9325563458736,69.99891450281372,0.10448483426246885
1,145.0,1423.5156621056203,888.5094604492188,35372,633.12741716612,69.82924346941083,0.22918825949813532
1,150.1,1293.8243307638402,798.64013671875,35675,631.8988927820602,69.6829152067274,0.1048605820385402
1,155.1,1421.019667999781,885.8981323242188,36506,629.2200460198324,69.09398455048485,0.22557567683489116
1,160.1,1263.529519318674,677.7665405273438,41566,607.9127652408218,69.58985709474089,-0.06235925290466547
1,165.0,1420.6848058778444,869.6924438476562,37837,619.9716150857627,67.86420699315485,0.20315628469650734
1,170.1,1286.092527370519,787.6893310546875,36627,626.2023370737434,67.95011876484561,0.08971093833355838
1,175.1,1418.3856336383103,888.01708984375,35959,627.8180705803832,68.06526877833087,0.22850710055216508
1,180.1,1283.0678975255366,851.69921875,36614,625.9752553667996,67.86472387611296,0.17826396556535914
1,185.4,1490.139505893019,1016.0449829101562,35296,630.4580689029918,67.64579555757027,0.4056243852301975
1,191.1,1509.312122149425,1031.3717041015625,35563,629.5518094648933,67.62472232376346,0.42682779001505244
1,196.7,1528.8089792460821,1008.2111206054688,35415,629.2196526895383,66.48030495552732,0.39478680611586997
1,202.3,1535.3444634303482,1049.9283447265625,35699,627.9851816577495,66.49676461525533,0.45249955357786686
1,208.0,1549.254800936768,1021.9187622070312,34160,632.7132025761124,66.52693208430914,0.41375033196682726
1,213.6,1532.3123696057978,1024.48046875,36428,624.1124135280553,65.20305808718568,0.41729426677794873
1,219.3,1556.4474050902886,993.0059814453125,35165,626.5775913550406,65.75649082894924,0.37375160123437107
1,224.9,1541.9775423728813,1057.741455078125,35400,626.2578248587571,65.56101694915255,0.4633084238733485
1,230.5,1538.27018967945,1043.6534423828125,36219,620.5711090863912,63.896877329578395,0.4438186822604864
1,236.1,1542.0752274217925,1066.9583740234375,35067,626.6885675991673,64.99931559585936,0.4760593613260528
1,241.8,1537.8006696365235,1056.7357177734375,35243,624.1418153959652,64.28050960474421,0.46191705941175215
1,247.4,1544.4193361188486,1063.8526611328125,34464,625.8067548746518,64.34235724233983,0.47176283327265633
1,253.1,1544.4035712251523,1044.7650146484375,35114,622.4342427521786,63.69707239277781,0.4453564616981968
1,258.7,1559.0914203274056,1052.6085205078125,33964,626.5927158167472,64.73365916853139,0.45620738196951743
1,264.3,1579.944678770096,1075.18310546875,32718,632.0774191576502,64.96604315667217,0.48743767948711314
1,270.0,1565.1358543417366,1085.9210205078125,33558,629.939686512903,65.36915191608558,0.502292804485817
1,275.6,1560.0982328325858,1081.3970947265625,33217,631.4197549447572,65.22431285185297,0.4960342819774107
1,281.2,1559.246909876395,1082.239013671875,33332,630.9042961718469,65.32011280451218,0.4971990156455294
1,286.8,1567.018863194836,1088.04248046875,31914,635.4231371811744,66.1072256689854,0.5052276901488929
1,292.5,1560.342465324525,1087.0914306640625,31939,636.9724161683208,66.41068912614672,0.5039119818687259
1,298.1,1544.295358780518,1068.3055419921875,32276,634.3895464121948,65.77673813359772,0.4779230702953667
1,303.7,1550.4730457806102,1079.356689453125,32481,631.978387364921,64.65604507250393,0.4932115295832387
1,309.4,1562.905126541207,1094.751708984375,30820,638.4746268656717,64.29224529526282,0.5145094201571776
1,315.0,1560.5533584231678,780.8193969726562,31354,635.1508260509027,64.02149645978184,0.08020688385462293
2,0.1,508.7809994406116,106.25139617919922,10726,1114.2346634346447,48.5716949468581,0.01848267557874105
2,5.1,508.8171586533715,108.40899658203125,10129,1111.942245038997,47.64418994964952,0.03916455563046253
2,10.1,509.4229568948703,107.11731719970703,10254,1112.3587868149016,47.42832065535401,0.026783042345868056
2,15.1,503.8408513042659,103.09013366699219,10619,1111.8761653639701,48.67699406723797,-0.011819901304194132
2,20.1,496.9307015866947,96.74827575683594,10462,1110.557254826993,49.84037468935194,-0.07261037225087737
2,25.0,495.1914367645605,95.16839599609375,10113,1109.7724710768318,48.58667062197172,-0.08775445716341439
2,30.1,495.15160841938047,93.93846893310547,10072,1108.960583796664,48.2873312152502,-0.09954403782705408
2,35.1,487.05251276010995,91.44246673583984,10188,1106.4443462897527,50.89026305457401,-0.12346969986573497
2,40.0,480.2600589746029,163.6785125732422,10513,1103.9945781413487,52.342908779606205,0.5689556600196451
2,45.1,484.3921149737813,168.51651000976562,10298,1105.5932219848514,50.8435618566712,0.6153307360260168
2,50.1,484.26079363539344,171.6575469970703,10307,1107.1576598428253,50.09576016299602,0.6454394392521506
2,55.1,487.31487960485697,170.1981658935547,9718,1105.0525828359746,49.068841325375594,0.6314504054658009
2,60.0,483.64609297725025,171.951904296875,10110,1106.2210682492582,49.670524233432246,0.6482610286247324
2,65.1,551.4439401753481,211.71319580078125,9695,1105.2657039711191,49.32284682826199,1.0293965996535168
2,70.0,509.0900212314225,186.05946350097656,9420,1107.6694267515923,47.73535031847134,0.7834903541749197
2,75.1,554.5463643138507,206.1826934814453,9393,1105.6759288832109,48.29926541041201,0.9763834534545551
2,80.1,505.8360114461809,180.51390075683594,9086,1104.6124807395993,49.039621395553596,0.7303328448682529
2,85.1,555.461759822911,214.55072021484375,9035,1107.3383508577754,47.68289983397897,1.0565959547789805
2,90.1,518.5164201554275,190.46592712402344,7978,1108.5896214590123,44.08799197793933,0.825728922532855
2,95.1,582.861571737563,234.88046264648438,6935,1112.0898341744773,37.59913482335977,1.2514685984351916
2,100.1,530.550282653972,199.4814453125,6722,1112.4162451651293,36.59401963701279,0.9121480136367703
2,105.1,572.2888642351962,225.0615234375,7211,1108.473582027458,41.48287338787963,1.157348240147898
2,115.1,560.2182354386828,217.7264404296875,8138,1104.1393462767264,48.909437208159254,1.0870371173200217
2,120.1,513.8149877149878,193.3868408203125,8140,1104.4479115479116,48.411179361179364,0.8537276134066553
2,125.1,559.0216112378437,222.68447875976562,8329,1102.6958818585665,50.45179493336535,1.1345628565161763
3,0.1,422.0333458170085,132.16897583007812,69424,863.0305369900899,145.7358118230007,0.01727537880586891
3,5.1,425.81256714771047,132.96824645996094,68878,862.3061354859317,143.1780249136154,0.023427188091489543
3,10.1,423.6576533633777,129.30105590820312,69231,866.7831751671939,144.5268015773281,-0.004798366614244662
3,15.1,422.89408255309434,128.59703063964844,70064,860.216173783969,147.6555292304179,-0.010217093416505984
3,20.1,420.5944738887711,126.58709716796875,70755,863.261055755777,147.39071443714226,-0.025687106866608245
3,25.0,420.9797708303862,126.70032501220703,70690,860.9691894185883,148.10035365681142,-0.02481561718897804
3,30.1,420.5706766092773,125.25452423095703,72952,858.6239719267463,149.93238019519683,-0.03594362607447328
3,35.1,421.7969936083514,125.68177795410156,73377,869.8130204287447,148.06450250078362,-0.03265514865132327
3,40.0,419.3431790043673,125.14653015136719,73501,866.5314213412063,148.9550074148651,-0.03677483262301149
3,45.1,421.8013404459034,123.08255767822266,73110,862.2125017097525,148.73333333333332,-0.05266077231707674
3,50.1,418.9154466354894,123.0497055053711,72061,858.6314372545482,149.93891286548896,-0.05291362822650843
3,55.1,418.3425861670136,121.59038543701172,73491,859.2712032765917,149.9820386169735,-0.06414569207519757
3,60.0,416.01376754037597,119.16534423828125,75540,855.8933545141647,153.56104050833994,-0.0828106979025104
3,65.1,469.9616065591632,151.9037628173828,73424,859.4515144911745,152.75325506646328,0.16916967004993266
3,70.0,438.56844950762695,135.4535369873047,72506,859.0866135216396,151.65933853750033,0.04255591967746053
3,75.1,472.020747454342,152.0319061279297,73262,856.2038573885507,155.41744697114467,0.1701559607732988
3,80.1,436.0041527343329,132.90853881835938,74168,861.7785298241829,153.46735789019525,0.022967631577970642
3,85.1,469.27439783101283,149.99925231933594,76349,860.3179216492684,156.044165607932,0.15451107391439775
3,90.1,433.90201906457867,130.313232421875,76372,854.6881186822395,156.7702953962185,0.0029921321763923827
3,95.1,470.7046807849635,150.49940490722656,77252,862.8331305338373,153.3195127634236,0.158360637778472
3,100.1,435.8157841166442,130.44161987304688,78598,855.8926563016871,155.2179190310186,0.003980301996159321
3,105.1,468.6265734800852,146.17051696777344,78409,850.8536137433202,159.30500325217767,0.12504214460896393
3,110.0,432.9205371999049,125.4268569946289,84140,858.9163299263133,158.89490135488472,-0.034617218902563626
3,115.1,467.93431167016075,146.1573028564453,78705,850.0240010164539,160.1040086398577,0.12494043851627103
3,120.1,436.3648927622226,130.4873504638672,80895,848.8925891587861,161.7628283577477,0.004332280240732831
3,125.1,473.60436896191004,153.3461151123047,81255,846.3379484339425,164.98913297643222,0.1802711366987667
3,130.0,444.1891894937294,136.51864624023438,88747,872.6211928290534,153.20435620358998,0.05075383005649447
3,135.1,468.99832880226904,146.35951232910156,84969,849.9330814767739,163.37051159834763,0.1264968001102277
3,140.1,440.65338972423933,133.4991455078125,87721,870.8358545844211,152.90033173356437,0.02751340065853864
3,145.0,540.5198925418958,206.5847930908203,7817,1101.945119611104,50.882691569655876,0.5900374677729093
3,150.1,519.2704574448697,205.53494262695312,5487,1109.936030617824,32.70311645708037,0.581957000918925
3,155.1,521.6038916704597,215.18487548828125,8788,1100.3064406008193,56.19833864360491,0.6562304001437131
3,175.1,516.4807819748178,212.28028869628906,9054,1102.7923569692953,57.43649215816214,0.6338744379329055
3,185.4,521.2273786407767,227.5042266845703,10300,1104.3439805825242,62.565242718446605,0.7510497219712453
3,208.0,548.22244616527,248.166015625,9427,1104.861461758778,59.97241964569852,0.9100789422491194
3,213.6,550.9944237918215,250.80001831054688,9146,1105.4143888038486,58.764377870107154,0.9303522784302234
3,219.3,549.4175138399597,248.65737915039062,9935,1104.9635631605436,61.23301459486663,0.9138608586427651
3,224.9,546.070761973131,247.79669189453125,9751,1103.6020920931187,61.62916623936007,0.9072363391688201
3,230.5,543.3271732397275,249.5950927734375,9686,1102.3597976460871,61.947449927730744,0.9210782330311603
3,236.1,554.5492679887863,257.96600341796875,9631,1103.5439725885162,59.28210985359776,0.9855072810992449
3,241.8,554.2531907930621,258.9725646972656,9167,1100.9985818697503,58.80331624304571,0.9932545606726637
3,247.4,552.9692840388697,254.51834106445312,8953,1100.0144085781303,57.841058862950966,0.9589713863883986
3,253.1,563.2974153622133,255.10281372070312,8241,1100.6741900254824,53.84613517776969,0.9634699431718967
3,258.7,566.9618789965568,260.67431640625,8132,1101.2208558780128,52.40850959173635,1.0063525672473401
3,264.3,573.5540835837203,254.99673461914062,7322,1099.9736410816718,50.491395793499045,0.9626534757857522
3,270.0,572.685670689416,252.76380920410156,7209,1099.328200860036,50.534886946871964,0.9454671426605757
3,275.6,566.3710102489019,249.70399475097656,6830,1099.2795021961933,49.04377745241581,0.921916427469439
3,281.2,567.2185893774986,255.8944549560547,7004,1100.6290691033696,49.37621359223301,0.9695630306949926
3,286.8,563.5396551724137,249.395263671875,6960,1098.3724137931035,49.873275862068965,0.9195401926271114
3,292.5,559.1497597803706,251.2610626220703,7285,1098.4457103637612,50.61441317776253,0.9339008345395956
3,298.1,554.8728977116074,242.06275939941406,7254,1095.7842569616764,52.53212020953956,0.8631035287692241
3,303.7,549.4725755710573,239.37374877929688,7311,1096.2994118451647,52.41211872520859,0.8424068086803166
3,309.4,545.5627589894399,236.18617248535156,7481,1094.2574522122711,54.47400080203182,0.8178727388539399
3,315.0,550.2777084200305,241.740478515625,7209,1095.9900124843946,52.642530170620056,0.8606230040766525
4,0.1,1185.7922394678492,701.735107421875,54120,70.54007760532151,347.1270694752402,-0.05945193043069886
4,5.1,1148.1163740302163,726.0986938476562,44082,74.41007667528696,320.5177169819881,-0.026796981379137327
4,10.1,1177.7375626102921,763.7342529296875,56101,69.14791180192866,353.29163473021873,0.023646629133404654
4,15.1,1180.5471206071725,770.2757568359375,55602,68.3372540556095,354.3909571598144,0.03241432339015588
4,20.1,1183.5566385764403,768.6146850585938,55298,68.13615320626424,355.88442619986256,0.030187959286275493
4,25.0,1343.5081560283688,892.236083984375,11280,46.41072695035461,498.2412234042553,0.19587992323015543
5,0.1,1188.8298582580114,777.7520141601562,58416,561.9689982196659,310.58439468638727,-0.005671082667479025
5,5.1,1199.4759631243599,784.1275634765625,57599,562.0560426396291,310.07012274518655,0.002479835534935171
5,10.1,1198.7102652149156,782.6400756835938,57953,561.6896278018394,311.0467620313012,0.0005781340930879383
5,15.1,1198.9137859584903,784.7468872070312,57914,561.8530925164899,309.6436440238975,0.0032716193981506265
5,20.1,1197.5912412533178,781.6727905273438,58022,561.8233601047879,309.71883078832167,-0.0006585063586947108
5,25.0,1191.8339288781997,778.5436401367188,58210,561.971740250816,309.32779591135545,-0.004659016371440347
5,30.1,1194.0247650845008,769.5454711914062,58106,562.57830516642,308.8531304856641,-0.016162862613521924
5,35.1,1197.3946366150153,783.7296752929688,57501,562.5253821672667,309.8765760595468,0.0019711493218375503
5,40.0,1192.00765160059,780.69091796875,57635,562.3545588618027,309.3580116248807,-0.0019137962973511643
5,45.1,1192.571693791859,781.14111328125,57634,562.2830100288024,310.0232154630947,-0.001338237238015676
5,50.1,1189.7074561858342,779.956298828125,57858,562.0316810121332,308.6678073905078,-0.0028529813350629237
5,55.1,1185.367391116114,776.9616088867188,57745,562.5790977573816,308.9296216122608,-0.0066815883370010655
5,60.0,1189.463692676071,642.1400146484375,57633,563.6065448614509,308.30217063140907,-0.1790463104994426
5,65.1,1352.6967083538257,720.5724487304688,56932,562.0004215555399,309.1887514930092,-0.07877316964650093
5,70.0,1216.0210984535993,802.3992309570312,56971,562.613171613628,309.27508732513036,0.025839527329925654
5,75.1,1351.1395759093957,904.79541015625,56686,562.8401368944712,309.23217372896306,0.15674948339360734
5,80.1,1216.1152486945514,800.1917114257812,56877,562.1003569105262,309.19188775779315,0.023017290337240467
5,85.1,1347.0512797912847,902.0228271484375,56728,562.5308137075166,309.7238929629107,0.15320483238637117
5,90.1,1207.650489728086,793.9149169921875,56562,563.3003076270287,309.6780700823875,0.014992626820022151
5,95.1,1346.9702414672142,895.84716796875,56488,561.9751805693245,309.9764020676958,0.1453094667760562
5,100.1,1213.8895166684267,792.70166015625,56814,560.3463934945612,310.55667617136623,0.013441520125137276
5,105.1,1348.424656071473,892.7569580078125,56189,560.0667568385271,308.9675203331613,0.14135874074919125
5,110.0,1208.8878978878804,788.2388305664062,56957,560.644398405815,309.0262654283056,0.007735947611640588
5,115.1,1343.7026180788962,893.5359497070312,56530,562.1245887139572,307.91096762780825,0.14235465456078272
5,120.1,1223.1687737709537,800.6532592773438,56792,560.6391569235103,308.8833814621778,0.02360736322318067
5,125.1,1350.7305432679016,904.1690673828125,57872,556.6472041747304,311.8105474149848,0.15594872592792122
5,130.0,1220.625196712712,799.3477172851562,57190,557.4502010841056,311.2156146179402,0.02193827316363809
5,135.1,1355.5909988713317,905.415771484375,56704,555.2963106659142,311.35639461060947,0.15754259378936192
5,140.1,1221.4104647847162,801.5158081054688,56112,558.5322390932421,311.3820751354434,0.02471010191983592
5,145.0,1347.8486068439454,899.2505493164062,56634,557.2125578274535,313.08087014867397,0.14966057153576418
5,150.1,1222.4919497824023,806.8934326171875,55837,558.4277092250658,312.167003957949,0.0315852079448999
5,155.1,1351.6080610294248,906.3642578125,55973,556.9789184070892,312.10208493380736,0.1587552005927884
5,160.1,1212.7750075632196,612.0457763671875,56193,555.1366362358301,311.70197355542507,-0.21752074813938205
5,165.0,1332.7385159629428,893.6065673828125,57101,556.7152589271642,313.07528764820233,0.14244493680477016
5,170.1,1212.6114526043352,802.7985229492188,55638,554.9889643768647,312.8554944462418,0.026350008263517407
5,175.1,1340.5863114459992,906.3014526367188,55740,556.30127377108,311.93074991029783,0.15867490635850742
5,180.1,1206.0795688160317,797.8222045898438,55939,555.521764779492,311.9383435527986,0.019987958205797633
5,185.4,1386.7456267705381,938.8119506835938,56480,557.0819405099151,312.896388101983,0.20023844812547686
5,191.1,1398.9386949657955,947.5117797851562,57010,556.4871601473426,313.2371162953868,0.2113608772468925
5,196.7,1411.2456935310402,955.94873046875,56717,555.4117636687413,311.7362871802105,0.22214722544795054
5,202.3,1413.969014084507,959.1168212890625,56800,555.7718133802817,310.9226408450704,0.22619751944657687
5,208.0,1408.7342771433082,955.5409545898438,57003,554.8435696366857,311.10164377313475,0.22162589816006817
5,213.6,1401.7467147913235,947.738037109375,57074,555.1489820233381,310.10610785997125,0.21165013937175106
5,219.3,1399.8668960178893,943.3378295898438,58135,553.8886901178292,310.8650210716436,0.20602462699855784
5,224.9,1386.9906551653316,927.2117309570312,58428,553.8895221469159,309.4221777230095,0.18540797040053322
5,230.5,1381.5250157787898,925.7194213867188,58623,553.5802841887996,309.74875049042186,0.1835001044839453
5,236.1,1372.2574680182224,916.0277709960938,59487,552.5736211273052,309.22070368315764,0.1711096663177626
5,241.8,1367.5581485934933,911.7848510742188,59047,554.0275035141498,307.9685843480617,0.16568524067123794
5,247.4,1358.674918457807,902.1659545898438,59785,552.6615371748767,307.5896127791252,0.15338781584544678
5,253.1,1369.0749238062988,898.7313232421875,59060,551.8075685743312,306.98096850660346,0.1489967590469129
5,258.7,1355.4498092356268,886.2544555664062,60808,551.288958689646,308.33949480331535,0.13304551738904688
5,264.3,1368.3458425922854,897.4800415039062,60302,551.284667175218,307.4452588637193,0.1473970388360348
5,270.0,1368.1608071838034,902.3392944335938,60358,550.1929321713775,306.33776798435997,0.15360942481080914
5,275.6,1360.6457690085033,895.8754272460938,60565,549.5761908693139,307.33166019978535,0.1453455952799163
5,281.2,1366.5931056220036,901.5177612304688,60281,549.5314941689753,307.00855991108307,0.1525591231651129
5,286.8,1369.9490785645005,905.0142211914062,59798,548.6134486103214,305.6095019900331,0.1570292256967144
5,292.5,1364.5633143559016,904.3988647460938,60247,547.9331916941923,305.1096984082195,0.15624251386967802
5,298.1,1343.4801550311533,886.2267456054688,61149,547.6926687272073,306.7676495118481,0.13301009116711923
5,303.7,1350.3593464030735,876.6753540039062,60649,547.2231858728092,304.3682995597619,0.12079896898769805
5,309.4,1353.3021556448666,865.739013671875,60214,547.1733982130402,304.05950443418476,0.1068172379938271
5,315.0,1339.102823958096,836.2625122070312,61474,547.3712463805837,305.4145167062498,0.0691325554026315
6,0.1,949.899626397229,502.0166015625,66113,308.4386126782932,353.8218050912831,-0.009583011429308277
6,5.1,950.5640483878168,499.9232177734375,67207,309.6714627940542,351.87624800987993,-0.013713000082737023
6,10.1,955.5891118323989,504.5658874511719,67780,310.89048391856005,350.53765122455,-0.0045535840259003455
6,15.1,965.0480885153178,512.827392578125,88753,340.98486811713406,295.36423557513547,0.011745349123782675
6,20.1,968.908556738891,515.0368041992188,87136,340.47184860448033,296.2913032500918,0.01610424641416308
6,25.0,968.7335998648573,511.46710205078125,88795,343.1295568444169,290.53097584323444,0.009061663278574019
6,30.1,1073.764705882353,337.9605712890625,17,485.0,89.17647058823529,-0.3332453742965078
7,0.1,692.2322878808274,275.1767272949219,66861,450.9333243594921,578.2881350862236,-0.004567732692487809
7,5.1,695.4129797987464,274.38470458984375,65887,451.7920985930457,577.084295839847,-0.007432818576840124
7,10.1,698.0163129672985,276.9866638183594,66205,451.36042594970166,579.0595272260404,0.0019795841352071427
7,15.1,698.8200997026938,276.8620300292969,66598,451.6929787681312,578.9083005495661,0.0015287302550509043
7,20.1,700.4334839208227,278.7870178222656,67292,451.18321642988764,579.2838970457112,0.008492236879070298
7,25.0,697.752327497884,274.805908203125,67347,451.7543914354017,578.1959255794616,-0.005909144420641201
7,30.1,701.9394791666666,275.8403015136719,67200,451.92096726190476,576.6842857142857,-0.0021673000847215883
7,35.1,701.1200228557681,275.6613464355469,66504,452.9549651148803,579.3516480211716,-0.0028146573700389686
7,40.0,696.7946983107804,272.2143249511719,66658,452.75147769209997,580.3629721863842,-0.015284012774399261
7,45.1,697.875227970286,270.6146545410156,67443,452.3014693889655,579.8395978826564,-0.021070706870880578
7,50.1,698.1527481006648,272.1328125,67392,452.7395536562203,580.1314696106363,-0.015578878277312413
7,55.1,695.5420334705406,270.21759033203125,66566,453.1355947480696,582.0668960129796,-0.022507058446471377
7,60.0,701.4658780574686,276.6060791015625,67376,453.46372595582994,580.382361671812,0.0006028459521933208
7,65.1,819.1237470684015,355.1986999511719,66943,452.7703568707707,580.8637497572562,0.284906070047591
7,70.0,727.869797146117,297.8224792480469,67487,452.8632477366011,581.3636404048187,0.07735166664473492
7,75.1,823.3851457223441,358.560546875,67011,453.78463237378935,581.8635000223844,0.2970673125284655
7,80.1,730.6684906794949,298.60247802734375,66520,453.50299158147925,581.9916416115454,0.08017325683154032
7,85.1,823.3160790828056,358.8184509277344,67423,452.46310606172966,583.0610325853196,0.2980002621222952
7,90.1,725.1790957134468,295.951904296875,66417,453.4619148711926,582.9808783895689,0.07058499461139098
7,95.1,821.369804400978,360.08038330078125,67076,452.6312690082891,584.2533991293458,0.3025652128564628
7,100.1,729.0055221943933,296.8332214355469,66278,452.1887956788074,586.5834666103383,0.07377309676737336
7,105.1,823.5134788189987,356.2624206542969,66994,451.6487148102815,585.1501179210079,0.28875400414326335
7,110.0,728.6320001207894,298.917724609375,66231,452.88547658951245,584.0444655825821,0.08131363895250358
7,115.1,823.9078541248389,365.5365295410156,66742,453.1673309160648,583.307197866411,0.3223024343724994
7,120.1,737.5299227509092,310.8746643066406,66538,453.1879377197992,582.3543989900508,0.12456701909809981
7,125.1,836.0438354049255,379.5914611816406,64765,454.0706400061762,588.2842893538176,0.3731451513690018
7,130.0,738.196670278189,315.46514892578125,65531,453.378263722513,585.3785384016725,0.14117277118110214
7,135.1,831.7371253344558,380.8058166503906,66526,453.01651985689807,583.6016294381144,0.3775379960308963
7,140.1,734.3278747525643,312.1060485839844,66684,454.1970487673205,584.3249955011697,0.12902146426565717
7,145.0,830.6414751015952,378.6865539550781,65948,453.890701765027,584.050721780797,0.3698717137454972
7,150.1,734.9924947193384,314.42779541015625,66753,454.09355384776717,583.8859676718649,0.13742021851355296
7,155.1,827.2118476988479,376.0869445800781,64924,455.4112500770131,585.745178978498,0.36046781146165074
7,160.1,731.0448573140934,313.0116882324219,65073,455.4278272094417,585.8302521783228,0.13229755137327628
7,165.0,826.8544285386205,381.4778747558594,65315,455.2328714690347,585.1063614789864,0.3799691184963225
7,170.1,729.2820702745244,316.62310791015625,64803,456.40351526935484,588.300155856982,0.14536160556617764
7,175.1,821.2739461856171,379.83575439453125,65856,456.74975704567544,583.4874726676385,0.37402886471636976
7,180.1,728.7538303766856,314.913330078125,65333,456.70815667426876,581.9024382777463,0.13917660569114496
7,185.4,859.7108256656,398.9009094238281,65317,456.7609810615919,586.4908216850131,0.4429957089838444
7,191.1,870.8813945313098,408.7098693847656,65427,456.7669616519174,586.3739740474116,0.47847892498771755
7,196.7,876.1180525898359,410.0650939941406,65564,458.1727167347935,585.5439875541456,0.48338135376097374
7,202.3,875.6036828009865,417.5522766113281,66091,457.27952368703757,585.4730447413415,0.5104657051217797
7,208.0,875.4640775488576,420.75189208984375,64166,457.82492285634135,585.4328148863884,0.5220400868712852
7,213.6,871.822865904571,417.8895263671875,65871,457.64184542514914,585.8690622580498,0.5116856821613504
7,219.3,876.0626902382783,418.86181640625,65050,457.26209069946196,584.5561875480399,0.5152028723233919
7,224.9,872.7478288034989,414.97320556640625,64020,458.224320524836,585.7115120274914,0.5011360987883116
7,230.5,871.7005408221108,414.41217041015625,65271,457.1455317062708,584.4194358903648,0.49910659395657986
7,236.1,871.7062144256788,413.1430358886719,64302,457.19671238841715,586.4034555690337,0.49451558996195266
7,241.8,867.5899780992628,408.9869384765625,64838,458.16218883987784,584.8305623245627,0.4794812027492108
7,247.4,865.1263550765037,406.9198913574219,64572,458.63566251626094,586.6475562163166,0.4720038066021436
7,253.1,865.570372971405,404.1471252441406,65501,457.60658615898996,584.8134226958367,0.46197352211555315
7,258.7,868.442905447326,403.5928649902344,64472,457.23993361459236,588.871075815858,0.45996852501188085
7,264.3,871.8324764618434,402.44598388671875,64576,457.5859916997027,583.8929168731418,0.4558197640740377
7,270.0,870.4467625899281,397.1739196777344,66720,457.0937949640288,586.4424010791367,0.43674844623212017
7,275.6,867.930346305969,395.6183166503906,66242,455.9955617282087,586.543401467347,0.43112116276319656
7,281.2,869.5850793650793,393.6227111816406,66150,457.31897203325775,586.5386092214663,0.4239022017124677
7,286.8,871.4331087729922,396.15472412109375,66055,459.02572099008404,586.657315873136,0.43306157869157713
7,292.5,867.4530795940569,397.2652282714844,67103,456.5097238573536,584.2131350312206,0.4370787485850652
7,298.1,861.8896411031357,394.89398193359375,66175,456.66571968265964,587.7381035134114,0.4285009333690956
7,303.7,863.3095459031123,397.6329345703125,67893,458.9020812160311,585.3785957315187,0.43840890000573185
7,309.4,859.4938888643165,394.2829895019531,67827,457.766774293423,583.6522328866085,0.4262907116417185
7,315.0,860.452440354363,395.3759460449219,66937,458.5032194451499,587.0752349223897,0.43024440431162925
8,0.1,829.1159363792297,525.9006958007812,25652,1116.3942772493374,519.0426867300795,0.004142896759507855
8,5.1,838.1532264529058,521.2852783203125,24950,1118.22124248497,517.6446092184369,-0.004669677012685803
8,10.1,840.6192269573836,524.50830078125,25225,1117.5343904856293,517.5198810703668,0.0014842891944110684
8,15.1,841.1005265677358,526.9150390625,25068,1117.6542205201852,517.4238471357907,0.006079660846841546
8,20.1,840.5099497566958,520.0453491210938,25277,1117.7136131661193,517.9335364165051,-0.00703716978807445
8,25.0,832.3382542976857,506.5104064941406,25537,1116.6777225202648,517.6956572815914,-0.032880483184356636
8,30.1,836.095,504.1334228515625,25600,1116.4651953125,518.523125,-0.03741904200252662
8,35.1,832.854234935811,515.4830322265625,25939,1116.306064227611,519.0925247696518,-0.015748354502203223
8,40.0,825.3841327276926,504.3518981933594,25978,1115.5522365078143,518.8274693971822,-0.03700189012512058
8,45.1,823.0573265470131,506.8525390625,26131,1115.4902988787264,519.0792162565535,-0.03222722299472134
8,50.1,826.2059138141809,523.7488403320312,26176,1115.4177108801955,520.3987622249389,3.419258578882162e-05
8,55.1,819.258947684681,499.5533142089844,26627,1114.6793855860592,520.9213580200549,-0.046164197878064486
8,60.0,825.2552279802234,520.0617065429688,27305,1112.1849844350852,522.358872001465,-0.007005937296624578
8,65.1,979.241410251617,637.451171875,26747,1113.601974053165,521.4272628706024,0.21713485336741503
8,70.0,860.3829937274988,544.0662841796875,26943,1112.884459785473,521.596147422336,0.03882786044521035
8,75.1,985.4551355338374,646.6312255859375,27115,1112.0459893048128,522.784584178499,0.2346630403413311
8,80.1,865.2481246602646,548.326171875,27595,1111.0544663888386,523.418952708824,0.04696159368495809
8,85.1,979.6242428638787,626.9391479492188,27571,1111.6675855065105,522.9114286750571,0.19706343258413117
8,90.1,855.0732476000725,531.7732543945312,27605,1110.9683028436878,522.8819779025539,0.015355827346600846
8,95.1,970.1486275622384,619.9524536132812,28198,1109.40541882403,523.7838499184339,0.18372319640403084
8,100.1,853.2617083841354,529.5342407226562,27886,1110.0,523.5188983719429,0.011080705270678762
8,105.1,974.3713954918774,618.6699829101562,27639,1109.7298020912478,523.8905893845653,0.18127447584304307
8,110.0,854.6023836875358,528.729736328125,27856,1108.9895534175762,524.4933228029868,0.009544602771422165
8,115.1,976.7984470928133,623.4827270507812,27690,1109.2916576381365,524.5169014084507,0.1904638206781376
8,120.1,865.4332263814616,525.1366577148438,28050,1108.780320855615,525.0202139037433,0.002684059714845532
8,125.1,985.8575048176433,618.71142578125,28022,1109.4278067232888,524.7089072871315,0.18135360592399258
8,130.0,864.1443766841583,522.1687622070312,28204,1109.4628066940859,525.4688696638775,-0.0029827728569510902
8,135.1,978.5202025605364,611.415771484375,28041,1108.9367354944545,525.5366784351486,0.16742344858076066
8,140.1,852.8601432814958,512.1752319335938,28615,1108.4228201991962,525.8511619779836,-0.022064193584762304
8,145.0,972.0774318092447,602.8095703125,27973,1108.8177528330891,526.1769920995246,0.15099096266882855
8,150.1,850.6657834304893,508.6408386230469,28305,1108.355343578873,526.5726196785021,-0.028812684251305162
8,155.1,964.2894755568207,601.2706298828125,28106,1108.4019070661068,526.4541734860884,0.14805254461130213
8,160.1,842.3474609305787,500.12548828125,28219,1108.5033842446578,526.8685991707715,-0.04507170164262856
8,165.0,959.5510384601777,590.7017211914062,28263,1108.572621448537,526.9642996143367,0.12787250934282693
8,170.1,836.9496904024768,495.5495910644531,28424,1107.7390233605404,526.8573740500985,-0.05380881631700956
8,175.1,954.2211344760558,585.1506958007812,28295,1109.1751192790246,527.2163633150733,0.1172735069831889
8,180.1,838.0479678805382,494.14361572265625,28394,1108.1932098330633,527.2337113474678,-0.056493353842358575
8,185.4,997.5448089160777,619.6148071289062,28443,1108.5322574974512,527.4228456913828,0.1830785018417148
8,191.1,1015.8231530366071,628.4592895507812,28601,1108.1212894654034,527.9452117058844,0.1999659565843197
8,196.7,1022.1695994402659,636.720703125,28585,1108.2153227217073,527.9587895749519,0.21574011285371325
8,202.3,1020.6338110659409,630.3056030273438,29026,1107.3935092675533,528.0327292771998,0.20349126578715043
8,208.0,1026.6869092050647,631.2819213867188,28669,1108.2124245700932,528.2453521225017,0.20535542598577788
8,213.6,1016.6065303316722,634.3684692382812,29095,1107.6417941227014,528.6478776422066,0.2112488106597333
8,219.3,1027.4873536137482,623.2413330078125,28862,1107.6445152796064,528.8539602245166,0.1900029083509576
8,224.9,1021.3331253033771,617.0344848632812,28842,1107.4946258927953,528.6985992649609,0.17815169285464463
8,230.5,1014.3158387678645,613.7451171875,28828,1107.9366934924378,528.3051547106979,0.17187104859454028
8,236.1,1015.3354682361087,614.01611328125,28885,1107.280560844729,528.880180024234,0.17238848240811278
8,241.8,1010.8432432432433,613.1118774414062,28860,1107.4304920304921,529.4445252945253,0.17066195494232972
8,247.4,1005.3552649737786,609.2625122070312,28984,1107.3866961081976,529.1684722605576,0.16331206400665602
8,253.1,1009.8515024698133,612.8192749023438,29152,1106.9456984083424,529.9344470362239,0.17010326627064806
8,258.7,1012.7996178648197,616.2555541992188,29309,1106.6464226005664,530.3374390119076,0.17666442025806528
8,264.3,1026.474157614336,622.603271484375,28906,1106.6767453123919,530.6444682764824,0.18878460810611816
8,270.0,1021.2430776602663,628.4300537109375,29217,1106.2679946606427,530.7035287674984,0.1999101343328104
8,275.6,1016.5897215833019,621.4581909179688,29129,1106.2155240481993,530.552782450479,0.18659821716547992
8,281.2,1024.472850127129,616.5695190429688,28711,1106.6523980355962,530.4612517850301,0.1772638976312673
8,286.8,1022.4044201966849,628.220458984375,28777,1107.0059074955693,531.080098689926,0.19950993890132213
8,292.5,1023.038108704649,636.2029418945312,28996,1106.6481583666712,531.6675403503932,0.21475151126800704
8,298.1,1018.2715346706462,623.0191040039062,28814,1106.7443256750191,531.7196154647047,0.1895785893159987
8,303.7,1015.3721034792834,638.6986083984375,28914,1107.3337829425193,531.844262295082,0.2195166804579094
8,309.4,1013.5060842433697,633.3214721679688,28845,1106.850546021841,531.0843820419483,0.20924969812864705
8,315.0,1013.9110972956171,639.3880004882812,28953,1107.1639553759542,531.7671398473387,0.2208329901255449
9,0.1,1285.5823706099816,865.8018188476562,60592,692.5223461843148,603.8402594401902,-0.005430662573618623
9,5.1,1289.4855814108548,867.2654418945312,59992,692.0493565808774,601.9191392185625,-0.0037493602567559856
9,10.1,1290.0308469529434,868.8817138671875,59779,691.5552786095452,601.157112029308,-0.0018927061010912856
9,15.1,1296.8743977404883,876.3079833984375,60190,693.3390098022927,603.3572188071108,0.006638045170689818
9,20.1,1291.7081587837838,874.389892578125,59200,692.8312331081081,601.0002871621622,0.004434683760776338
9,25.0,1286.4513407652908,871.0974731445312,59742,693.0062602524188,601.2309095778514,0.0006525949001207386
9,30.1,1286.1422452317913,870.6102905273438,59299,693.2731580633738,600.3349466264186,9.295540499156538e-05
9,35.1,1289.0543647734087,868.0594482421875,58365,693.8406921956652,599.0345412490362,-0.0028372642667615715
9,40.0,1281.7533699878388,859.0505981445312,58383,693.0893924601339,599.0730178305329,-0.013185967489081931
9,45.1,1288.900755050677,860.7369384765625,58804,694.0340623086864,600.0804537106319,-0.011248823964786775
9,50.1,1291.9570844686648,863.3170166015625,58720,694.5412465940054,601.2325953678475,-0.008285020314310653
9,55.1,1286.1987697503316,859.6810913085938,58037,692.9797026035116,600.1150128366387,-0.012461703396788726
9,60.0,1300.3569477073002,871.0870361328125,57465,695.1717219176891,600.6891151135474,0.000640605630054704
9,65.1,1445.2176931845659,981.427734375,57898,694.0504507927735,602.5519707071056,0.12739186989507753
9,70.0,1321.8968437930253,888.4896850585938,57379,694.6232942365674,602.6995765001133,0.020631486493084713
9,75.1,1456.022105281684,989.6029052734375,56819,694.1028353191714,604.1051936852109,0.13678290387861447
9,80.1,1326.1642498408432,891.47802734375,56548,694.0552981537809,602.3153250335997,0.02406427392994508
9,85.1,1454.71110917183,991.56591796875,57295,694.3976263199232,605.657753730692,0.1390378682286952
9,90.1,1314.3425212597604,886.6380615234375,57503,693.7097368832931,605.5183555640575,0.018504477803065453
9,95.1,1443.137653803132,985.1333618164062,57216,694.0850810961969,606.0214450503356,0.1316486216700434
9,100.1,1321.3724910315864,893.298828125,57145,693.9232303788608,606.7613789482895,0.026155875711289793
9,105.1,1465.4388095021388,1003.8580932617188,54935,690.9910803677072,609.1251661053973,0.15315821352079492
9,110.0,1335.6188193471937,910.4417114257812,55698,692.5579194944163,610.5703436389099,0.04584835696378738
9,115.1,1471.3593174608961,1016.7317504882812,54854,692.6694315820178,611.5596674809494,0.16794652241476077
9,120.1,1347.488514113261,930.7041625976562,56330,692.8165276051838,612.8176637670869,0.06912436793760134
9,125.1,1481.678401400872,1040.4512939453125,54823,691.8444083687504,612.2522846250661,0.19519378628804998
9,130.0,1342.6322128251793,939.4214477539062,56046,689.6193305499054,614.6960353994933,0.07913814283766761
9,135.1,1462.8167104666968,1041.197021484375,55175,688.3194200271862,615.5647485274128,0.19605042313990267
9,140.1,1343.2689602805851,940.1251831054688,55313,688.9491078046752,616.825954115669,0.0799465421584944
9,145.0,1473.1678082191781,1041.7178955078125,54604,689.5562779283568,616.4943227602373,0.19664876484015728
9,150.1,1342.6491724378639,943.2853393554688,54437,687.417638738358,617.5537593915902,0.08357669681895644
9,155.1,1462.04315816197,1041.84765625,55146,687.6113408044101,619.8784136655423,0.19679782442004262
9,160.1,1330.2602848393167,942.30322265625,54206,682.7016935394606,621.3049846880419,0.08244851351701163
9,165.0,1455.538457301287,1042.4610595703125,54463,684.1247452398876,621.820997741586,0.1975024569590113
9,170.1,1321.7526978579278,933.1061401367188,55507,685.9398634406472,622.1450267533825,0.07188358275735997
9,175.1,1452.907486621445,1037.2099609375,55873,687.3262756608738,623.0921912193725,0.19147038174929654
9,180.1,1322.1328151584075,932.5032348632812,55837,687.5770367319161,622.7968014040869,0.07119100960114776
9,185.4,1517.0687608569774,1078.42626953125,55264,690.4618558193399,622.7645483497395,0.2388166402542814
9,191.1,1529.1856249085322,1093.964111328125,54664,688.1400739060442,623.6610566369092,0.2566653680861561
9,196.7,1549.8485025428517,1105.8973388671875,53090,689.1591636843096,622.7567338481823,0.27037338064575084
9,202.3,1536.7691664187982,1108.954345703125,53792,683.9553837001785,625.9621133254016,0.27388504485936144
9,208.0,1521.2478415170294,1102.5679931640625,56637,685.3542383953952,629.1859914896622,0.2665488736073762
9,213.6,1516.6354037719361,1098.9417724609375,54932,681.6545729265273,628.4832520206801,0.26238333844267886
9,219.3,1533.1106030759222,1113.0919189453125,55333,683.5294309001862,629.605045813529,0.27863798414460406
9,224.9,1538.7154076428412,1115.91943359375,54116,683.3719232759258,628.7516076576244,0.2818860246421428
9,230.5,1535.3506962351728,1114.232421875,54292,684.3189420172401,628.1013224784499,0.27994810987825275
9,236.1,1535.3831097753289,1113.242919921875,53901,682.1620192575277,628.2392163410698,0.27881144294076415
9,241.8,1532.3705343796712,1108.9176025390625,53520,682.5330904334828,629.8715994020927,0.27384283701971374
9,247.4,1522.9049462046999,1101.9903564453125,54001,684.4608988722431,629.1908483176237,0.2658853271050081
9,253.1,1526.4979370571148,1104.263671875,54049,681.7651020370405,631.3970841273659,0.26849674437330945
9,258.7,1532.620039143199,1106.83935546875,55182,684.495197709398,631.2564785618499,0.2714554999100735
9,264.3,1531.8052822749924,1106.68701171875,54787,681.2309306952379,631.98307992772,0.2712804986347237
9,270.0,1540.0266798238401,1110.71728515625,54723,683.4905067339145,632.4097180344645,0.27591017981016464
9,275.6,1532.3279676955415,1104.96826171875,54234,681.557012206365,632.9413098794114,0.2693061252718024
9,281.2,1547.0438570084666,1115.837646484375,53150,680.4028410159925,634.1898777046096,0.28179207363694697
9,286.8,1537.6992675652207,1108.6151123046875,52974,683.1727639974328,633.0841733680674,0.2734953585258701
9,292.5,1532.3426903677957,1105.542724609375,52937,680.9531140789995,632.5915900032113,0.26996602591426744
9,298.1,1523.812726119876,1100.009521484375,53622,681.27378687852,634.3879377867294,0.2636098898493175
9,303.7,1538.4283062117568,1113.5572509765625,52787,683.9513895466687,634.1045522571845,0.27917252329655406
9,309.4,1540.4375211649171,1111.463134765625,53154,683.1890544455732,634.3728035519434,0.2767669568873982
9,315.0,1543.521053231073,1119.0191650390625,52676,684.5209393272079,634.9205140861113,0.28544676773906463
10,0.1,1624.9738407747084,1143.79931640625,54627,257.75058121441776,652.4551595364929,-0.006109232855184786
10,5.1,1624.9549518381616,1148.064697265625,54919,258.4782862033176,651.92900453395,-0.002402881055807311
10,10.1,1635.793948945372,1156.2073974609375,54569,257.0623064377211,651.5589070717807,0.004672621112857174
10,15.1,1631.2281064277224,1153.0283203125,54685,256.9089512663436,651.4047179299625,0.0019101999603419325
10,20.1,1632.5151198400908,1153.05029296875,54531,256.97428985347784,651.6104417670683,0.0019292928377927924
10,25.0,1627.5921570792389,1147.5634765625,54342,256.4777888189614,650.146847742078,-0.002838410804769703
10,30.1,1642.8704542081045,1149.5390625,53896,255.66993839988126,648.7854757310375,-0.001121748978854614
10,35.1,1626.482740404758,1143.52197265625,54897,257.04224274550523,650.3060822995792,-0.006350227397231194
10,40.0,1628.7131102071005,1121.8050537109375,54080,256.0047522189349,649.8619082840237,-0.02522088496887133
10,45.1,1632.8572744014732,1142.3062744140625,54300,257.088802946593,651.3213075506445,-0.007406593877970713
10,50.1,1618.888514379923,1138.5972900390625,54590,259.51676131159553,652.8111192526104,-0.010629471591675859
10,55.1,1620.003023264388,1138.9459228515625,54246,259.70430999520704,652.920584006194,-0.010326531269455548
10,60.0,1613.568866609964,1140.4752197265625,55259,261.94272426211114,654.7829674804104,-0.008997666998875702
10,65.1,1825.553295633633,1298.7314453125,53935,259.6948919996292,652.5135440808381,0.12851719176782156
10,70.0,1649.2931586661118,1166.2745361328125,55267,260.26719380462123,655.1263502632675,0.013420341131592801
10,75.1,1814.0882899628252,1280.3922119140625,54876,261.6193782345652,655.707249070632,0.11258153374654417
10,80.1,1645.6333776547956,1162.8045654296875,55654,261.71346174578645,656.1645883494448,0.010405151495936455
10,85.1,1826.0748858111094,1285.2750244140625,54296,259.8784440842788,654.456810814793,0.11682439540229081
10,90.1,1634.0375380756136,1152.77294921875,55810,262.5026160186346,657.3918115033148,0.0016882982957463835
10,95.1,1807.1633656183117,1293.3707275390625,55134,261.28196756992054,657.2801356694598,0.12385906002751873
10,100.1,1655.6633731701115,1177.0985107421875,55058,260.5241018562243,656.5366885829488,0.02282570470696916
10,105.1,1832.5274774522436,1306.675048828125,53553,258.53726215151346,654.1517188579538,0.135419691252473
10,110.0,1649.1607291402945,1168.0701904296875,55298,262.0831494809939,656.8891460812326,0.014980653505493628
10,115.1,1816.0839278906378,1298.1221923828125,55083,261.1638981173865,656.1855381878256,0.1279877887047258
10,120.1,1666.1534016708706,1182.125244140625,55899,262.34313672874293,658.0448308556504,0.02719362471001893
10,125.1,1830.3388193908502,1313.447021484375,55717,261.71821885600446,656.77943895041,0.141304116082828
10,130.0,1665.6133278115885,1185.053955078125,55538,262.6992689689942,657.0098851236991,0.02973849313113576
10,135.1,1814.332208440288,1301.5235595703125,55709,263.04008328995315,657.8819939327577,0.1309433661341189
10,140.1,1648.3664555268087,1174.2781982421875,56045,263.5275046837363,657.7218842001963,0.0203750278146099
10,145.0,1800.6178825622776,1286.076171875,56200,264.19923487544486,658.5395373665481,0.11752054292845744
10,150.1,1645.1544347393835,1171.7799072265625,56328,264.47569592387447,658.9587771623349,0.018204167648447137
10,155.1,1789.5038789896914,1276.82958984375,56458,266.0239292925715,659.629104821283,0.10948583581097003
10,160.1,1626.4270368475825,1155.5419921875,56693,265.651808865292,659.1280052211031,0.004094425140720301
10,165.0,1788.1629479377957,1277.845947265625,56202,265.1532151880716,658.7097256325397,0.1103689874646137
10,170.1,1625.7444816765067,1159.1390380859375,56403,264.657287732922,658.8320124816056,0.007220035250967455
10,175.1,1781.4956496984146,1274.6539306640625,56203,266.08707720228455,658.5843460313506,0.10759532272871072
10,180.1,1621.7042009986415,1148.119873046875,56677,267.2865712722974,659.4779716639907,-0.002354936719097374
10,185.4,1885.4133094812164,1358.421142578125,55900,265.8944364937388,658.5211270125224,0.18038384193541354
10,191.1,1905.7487657212873,1372.65576171875,55498,266.86504018162816,658.9749720710656,0.19275284437732892
10,196.7,1914.4494554518035,1373.992431640625,55367,266.9854787147579,659.0780790001264,0.19391432775558956
10,202.3,1910.9663354910836,1378.9677734375,55459,267.2181070700878,659.6581438540182,0.1982375916397126
10,208.0,1904.359664409033,1366.6864013671875,55663,268.6943930438532,660.240231392487,0.18756583993163728
10,213.6,1903.7734827636152,1366.4234619140625,55232,267.1907408748552,659.8147269698725,0.1873373618314753
10,219.3,1902.3533297625424,1362.7161865234375,56010,269.64861631851454,661.8313872522764,0.1841159691193497
10,224.9,1892.6092814907722,1354.077392578125,55810,269.96884070955025,661.8732664397062,0.17660939220646132
10,230.5,1893.8838584096316,1351.118896484375,55484,270.09126955518707,663.0547184773989,0.17403864232924446
10,236.1,1891.5354788886693,1351.27001953125,55681,270.32344965068876,663.5078931772059,0.17416995889748982
10,241.8,1874.2044850674886,1337.1214599609375,56454,270.75987529670175,665.2923796365183,0.16187573689225696
10,247.4,1870.8684154099064,1335.8895263671875,55964,270.67003788149526,663.730040740476,0.1608052628965121
10,253.1,1882.340365403654,1331.6153564453125,55555,270.0440464404644,663.3462154621546,0.15709127394615427
10,258.7,1883.4284181346686,1338.5733642578125,55915,269.7536796923902,664.6223195922382,0.16313735180559322
10,264.3,1872.7519601851043,1331.1563720703125,57265,272.6205710294246,666.5289269187112,0.15669244495051407
10,270.0,1903.204389847349,1349.9783935546875,55355,269.1936771746003,663.9564086351729,0.17304761591800344
10,275.6,1895.425351198312,1338.800048828125,55453,269.9622022253079,664.3881845887508,0.16333432665796127
10,281.2,1899.2633660862655,1340.693359375,55364,271.16371649447296,664.5633624738097,0.16497949626497702
10,286.8,1899.83602257516,1333.481689453125,55282,271.11817589812233,664.1112658731595,0.158713001742522
10,292.5,1903.1983903565758,1355.4664306640625,55416,272.12532481593763,666.2542947885088,0.17781638027597985
10,298.1,1895.2923919172079,1338.129150390625,54981,272.58834870227895,665.0723886433495,0.16275135746646166
10,303.7,1905.4787216487284,1346.6328125,54539,272.850785676305,664.2387649205156,0.17014051318302723
10,309.4,1905.2337977757893,1345.9388427734375,54761,273.3998466061613,664.9246544073337,0.16953749647020425
10,315.0,1899.1720088976406,1341.8692626953125,54846,273.22683513838746,664.5146956933961,0.1660012834232222
11,0.1,1066.971701926964,600.1112670898438,44526,990.4233032385572,659.3868077078561,0.016860786972827686
11,5.1,1073.3969925823005,594.82861328125,44623,991.8624252067319,658.8671985299061,0.007909574416594449
11,10.1,1075.1840149116306,599.256591796875,44529,991.3485593658065,658.7488153787419,0.015412579217574319
11,15.1,1075.0898269368722,549.5340576171875,44608,991.0825188307031,659.362468615495,-0.06883995528561605
11,20.1,1074.6105871547302,607.0729370117188,44639,991.851116736486,659.2690248437465,0.028657014678619214
11,25.0,1065.7445896058537,539.701904296875,45237,990.4610164246081,660.6148064637355,-0.08550008435037107
11,30.1,1072.5011116545868,544.8262329101562,44978,991.6017608608653,660.6033171772867,-0.07681714651506387
11,35.1,1071.198804718685,542.677001953125,44843,989.5402180942399,662.5902147492362,-0.0804589189699476
11,40.0,1060.7608290791175,527.7098388671875,45641,990.244297890055,663.1030871365658,-0.10582008458865363
11,45.1,1066.07836000877,601.8790283203125,45610,989.7859022144266,663.638390703793,0.019856176619003733
11,50.1,1066.9059368626408,605.6902465820312,45108,989.7093420235879,665.2295158286778,0.02631410969486504
11,55.1,1065.9689241606848,603.3624267578125,44858,989.5663649739176,664.8556779169825,0.022369726664256736
11,60.0,1074.607970932213,609.8756103515625,44035,988.1128193482457,665.8002498012944,0.03340601502950683
11,65.1,1264.878793907642,749.2987670898438,45237,989.1535247695471,666.8618608661052,0.269652105809701
11,70.0,1116.13334537083,613.9072875976562,44306,990.1207962804135,665.3369521058096,0.04023750565817647
11,75.1,1282.5728086603024,724.2732543945312,43786,990.2755903713515,665.4470150276344,0.22724753197598863
11,80.1,1122.8248377702873,622.23583984375,43611,989.1543876544908,666.6681341863291,0.05434985224412934
11,85.1,1286.5068612402922,721.6705932617188,43651,990.0388078165448,666.5866303177476,0.22283744305936262
11,90.1,1122.648861666474,578.4696044921875,43265,990.6489310065873,667.4354790246157,-0.01981000937327475
11,95.1,1293.8101132534632,724.0447387695312,42736,992.4064020965931,669.8261652938974,0.22686032281826038
11,100.1,1136.7095479263426,635.83203125,42847,993.1335449389688,670.9063645062665,0.0773879697589647
11,105.1,1299.1133505960295,736.4227294921875,42867,994.2875405323442,671.6631208155458,0.24783425561645633
11,110.0,1142.110250763657,633.1976318359375,42231,993.8671828751391,671.3460254315551,0.07292410179265421
11,115.1,1310.4419353311557,748.0699462890625,42246,994.7067414666477,672.2923590399091,0.26756992579566713
11,120.1,1151.584371566817,603.6793212890625,42781,992.9350646314953,672.8733082443141,0.022906689791106372
11,125.1,1315.538384683303,754.3802490234375,43038,993.6373205074585,671.6479622659045,0.27826244192793415
11,130.0,1145.085464364845,631.4713134765625,43328,992.6651357090103,672.8549667651404,0.06999893517481616
11,135.1,1303.0828657546951,738.3369140625,43130,992.6037560862509,671.5657315093902,0.2510777528399267
11,140.1,1139.9390624638654,624.3532104492188,43241,992.2609097846951,672.8576119886219,0.05793763880682979
11,145.0,1296.456628440367,741.706787109375,43600,992.4992660550458,671.7704357798165,0.2567878468614256
11,150.1,1141.0366211501582,630.364990234375,43281,992.546729511795,672.0270788567732,0.06812432160831453
11,155.1,1291.097540461902,739.328857421875,43992,991.5547599563557,672.7480450991089,0.25275855498506544
11,160.1,1128.726794575682,625.7752075195312,43729,992.4669441331839,672.5876192000732,0.06034714707519321
11,165.0,1285.202117551242,731.5079956054688,44202,990.8876747658477,672.7407357133161,0.23950646635156547
11,170.1,1119.998490072792,614.4834594726562,44373,992.2300723412886,672.2606765375341,0.04121380225244854
11,175.1,1279.26052589858,727.5091552734375,44153,992.3067968201481,672.1747333137046,0.2327306163550694
11,180.1,1120.2262668706753,606.9937133789062,43789,992.2096416908356,673.2574847564457,0.028522773896906807
11,185.4,1406.4077358788618,824.7171630859375,44313,993.6171778033535,672.8722045449416,0.3974450897286895
11,191.1,1420.1192584774928,829.8948364257812,43586,993.1595007571239,671.5840636901758,0.40621841773596645
11,196.7,1424.6092312708136,833.724609375,42941,994.1227498195198,671.0079411285252,0.4127077908716433
11,202.3,1414.2032186737788,829.0079956054688,43869,992.0169595842167,671.5359593334701,0.4047157069822828
11,208.0,1423.5444954988748,839.4517211914062,42656,993.1393942235559,670.803403975994,0.422412116965958
11,213.6,1419.253136548737,845.1715087890625,42483,993.4786620530565,670.5505496316174,0.4321040325103455
11,219.3,1427.834729608886,852.44384765625,42494,993.6758601214289,670.1779780674918,0.4444266743755486
11,224.9,1428.1647732719778,851.8621215820312,41724,993.7950340331704,670.3547598504458,0.44344096644758174
11,230.5,1414.8928621742193,847.1515502929688,42590,992.9064334350786,669.4778116928857,0.4354591212619112
11,236.1,1422.3833365046141,857.6788940429688,42044,993.0221910379603,669.8145752069261,0.4532972183572551
11,241.8,1415.8652198880222,856.6515502929688,41794,992.6478681150404,668.9110398621812,0.4515564318874683
11,247.4,1418.5262294290817,859.8990478515625,41442,994.4378890980165,668.6745089522707,0.4570591663039338
11,253.1,1421.4705254993214,859.4074096679688,41256,994.4025596276905,669.4107766143106,0.4562261081400713
11,258.7,1427.2216100769363,866.3135986328125,41203,995.2027522267796,669.5935975535762,0.4679283259301644
11,264.3,1434.825113089158,870.8724975585938,41118,996.4476385038183,669.3422831849798,0.47565316931109275
11,270.0,1438.0527647448966,874.4658813476562,40709,996.6722100763959,668.2875039917463,0.4817419919478696
11,275.6,1432.3033991900847,868.6314697265625,40745,997.5520186525954,667.3958031660327,0.4718558512971216
11,281.2,1428.951934120177,865.9979248046875,40923,998.2189966522493,667.5342716809618,0.4673934312283026
11,286.8,1432.5465929017757,863.1239013671875,40489,998.1306774679542,666.0007162439181,0.4625235314368743
11,292.5,1425.7886776778732,864.3533325195312,40928,999.1571784597342,667.2246383893666,0.4646067456634021
11,298.1,1409.1724071300903,852.46044921875,41402,1000.6326989034346,668.1300661803778,0.44445480495538353
11,303.7,1404.3266060261512,855.4434204101562,42216,1001.2424673109722,667.4934148190259,0.4495093116769788
11,309.4,1408.1415365456462,854.3128662109375,41756,1002.1679279624485,666.3187565858799,0.447593639874468
11,315.0,1396.1194274988268,854.0813598632812,42620,1003.1642890661661,667.3421633036133,0.4472013630755195
12,0.1,774.3904734243392,214.24661254882812,17215,1149.1432471681674,690.7390066802208,0.04456127070569921
12,5.1,774.3860313702279,195.36904907226562,16895,1150.0273453684522,688.7099141757917,-0.04747645842484465
12,10.1,775.0506255455339,212.07972717285156,17185,1149.965493162642,689.592435263311,0.03399660172505046
12,15.1,773.8584686774942,211.501953125,17671,1148.8905551468508,690.2787618131401,0.031179659200617046
12,20.1,768.3505089424349,192.3366241455078,17389,1149.6079705560987,692.1896601299673,-0.06226107320652234
12,25.0,763.5390469699552,190.09658813476562,17607,1148.8924859430908,692.7646390640086,-0.07318238875952375
12,30.1,763.5871715339147,186.7277069091797,17087,1149.7545502428748,692.3965587873822,-0.08960739922755447
12,35.1,758.4141352549889,186.61630249023438,18040,1149.4676274944568,694.0968957871397,-0.09015055246592468
12,40.0,748.1142743493579,169.2440643310547,17598,1150.3600409137402,694.5525059665871,-0.1748490545830543
12,45.1,747.994382647386,164.4720458984375,17980,1150.0069521690768,695.8924916573972,-0.1981150730208935
12,50.1,745.4570178353828,185.16281127929688,18054,1150.745707322477,696.0065359477125,-0.0972370618309697
12,55.1,746.0386473429952,164.18572998046875,17802,1150.0690933602966,696.0138186720593,-0.19951100883308073
12,60.0,748.5729429858288,187.4580841064453,18206,1149.837581017247,695.726189168406,-0.08604643868683005
12,65.1,845.1672018477832,202.20504760742188,17751,1150.700580249,695.9099769027097,-0.014147486584985481
12,70.0,761.4841125494811,180.2677764892578,18694,1151.6640633358297,701.7148282871509,-0.1211028476168079
12,75.1,832.9048180502706,204.7525634765625,18659,1152.3630419636636,702.9933544134198,-0.0017270502394353343
12,80.1,756.0071033113967,169.57191467285156,19146,1151.8527107489815,704.8248720359344,-0.17325061731697808
12,85.1,828.4141030250115,162.15646362304688,19471,1152.016486056186,708.3677263622824,-0.20940471506111188
12,90.1,752.4014110461749,169.966796875,18993,1151.2366134891802,703.8697414837045,-0.17132536561778852
12,95.1,829.5125069483046,189.8017578125,17990,1151.520289049472,703.2123957754308,-0.07461983662581459
12,100.1,749.978049832812,167.4062957763672,18542,1150.951623341603,704.6802933879841,-0.18380911156556481
12,105.1,818.3366070448809,177.87338256835938,18226,1151.7080544277405,706.0160210688028,-0.1327767365377525
12,110.0,747.743049474606,149.57008361816406,18272,1150.9789842381786,704.5182246059545,-0.27076972305389335
12,115.1,818.1161119515886,153.31069946289062,18508,1150.9480224767667,705.8573589799006,-0.2525323171341197
12,120.1,752.1663395485771,138.8035888671875,18342,1151.52513357322,707.2591865663504,-0.3232618642566544
12,125.1,829.7253739612188,154.8464813232422,18050,1152.5141828254848,708.2183379501384,-0.2450445989737685
12,130.0,751.9599152680463,143.82176208496094,18411,1151.9001140622454,710.5301721796752,-0.29879571596791965
12,135.1,824.1373513961847,146.01890563964844,18085,1151.0786839922587,708.0549073818081,-0.2880835229670424
12,140.1,748.4021067725567,115.87655639648438,18132,1150.2838627840283,709.5622656077653,-0.435042815592118
12,145.0,819.8289839572193,136.62527465820312,18700,1152.2411764705882,713.9942245989305,-0.3338822546145856
12,150.1,745.2690792974987,121.55673217773438,18790,1152.2676423629591,715.011761575306,-0.40734906789964515
12,155.1,817.1368124118477,138.4586944580078,19143,1152.5418690905292,716.7320691636629,-0.3249434000253001
12,160.1,742.2228272251309,114.95760345458984,19100,1152.2577486910996,717.8642931937172,-0.4395231788580031
12,165.0,817.7954861482511,140.08773803710938,18698,1153.249224515991,717.8510535886192,-0.317000983523226
12,170.1,740.7501041016031,111.0180892944336,19212,1153.1097230897356,721.5803664376432,-0.45873031528896097
12,175.1,822.9841437632135,131.3331756591797,18920,1152.8666490486257,721.1303382663848,-0.35968393049340697
12,180.1,749.328068772491,125.2785873413086,20008,1153.219412235106,725.7323070771691,-0.3892031298481876
12,185.4,863.2702894870492,145.95323181152344,19690,1154.2347892331134,729.0537328593194,-0.2884037163019206
12,191.1,879.3463610436253,143.9867706298828,18934,1153.7225097707826,724.8861307700433,-0.2979912153351658
12,196.7,885.4940192600102,178.0020294189453,19730,1154.046122655854,729.9835276229093,-0.13214951767010433
12,202.3,886.4229895502044,186.60389709472656,19809,1153.1678025140088,731.6161845625726,-0.0902110350823875
12,208.0,894.6880548201215,209.31358337402344,19263,1153.2655349634013,730.2751388672584,0.020510242958000725
12,213.6,890.8011858726476,207.8633575439453,19395,1153.3871100799174,730.3127610208817,0.01343965398646499
12,219.3,901.4016142646128,226.7434844970703,18956,1153.3806182738974,733.8270732221988,0.10548988136985725
12,224.9,900.0153673163418,223.21896362304688,18676,1152.7732383808095,730.6852645106019,0.08830604840745918
12,230.5,901.0330233044206,229.55902099609375,19138,1152.4155606646464,733.371355418539,0.11921705468732534
12,236.1,904.1136695906433,224.889404296875,19152,1152.4087301587301,731.3842940685046,0.09645029681416255
12,241.8,897.7015077424613,214.1654510498047,19632,1153.126477180114,731.8287999185004,0.04416556709319528
12,247.4,899.4500026245341,202.4705352783203,19051,1152.8152852868616,730.1884415516246,-0.012853099077191555
12,253.1,901.4104301406427,203.60891723632812,19482,1152.8863566368957,731.6661533723437,-0.007302907685791717
12,258.7,907.6236984381258,197.4119415283203,19976,1152.519723668402,734.2437424909892,-0.03751631803137525
12,264.3,914.0118715083798,204.16647338867188,20048,1153.2349860335196,735.6049980047885,-0.004584537691263869
12,270.0,916.5428361498898,184.7653045654297,20415,1152.1516042125888,735.3156502571638,-0.09917510936045641
12,275.6,916.3350910357178,186.43641662597656,20102,1151.7625111929162,735.2159486618247,-0.09102758760181655
12,281.2,920.44639185352,194.9913330078125,20426,1152.423088220895,740.3242925682953,-0.049318016466567215
12,286.8,920.9733627667403,168.24021911621094,20385,1152.2498896247241,738.1378955114054,-0.17974331088299952
12,292.5,918.8916338284329,164.20162963867188,19794,1151.439577649793,736.6902596746489,-0.19943348990767576
12,298.1,914.9575842843,173.77088928222656,19191,1152.5430149549268,737.2485019019332,-0.1527784791512925
12,303.7,910.3094110378913,157.1510009765625,19424,1151.9452224052718,740.8611511532125,-0.23380889284613998
12,309.4,912.8008909147416,149.29605102539062,19306,1152.4659691287682,739.1046824821299,-0.2721057714045153
12,315.0,910.1736806247052,154.88182067871094,19081,1151.7362297573502,742.954981395105,-0.2448723016309298
13,0.1,1459.314412805814,911.0440673828125,63846,767.6869028600069,787.7425367290042,0.048668567727523634
13,5.1,1445.0318679127015,887.230224609375,70196,776.0684227021483,798.6560060402302,0.021257348789399774
13,10.1,1465.846023218476,911.5011596679688,64776,766.4561874768433,785.9141657403977,0.049194709468801986
13,15.1,1456.3648611492988,781.6007080078125,65466,767.6480310390126,790.4291846149146,-0.10032881575533517
13,20.1,1409.791756395309,852.43701171875,72905,784.5718812152802,793.735079898498,-0.018791810230390227
13,25.0,1443.2312246480553,777.8397827148438,67056,770.5433667382487,789.4670872106896,-0.10465787543697902
13,30.1,1455.4054619650517,786.5100708007812,66899,773.1034843570158,788.3297209225848,-0.0946778328524477
13,35.1,1464.8325223095112,789.724609375,65555,768.3573945541912,785.2671039585081,-0.09097769837682919
13,40.0,1457.8911282956828,779.7711791992188,65692,771.8849479388663,786.1327558911283,-0.1024347175706401
13,45.1,1475.3388919711501,910.5596313476562,63085,769.9874613616549,784.7910596813823,0.04811095162383472
13,50.1,1465.2492958418866,901.3707275390625,62841,772.8803488168552,784.3720500946835,0.03753394998260128
13,55.1,1470.6067307692308,909.5319213867188,63440,772.0609394703657,784.0967528373266,0.04692799333305559
13,60.0,1461.3805975893229,882.5908203125,64961,776.9653176521298,786.6330413632795,0.015917104960043366
13,65.1,1636.8458206643336,999.0501708984375,69724,792.2829298376456,795.326702426711,0.14996908416701168
13,70.0,1520.363503341083,925.7506103515625,61507,772.964882045946,782.7323231502105,0.06559671632473309
13,75.1,1714.1381812212737,1056.0072021484375,60920,773.9584372948128,783.1085850295469,0.21553018106821317
13,80.1,1538.6902350182127,938.5973510742188,60123,772.2745039336028,780.2545781148646,0.08038411649111162
13,85.1,1621.1242023761847,938.8020629882812,74910,802.3395674809772,809.6696569216393,0.0806197526775514
13,90.1,1502.942866796701,796.2555541992188,65111,781.1204865537313,791.8805117414876,-0.08346017337455819
13,95.1,1608.836491172554,938.096435546875,75843,802.2933164563638,810.3201218306237,0.07980753146364848
13,100.1,1511.8178413863156,915.7327880859375,65959,780.7006625327855,797.1938628541973,0.05406557781765623
13,105.1,1650.8088341155806,988.838623046875,69458,791.2233580005183,794.1627602292033,0.13821495542267787
13,110.0,1456.5464159007165,853.3633422851562,73003,796.51814309001,801.56848348698,-0.017725545948459185
13,115.1,1610.391878003032,935.9190063476562,77838,802.0838921863357,813.415568231455,0.07730117459088774
13,120.1,1501.933269767177,771.7417602539062,70268,787.9149399442135,806.9858541583651,-0.11167707978617386
13,125.1,1708.0124418712082,1061.98486328125,64942,782.4004342336239,785.2101105601922,0.22241084201858294
13,130.0,1472.9068685154261,880.6182250976562,73058,796.8085356839771,802.9022557420132,0.01364652478426889
13,135.1,1642.6023468597966,997.84375,72352,794.1159193940734,799.3659608580274,0.1485804184361921
13,140.1,1494.8523108585746,918.3953857421875,67053,786.8345487897633,790.1421412912174,0.05713039385738475
13,145.0,1670.1269021172686,1035.811767578125,67162,787.4148625710967,790.4936422381704,0.19228397574872275
13,150.1,1448.1301361829674,871.427978515625,76735,799.2530918094742,807.5653352446732,0.0030679775270242176
13,155.1,1686.618164882652,1073.3555908203125,65489,783.3186183939288,789.217853379957,0.23549925891225024
13,160.1,1468.9056097216335,918.744384765625,70770,791.507121661721,792.9255475483963,0.05753211350975884
13,165.0,1646.74314977201,1036.5352783203125,71275,792.8649175727815,799.965106980007,0.19311678175768437
13,170.1,1457.0096838702607,890.3043823242188,73008,795.2026490247644,805.9527038132808,0.024795896136571193
13,175.1,1640.6300109653807,1021.6994018554688,70221,793.497685877444,802.5304253713276,0.17603976223648388
13,180.1,1478.9722254844392,911.8948974609375,68120,788.3234439224897,797.1012624779801,0.04964792623645944
13,185.4,1699.897532435873,1029.4195556640625,73838,798.4558628348547,811.7916790812319,0.18492614098252141
13,191.1,1710.3582083708548,1038.3846435546875,76623,798.0546833196299,814.1026845725174,0.1952455165367916
13,196.7,1723.0574704853816,1044.7110595703125,73777,795.1577727476042,805.7240738983694,0.20252761611844253
13,202.3,1727.6090221509176,1074.181884765625,74173,793.0557210844917,806.1748614725035,0.23645037480134443
13,208.0,1716.6366908392877,1072.0540771484375,75016,794.6901594326544,813.9600618534713,0.23400113546572607
13,213.6,1700.6386705680134,1078.7950439453125,76213,793.8762547072022,808.6398908322727,0.24176040886320857
13,219.3,1710.81329204881,1079.0845947265625,76542,795.3564970865668,813.5867236288574,0.24209369987944898
13,224.9,1685.118895533783,1047.8585205078125,78590,795.5904440768545,813.7860287568393,0.20615054004877262
13,230.5,1690.4451646696784,1056.8568115234375,76365,793.3688207948668,811.9226870948733,0.2165081344716842
13,236.1,1679.4302175235778,1054.827880859375,78888,796.2409872223913,813.7837947469831,0.2141727086787112
13,241.8,1677.1725642519584,1054.442626953125,77235,795.6581990030427,811.355292289765,0.21372925739403378
13,247.4,1669.270637635287,1051.730224609375,78352,795.833163161119,813.5232029814172,0.2106071130513432
13,253.1,1675.9797126834944,1062.5333251953125,76501,796.4662553430674,809.6547365393916,0.22304215590389836
13,258.7,1675.3703694162502,1051.5625,77636,797.5195785460353,815.5082693595755,0.21041405156048554
13,264.3,1680.7121254873794,1063.3922119140625,77968,797.0927816540119,811.3330084137082,0.22403078810890156
13,270.0,1674.292693115933,1042.8499755859375,78994,800.6533027824898,815.8702559688078,0.2003853923268736
13,275.6,1677.298902559825,1048.9593505859375,76724,798.1673009749231,808.6758250351911,0.2074176641568907
13,281.2,1666.2377221672878,1035.7635498046875,78882,802.3656727770594,812.4450825283335,0.19222847408286484
13,286.8,1682.4047705289706,1057.0362548828125,74541,796.3026656470936,804.2425644947076,0.2167146849750035
13,292.5,1666.5051847878835,1045.690673828125,78306,799.2240569049626,808.2147345031032,0.20365521325391023
13,298.1,1643.4020937276143,1021.25927734375,79571,799.1666184916616,812.4903293913612,0.17553315146116566
13,303.7,1646.5534888422756,1016.9197998046875,79138,797.4479390431903,813.362228006773,0.1705381420445001
13,309.4,1642.3964510445508,997.5233764648438,79460,800.1111125094387,814.1920085577649,0.14821164850696655
13,315.0,1626.6368979269303,1001.2760009765625,80991,795.3637070785643,815.3717203146028,0.15253115347145005
14,0.1,1193.9414296371392,805.91796875,52279,206.9089691845674,842.2638726831041,-0.0019017758676500341
14,5.1,1203.533665595474,813.382568359375,51967,206.61602555467894,840.9996151403775,0.007342841950627418
14,10.1,1202.2216666984714,812.0942993164062,52403,205.51435986489324,841.0647100356849,0.005747370582758389
14,15.1,1194.5268343616517,806.0189208984375,52675,203.8706976744186,840.7254674893213,-0.0017767505375483916
14,20.1,1187.431880261927,799.8540649414062,53450,204.23846585594012,841.6362956033677,-0.0094116861281871
14,25.0,1188.230277465317,801.055419921875,53340,204.13307086614174,840.1159542557181,-0.007923854464105701
14,30.1,1187.9743509018851,791.7349243164062,53998,206.40555205748362,841.0821511907849,-0.019466927670775323
14,35.1,1182.7617783552998,794.3655395507812,53870,204.01574160014852,841.1467607202525,-0.016209012478888504
14,40.0,1175.742102250697,784.910888671875,54161,203.69140156200956,841.4365318217906,-0.02791823180137639
14,45.1,1180.8015028061081,788.6395263671875,53633,202.5143475099286,841.5954542912013,-0.023300458273015235
14,50.1,1181.9235331418554,794.5725708007812,53618,200.82763251147003,840.1570368159946,-0.01595261228559662
14,55.1,1176.1709052968904,787.6210327148438,53673,200.1972872766568,840.5063998658543,-0.024561823256936705
14,60.0,1183.9548051264705,796.8651733398438,53214,199.86003683241253,839.7663021009508,-0.013113312739479388
14,65.1,1377.0015918497295,950.659912109375,53397,200.3979624323464,841.0246455793397,0.1773555210611292
14,70.0,1207.5223535213672,815.3720092773438,52721,197.3194742133116,842.8647977086929,0.009806687558041592
14,75.1,1375.9031303357997,953.6519165039062,52710,197.80569151963573,842.0296717890343,0.18106100274608242
14,80.1,1214.3544826005577,819.1867065429688,52358,196.4249589365522,842.1916421559265,0.014531042534675614
14,85.1,1373.7242774015072,950.4915161132812,52415,195.04338452732998,841.7297720118287,0.17714696913504066
14,90.1,1199.2838991876692,808.5426635742188,52811,195.3331692261082,843.214955217663,0.0013488071253130506
14,95.1,1355.2825798879298,940.6097412109375,52824,194.44475995759504,842.8569400272603,0.16490877323452902
14,100.1,1203.5532190229699,812.3533325195312,52547,194.87746208156508,843.1662892267874,0.006068173183091746
14,105.1,1366.4659738773953,941.04833984375,52445,194.4639145771761,841.6428639527123,0.16545196067232248
14,110.0,1201.0036643946155,809.371826171875,52669,193.41548159258767,842.5536273709392,0.0023756929230342215
14,115.1,1356.2013660942985,936.2987670898438,52705,193.19952566170193,842.4247984062233,0.15956979857285483
14,120.1,1213.5293124292375,819.5947875976562,52111,192.60442133138878,843.0840897315346,0.015036435132656014
14,125.1,1371.2120963901325,951.7042846679688,52495,192.5218401752548,842.8695113820364,0.17864893606921214
14,130.0,1216.7824000611772,823.5974731445312,52307,192.5213833712505,842.1286252318046,0.01999360632253856
14,135.1,1358.2857552088306,941.6640625,52363,190.2535187059565,842.5343849664839,0.16621450936039103
14,140.1,1205.6632717165755,815.0944213867188,52529,191.93658740885988,842.4113537284167,0.009462905695101888
14,145.0,1346.0592300285105,926.5178833007812,52963,189.25733058927932,843.9804769367294,0.1474565524127652
14,150.1,1184.6586916168226,796.2713623046875,53333,188.0326814542591,844.7509421933887,-0.013848724732562146
14,155.1,1334.5300525990679,915.9627685546875,53423,187.1546899275593,845.0423600321959,0.13438445116661793
14,160.1,1161.3634000663644,775.9867553710938,54246,184.29801275670096,846.6772849611032,-0.03897042562855383
14,165.0,1299.47274933005,887.1982421875,55228,181.2921163178098,847.367150720649,0.09876069813176787
14,170.1,1141.1514521320844,759.6536865234375,55298,180.80035444319867,847.8095048645521,-0.05919829948618968
14,175.1,1274.0719983096508,866.8790893554688,56793,177.43808215801243,848.8091137992358,0.07359621347710779
14,180.1,1119.1684843793978,739.06396484375,56848,175.62441950464395,850.1911061075148,-0.08469787319063246
14,185.4,1331.0053462940461,913.9182739257812,57610,174.6391425099809,850.7862350286408,0.13185242366818095
14,191.1,1345.5475319141624,926.8543701171875,58203,173.41319175987493,850.0158926515816,0.14787327831654412
14,196.7,1355.1165415489172,929.4301147460938,57679,174.08668666239012,850.0395464553824,0.15106323838644703
14,202.3,1351.0754768907925,928.8848876953125,58137,171.9838140942945,850.1328413918847,0.1503879957783467
14,208.0,1355.3500836645053,927.20361328125,57372,171.7204385414488,850.707400822701,0.14830580246336492
14,213.6,1335.3903650188802,913.3466186523438,57997,168.51540596927427,850.6598444747142,0.1311444507288025
14,219.3,1340.047902236125,917.2797241210938,58181,167.82196937144428,851.1888417180867,0.13601544968391124
14,224.9,1348.8309150908806,920.90625,57273,169.55298308103295,849.661882562464,0.14050676167825785
14,230.5,1342.7822836429543,915.9378662109375,57382,168.2361541946952,850.4909030706493,0.13435361057733045
14,236.1,1335.8017368649587,911.4201049804688,57575,166.91119409465915,850.9078072079895,0.12875853808108287
14,241.8,1327.6336718028829,904.9447021484375,56332,165.18451324291698,851.6378079954555,0.12073900220050635
14,247.4,1324.9616726571403,904.2174072265625,57035,164.74622600157798,850.4958709564303,0.1198382755780812
14,253.1,1311.9417941069983,888.61669921875,58001,164.1539456216272,851.545904380959,0.10051740228627946
14,258.7,1326.0533048287073,905.2483520507812,56599,162.85957349069773,851.3660488701214,0.12111506085664642
14,264.3,1325.1881495050552,907.2447509765625,56774,161.11420720752457,851.6941381618346,0.12358752368753796
14,270.0,1328.0824330012629,906.1882934570312,57016,162.22188508488844,851.8736845797671,0.12227914192288904
14,275.6,1335.5121497998857,907.946044921875,55968,161.92243782161236,851.7774263865066,0.12445604910644237
14,281.2,1339.7952917461575,909.9226684570312,55562,161.43115798567365,851.7639573809438,0.12690402088113506
14,286.8,1328.4475070068015,900.8407592773438,56017,159.3195815555992,853.0733170287591,0.11565642773212402
14,292.5,1324.8965874021085,904.658203125,56057,158.9691563943843,853.8367732843355,0.12038418424434122
14,298.1,1316.668501398315,892.4312133789062,56139,158.98900942303925,853.9276260710024,0.10524153049387461
14,303.7,1329.9429690434035,900.658935546875,55917,160.7582488330919,852.9409660747178,0.11543124607651774
14,309.4,1318.4727030625832,894.1032104492188,56325,158.6630270750111,853.7637993786063,0.1073122341775532
14,315.0,1309.561950691059,886.8612060546875,57231,158.31374604672294,854.9568066257798,0.09834329192087231
15,0.1,2282.9922246379483,1608.65478515625,27137,1065.2968272100823,846.3446217341636,0.009266927004193706
15,5.1,2281.089062900216,1617.6563720703125,27329,1065.7582421603424,844.8372058984961,0.014914505370135401
15,10.1,2279.126821998473,1626.1085205078125,27511,1064.1694958380285,845.8369016029951,0.02021736708963748
15,15.1,2294.1615016562387,1506.3416748046875,27170,1063.580934854619,847.0732793522267,-0.054924122206363044
15,20.1,2276.416869660062,1610.6605224609375,27505,1062.4657335029995,847.253917469551,0.010525322742396172
15,25.0,2246.3746339024215,1472.88720703125,27998,1060.7277305521823,849.2161225801843,-0.0759133911258463
15,30.1,2269.047943962545,1489.195556640625,27553,1060.7606794178491,849.1391137081262,-0.06568156385834141
15,35.1,2268.209334448039,1479.7620849609375,27511,1060.6085202282723,850.2902838864454,-0.07160010589793415
15,40.0,2256.966316248954,1473.4241943359375,27491,1061.023171219672,850.0276454112255,-0.07557648632076125
15,45.1,2266.030495367331,1595.1622314453125,27414,1059.7574961698401,851.1784854453929,0.000801724683016865
15,50.1,2247.580347857271,1573.4547119140625,27885,1058.9938676707907,851.913430159584,-0.012817531438525827
15,55.1,2262.484156604464,1602.1378173828125,27330,1059.5864617636298,851.8334796926455,0.00517819392188496
15,60.0,2267.553328483085,1601.5400390625,27490,1058.5322299017826,852.489232448163,0.004803148950186496
15,65.1,2598.115502175555,1841.6719970703125,27809,1056.5770793627962,853.6106296522709,0.1554614788606058
15,70.0,2325.5364336600005,1633.2535400390625,27653,1056.9578345929917,853.1964705456912,0.024700138640271447
15,75.1,2611.8202369307683,1849.1343994140625,27603,1056.0881788211427,853.6949244647321,0.1601433757791009
15,80.1,2333.557491163529,1645.621826171875,27726,1055.1036572170526,854.2786193464618,0.03245997763914017
15,85.1,2613.4900824363726,1826.8558349609375,27779,1054.9660894920623,855.371395658591,0.14616584716876807
15,90.1,2323.803071364047,1522.38916015625,27675,1054.0125022583559,855.4001806684734,-0.044855960673904016
15,95.1,2604.5302493675463,1859.880859375,27670,1052.9618359233828,856.8980484279002,0.1668856841481992
15,100.1,2353.1241399609994,1680.1474609375,27179,1052.890319732146,857.0839618823356,0.05412129467515478
15,105.1,2596.43717418659,1853.27978515625,27815,1051.106992629876,858.4046377853676,0.16274418284340725
15,110.0,2323.868174138117,1648.8638916015625,27817,1050.8991264334759,858.8833806664989,0.034494043271841725
15,115.1,2606.912892866164,1861.920166015625,27713,1049.1187890159854,859.8906289467037,0.168165141223387
15,120.1,2351.050108699526,1560.105224609375,28059,1048.6121030685342,861.2131223493353,-0.021192974170805262
15,125.1,2614.8498377768374,1853.108154296875,28356,1046.8660248271972,862.2003808717732,0.16263650197140234
15,130.0,2333.1550183920126,1635.86083984375,28545,1045.8792783324575,862.9430723419163,0.026335953537250722
15,135.1,2592.607013215859,1834.713134765625,28375,1045.0348546255507,863.7644052863436,0.1510955019968904
15,140.1,2305.020022784548,1615.3189697265625,28967,1044.2907791624953,863.914661511375,0.013448023622518044
15,145.0,2556.9873474299466,1794.2935791015625,29085,1042.4682138559394,864.2307031115695,0.12573635029301444
15,150.1,2288.2338497315413,1592.8331298828125,29241,1042.1473273827844,864.5687561984885,-0.0006595491703641243
15,155.1,2541.6537367645547,1789.659423828125,29183,1041.1810300517425,864.8505979508618,0.12282889016220194
15,160.1,2269.1656709243234,1580.6351318359375,29124,1040.3403722016208,865.401833539349,-0.00831254975070735
15,165.0,2530.365810572089,1774.043212890625,29436,1040.646317434434,866.083129501291,0.11303130936999423
15,170.1,2266.897382378101,1575.94482421875,29225,1040.23373823781,866.9120273738238,-0.011255239754295283
15,175.1,2532.793609112301,1764.141845703125,29323,1040.4016642226238,868.068649183235,0.1068192105861662
15,180.1,2288.4608154851335,1595.1949462890625,28621,1039.1514971524405,868.6441773522938,0.0008222499132425518
15,185.4,2765.7938502400652,1949.5340576171875,29367,1043.1189770831204,868.9043143664658,0.22313392878149482
15,191.1,2781.7977404998287,1967.79736328125,29210,1040.3442656624443,870.0484080794248,0.2345922917283444
15,196.7,2738.446748288573,1934.28125,30384,1044.89303580832,871.5836953659821,0.21356434653548811
15,202.3,2733.1271559572283,1935.42724609375,30207,1042.331347038766,872.0691892607674,0.21428334228682672
15,208.0,2718.05935623585,1925.4398193359375,30477,1043.6326738196017,873.5328608458838,0.20801724989363635
15,213.6,2721.0662918716325,1918.57470703125,29883,1041.9552588428203,874.5278586487301,0.2037100916001199
15,219.3,2795.8907433380086,1993.187744140625,28520,1037.4698457223,875.3432678821879,0.2505221679838758
15,224.9,2800.9394101303697,1997.9310302734375,28074,1037.9820474460355,875.8327634109853,0.25349809660656053
15,230.5,2793.258077100401,2020.2923583984375,28197,1036.9291768627868,876.7443345036706,0.2675275509858972
15,236.1,2804.6439554137846,2014.959228515625,27901,1036.7069280670944,876.594351456937,0.2641815555257105
15,241.8,2784.5375757575757,2000.8043212890625,28050,1037.537504456328,876.998431372549,0.25530079387914345
15,247.4,2795.782111247032,2018.7247314453125,27794,1037.5474922645176,877.347628984673,0.26654402484202305
15,253.1,2811.727837072533,2031.08447265625,27546,1036.8953024032528,877.4591229216583,0.27429850277329554
15,258.7,2833.806284442174,2056.749755859375,27401,1036.7297543885259,878.3176161453962,0.29040085223206663
15,264.3,2829.781053614393,2041.653564453125,27847,1037.5293568427478,879.3831651524401,0.2809295306964314
15,270.0,2853.0547612135288,2059.8037109375,27556,1038.5395921033532,879.6995209754681,0.2923168977909705
15,275.6,2751.405869550432,1938.203857421875,29406,1044.4488539753793,879.4047133238115,0.21602538290889192
15,281.2,2816.6929498066706,2032.1575927734375,27673,1036.1511943049181,880.850070465797,0.274971776276706
15,286.8,2809.6856026341497,2011.533203125,27637,1036.3391829793393,880.4747620942939,0.2620320737663294
15,292.5,2803.4225819243666,2018.51953125,27739,1036.2866721943833,880.828400447024,0.2664152826330328
15,298.1,2767.3877805486286,1992.3681640625,28070,1036.2823655147845,880.9948343427146,0.2500079650147144
15,303.7,2763.020050392136,1993.3885498046875,28179,1035.9097554916782,880.9958834593136,0.25064815307238797
15,309.4,2758.2836723863434,1983.3045654296875,28265,1035.9330267114806,881.6986025119405,0.2443214806153598
15,315.0,2752.4429430491687,1987.7877197265625,28270,1035.4163070392642,882.0328616908383,0.24713420302307837
16,0.1,1027.2677372871715,583.1600952148438,52742,458.4194190588146,966.2280914641083,0.005919138945821419
16,5.1,1031.606668941462,575.08837890625,52752,458.26719366090384,964.290567182287,-0.00800412841348622
16,10.1,1027.922478440195,577.1902465820312,53340,457.5671541057368,964.8460254968129,-0.004378522100658881
16,15.1,1026.7606823234871,578.2660522460938,53523,456.23378734375876,965.5476897782262,-0.0025228164099804044
16,20.1,1030.8749572811848,584.938232421875,52670,457.0612872603,964.6290108220999,0.008986327978303892
16,25.0,1024.7552737839164,579.88623046875,52998,455.26997245179064,963.1517604437903,0.0002719020490607932
16,30.1,1023.5521165568913,579.2271118164062,52987,455.82023892652916,963.9511389586125,-0.0008650414295297472
16,35.1,1020.0534136770258,578.372314453125,53769,454.59156763190686,963.2021610965426,-0.0023395199384343233
16,40.0,1017.2227987066697,573.8680419921875,53196,455.70888788630725,962.5090984284533,-0.010109142573217609
16,45.1,1019.1974765641016,569.3543701171875,53657,455.44148946083453,962.7386920625454,-0.01789497868107275
16,50.1,1012.0269355313512,570.4739990234375,54352,454.24705622608184,962.6514571680895,-0.015963680304254074
16,55.1,1006.3429712518865,562.9216918945312,54334,453.8631979975706,962.1923841425258,-0.02899099535290281
16,60.0,1009.1257218523559,567.8706665039062,54374,451.89368080332514,962.3767793430684,-0.020454285933694052
16,65.1,1171.5174160169058,687.1701049804688,54892,451.6584383881076,963.2578335640895,0.1853306938922183
16,70.0,1034.0403775563714,583.2302856445312,55303,450.7355116358968,963.6491510406307,0.006040213582396947
16,75.1,1173.6223371438941,682.4512329101562,55110,450.45625113409545,963.9799854835783,0.17719089871639193
16,80.1,1041.0059066208676,585.977783203125,55023,451.23266633953074,964.7342202351743,0.01077949598713379
16,85.1,1177.0413501504945,684.3033447265625,55816,449.60742439443885,963.9485093879891,0.18038568988759573
16,90.1,1036.7913405221962,587.711669921875,54807,450.1150400496287,963.6625248599631,0.013770355357427343
16,95.1,1174.4376267381228,681.1651000976562,55232,449.0468206836616,963.8484393105446,0.17497239024515757
16,100.1,1041.6298468735154,591.7031860351562,54726,448.1043379746373,964.3601944231261,0.020655501451453232
16,105.1,1182.3689420045457,687.1905517578125,54556,448.54714421878435,964.565015763619,0.1853659634602642
16,110.0,1039.3946414328186,564.2041625976562,55164,446.9908454789355,962.910539482271,-0.02677880381922891
16,115.1,1185.8292148889584,665.442138671875,54349,447.40026495427696,963.5097057903549,0.14785114524077603
16,120.1,1055.6666605766068,603.4185791015625,54734,444.65012606423795,962.8116344502503,0.040863911118835514
16,125.1,1191.6989545782264,707.3074340820312,55480,444.12770367700074,962.7009733237203,0.22006648071427376
16,130.0,1053.5313794607166,600.0530395507812,55036,443.40996802093173,962.4195254015553,0.035058540218477985
16,135.1,1185.5619992023494,703.3240356445312,55162,442.628657409086,962.5403538667923,0.21319533716517358
16,140.1,1046.834886720808,569.611572265625,55041,443.04765538416814,963.3680529060155,-0.017451319099742946
16,145.0,1186.7553183725597,704.56640625,54810,443.78159095055645,963.1934865900383,0.21533835823256042
16,150.1,1051.4710777052358,605.22607421875,54681,443.0021762586639,963.3644593185933,0.04398174093409436
16,155.1,1188.5365777712652,678.8019409179688,54596,443.74996336727963,963.0567257674555,0.17089607043739125
16,160.1,1047.780445875016,580.8038940429688,54679,443.2628065619342,962.7623950694051,0.0018548213194199724
16,165.0,1187.59565376187,707.8714599609375,54760,442.90668371073775,962.772534696859,0.22103939438087764
16,170.1,1046.0206847360912,580.26806640625,54678,442.9698233293098,962.3370276893814,0.0009305480720316629
16,175.1,1188.0016670330476,685.5809936523438,54588,443.07063823550965,962.2535538946289,0.18258956412014835
16,180.1,1049.8145028080608,609.4252319335938,54486,443.43627720882427,960.4775905737254,0.051225057387798464
16,185.4,1252.3032340284062,757.8278198242188,54143,443.6233677483701,961.3688196073361,0.3072113717004608
16,191.1,1276.8246398688061,772.828369140625,53661,443.4621046942845,961.2469950243193,0.33308649548874847
16,196.7,1285.2759157491982,773.1578979492188,53317,444.0159423823546,961.443835924752,0.3336549145868974
16,202.3,1290.9219451931715,783.7258911132812,53424,443.27886343216534,960.1363432165319,0.3518841224342942
16,208.0,1294.8374256232582,787.2293701171875,53108,442.8689651276644,960.4086013406643,0.3579274313160958
16,213.6,1299.056317428962,775.14404296875,52648,443.0447120498404,959.3454832092388,0.3370809056728141
16,219.3,1302.8244018230155,796.9515991210938,52660,442.1624192935815,960.2623243448538,0.3746977424339038
16,224.9,1301.6789447581261,794.1393432617188,52424,442.6168548756295,959.7635815656951,0.3698467555166394
16,230.5,1300.3490130760247,795.8829345703125,52233,442.47538912181955,961.2947753336014,0.3728543547714682
16,236.1,1298.6737693992193,796.163330078125,52515,442.9939445872608,961.4159573455204,0.37333802162401425
16,241.8,1291.7630990294206,791.197509765625,52752,441.88260160752196,961.2899416135881,0.36477225429202736
16,247.4,1292.2453672906965,771.9632568359375,52615,441.404504418892,961.5290696569419,0.33159422427238194
16,253.1,1298.0506458453826,795.633544921875,51870,442.03903990746096,962.1701754385965,0.37242417132360073
16,258.7,1306.516786409076,802.102294921875,51917,440.90958645530367,962.4170310302984,0.3835824098304013
16,264.3,1313.2390422077922,809.0835571289062,51744,439.89755333951763,962.2346358998145,0.39562470374878866
16,270.0,1312.4967086156826,783.6644287109375,51650,439.6394385285576,962.0817618586641,0.35177810316557107
16,275.6,1306.9366896233312,792.5318603515625,51982,438.71690200454003,961.9134123350391,0.3670739357744745
16,281.2,1311.4501094473394,791.7828979492188,51623,438.1113844604149,961.0105573097263,0.36578201676106725
16,286.8,1301.4108564121161,767.0133666992188,52393,438.27438779989694,960.5345943160346,0.32305593561878304
16,292.5,1299.7812696417348,769.2890014648438,52503,437.758204293088,960.7947926785137,0.32698128061885434
16,298.1,1287.152515365354,772.4171752929688,52716,438.143846270582,961.5237309355794,0.3323772086830012
16,303.7,1292.9669117647059,777.1257934570312,52496,437.54314614446815,961.20489180128,0.34049931643365833
16,309.4,1291.773160025084,777.3921508789062,52623,436.9328430534177,960.5897801341619,0.3409587683588893
16,315.0,1289.535793652301,767.7977294921875,52649,437.476191380653,960.4236167828449,0.3244089183619414
17,0.1,964.1354533863347,282.61785888671875,13333,944.07207680192,898.4401110027751,-0.03706489325799716
17,5.1,968.8568159279884,301.1778869628906,13109,945.0458463650926,899.6951712563888,0.026172804059024758
17,10.1,964.5443222258169,296.69305419921875,12364,944.3157554189582,896.7026852151407,0.010892089198972596
18,0.1,1122.9130011310795,578.5862426757812,63656,705.2297348246826,974.7921798416488,0.03397418368668071
18,5.1,1119.0979231497768,580.61376953125,59128,693.9725341631714,978.5022493573265,0.03759751633902805
18,10.1,1130.3787472000254,584.1165161132812,62947,705.1156687371916,972.1592133064324,0.04385717007892275
18,15.1,1113.0492816046783,505.0008544921875,63614,701.359150501462,975.4578866287295,-0.09752806449420866
18,20.1,1098.7794586673563,549.5582885742188,69606,719.5158176019308,971.7080280435595,-0.01790080561042286
18,25.0,1104.0906486399485,514.0635375976562,62130,695.0421535490101,973.9278448414615,-0.08133241434765123
18,30.1,1104.8422119374402,515.9845581054688,62660,694.3756144270667,971.516884774976,-0.07789941600634114
18,35.1,1104.6362535007395,502.6006164550781,63558,698.9212058277479,971.2414330218069,-0.1018174581610826
18,40.0,1097.8634879566316,502.9327697753906,64932,703.3404638698946,970.754312203536,-0.10122387688849539
18,45.1,1082.0155892828664,515.4229736328125,75244,738.6821806389878,958.5908112274733,-0.07890300683491057
18,50.1,1085.3092906615716,521.1273803710938,75366,737.3303744394024,959.5532866279224,-0.06870883202468042
18,55.1,1071.1713973088094,507.55279541015625,76769,738.1493832145788,959.3603928669124,-0.09296756714247335
18,60.0,1076.1942644604203,516.9013061523438,76087,732.3707860738365,962.9284240409005,-0.07626112296807215
18,65.1,1217.9643854547548,600.2549438476562,69466,711.1590562289465,970.3508910834078,0.07269767199868152
18,70.0,1094.6051904953267,515.7716064453125,77141,734.5073177687611,959.7143542344538,-0.07827997555431186
18,75.1,1203.2217700001283,568.0374755859375,77887,730.5186359726271,963.6524066917457,0.015122797262109107
18,80.1,1088.0439480825669,502.56329345703125,81437,730.9664894335499,964.6392057664207,-0.10188415697552344
18,85.1,1225.868489078454,615.0072631835938,61896,690.1884128215071,972.5868876825643,0.09906110102236249
18,90.1,1086.03959489964,484.85882568359375,65564,688.9403331096333,976.8986028918309,-0.133523282249204
18,95.1,1229.9286782874722,620.0694580078125,59491,689.3868316215899,968.964750970735,0.10810759811297438
18,100.1,1083.6172229224298,531.1761474609375,61093,675.3658356931236,976.8564811025813,-0.050750980657998254
18,105.1,1226.0761767227764,607.4607543945312,66477,708.4900341471487,967.4828136047054,0.08557496068696616
18,110.0,1088.3706112028833,509.0376281738281,66590,692.8186514491665,977.0968914251389,-0.09031406688358597
18,115.1,1231.7922062246746,614.520751953125,57995,678.6775928959393,967.5373394258125,0.09819167134140096
18,120.1,1111.973896019143,525.1117553710938,59761,676.7306771975034,970.705309482773,-0.061588474532123905
18,125.1,1236.081103528467,603.1554565429688,72241,715.9783502443211,965.4045348209465,0.07788109155691175
18,130.0,1099.718497406201,544.6951293945312,66312,683.8873507057547,976.806686572566,-0.026591612048718166
18,135.1,1210.7153027031052,613.6127319335938,67145,688.5453123836473,974.2172313649564,0.0965689758999677
18,140.1,1102.256231949079,534.337646484375,71326,707.186846311303,968.5509491629981,-0.04510116023214896
18,145.0,1210.3369673639697,605.1231689453125,71179,702.1210750361764,971.1164669354725,0.08139753158758777
18,150.1,1090.5675921348493,555.6759033203125,62707,675.5544038145662,973.848661233993,-0.006968199117830464
18,155.1,1211.1735431251848,597.4108276367188,70991,708.5448577988759,968.2425941316504,0.06761503691231283
18,160.1,1079.9996230081053,533.0241088867188,68967,692.8357620311164,973.7105572230197,-0.04744854401887244
18,165.0,1196.6500844052048,613.232666015625,66939,687.098537474417,975.3687984582979,0.09588977145593967
18,170.1,1074.4028174639752,531.4954223632812,65094,680.8229329892156,977.8475128276032,-0.050180414021301516
18,175.1,1210.2324112126603,617.6278076171875,65212,691.0662761454947,971.2085045697111,0.10374419766670859
18,180.1,1087.3137200100027,550.4984130859375,67981,697.0269487062561,972.1937747311749,-0.01622073719041906
18,185.4,1263.7333398190485,654.5724487304688,61674,679.4808995686999,972.4683334954763,0.16976686173842961
18,191.1,1275.216079637642,657.6085815429688,59168,672.2882808274743,973.7022883991347,0.17519264395518408
18,196.7,1283.8434817233415,651.2994384765625,62785,681.0181731305248,973.1005972764195,0.16391776292503588
18,202.3,1283.184495534866,655.845947265625,63156,679.2946038381151,975.4496009880296,0.17204269291309554
18,208.0,1278.4254624952384,667.2616577148438,60379,672.1234866427069,973.8983587008728,0.19244336790727914
18,213.6,1261.9134375347824,641.548095703125,62891,671.1065335262597,978.1405765530839,0.1464914296659093
18,219.3,1277.0604465420222,660.4378051757812,60599,669.0146372052344,974.7968283305005,0.18024866496023867
18,224.9,1267.9353098396357,652.1533203125,60612,666.0539992080776,975.8162575067644,0.1654437096364462
18,230.5,1267.0052793242464,662.4674072265625,62508,667.0398349011326,976.5058872464325,0.1838757061321134
18,236.1,1261.8111751505464,663.0912475585938,61941,663.1673850922652,977.4000904086147,0.184990552546504
18,241.8,1256.9992610643817,653.011962890625,63605,665.9458218693499,978.098325603333,0.16697816412794872
18,247.4,1246.8867519694288,629.2100830078125,63851,662.5206809603609,980.6900909930933,0.12444253589001578
18,253.1,1248.3080525190471,655.361328125,66414,666.3147227994098,980.4879242328425,0.17117664452935016
18,258.7,1260.7175523964,660.4630126953125,62886,663.7426454218745,976.5897656076074,0.1802937125650859
18,264.3,1262.5895448344288,667.380859375,64504,665.1024122535036,977.6125201537889,0.19265638963189563
18,270.0,1233.8080754637117,617.8522338867188,66151,654.7429366147148,984.071835648743,0.10414526314618362
18,275.6,1252.0531305637983,652.4918212890625,67400,669.4013353115727,977.5106824925816,0.166048634615823
18,281.2,1237.4645899612503,644.2361450195312,66323,659.1750222396454,978.061909141625,0.15129516226899878
18,286.8,1231.159154230228,613.0526733398438,72502,668.5823287633444,983.2892196077349,0.09556811192399194
18,292.5,1222.2752508076858,611.3468017578125,70572,659.6197642124355,985.1620189310208,0.09251959979838743
18,298.1,1204.4282887390634,621.3810424804688,70749,647.4267339467696,993.6740448628249,0.11045149152837798
18,303.7,1007.3388338833884,452.1931457519531,2727,472.7172717271727,1176.4825815914926,-0.19189914266663716
18,309.4,1020.8611336032388,455.5267639160156,2470,472.32834008097166,1177.778947368421,-0.18594173326822336
19,0.1,2937.26750748183,2209.61572265625,23390,1094.3705002137665,987.645019238991,0.01649127281378163
19,5.1,2930.4696102133435,2210.54248046875,23577,1093.8976120795692,986.7105653815158,0.01691760994505701
19,10.1,2873.509970110142,2159.17138671875,24423,1090.6305531670967,988.086803423003,-0.00671467504294097
19,15.1,2843.4837118312494,2109.111083984375,23514,1089.8391596495705,986.494641490176,-0.02974395580074466
19,20.1,2882.202533233007,2180.39697265625,23922,1091.7708803611738,986.8338767661567,0.003049748084846576
19,25.0,2887.352514083038,2166.932373046875,23965,1094.2987273106614,986.4553306905905,-0.003144382349022885
19,30.1,2887.463850082303,2153.373046875,23693,1094.6801164901026,986.2734985016672,-0.009382089918544308
19,35.1,2927.210005769389,2190.763916015625,24266,1097.1857743344597,987.6674359185691,0.007818861258014767
19,40.0,2869.329572679357,2135.638427734375,22957,1094.7500108899246,984.9586182863615,-0.017540560822910712
19,45.1,2932.1508458646617,2227.06005859375,23408,1098.387987012987,984.5454118250171,0.024516204506059933
19,50.1,2770.0056710775048,2060.7890625,35443,1117.1668030358603,1021.6105577970262,-0.05197357365689379
19,55.1,2938.560834723183,2234.83935546875,24583,1100.8164992067689,988.0399463043567,0.02809492061537466
19,60.0,2948.922882983832,1578.30419921875,24988,1101.547182647671,989.1897710901233,-0.273931467856056
19,65.1,3164.4840390125314,2344.662841796875,34553,1118.9354325239487,1020.8342256822851,0.07861710610576535
19,70.0,2486.60593104703,1739.337890625,10993,1155.306558719185,1092.6713363049214,-0.19985101112095247
19,75.1,2749.7802158909926,1951.6549072265625,11302,1154.041850999823,1093.7396036099806,-0.10217864563565222
19,80.1,2478.2980249756442,1740.321533203125,11291,1154.5736427242937,1092.2752634841909,-0.19939850524584485
20,0.1,1138.4788909496715,540.442626953125,31811,942.476344660652,1100.4070918864543,0.004148773399222593
20,5.1,1146.9128568641477,548.447265625,30754,944.8711061975678,1103.2774273265265,0.01902148643665001
20,10.1,1147.3608551892396,545.5680541992188,31151,942.0486982761388,1100.1373631665115,0.013671877657907188
20,15.1,1137.9923486466669,509.01519775390625,31367,945.2723562980202,1102.182165970606,-0.054243760623123444
20,20.1,1140.765087730574,547.575439453125,31118,946.1891509737129,1103.780577157915,0.01740162312934366
20,25.0,1137.2661265945228,500.3182678222656,33082,944.3813251919473,1096.357566048002,-0.07040275898420827
20,30.1,1140.0284636281317,504.7357177734375,33130,947.0311801992152,1097.0178388167824,-0.062195084887460096
20,35.1,1141.837823943875,506.7572021484375,33069,947.9342586712631,1097.3985605854425,-0.058439143082784493
20,40.0,1138.4616819524329,515.4252319335938,32165,950.0905020985543,1102.2463858230997,-0.0423338415346379
20,45.1,1137.2084534967555,546.9164428710938,33288,953.1927421292959,1100.6349735640472,0.016177199709504212
20,50.1,1131.3450980392156,541.0280151367188,33660,953.9948603683898,1101.5428104575165,0.005236431546826569
20,55.1,1132.0296078313615,536.8033447265625,33302,952.6742537985707,1100.7382139210858,-0.0026130558895934557
20,60.0,1135.160631355289,497.4629821777344,32945,956.032933677341,1103.2460767946577,-0.07570791337927256
20,65.1,1319.189241815748,641.5044555664062,32868,956.0064500425946,1102.948004137763,0.1919228426128835
20,70.0,1180.0715742685786,555.3715209960938,32847,955.8932322586537,1102.7947148902488,0.03188683456210391
20,75.1,1321.6811046600928,641.8370361328125,32553,957.6040303505054,1103.772831997051,0.19254078122682305
20,80.1,1183.590811546018,557.1346435546875,33085,958.3872449750643,1103.8107299380383,0.03516273706547541
20,85.1,1328.6312269020493,648.4728393554688,32741,961.0716227360191,1104.0496014171833,0.2048701818592547
20,90.1,1178.7747794818206,533.1647338867188,32537,958.8359098872054,1103.7093155484524,-0.009373637733969545
20,95.1,1313.433623309301,650.0272827148438,33566,962.3764821545611,1103.2364893046536,0.20775835594987904
20,100.1,1178.2266799192796,568.3239135742188,33201,962.4161922833649,1102.1984277582,0.055952532697786855
20,105.1,1320.8704275678294,634.7604370117188,33024,961.7756782945736,1103.0047238372092,0.1793923766175385
20,110.0,1181.566133698797,570.69287109375,32835,964.1863864778437,1104.323496269225,0.060354083702161075
20,115.1,1325.5550146056476,646.5823364257812,32864,962.856773369036,1102.866814751704,0.20135760512441103
20,120.1,1195.7692538928636,565.2742309570312,33266,964.1147117176697,1103.5327962484218,0.05028618643533452
20,125.1,1341.2791424743189,673.2034912109375,33585,965.7983325889534,1102.5185946106892,0.25082002461321284
20,130.0,1190.0131755769792,587.6011352539062,34230,966.2579316389132,1102.958515921706,0.09176983788212058
20,135.1,1328.4893464423394,665.923583984375,33463,966.7678630128798,1103.3309625556585,0.23729387114670084
20,140.1,1181.184783244603,595.1054077148438,34186,968.6285321476628,1102.8208330895689,0.10571286459965878
20,145.0,1319.22360891445,674.8873901367188,34775,968.8229762760604,1101.7894751976994,0.2539487286726692
20,150.1,1181.3013336399172,584.1401977539062,34792,969.3707748907794,1102.4665727753506,0.08533937519817356
20,155.1,1314.6541945874435,674.8025512695312,34771,969.7604325443617,1102.301630669236,0.2537910970570744
20,160.1,1172.97051826678,589.6307983398438,35310,970.7870858113848,1101.4222033418296,0.09554097582815568
20,165.0,1314.3618434235009,667.3762817382812,34935,970.4710462287104,1102.4290825819378,0.23999300070265142
20,170.1,1170.9698970617917,583.6174926757812,34681,969.4208932845073,1102.3152734926905,0.08436818299964573
20,175.1,1305.8357275124852,533.5654296875,35642,971.7228831154256,1101.9251444924528,-0.008629140211394203
20,180.1,1167.2901377441572,581.252685546875,35428,971.3330134357005,1101.012419555154,0.07997434346999124
20,185.4,1369.5719242363916,549.2907104492188,35162,972.5405267049656,1101.2031170013083,0.020588616865358105
20,191.1,1380.4314793097672,697.1732177734375,35814,972.1049868766404,1100.7712626347238,0.2953560592005378
20,196.7,1376.3484936348825,698.8884887695312,36213,971.7267831994035,1100.3260431336812,0.29854305293655226
20,202.3,1383.8136040439952,705.6768798828125,36004,972.4618097989112,1100.676897011443,0.3111559636689745
20,208.0,1381.4876850011044,703.3414916992188,36216,972.506571681025,1100.3225922244312,0.30681678488659825
20,213.6,1372.3046477254065,567.3174438476562,36534,972.8617452236273,1100.538375212131,0.05408250007824879
20,219.3,1375.2135032478257,569.0654907226562,36332,973.1168391500605,1101.2219530991963,0.05733039178374122
20,224.9,1373.9089725837719,571.0457153320312,36110,973.5737745776793,1101.8135142619774,0.06100967245737936
20,230.5,1364.249131284613,692.7348022460938,36836,973.9577587143012,1100.629601476816,0.28710943081605095
20,236.1,1365.309555225686,570.5028076171875,36378,974.8483149156083,1101.6455550057726,0.06000094352161277
20,241.8,1358.3430294722414,569.4812622070312,36475,974.7059355723098,1101.1175325565455,0.05810290010419563
20,247.4,1355.2400669061394,658.3155517578125,36469,974.1535550741726,1101.926348405495,0.223158057561169
20,253.1,1356.6828980954251,675.673828125,35651,972.5616392247061,1102.7886454797901,0.25540993972802084
20,258.7,1352.2115554603165,665.9935913085938,37333,976.3371012241181,1102.063670211341,0.23742394558057653
20,264.3,1358.0285843799163,669.328857421875,37503,977.7154360984455,1102.5193184545237,0.24362090934617128
20,270.0,1363.8682477663324,667.56591796875,36599,976.7416596081861,1103.1657149102434,0.24034534705491975
20,275.6,1358.9940129493675,544.766845703125,36913,978.5695825318993,1104.177173353561,0.012183222824876492
20,281.2,1353.341806381828,662.923095703125,36980,978.2244456462953,1104.2822877230935,0.23171892854048548
20,286.8,1351.6470823982045,561.87646484375,37428,977.6562733782196,1103.4910761996366,0.04397309693278361
20,292.5,1339.9533863594324,653.918212890625,37843,978.7907671167719,1104.1568586000053,0.21498775009559962
20,298.1,1328.677582784916,648.2329711914062,38292,978.7689334586859,1103.3551916849472,0.20442450398206946
20,303.7,1322.6843623323978,638.4586791992188,38484,979.5318314104563,1104.5627013823928,0.18626375420899094
20,309.4,1321.8276381778967,613.1904296875,38483,980.6325390432139,1104.233713587818,0.13931504867074587
20,315.0,1315.4495288352807,625.025634765625,39795,981.3257946978264,1103.0181429827867,0.16130499925833758
21,0.1,2499.036524585286,1768.61181640625,13443,1147.3107937216396,1092.4135981551738,0.006684830042862957
21,5.1,2454.5315679341943,1739.647216796875,13859,1146.0998629049716,1092.2710873800418,-0.0098016724019028
21,10.1,2476.4912879337885,1757.7618408203125,13774,1147.1896326412082,1092.199869319007,0.0005090792492870053
21,15.1,2491.958732299393,1793.126953125,14830,1146.3498314227916,1089.6942009440324,0.020638720892319787
21,20.1,2419.835333519397,1725.189453125,14332,1145.61010326542,1091.1684342729557,-0.01803095778256669
21,25.0,2409.4610870681436,1717.7225341796875,13633,1147.9006088168414,1092.5452211545514,-0.022281089982112694
21,30.1,2504.186041154791,1795.0457763671875,13024,1150.3495085995087,1090.4527027027027,0.021730905300184285
21,35.1,2431.0060813062314,1723.843017578125,12004,1151.0638953682105,1093.5310729756748,-0.018797342032121078
21,40.0,2559.9113592606855,1849.589111328125,12985,1152.0564497497112,1087.5349249133615,0.05277669351429512
21,45.1,2437.595791980945,1740.3726806640625,12595,1150.826915442636,1090.8701071853911,-0.009388742066898109
21,55.1,2288.478677656334,1597.8265380859375,11162,1152.5636982619603,1096.8713492205698,-0.09052527976464453
22,0.1,1006.1265189421015,561.1788940429688,26581,386.60189609119294,1155.5738309318685,-0.004013257789742253
22,5.1,1012.2780270721305,546.819091796875,26965,391.86701279436306,1155.7918783608382,-0.029499199634118452
22,10.1,1017.1323021474695,563.6163330078125,26636,387.72972668568855,1155.77098663463,0.0003127368613416617
22,15.1,1027.581821675634,573.8295288085938,26020,382.28977709454267,1155.875057647963,0.018439233992926102
22,20.1,1026.429329693661,571.7567749023438,26376,382.5283212010919,1155.0003412192902,0.014760486569592942
22,25.0,1012.4415189497886,557.7735595703125,26966,384.65801379514943,1154.916561596084,-0.01005708449734022
22,30.1,1010.5109151208135,556.082275390625,27439,386.66467436859944,1154.3283282918474,-0.013058795071561711
22,35.1,1013.5883742911153,561.7323608398438,27508,385.98560418787264,1154.39577577432,-0.0030309585661031156
22,40.0,1003.091593159316,554.1729736328125,27775,387.70325832583256,1153.6162376237623,-0.016447445745787503
22,45.1,1011.9609719113294,559.7241821289062,27698,386.92346017763015,1153.9506101523575,-0.006595097191618652
22,50.1,992.9409736732135,545.2964477539062,28716,389.81184705390723,1153.0966011979385,-0.03220160575808466
22,55.1,991.4198035142083,540.8078002929688,28399,390.6789675692806,1153.085214268108,-0.04016810879126391
22,60.0,1110.2251588445727,712.003173828125,18729,342.6527844519195,1153.0663142719845,0.2636714050941119
22,65.1,1106.6996848431545,605.281494140625,27288,387.6750586338317,1154.203569334506,0.07426054306154763
22,70.0,1031.457205256618,561.8565063476562,26557,385.49075573295175,1154.9560191286666,-0.0028106236939282143
22,75.1,1153.7610037021802,662.1356811523438,24310,376.17712875359933,1155.4264088852324,0.1751660067272548
22,80.1,1068.9119904274633,611.6181030273438,24236,374.0174121142103,1153.6159019640204,0.08550682924361551
22,85.1,1124.143282197921,625.791015625,25879,382.57463580509295,1154.8248386722826,0.11066107719487493
22,90.1,1050.700730816078,607.1952514648438,24630,373.2041412911084,1153.2395858708892,0.07765710152617104
22,95.1,1119.5202676111767,629.3853759765625,25410,382.4434081070445,1154.9966155057064,0.1170403892019447
22,100.1,1048.207971634674,598.0901489257812,24537,377.3150751925663,1153.3708684843298,0.06149726103388618
22,105.1,1119.1207308944047,629.1314086914062,25503,385.74802964357133,1154.3630161157512,0.11658964514928012
22,110.0,1099.7853207194096,551.9443969726562,19238,349.9460962678033,1151.0972554319576,-0.020402749181245797
22,115.1,1185.4041715204971,560.1697387695312,18027,344.35263771010153,1149.8760193043768,-0.005804318151856224
22,120.1,1041.4413378230108,584.3136596679688,26431,384.35893458438954,1153.4279822935189,0.03704658977622361
22,125.1,1137.0738872970392,655.6258544921875,26175,383.2355682903534,1153.5117860553964,0.16361229165274227
22,130.0,1075.0888165921106,634.8232421875,24590,374.55189101260675,1152.3196014640098,0.12669157656750551
22,135.1,1187.9282886551296,748.0165405273438,17682,343.7108924329827,1148.385759529465,0.32758834166377526
22,140.1,1105.1251580278129,539.9591064453125,18984,345.93958069953646,1150.0133796881585,-0.04167438037316754
22,145.0,1179.2591336687815,737.61865234375,18284,342.97741194486986,1149.2198096696566,0.3091340503713249
22,150.1,1095.8477387996618,679.21533203125,18928,346.91885038038885,1150.4531910397295,0.20547916714284925
22,155.1,1172.261325630891,594.5250244140625,19734,350.74505928853756,1151.6635248809162,0.05516983713093232
22,160.1,1083.047549833887,544.1805419921875,19264,349.53197674418607,1151.6160714285713,-0.03418212811205404
22,165.0,1123.7128482022333,644.0971069335938,24447,375.2968462388023,1154.6580357508078,0.14315093816183738
22,170.1,1078.4903600938487,553.60009765625,19606,348.1359787820055,1152.603896766296,-0.017464192604309443
22,175.1,1152.636874648679,588.3157348632812,19569,347.50953037968213,1152.4754458582452,0.04414951876762395
22,180.1,1056.989046866772,648.8681030273438,18990,341.47351237493416,1151.4609268035808,0.15161855678925512
22,185.4,1123.8209427767354,642.89306640625,25584,380.50898999374607,1155.4812382739212,0.14101399321424923
22,191.1,1143.3613772095073,651.939697265625,24949,379.04625435889216,1155.9331035312036,0.15707005749830227
22,196.7,1154.6691665315388,661.9486694335938,24668,379.4485162964164,1155.9771769093563,0.17483409618234627
22,202.3,1164.2634076498261,668.8131713867188,24445,379.4274084679894,1155.2215176927798,0.18701729303768885
22,208.0,1162.1274617289966,670.274658203125,24627,381.1554797579892,1155.5823689446543,0.1896111566140055
22,213.6,1218.1354745727815,648.1411743164062,19428,351.9397261684167,1151.9515132798024,0.15032839536958792
22,219.3,1227.9449981346268,769.0263671875,18763,348.6242605127112,1151.632414859031,0.3648768231654495
22,224.9,1163.5312129996325,669.6489868164062,24493,382.59082186747236,1156.422528885804,0.1885007078555665
22,230.5,1157.9466274941853,670.5725708007812,24507,380.91451422042684,1156.6538948055659,0.19013989531168773
22,236.1,1154.7913604442267,676.83251953125,24492,379.5738200228646,1157.1235097174588,0.20125012416855811
22,241.8,1161.3111624003357,683.32275390625,23830,379.40306336550566,1157.1405371380613,0.21276906663050027
22,247.4,1221.4930529275018,661.2970581054688,18497,347.0173541655404,1153.6190733632482,0.1736776089181677
22,253.1,1219.6846355303362,766.32373046875,18328,344.14797031863816,1153.497599301615,0.36008015249686315
22,258.7,1223.004357298475,770.4855346679688,18360,345.3570806100218,1152.9980392156863,0.3674665703577235
22,264.3,1233.3680911370327,778.8508911132812,18346,344.11332170500384,1153.551891420473,0.38231350099221106
22,270.0,1236.3939212701175,680.2703247070312,18392,345.68665724227924,1153.5511635493692,0.2073515802527525
22,275.6,1233.3624816805082,782.8809814453125,18423,345.2754165988167,1153.6641155077891,0.3894661515698101
22,281.2,1234.061698892027,781.7646484375,18412,344.9543232674343,1154.0382359330872,0.38748487093456974
22,286.8,1237.8733031674208,692.1259765625,18343,346.59014337894564,1154.1119228043394,0.2283931272418721
22,292.5,1242.6440318013504,700.268310546875,18364,345.2195600087127,1154.9374863864082,0.24284423505289499
22,298.1,1237.1644704467167,783.0423583984375,18289,344.9564765706162,1154.9582809338947,0.38975256523845836
22,303.7,1241.263952724885,786.7724609375,18276,344.74939811775005,1154.9977019041366,0.39637279403791603
22,309.4,1250.5568724279835,792.4850463867188,18225,345.0720987654321,1155.2862002743484,0.40651155626073304
22,315.0,1248.111177753544,721.0913696289062,18340,344.7551254089422,1155.2302617230098,0.27980123931324413
23,0.1,1084.623990825688,431.95037841796875,21800,641.5317889908257,1135.0316972477065,-0.01621366128199143
23,5.1,1103.0548765989824,464.79937744140625,21029,640.9184935089638,1135.4890864995957,0.05860140566662149
23,10.1,1090.3318411235462,431.2207946777344,22785,644.877199912223,1132.0147904323019,-0.01787532093656139
23,15.1,1097.639219591689,425.1319885253906,22091,642.701824272328,1133.4132452129827,-0.03174284973400523
23,20.1,1096.8711897304688,442.24395751953125,22669,644.9566368167983,1132.2884556001588,0.0072304262859363005
23,25.0,1097.2984297932032,402.11517333984375,22099,641.4887551472917,1132.9709036607992,-0.08416467749873874
23,30.1,1098.3167628481847,458.6573486328125,22007,641.5475984913891,1133.5974917071842,0.0446126598851324
23,35.1,1097.45515129683,419.6017150878906,22208,642.9972082132565,1132.5560608789626,-0.04433829525048786
23,40.0,1086.5501433948737,515.6842651367188,22316,642.9121258290016,1132.7775587022763,0.17449401709387447
23,45.1,1088.901612903226,456.55841064453125,23560,647.6868421052632,1129.225806451613,0.03983223458199889
23,50.1,1092.4578467233705,464.4822998046875,22691,646.5078665550218,1131.105592525671,0.05787924714355369
23,55.1,1085.4140098169642,456.2552490234375,21799,643.5167668241662,1134.016239277031,0.03914177040797044
23,60.0,1090.5464414414414,449.91522216796875,22200,646.403963963964,1133.0081981981982,0.024702075204184534
23,65.1,1298.551862413117,502.0383605957031,22444,646.8612992336482,1131.8873195508822,0.14341485814957763
23,70.0,1118.7612089006975,417.4564208984375,24088,651.3038442377948,1128.0156094320823,-0.04922429887860116
23,75.1,1287.5259648245394,536.672607421875,23994,650.9974160206718,1127.3483370842712,0.2222959069500619
23,80.1,1130.1510421286032,465.80133056640625,22550,647.6596895787139,1131.739157427938,0.06088339879745518
23,85.1,1289.767646570337,543.6640014648438,24084,651.1498505231689,1128.4715994020926,0.2382191201053742
23,90.1,1117.1972831505484,493.27508544921875,24072,651.8789880358923,1128.5407527417747,0.12345610639870812
23,95.1,1282.9331813184576,598.2418823242188,24559,652.8365568630644,1126.6528767457958,0.3625226889140979
23,100.1,1121.3616420415012,435.286376953125,24433,653.1912577252077,1126.1461138623993,-0.008615775161622465
23,105.1,1276.9825140086634,657.1796875,25163,654.8107936255614,1125.9922902674562,0.49675618068303373
23,110.0,1122.0176070428172,421.97271728515625,24990,657.31412565026,1124.841456582633,-0.03893823152260464
23,115.1,1280.3947244649996,568.2247924804688,25514,657.1482715371952,1124.5848161793524,0.29415742199499406
23,120.1,1136.9153145862836,485.6003112792969,24715,655.7978150920494,1125.9192797896014,0.10597646438804866
23,125.1,1299.9721190317914,604.9585571289062,25573,656.6536972588277,1124.4500058655613,0.37782021669648846
23,130.0,1136.235365214939,551.094482421875,24821,657.0258651947947,1125.844849119697,0.2551423733790599
23,135.1,1292.850662001511,640.876708984375,25151,658.2432905252276,1125.6280465985449,0.4596254167216104
23,140.1,1134.1105835565295,481.8544006347656,24642,658.3642561480399,1126.954954954955,0.0974449850740467
23,145.0,1293.3160621761658,634.2361450195312,25476,660.9407285288114,1125.1843303501335,0.44450123478681663
23,150.1,1133.6289766808238,549.3448486328125,24958,660.807556695248,1126.3957448513502,0.25115750403887477
23,155.1,1285.2727272727273,583.9881591796875,25729,661.8793579229663,1126.412258540946,0.3300591958693255
23,160.1,1126.5292710161111,466.89739990234375,25076,662.3996650183442,1126.2647950231296,0.06337974581521294
23,165.0,1290.8956195737965,595.3436889648438,25340,663.3020520915549,1126.5877663772692,0.35592192369574344
23,170.1,1127.845417515275,475.5799560546875,24550,661.7250916496945,1127.5339307535642,0.0831546564406239
23,175.1,1287.7667325949367,612.4132690429688,25280,662.1816455696203,1126.660957278481,0.3947986570603874
23,180.1,1120.6866131773447,542.5774536132812,25301,663.3558357377178,1126.4218410339513,0.2357444586948539
23,185.4,1361.3204991087343,712.2163696289062,25245,662.5026341849871,1127.4478510596157,0.6221046899379366
23,191.1,1383.476489786051,724.8103637695312,24819,660.2368749748176,1128.3926830251016,0.6507880758185545
23,196.7,1387.7285615631474,711.8380126953125,24617,661.8088719177804,1128.7143031238575,0.6212429650708533
23,202.3,1392.8573647847595,699.5827026367188,24461,661.2230080536364,1129.382813458158,0.593330947360496
23,208.0,1410.5191761683718,761.8319702148438,22189,651.5482446257155,1132.8538014331425,0.7351064431080735
23,213.6,1393.18789407314,651.3519287109375,23790,659.4315678856663,1130.9907103825137,0.4834831989506834
23,219.3,1398.529735174382,731.0323486328125,23827,659.3735258320393,1131.0036932891257,0.6649589250967171
23,224.9,1407.3347919271298,722.1466064453125,22396,653.3285408108591,1133.0364350776924,0.6447212491732709
23,230.5,1401.7118468254312,715.1128540039062,23137,658.1253835847344,1131.6494359683625,0.6287015628678125
23,236.1,1409.0841264967762,759.3082275390625,22799,658.3578665730953,1132.271283828238,0.7293585060974227
23,241.8,1392.4760762529984,727.537109375,23763,663.4672389849767,1130.9203804233473,0.6569983610963319
23,247.4,1404.2280552698653,646.630859375,22363,658.3434244063856,1133.524035236775,0.47273075202877884
23,253.1,1406.0372263730503,750.6785278320312,22887,663.4744177917595,1131.8313889981212,0.7097039783942402
23,258.7,1409.6507504000692,731.7379760742188,23121,664.6509666536914,1131.0564854461313,0.6665660232074363
23,264.3,1421.0755503743892,754.6567993164062,22303,661.6230103573511,1132.426624220957,0.7187646699310177
23,270.0,1410.4804988174585,673.6438598632812,23255,666.3794882820898,1131.1336056761986,0.5342540708541629
23,275.6,1414.1824126577649,721.5172119140625,21868,660.7300621913298,1133.3024510700568,0.6432877749307541
23,281.2,1412.158479376881,761.522216796875,22596,665.9849530890423,1132.0304036112586,0.7344009658213422
23,286.8,1409.2745045527583,684.8961181640625,22404,664.9150598107481,1131.7624977682556,0.5598815932482362
23,292.5,1419.180619322067,692.211669921875,20474,656.0992478265117,1135.5704307902706,0.5765430901217415
23,298.1,1404.8017237251615,740.4949951171875,20885,659.6143643763467,1134.5022264783338,0.6865105264022684
23,303.7,1407.1071658814778,723.0037231445312,20165,656.5685593850732,1136.4301016612944,0.6466733708555502
23,309.4,1394.8778240329295,704.047607421875,21379,663.7475092380373,1134.8631367229525,0.6034999680415313
23,315.0,1390.9463103010944,670.9530029296875,21289,664.0483817934145,1135.2880830475833,0.5281255236344343
24,0.1,569.8022371364654,220.8749237060547,6705,32.7979120059657,1136.842058165548,0.004492119412830335
24,5.1,584.6235367566724,226.06553649902344,6407,31.58748244108007,1137.3326049633213,0.028097921094506727
24,10.1,573.0104760437529,217.05947875976562,6491,32.230472962563546,1134.8106609151132,-0.012859711733476532
24,15.1,571.2385493199937,219.5829620361328,6397,31.40800375175864,1133.3997186181023,-0.0013834471487548044
24,20.1,568.9244526672834,215.85292053222656,6486,31.35877274128893,1133.0476410730805,-0.018346881625105466
24,25.0,571.0266789328427,217.4556884765625,6522,30.890677706225084,1133.8160073597055,-0.011057834311271268
24,30.1,579.9267801857585,215.7240753173828,6460,31.229876160990713,1135.7407120743035,-0.018932842225625426
24,35.1,583.3566966326375,214.0345458984375,6563,31.770379399664787,1135.196708822185,-0.0266164622507998
24,40.0,585.3918101442531,211.65196228027344,6447,31.453078951450287,1136.7788118504732,-0.03745194519350337
24,45.1,585.4353108236037,212.4583282470703,6338,31.329441464184285,1136.8010413379616,-0.033784764485891135
24,50.1,589.2417705337168,216.15206909179688,6258,31.39085969958453,1137.9654841802492,-0.016986417677545804
24,55.1,588.2164005322688,213.6439971923828,6012,30.315868263473053,1137.1363938789088,-0.02839259460161794
24,60.0,597.7005310947404,220.2794647216797,5837,29.79869796128148,1137.6568442693165,0.0017840987502662808
24,65.1,659.8348284960422,251.73464965820312,5685,28.791380826737026,1136.1699208443272,0.1448355817038508
24,70.0,621.7597707139134,236.23110961914062,5757,28.957790515893695,1137.7557755775576,0.07432878296482913
24,75.1,664.809360318034,248.69898986816406,5534,29.448138778460425,1136.469280809541,0.13103004739896648
24,80.1,622.2662434652726,218.18045043945312,5356,28.176437640029874,1135.4232636295744,-0.0077617712364847925
24,85.1,668.484532558537,235.01666259765625,5851,29.03435310203384,1137.760724662451,0.06880573651819441
24,90.1,628.0567901234568,221.15480041503906,5670,28.61569664902998,1138.305996472663,0.0057649390877163
24,95.1,678.7180898278004,251.399658203125,5633,28.053080063909107,1137.7301615480205,0.14331211189998827
24,100.1,644.6398460731152,240.4600372314453,5717,28.11562008046178,1139.8919013468603,0.09356104522824753
24,105.1,720.3193008832926,273.6910705566406,5321,26.759067844390152,1138.51362525841,0.24468870850036756
24,110.0,657.7000653808434,242.51568603515625,6118,29.26005230467473,1139.3558352402747,0.10290969825305193
24,115.1,721.6174118502363,253.107421875,5502,27.687749909123955,1135.397673573246,0.1510786574246441
24,120.1,679.396110721794,241.51231384277344,5708,28.250875963559917,1137.2142606867553,0.09834657518242297
24,125.1,741.5833473507149,294.6983947753906,5945,28.557611438183347,1140.5801513877207,0.34022554570044405
24,130.0,671.3586138332623,291.5178527832031,7041,33.22226956398239,1146.3451214316149,0.3257611179917302
24,135.1,721.8069174540916,285.7630920410156,5609,27.309859154929576,1140.8142271349616,0.2995896915679382
24,140.1,647.0830069016974,240.60031127929688,5361,26.560902816638688,1137.654542063048,0.09419898172760566
24,145.0,709.4254311161645,283.590087890625,5277,25.745120333522834,1142.0451013833617,0.2897073314163457
24,150.1,654.7214557088582,244.01614379882812,5001,24.283543291341733,1139.9092181563688,0.10973346065138562
24,155.1,701.5611659398669,244.16714477539062,4357,23.724122102364014,1137.162956162497,0.11042018093830479
24,160.1,636.4951055035893,210.5631866455078,4597,24.337611485751577,1137.604742223189,-0.042403464934088544
24,165.0,687.591832078485,226.8152618408203,4383,23.986995208761122,1138.0714122746976,0.03150751230080086
24,170.1,635.4321734745336,195.70701599121094,3966,23.600857286938982,1137.5673222390317,-0.10996616556348685
24,175.1,673.9064947029019,217.0221405029297,4342,24.21764163979733,1137.4587747581759,-0.01302951817467411
24,180.1,616.137030643073,199.99923706054688,4634,24.382175226586103,1140.1758739749675,-0.09044605813534119
24,185.4,695.6869171329603,227.02565002441406,3753,23.161470823341325,1136.3322675193178,0.03246431295925292
24,191.1,721.5648024855748,268.1318359375,4506,23.1826453617399,1144.8599644917888,0.21940649324842101
24,196.7,717.8044280442805,242.2552947998047,4065,23.21648216482165,1141.4258302583025,0.10172549436296748
24,202.3,739.3382577687213,255.3641815185547,3926,22.052470708099847,1139.9834437086092,0.16134191972406398
24,208.0,711.8625360870531,236.9856414794922,4503,24.941594492560515,1139.067732622696,0.07776023319399912
24,213.6,720.711390635919,241.89517211914062,4293,24.772187281621243,1137.2490100163056,0.10008773309663972
24,219.3,718.7665914221219,230.6158905029297,4430,25.569074492099322,1136.4397291196387,0.048791962141671336
24,224.9,741.5554495587885,239.28004455566406,4193,24.87789172430241,1138.0989744812782,0.08819468980908488
24,230.5,760.2321035914977,254.96791076660156,4093,23.21280234546787,1139.2391888590275,0.15953976472696504
24,236.1,749.5690823774765,225.38343811035156,3836,24.580552659019812,1136.5503128258604,0.024995882870389816
24,241.8,767.2515892420538,247.15728759765625,4090,23.24914425427873,1141.8266503667483,0.12401871376624087
24,253.1,742.6886643511209,207.11611938476562,3167,22.855383643826965,1131.3946952952322,-0.05807999280969991
24,258.7,736.9011919698871,219.8944854736328,3188,21.388644918444164,1134.8676286072773,3.3295108494778874e-05
24,264.3,722.5716666666667,219.7464141845703,3000,21.552,1132.7936666666667,-0.0006401015835286319
25,0.1,936.2062798555284,388.0989685058594,17166,800.6614819993009,1154.5569730863335,-0.026386663010839462
25,5.1,944.6179000740614,403.33563232421875,17553,801.8338745513587,1154.8449837634591,0.011837141504505206
25,10.1,951.6903713737443,406.35089111328125,17718,801.5751213455243,1153.6010836437522,0.019401439298975417
25,15.1,952.5585635359116,404.4792785644531,18100,801.2836464088398,1152.7452486187844,0.014706175752590011
25,20.1,957.9782792189523,390.8209533691406,17771,802.0447920769793,1153.3893421867087,-0.019558093545231026
25,25.0,950.7118580060423,390.4997253417969,18536,801.1276435045318,1151.3149007337074,-0.020363949569122707
25,30.1,951.3946727388266,419.1778869628906,18884,802.7873861470027,1150.482313069265,0.05158017525584707
25,35.1,951.5562049176012,401.2816162109375,18993,803.3206970989312,1150.33291212552,0.006684287092187768
25,40.0,943.8668302833057,411.54693603515625,18743,802.9475004001494,1150.6928986821747,0.03243661600920654
25,45.1,946.5477354537152,412.5310363769531,18613,804.5770160640412,1151.6184924515123,0.034905401797011494
25,50.1,942.7695734854659,410.16534423828125,18405,803.3055691388209,1151.106873132301,0.02897065420855823
25,55.1,939.6517388717616,399.3044738769531,18489,804.5007842500946,1151.4876413002326,0.0017242838412025697
25,60.0,943.0941863001746,397.1129455566406,18336,806.0644633507853,1151.905595549738,-0.0037735437084562983
25,65.1,1133.4982620030414,484.466552734375,18412,805.2423962633065,1151.8138713882252,0.21536807707395045
25,70.0,981.9513228095265,393.9877014160156,18181,806.3579561080248,1152.3740168307575,-0.011613758765904432
25,75.1,1132.847039118219,474.3656921386719,18508,806.0322022909012,1152.1221093581155,0.19002832255487506
25,80.1,985.1441185914589,408.8051452636719,18686,804.8854222412501,1150.7231082093547,0.025558359999848748
25,85.1,1145.6084500923212,485.8851013183594,18414,808.3224720321494,1152.1316932768545,0.218926751362242
25,90.1,985.4751872406919,415.26953125,18559,808.4650035023438,1151.727517646425,0.041775389475514235
25,95.1,1148.9365027500953,483.4986572265625,18363,808.2518107063116,1151.7915917878342,0.2129399439128495
25,100.1,991.1891537856956,387.82318115234375,19085,809.8608855121823,1151.4605187319885,-0.02707852325099803
25,105.1,1155.078203723987,493.35675048828125,18260,809.6123767798466,1153.2853231106244,0.2376706746175549
25,110.0,1000.0814383636166,388.115234375,18382,809.5505929713851,1153.2950712653683,-0.02634585726689739
25,115.1,1159.506397935087,473.0342102050781,18209,811.6709319567246,1153.7182162666813,0.1866880700066712
25,120.1,1011.1108115394985,385.11627197265625,18545,810.0940415206255,1151.6800754920464,-0.033869272758806496
25,125.1,1169.179718279454,488.92254638671875,18529,811.1807976685196,1153.107021425873,0.22654670727274576
25,130.0,1008.7011356843993,419.079345703125,18403,809.7763951529641,1152.1921969244145,0.05133296747500475
25,135.1,1160.5220844212358,513.3441162109375,18384,812.395724543081,1153.206266318538,0.287812435915651
25,140.1,1007.8932423508695,422.4624938964844,18172,813.2890710983932,1154.4343495487562,0.05982017942186088
25,145.0,1163.9218627997768,521.3731689453125,17930,814.2344673731177,1154.8257110987172,0.30795470234751543
25,150.1,1008.750966007728,426.64825439453125,17857,814.2604580836646,1154.4149633197067,0.07032088304916079
25,155.1,1162.4084798345398,530.246826171875,17406,817.1721245547512,1156.1688498219005,0.3302158051196066
25,160.1,1000.3117474058043,433.46826171875,18021,816.5344875423117,1154.9668164918705,0.08743005011236282
25,165.0,1163.5071486221607,517.9137573242188,17346,817.3838925400669,1155.992505476767,0.2992761704117076
25,170.1,998.2028325465149,441.2673034667969,18005,816.0021105248542,1154.3472924187727,0.10699529423261112
25,175.1,1155.1307051574624,542.7028198242188,17528,816.6200365130078,1155.645025102693,0.3614638179449514
25,180.1,999.504186364413,436.81121826171875,17557,818.5421199521559,1156.2670160050122,0.09581643435795871
25,185.4,1255.0719591721008,612.2473754882812,17635,819.8856251772045,1156.1981854267083,0.5359283550968816
25,191.1,1264.672459218566,617.234619140625,17839,817.7041313974999,1154.5256460563933,0.5484397177357213
25,196.7,1267.5700875736936,614.2943115234375,17471,818.1591780665102,1155.055749527789,0.5410634479095846
25,202.3,1272.1698837275903,608.4700317382812,17459,818.753479580732,1155.8659717051378,0.5264522354680372
25,208.0,1258.8826551168413,607.2229614257812,19856,811.7635979049154,1148.0468372280418,0.5233237440600657
25,213.6,1258.4470912879428,609.0887451171875,17757,817.93456101819,1153.920200484316,0.5280043849102166
25,219.3,1267.4818403308968,609.8536987304688,17649,817.7201541163805,1153.9831718510964,0.5299234032547795
25,224.9,1257.0867403025702,597.2464599609375,19103,813.1489818353139,1149.5199706852327,0.4982959659135305
25,230.5,1251.511188080708,598.9491577148438,18189,816.2204629171478,1152.2585628676673,0.5025674775035943
25,236.1,1245.9610232762407,596.7655639648438,18216,816.4935221783048,1152.3642951251647,0.49708955519488285
25,241.8,1242.5202939118265,592.1019897460938,17148,820.5866573361325,1155.3959062281315,0.48539017326945716
25,247.4,1241.5121451889559,592.2503662109375,18073,815.8361091130415,1151.3836662424612,0.4857624012751727
25,253.1,1240.319478402608,602.6288452148438,17178,818.7262777971824,1154.9912679008035,0.5117986095515483
25,258.7,1246.5770893798494,608.5848999023438,16883,818.6423029082509,1155.7399751229048,0.5267404021100597
25,264.3,1255.3317062095584,620.5471801757812,17618,816.7546259507322,1153.3942558746737,0.556749849596765
25,270.0,1259.4682709447416,635.568115234375,16830,820.9101604278075,1156.3434937611407,0.5944324612341988
25,275.6,1263.6943293409774,630.7418212890625,17617,816.1224953170233,1153.3435885792132,0.5823248687521143
25,281.2,1263.5479500891265,647.5599365234375,16830,819.944266191325,1156.188651218063,0.6245160174641234
25,286.8,1266.7852183123455,643.263916015625,16994,817.4089678710133,1155.87778039308,0.6137387075462745
25,292.5,1269.338601532567,653.2107543945312,18792,812.0384206045126,1149.8886760323542,0.638692070715114
25,298.1,1262.494997251237,644.6591796875,18190,813.4794942275976,1151.3710280373832,0.6172389676082474
25,303.7,1268.2660659364376,655.4351806640625,18533,811.137160740301,1149.768952679005,0.6442724284560855
25,309.4,1263.7802942539388,651.8338012695312,17264,817.7082947173309,1153.2095111214087,0.635237745824558
25,315.0,1261.7911851808838,655.5450439453125,17221,817.4599616746995,1152.5999070901805,0.6445480394845872
26,5.1,1357.828204898179,899.9598388671875,11147,43.07284471158159,495.6172961334888,0.0
27,25.0,1114.0492534676207,713.0186767578125,45276,75.62662337662337,314.2484760137821,0.026668965945266507
27,30.1,1181.6308198975807,769.0845336914062,55263,68.34020954345584,354.7221649204712,0.10739767227395
27,35.1,1186.899760988159,774.4420776367188,54809,67.73819993066832,357.1141418380193,0.11511195000837267
27,40.0,1136.7361904761906,462.03277587890625,46200,73.76753246753246,324.0309307359307,-0.3347233000945087
27,45.1,1163.5425026586317,753.90771484375,56420,69.6702410492733,353.91878766394893,0.08554471186691934
27,50.1,1178.8100524093754,766.7107543945312,54952,68.31711311690202,356.9695734459164,0.10397968952602721
27,55.1,1153.7637170331614,748.7643432617188,56572,70.0525524994697,351.91736194583893,0.0781388189278906
27,60.0,1170.4911895066843,762.3915405273438,55502,68.78934092465137,352.9116608410508,0.09776049362096952
27,65.1,1321.4725367466067,884.2806396484375,56876,70.4900836908362,349.86256065827416,0.27326747462135503
27,70.0,1193.4121402893782,782.1923828125,55913,69.30332838516982,352.2020818056624,0.12627154240048374
27,75.1,1310.7742462151732,578.5039672851562,47162,73.50797252024935,325.4700182350197,-0.16701751405927956
27,80.1,1153.8346934174933,748.5277709960938,44360,75.03286744815149,319.2699053201082,0.07779818072129416
27,85.1,1274.4022557206376,529.1635131835938,46105,75.51465133933412,316.21288363518056,-0.2380623753552863
27,90.1,1190.27673252087,774.2965087890625,55223,68.93200296977709,351.7726128605835,0.11490234677753353
27,95.1,1572.9146208401528,1083.45654296875,10998,38.03673395162757,485.9638116021095,0.5600590066930135
27,100.1,1408.6130329094988,953.1091918945312,10696,37.78010471204188,486.95110321615556,0.3723730673154002
27,105.1,1558.9061599925672,1071.32373046875,10763,37.23394964229304,485.3901328625848,0.5425890827353079
27,110.0,1397.9317649264224,945.3916015625,10669,36.50613928203205,484.85162620676726,0.3612605807227565
27,115.1,1558.0064084440676,1071.1845703125,10611,36.39449627744793,485.37112430496654,0.5423887073196629
27,120.1,1417.4025139664805,958.996826171875,10740,36.72783985102421,484.9989757914339,0.38085061719231256
27,125.1,1584.0315603824376,1095.2828369140625,10773,36.4284786039172,484.7556855100715,0.5770875774325747
27,130.0,1416.9522530587885,960.5111083984375,10053,36.11996418979409,488.1483139361385,0.383031018096765
27,135.1,1580.1703552166637,1092.7835693359375,10754,36.15780174818672,484.12209410451925,0.5734889052747545
27,140.1,1419.7467448563762,966.8299560546875,10061,35.682437133485735,487.35026339330085,0.39212946811031407
27,145.0,1579.9231559482228,1096.208984375,9734,35.30850626669406,488.92377234436,0.5784211285540644
27,150.1,1422.702824396234,972.4131469726562,9772,34.85949652067131,488.18297175603766,0.400168652823526
27,155.1,1588.0872738813075,1107.5555419921875,9453,35.92795937797525,490.472654183857,0.5947589314133759
27,160.1,1411.5951043338684,968.0947265625,9968,36.90529695024077,489.2481942215088,0.39395059940987326
27,165.0,1587.2980084614592,1107.3419189453125,9691,36.739345784748735,489.9516045815705,0.59445133757357
27,170.1,1419.305145921419,978.6168823242188,9697,35.625863669176034,488.71248839847374,0.40910135369939676
27,175.1,1590.2980024459846,1116.0181884765625,9812,35.59070525886669,487.3459029759478,0.6069442174353081
27,180.1,1411.9209905660377,972.0018310546875,9328,35.03623499142367,489.41884648370495,0.39957640285596835
27,185.4,1661.3174440106843,1173.7222900390625,9734,35.1147524142182,486.73577152249845,0.6900318169794858
27,191.1,1681.627170048107,1185.3916015625,9562,34.15132817402217,486.11075088893534,0.7068343501887667
27,196.7,1700.0278269932257,1204.7059326171875,9595,33.16227201667535,483.6783741532048,0.7346448759691117
27,202.3,1693.8243512974052,1200.39453125,9018,33.983810157462855,488.75460190729655,0.7284369292101954
27,208.0,1698.3009697915506,1206.7369384765625,8971,33.65288150707836,488.36060639839485,0.7375693024300775
27,213.6,1620.642857142857,1154.52392578125,41846,65.03111408497826,396.59198011757394,0.6623882707121783
27,219.3,1711.9635676861217,1219.4793701171875,8207,32.06677226757646,490.6622395516023,0.7559170113226347
28,30.1,965.6909741895818,486.4033508300781,82951,331.45299031958626,306.96408723222146,-0.03536709033623505
28,35.1,955.939336788488,505.73687744140625,67339,309.9127697174,352.1207472638441,0.0029750715697639306
28,40.0,965.9108554094585,506.08331298828125,87689,340.5164501818928,297.7764942010971,0.003662120968216232
28,45.1,956.7878406520143,509.02008056640625,66747,309.90170344734594,351.1338037664614,0.009486305051361216
28,50.1,963.7119524956014,513.9400634765625,86392,338.6283336420039,298.3849893508658,0.019243592746893558
28,55.1,947.4001614560399,504.7605895996094,68130,311.9354322618523,350.8658006751798,0.001038901969174821
28,60.0,952.2817259990981,429.07989501953125,68737,311.877533206279,348.7087012816969,-0.14905070677543886
28,65.1,1089.8195316617725,496.51971435546875,66405,308.2979444318952,353.75539492508096,-0.015304364275527796
28,70.0,973.6105143131489,522.55029296875,66652,308.1602802616576,354.0757066554642,0.036319360653811486
28,75.1,1088.459647599515,589.8862915039062,66799,307.055674486145,356.17952364556356,0.16985980621454577
28,80.1,972.220850867671,516.9080810546875,67249,306.98850540528485,355.5517851566566,0.025129751687686105
28,85.1,1089.5203652637765,583.0462036132812,66363,305.58059460844146,357.1181983936832,0.15629457506835964
28,90.1,968.1210367727525,510.5642395019531,66707,307.02752334837425,356.693690317358,0.01254867401826467
28,95.1,1083.2712538455767,595.0858764648438,66635,305.78829443985893,357.273910107301,0.18017159942352243
28,100.1,970.4168098122533,515.9226684570312,66366,307.43785974746106,357.08245185787905,0.023175485912842485
28,105.1,1084.9805952417219,594.9470825195312,65654,306.28225241417124,356.9495994151156,0.17989634390342368
28,110.0,969.6839984738649,519.0047607421875,65525,305.9947653567341,357.2118733307898,0.029287877292977414
28,115.1,1086.7489211693917,599.0029907226562,65812,307.4086032942321,356.4533975566766,0.18794000257607207
28,120.1,980.4264641426736,525.1161499023438,66165,306.6529585128089,355.4792261769818,0.04140795643632317
28,125.1,1095.7011306113789,608.9773559570312,65982,306.27263496104996,358.0275984359371,0.20772111827287884
28,130.0,975.1516724685939,524.5621337890625,66070,303.96176782200695,358.04135008324505,0.04030923420416116
28,135.1,1094.2191993125566,604.28076171875,65169,302.53293743958017,357.75181451303536,0.1984068539738115
28,140.1,970.8702888059133,522.2449951171875,65615,301.0674693286596,360.51341918768577,0.0357138953453093
28,145.0,1084.6912357103975,600.2056884765625,64295,296.8884827747103,364.1882728050393,0.19032518728299644
28,150.1,970.7738000732779,520.4745483398438,65504,297.5805752320469,364.522074987787,0.03220275336135829
28,155.1,1078.88814915482,595.9521484375,65489,297.52819557482934,367.19053581517505,0.1818895860535847
28,160.1,957.2489175451807,371.8613586425781,63744,293.8793768825301,370.914250753012,-0.2625262474718767
28,165.0,1073.0381944981366,595.9191284179688,64669,295.17744205106004,367.4001298922204,0.18182410090126572
28,170.1,948.0470090010778,513.6283569335938,65881,294.43189994080234,371.4508887236077,0.018625417750787864
28,175.1,1064.4767037283314,595.3803100585938,64667,292.6669862526482,370.0363090911903,0.1807555187854206
28,180.1,953.5375437626682,515.0681762695312,65124,293.9507094158835,368.7099379644985,0.02148086089904188
28,185.4,1117.6223378667949,624.2919311523438,68601,300.94768297838226,362.21250419090103,0.23809291403807628
28,191.1,1133.8937351784589,635.6516723632812,66626,298.15698075826253,365.63823432293697,0.26062150106082915
28,196.7,1139.5260005285256,634.6646728515625,68114,300.95928883929884,362.59237454855094,0.25866408812524566
28,202.3,1147.679552706216,642.2352294921875,67696,300.99556842354053,362.41667159064053,0.27367798156894363
28,208.0,1146.3371887574053,641.9288940429688,67351,300.8960223307746,364.55696277709313,0.2730704585014961
28,213.6,1143.7490895522387,639.3761596679688,67000,299.05482089552237,364.79405970149253,0.26800788731741065
28,219.3,1155.176190982399,645.2216186523438,65849,297.31839511609894,365.44170754301507,0.2796005749475329
28,224.9,1141.8106088683974,635.18798828125,67453,297.4624405141358,366.0954887106578,0.2597019249015547
28,230.5,1144.8373604122278,638.6174926757812,66177,295.6730888375115,366.3864937969385,0.26650330239444336
28,236.1,1138.6509087653326,635.5665893554688,67014,295.6852150296953,366.90843704300596,0.26045276482731217
28,241.8,1131.5327090380042,629.3615112304688,67703,296.2438148974196,366.0500864068062,0.24814688215566758
28,247.4,1127.0802523995735,630.4678344726562,67512,296.87058596990164,366.1295325275507,0.250340937369964
28,253.1,1131.8739292281473,634.3456420898438,66891,295.44675666382625,366.21186706731845,0.2580313877718788
28,258.7,1131.306836177424,634.466064453125,67567,294.38453683010937,368.74376544762976,0.25827020885418084
28,264.3,1140.8449878920146,643.1517333984375,66898,293.73437173009654,367.12022780950105,0.2754955879408886
28,270.0,1136.855485437621,645.5827026367188,66713,292.8929444036395,367.47750813184837,0.28031667506050745
28,275.6,1129.9230220849238,637.5470581054688,67331,292.5642423252291,366.4691598223701,0.2643804214307266
28,281.2,1130.3729789392041,640.1038208007812,67044,293.11103156136267,366.66720362746855,0.2694509815613057
28,286.8,1123.0622696750324,640.6776123046875,68653,292.7864623541579,366.75878694303236,0.2705889222580728
28,292.5,1125.7854195933458,660.9457397460938,67625,290.8852791127542,365.69897227356745,0.31078458027291617
28,298.1,1117.2364315698592,651.1231079101562,67178,292.5565214802465,366.2798386376492,0.2913043815607029
28,303.7,1121.526629523125,635.9857177734375,66768,291.29595015576325,366.2266654684879,0.26128397839658135
28,309.4,1124.1593949794226,624.7360229492188,65849,290.030311773907,367.28887302768453,0.23897363486667722
28,315.0,1122.4613599478228,623.1022338867188,65929,290.0827860273931,368.887029986804,0.23573351184029048
29,35.1,1013.4863465591496,538.5653686523438,21826,444.5230459085494,111.8312104829103,0.043354257438934174
29,70.0,1019.9717553962471,525.5107421875,25527,445.9303090844988,109.39252556117053,0.0180637339590219
29,75.1,1161.3077698511165,529.6768798828125,25792,445.85875465260546,111.69002016129032,0.026134727295184693
29,80.1,951.1652654034383,474.05487060546875,31876,438.3753921445602,95.3965993223742,-0.0816209205141835
29,85.1,1136.9189352692074,513.1245727539062,28101,443.2657556670581,108.52475000889648,-0.005931798178957489
29,90.1,955.8427069044353,464.72784423828125,32805,439.9989940557842,98.12967535436671,-0.09969002268055786
29,95.1,1144.0033884266406,475.42108154296875,26561,440.3460713075562,112.90572644102255,-0.07897418145302337
29,100.1,1015.5863561725631,412.2409362792969,26796,445.1207269741752,112.05870279146141,-0.20137208778594015
29,105.1,1150.3874115456238,476.4885559082031,26850,443.84327746741155,114.07944134078213,-0.07690618007658662
29,110.0,1026.0638880076142,389.04510498046875,25216,442.999801713198,117.53926078680203,-0.24630900862997274
29,115.1,1174.9358794533723,623.4484252929688,24953,444.9899410892478,116.97595479501463,0.20779687422292534
29,120.1,951.2752157372181,339.0399169921875,32331,434.4663326219418,95.72793912962791,-0.3431832764874859
29,125.1,771.2196729314132,269.58056640625,8194,413.28057114962166,37.435318525750546,-0.4777457889901473
30,40.0,633.5271947641615,265.51800537109375,4431,1184.367185736854,77.9634394041977,0.05232017861044339
30,45.1,614.6115121951219,256.3177490234375,5125,1183.1469268292683,87.25912195121951,0.015857056685825686
30,50.1,569.6424878120845,236.4322967529297,6769,1177.1180381149356,101.83985817698331,-0.06295440717630972
30,55.1,609.0456970128023,254.22109985351562,5624,1181.914118065434,91.27524893314367,0.00754746492803891
30,60.0,585.0468311419708,249.09458923339844,6769,1178.0759344068547,99.22440537745605,-0.012770293047998385
30,65.1,675.4094389748399,299.58331298828125,6399,1178.668698234099,94.18034067823098,0.18733027160220508
30,70.0,635.022766471197,277.7287902832031,5798,1180.3937564677476,91.59813728872025,0.10071484526111248
30,75.1,748.2877697841726,344.2129821777344,4865,1183.044193216855,82.88776978417266,0.3642098070865555
30,80.1,674.443379620575,300.1931457519531,5113,1182.4912966946997,80.81146098181107,0.1897472049544001
30,85.1,735.7837688627162,338.8145446777344,5434,1181.092933382407,79.9585940375414,0.3428143288165316
30,90.1,678.0604929051531,306.9595031738281,5356,1181.5898058252428,80.75317401045557,0.21656412247672785
30,95.1,740.0256883814641,347.723876953125,5956,1179.7048354600404,81.66151779717931,0.3781244393991849
30,100.1,692.4540889526543,316.91473388671875,5576,1180.8697991391678,78.59200143472023,0.2560194134550388
30,105.1,761.263114071607,363.3759765625,6005,1179.5810158201498,78.99117402164863,0.44015797356025127
30,110.0,694.9906771344455,258.84307861328125,6114,1179.4358848544325,79.8254824991822,0.025865625714206624
30,115.1,773.63242118739,373.1356201171875,6249,1178.5495279244678,77.14018242918867,0.4788380993554457
30,120.1,697.6777794539146,328.47698974609375,6629,1177.369437320863,78.57173027605974,0.3018437828196399
30,125.1,765.3594837587007,370.71063232421875,6896,1176.4331496519721,77.59469257540603,0.46922721219975744
30,130.0,699.17711211284,327.9696350097656,6877,1176.70219572488,77.30580194852406,0.299832997803364
30,135.1,755.8344883815736,281.581298828125,7359,1174.88096208724,77.55510259546134,0.11598338599312191
30,140.1,696.7079409697822,327.39117431640625,7115,1175.6140548137737,75.41011946591708,0.2975404005111228
30,145.0,762.0577814118288,363.9448547363281,7338,1175.0888525483783,76.69841918778958,0.44241259271744826
30,150.1,693.6048562126967,330.9539794921875,7372,1174.9359739555073,77.10906131307651,0.31166076788015434
30,155.1,701.7839486006752,321.4570007324219,9183,1169.1445061526733,82.21267559621039,0.2740216542133862
30,160.1,673.5213778152475,242.60134887695312,8303,1171.9483319282187,78.64000963507166,-0.03850477324682771
30,165.0,709.794982607779,249.84088134765625,9487,1169.379782860757,85.83925371561084,-0.009812534119846825
30,170.1,642.5623091020159,218.85792541503906,9822,1169.0434738342497,85.50722867033191,-0.13260642779693727
30,175.1,718.3816144428305,340.0899658203125,9638,1171.6227433077402,90.4623365843536,0.3478691702111313
30,180.1,646.6319485657765,226.9095458984375,10110,1170.4277942631059,91.26389713155292,-0.10069566267443093
30,185.4,747.6919633976527,405.62896728515625,10054,1173.1897752138452,98.36234334593196,0.6076180849073053
30,191.1,774.7975138689131,293.40594482421875,9734,1170.5989315800289,87.55095541401273,0.16284767894087734
30,196.7,827.5019790454016,332.1143798828125,8590,1173.1505238649593,83.18661233993015,0.3162597507047484
30,202.3,824.0638700344942,334.78057861328125,8987,1173.3311449872037,87.3895627016802,0.3268266225081747
30,208.0,807.5477640142767,460.0718078613281,9526,1173.1878018055847,92.34442578207012,0.8233898915654093
30,213.6,825.1436337936284,475.8326110839844,9197,1173.188322279004,89.2184407959117,0.8858542477552261
30,219.3,858.2070869765301,506.2782897949219,8692,1175.1026231017026,89.10342843994478,1.0065187654561334
30,224.9,846.0195251830486,499.5362854003906,9014,1174.38639893499,89.7847792323053,0.9797983656145868
30,230.5,835.5585206976256,497.4806823730469,9518,1173.600441269174,91.83620508510191,0.9716514509002221
30,236.1,836.0418803418803,495.44525146484375,9360,1173.8961538461538,93.38119658119658,0.9635844837886097
30,241.8,835.9571028908921,500.876953125,9651,1173.1815355921667,91.67992954098021,0.9851117969860165
30,247.4,839.1955555555555,498.2179870605469,9675,1173.022015503876,91.37250645994833,0.9745735902080853
30,253.1,853.4800208659364,494.7116394042969,9585,1172.861971830986,90.16995305164319,0.9606769793671807
30,258.7,859.7462367778681,504.59600830078125,9832,1172.173311635476,91.05421074043939,0.9998514256653237
30,264.3,872.279706945002,501.7005310058594,9964,1171.9433962264152,89.52820152549177,0.9883758604587526
30,270.0,890.2748790779048,520.5342407226562,9717,1172.365544921272,87.77441597200782,1.0630189821008325
30,275.6,892.0489609731374,523.472900390625,9865,1171.3574252407502,85.550126710593,1.074665690814052
30,281.2,895.3268446799837,534.511962890625,9812,1171.5609457806768,86.05992662046474,1.118416502385027
30,286.8,914.5190551181103,544.8966674804688,9525,1171.6562729658792,83.25228346456693,1.1595739153202733
30,292.5,917.7687519452226,552.185546875,9639,1171.5954974582426,84.39194937234153,1.1884617297477846
30,298.1,922.3690865030028,553.57958984375,9491,1171.6831735328205,83.19881993467496,1.1939867017504002
30,303.7,928.8389902418328,559.705810546875,9428,1171.8066397963512,82.14499363597794,1.2182665830921924
30,309.4,930.5283958465776,561.376220703125,9438,1171.4472345835982,81.68595041322314,1.2248868735373581
30,315.0,943.0310102647218,573.2276000976562,9255,1171.2771474878443,80.01815235008104,1.2718571182249185
31,60.0,785.7331203407881,231.0084686279297,9390,488.12875399361025,1155.1095846645367,0.0
32,70.0,3028.7179887702114,2272.260498046875,23687,1101.483978553637,986.001308734749,0.02313852474045267
32,75.1,3309.511150721273,2494.9951171875,24124,1101.2908307080086,986.2715967501243,0.1234300053308372
32,80.1,3043.7154889244503,2293.768310546875,23746,1102.7995451865577,984.6399393582077,0.032822921212846176
32,85.1,3194.5697913946674,2360.704833984375,34467,1119.2021934023849,1021.6284852177445,0.06296265910819979
32,90.1,2394.829319739849,1682.6351318359375,11378,1153.131921251538,1093.28642995254,-0.24235411039233604
32,95.1,2780.356609345145,1997.0157470703125,11514,1153.6165537606391,1091.5079034219211,-0.10079687293898362
32,100.1,2397.9808633344983,1697.998291015625,11444,1153.4738727717581,1093.5806536176162,-0.23543648803699024
32,105.1,2759.6258377425042,1969.6134033203125,11340,1155.0043209876544,1093.5287477954146,-0.11313542020629935
32,110.0,2315.215897387885,1620.986083984375,10681,1154.475423649471,1098.292481977343,-0.2701130385278724
32,115.1,2730.4391830833183,1945.1549072265625,11066,1156.5216880534972,1094.8524308693295,-0.12414843109666131
32,120.1,2424.538730592049,1722.9986572265625,11722,1154.9113632485924,1093.3141102200989,-0.2241794874311988
32,125.1,2700.534105316541,1948.537109375,11831,1154.1572140985547,1094.1279688952752,-0.12262551533964279
32,130.0,2362.9847060833904,1686.871337890625,11704,1153.8594497607655,1094.4944463431304,-0.24044665936855816
32,135.1,2706.221694109659,1949.544921875,11782,1154.7340010185028,1093.1027839076557,-0.1221717241500537
32,140.1,2299.6386505132086,1652.095947265625,11886,1153.210752145381,1095.6928319030792,-0.2561050937302514
32,145.0,2532.876683851655,1841.740234375,12026,1153.9408780974554,1098.9299018792617,-0.1707133103914478
32,150.1,2293.096090068075,1637.7657470703125,11458,1155.1095304590679,1097.935503578286,-0.26255760210227563
32,155.1,2575.811395688118,1880.8831787109375,12338,1153.458907440428,1096.482979413195,-0.15308828264648078
32,160.1,2195.5369977131654,1578.0640869140625,12244,1153.3675269519765,1099.4694544266579,-0.28943967330376225
32,165.0,2584.5937422192715,1879.130859375,12049,1153.7637978255457,1095.1736243671673,-0.15387730548157663
32,170.1,2182.0720960206218,1556.01513671875,12414,1152.1367810536492,1096.7007410987594,-0.29936772970147657
32,180.1,2099.0801096067053,1497.51220703125,12408,1153.101627981947,1099.2947292069632,-0.3257100444250362
32,191.1,2745.8360779147456,1994.3172607421875,10627,1156.1299520090336,1094.3293497694551,-0.10201192962951855
32,196.7,2700.4435411827767,1970.515625,11194,1155.8223155261746,1093.7518313382168,-0.11272917375738306
32,202.3,2764.9794344473007,2026.8663330078125,10892,1156.26588321704,1090.8241828865223,-0.08735594726827656
32,208.0,2837.5741467242055,2074.626220703125,10196,1157.673303256179,1088.614554727344,-0.06585093889430109
32,230.5,2604.0963110459024,1871.1092529296875,9542,1157.2353804233912,1091.4558792705932,-0.15748922171721955
32,247.4,2569.6921778277997,1806.35791015625,8885,1156.8635903207653,1090.9079347214406,-0.18664503082322792
32,253.1,2476.583555464425,1731.6214599609375,9754,1152.3599548903014,1090.1051876153374,-0.22029686848132066
32,258.7,2631.457899716178,1859.778564453125,8456,1158.5842005676443,1090.14321192053,-0.16259112966402778
33,80.1,1412.606189664963,955.786865234375,10566,39.88765852735188,491.3888888888889,0.0
34,90.1,3026.4927872657936,2274.6875,24124,1102.5251616647322,985.5469242248383,-0.05769391654946912
34,95.1,3327.0492342741427,2550.326904296875,23703,1102.4590136269671,985.1972324178374,0.05649174082440123
34,100.1,3039.3836623440984,2330.94580078125,24214,1103.2289171553646,984.9143057735195,-0.034388500279866535
34,105.1,3338.0,2546.911865234375,24069,1102.5562757073415,985.452490755744,0.05507703569070047
34,110.0,3063.200671301846,2366.9189453125,25026,1104.035203388476,987.7954127707185,-0.01948635968576643
34,115.1,3325.862491877843,2550.77490234375,24624,1101.9890756985055,986.2714018843404,0.056677327321423034
34,120.1,3102.6525153271186,2382.01123046875,23814,1101.5165448895607,985.8319056017468,-0.013234269182827229
34,125.1,3431.9949648811034,2667.9169921875,23634,1103.4188457307268,985.1841414910722,0.10520430251598241
34,130.0,3152.4026911159217,2461.53515625,23559,1103.7311430875675,985.4633048940957,0.019709103937014676
34,135.1,3400.646618141574,2641.251220703125,23493,1103.1935470140043,984.8651513216703,0.09415780989243377
34,140.1,3151.9175805491795,2479.653564453125,23526,1104.3249596191447,985.4437643458301,0.02721478824408749
34,145.0,3453.975094403666,2713.33642578125,23569,1106.7043149900294,984.5542874114303,0.12401963806526908
34,150.1,3147.15623549272,2463.18896484375,23695,1106.55399873391,984.3937961595274,0.02039420635163356
34,155.1,3398.8706071640277,2665.719482421875,23618,1105.7934202726733,982.3750952663223,0.10429396787854742
34,160.1,3103.0556442800707,2431.097900390625,23794,1107.8254181726486,982.0032361099437,0.00710024607859264
34,165.0,3388.087160101379,2646.365234375,23279,1107.1839855663902,981.9854375187938,0.09627632779603901
34,170.1,3072.998263079856,2392.45849609375,23605,1108.1356492268587,980.907138318153,-0.008906412299690044
34,175.1,3359.964930200885,1600.287353515625,23496,1108.541581545795,981.4848059244126,-0.3370691541204127
34,180.1,3025.030049118752,2343.918212890625,24227,1110.6525777025633,977.2815866595121,-0.02901458283068224
34,185.4,3643.792277657267,1800.6053466796875,23050,1110.8193926247288,982.4874620390456,-0.25408594715985305
34,191.1,3619.2102144349233,2813.22021484375,23457,1112.3411348424777,979.9667050347445,0.16539723479962637
34,196.7,3720.1449735449737,2904.687255859375,21735,1108.889947089947,986.7028295376122,0.20328813154225261
34,202.3,3655.0500428681016,2852.12841796875,22161,1109.4203781417807,983.8706285817427,0.18151524507612213
34,208.0,3669.3316174104884,2860.261474609375,21757,1109.848048903801,985.1746104701936,0.18488442380924863
34,213.6,3586.6532203542615,1645.9071044921875,22187,1110.4721683868931,982.8151169603822,-0.3181708356170081
34,219.3,3465.570674096561,1647.058349609375,24047,1111.849170374683,977.2817815112072,-0.3176939238313371
34,224.9,3466.103278889844,1745.62353515625,24429,1114.5475868844405,976.1325064472553,-0.27686256833426304
34,230.5,3466.1436307692306,2678.75927734375,24375,1114.3196717948717,976.3753846153846,0.10969579915507668
34,236.1,3477.710321364158,1776.529296875,24396,1115.5950565666503,976.1249385145106,-0.264059628466149
34,241.8,3510.068931520355,1849.027099609375,24343,1116.7151542537895,979.0028755699791,-0.23402687866935357
34,247.4,3509.590763019117,2680.86083984375,24272,1116.9011618325642,977.082234673698,0.11056638692966177
34,253.1,3489.9336571544222,2653.2939453125,24705,1116.4037644201578,975.5298927342643,0.099146597433902
34,258.7,3536.1057762612722,2678.361328125,24618,1118.192582663092,975.0166951011455,0.10953094575445241
34,264.3,3338.717745891587,2488.757568359375,32616,1129.7432548442482,1004.1337993622761,0.030986189047326078
34,270.0,3316.4541381606828,2441.111083984375,33034,1129.2154446933462,1004.1673124659442,0.011248281276877097
34,275.6,3685.1052654091277,1851.7325439453125,23379,1119.3146841182258,982.703451815732,-0.23290612838774755
34,281.2,3303.131180534695,2426.887939453125,33290,1129.8930009011715,1002.1861519975969,0.005356238691865738
34,286.8,3489.2879635079457,1868.23291015625,27184,1124.3743746321366,978.2036859917598,-0.22607072991664856
34,292.5,3266.285387449489,2382.03857421875,33656,1130.4170133111481,996.894788447825,-0.013222941832600286
34,298.1,3204.8687961124774,2323.802734375,33749,1131.5535275119262,997.9436131440932,-0.037347568252544316
34,303.7,3236.428232609805,2347.22412109375,33309,1131.2128253625146,996.5892401453061,-0.027645085960833655
34,309.4,3276.719148144704,2340.67333984375,32259,1131.5500170495056,993.044049722558,-0.030358795436631395
34,315.0,3216.9103749280152,2325.384033203125,32993,1132.7679810868972,995.0888067165762,-0.036692503543437956
35,95.1,1271.3198057035413,837.8450317382812,44674,77.29863007565922,318.2268209696915,0.07813351173350809
35,100.1,1136.9451030699813,730.3203735351562,45212,77.71664602317969,320.64918605679907,-0.06022851579557828
35,105.1,1268.705576372052,831.2684326171875,45370,78.49508485783558,319.75018734846816,0.06967078696091177
35,110.0,1116.5431170717122,712.2390747070312,46826,80.10927689745013,316.97723486951696,-0.083495412970853
35,115.1,1197.2414861291977,773.9545288085938,50682,85.35105165542006,305.53340436446865,-0.004080369927988574
35,120.1,1362.5790197396566,926.4844970703125,32726,78.92308867567073,370.5791114098882,0.19219419648607367
35,125.1,1501.886036516773,981.5332641601562,34669,78.6110357956676,364.7327872162451,0.2630305902473873
35,130.0,1378.7377625613028,943.837158203125,32421,80.05672249467938,378.0236266617316,0.214523487436485
35,135.1,1176.6517550425087,761.5013427734375,52107,87.90584758285834,300.20811023470935,-0.02010504833957776
35,140.1,1052.1594238558505,666.938720703125,52834,87.46776696824014,301.7969110799864,-0.14178761247661875
35,145.0,1181.506025245014,768.3732299804688,52446,86.48667200549136,303.1611943713534,-0.011262348787630699
35,150.1,1051.5589013457184,668.2001342773438,52537,86.70249538420542,300.6862592077964,-0.14016443373233564
35,155.1,1179.2099761564139,770.763671875,52425,85.43219837863614,302.90039103481166,-0.008186343778686603
35,160.1,1045.1916649037444,665.140380859375,51997,85.86930015193184,302.16399023020557,-0.14410170443585604
35,165.0,1162.8036964648286,761.060791015625,52699,86.37351752405169,302.2270441564356,-0.02067194746263555
35,170.1,1029.5390895830571,657.7343139648438,52789,86.59218776639072,298.49192066529014,-0.15363178291894772
35,175.1,1146.9928102355072,752.8560791015625,52992,87.07142587560386,299.00952974033817,-0.03122971713791498
35,180.1,1032.0535308159315,659.9208374023438,53203,86.76995658139579,300.24494859312443,-0.15081817884795543
35,185.4,1198.4845360824743,789.2399291992188,52962,87.07628110720894,299.0231864355576,0.015588783408406758
35,191.1,1562.9884149552397,1041.9083251953125,34182,73.99055058217776,365.20285530396114,0.34072082425153294
35,196.7,1230.3636207291906,815.2721557617188,52332,86.7964534128258,300.9428074600627,0.04908688243495504
35,202.3,1225.7929900813551,810.4945678710938,53838,86.78964671793157,299.905995765073,0.04293911355763836
35,208.0,1230.5731172723868,811.5935668945312,53380,86.88036717871861,300.81279505432747,0.04435329831931453
35,213.6,622.5294146246597,275.88348388671875,20568,108.46625826526643,181.59791909762737,-0.644994935763999
35,230.5,565.0540540540541,91.53793334960938,407,165.36855036855036,157.1867321867322,-0.882209585543177
36,100.1,1019.9563442472715,334.539794921875,12003,933.290510705657,905.1447138215447,0.0
37,115.1,914.3458439355386,429.3538513183594,4716,324.7871077184054,25.287531806615775,0.528025321503946
37,125.1,913.4720430107527,406.0817565917969,4650,325.98709677419356,25.090752688172042,0.44520237740449153
37,130.0,860.8793315310887,213.8517303466797,4069,323.84197591545836,22.699926271811258,-0.23892412280968514
37,135.1,849.5439158279963,176.36851501464844,4372,324.2948307410796,23.08943275388838,-0.37232295452590497
37,140.1,800.0210737581535,179.27456665039062,3986,323.21776216758656,21.537882589061716,-0.36198062157284744
38,115.1,756.2673395141416,268.7687072753906,8521,413.56378359347497,37.30242929233658,0.0
39,120.1,548.6305275918411,226.90402221679688,18973,100.45111474200179,183.67516997839036,-0.04274999596059888
39,130.0,569.9038518372574,247.17071533203125,20302,97.92050044330608,185.5596985518668,0.04274999596059888
40,125.1,1182.5903502386152,635.228759765625,24726,442.0760737685028,120.33203914907385,0.32113786461954297
40,130.0,1027.6533219397566,392.5422668457031,23405,437.6264046143986,123.87656483657338,-0.18359733525794483
40,135.1,1165.4113639231189,487.3904113769531,23777,440.08722715229004,120.06371703747318,0.013666206738130815
40,140.1,1017.2303712124182,399.0228576660156,25511,441.0933714868096,122.24910822782329,-0.17011911377285396
40,145.0,1151.292433458603,489.9128723144531,25811,438.04339235209795,131.26709542443143,0.018912377673125213
40,150.1,1010.1055078683834,401.81591796875,25164,437.46971864568434,129.43991416309012,-0.1643101549255411
40,155.1,1134.6296368606013,486.88824462890625,25610,432.19519718859823,133.07430691136275,0.012621808960167536
40,165.0,1142.6150876414467,488.46337890625,22535,426.5769247836698,142.65005546927003,0.015897746177535917
40,170.1,1001.1567410132598,403.6073303222656,26094,428.9575381313712,141.88568253238293,-0.16058440627988796
40,175.1,1139.4749768475644,489.6676330566406,26995,430.4372661604001,139.9527690313021,0.018402333276667425
40,180.1,1006.8145706212375,507.36724853515625,24419,430.3136082558663,138.9158032679471,0.055213689561135405
40,185.4,1196.6869706561724,645.4979248046875,23378,434.00906835486353,123.2689708272735,0.3424954976967015
40,191.1,1121.737517105305,581.2125244140625,31423,428.94539031919294,107.61677751965121,0.20879582605460126
40,196.7,848.14,143.75994873046875,50,431.68,31.72,-0.7010105276819297
41,135.1,1065.5025273799495,514.0587158203125,7122,466.4126649817467,1163.0262566694748,0.2041091901068
41,145.0,1063.2939353696327,507.1206970214844,6777,470.67197875166005,1164.7606610594657,0.18785787106541088
41,150.1,900.5291196388262,394.1769714355469,6645,480.69556057185855,1164.3470278404816,-0.07669669003352984
41,180.1,837.2028206850235,338.4892272949219,7445,486.41464069845534,1165.0490261920752,-0.2071372845267885
41,219.3,974.9901995099755,380.7561340332031,5714,484.8153657682884,1168.4880994049702,-0.10813308661189253
41,253.1,958.2258624012334,417.8470764160156,5189,482.1248795529004,1170.5222586240122,-0.021252846634641297
41,258.7,899.0980301631271,341.7666320800781,6498,492.6791320406279,1169.2668513388735,-0.19946043147468293
41,264.3,902.0799432355724,352.9985656738281,6342,492.0698517817723,1170.1286660359508,-0.17315122973043875
41,275.6,883.5176186645214,331.3876037597656,6215,493.1464199517297,1170.3660498793242,-0.22377182431805506
41,281.2,880.2193055324805,346.27947998046875,6019,492.9272304369497,1171.233261339093,-0.188889729212115
42,145.0,467.45381971393726,146.47674560546875,81171,852.3257813751217,160.54243510613395,0.04748920727114528
42,150.1,433.0201708286237,131.9663543701172,85817,854.5695957677383,160.59779530862184,-0.0562779685319817
42,155.1,463.17832820281205,150.58505249023438,84137,847.2402985606808,164.9308389887921,0.07686866340366236
42,160.1,431.15246981469,127.14676666259766,84561,845.0877591324606,164.7837300883386,-0.09074395892694377
42,165.0,465.38526703942927,143.0052947998047,82984,848.2165116166972,162.09951315916322,0.022664056784117634
42,170.1,429.632389468455,126.2436752319336,84546,845.710169611809,165.1543893265205,-0.09720217536866915
42,175.1,462.76340731567916,151.3251190185547,83984,845.4782101352639,164.44164364640883,0.08216105092820612
42,180.1,428.5603878861608,126.61994934082031,85489,848.9137783808443,164.44971867725673,-0.0945113518771641
42,185.4,473.6430799266684,157.02362060546875,84002,844.3286350324993,164.5842718030523,0.1229123584837934
42,191.1,476.9309113891457,150.73182678222656,85441,850.8817897730597,163.87824346625158,0.0779182804342099
42,196.7,480.55741570660973,149.97767639160156,85238,849.710598559328,164.774419859687,0.07252517594124995
42,202.3,480.83189948193814,151.0517578125,85318,847.1078201551842,164.46677137298107,0.08020618149247899
42,208.0,479.04970906843596,160.42437744140625,85759,845.2579321120816,163.68286710432724,0.14723195998417724
42,213.6,476.64148661534523,156.84353637695312,85994,849.5238621299161,163.90213270693303,0.12162453436543161
42,219.3,481.53220937253263,159.41456604003906,86124,845.6296851051972,164.429601504807,0.14001056426065028
42,224.9,480.15009422588463,159.79588317871094,85433,842.589081502464,164.02130324347735,0.14273745162871174
42,230.5,480.83596255423504,160.3461151123047,84816,843.65479390681,164.63110733823808,0.14667228790291326
42,236.1,479.0633308562464,161.16090393066406,84777,844.6017905799922,164.62324687120326,0.15249903186768898
42,241.8,479.3863024611633,159.03895568847656,82847,844.052047750673,164.69285550472557,0.13732448745183873
42,247.4,477.9373321181888,157.81103515625,83392,842.1838305832694,164.48577801227935,0.12854334270714046
42,253.1,477.9343781751083,155.7958984375,85627,839.2735936094923,164.69437210225746,0.11413263228794608
42,258.7,478.52313711749593,156.99212646484375,85620,839.5215720626022,164.30863116094372,0.1226871365739223
42,264.3,479.6639027860383,157.3553466796875,85749,840.535166590864,165.05062449707867,0.12528460863912178
42,270.0,479.76769078761646,161.23074340820312,85016,840.4607132775008,165.29216853298203,0.15299847018235954
42,275.6,478.3296773130605,161.98052978515625,84974,840.7698825523102,165.5881916821616,0.158360366600599
42,281.2,479.23583894040985,162.99176025390625,84863,840.5180703015449,165.11922746073083,0.16559191040436724
42,286.8,478.63148987538017,163.06088256835938,84497,839.4938636874682,165.67468667526657,0.16608622011934596
42,292.5,475.9990779814887,162.644287109375,84597,841.2824922869605,165.98163055427497,0.1631070492941033
42,298.1,474.78826030866264,160.40756225585938,83716,839.5282741650342,166.38585216684982,0.14711171068927514
42,303.7,474.33310228968173,160.5023193359375,85121,840.1423503013358,165.90833049423762,0.14778934056345128
42,309.4,473.8191263532797,160.1756134033203,84794,839.5313229709649,166.8728329834658,0.14545299060596573
42,315.0,473.7221514357849,157.83082580566406,84762,840.1730138505462,166.84009343809726,0.12868487023480657
43,180.1,696.78811307079,260.1163330078125,8278,408.13686880889105,34.96847064508335,0.08167388985342572
43,185.4,783.7558438222451,322.04168701171875,7786,412.38081171333164,33.00693552530183,0.3391857414600062
43,196.7,852.06,139.2692108154297,50,439.6,27.26,-0.420859631313432
44,196.7,1190.5306275391472,533.5177001953125,25353,433.78219540093875,114.02729460024455,-0.025174478538313495
44,202.3,1136.318391946033,590.4950561523438,29203,428.3638324829641,103.65078930246892,0.07893262177342443
44,208.0,1207.6646605302494,532.6221923828125,25422,437.42998190543625,116.86405475572339,-0.02681072016623652
44,213.6,1163.9117590785597,556.16748046875,26133,429.32288677151496,113.8431102437531,0.016210434948086938
44,219.3,1210.757957781873,523.6754760742188,23876,430.9874350812531,123.08368235885408,-0.043157858016961766
44,224.9,1131.6064283258852,592.147216796875,29090,427.5353729804056,104.36713647301478,0.08195139389898662
44,230.5,1137.0311393943728,555.3295288085938,27971,424.47467019412966,108.93125022344572,0.014679357977683775
44,236.1,1140.017263493604,559.8674926757812,28847,429.59999306687,103.93018338128748,0.022970972279488362
44,241.8,1153.1092041422262,572.9855346679688,27618,428.66902020421463,105.69541603302194,0.046939815526692845
44,247.4,1155.3370862099487,607.97509765625,28245,429.0778898920163,102.60817843866171,0.11087156319557268
44,253.1,1162.9964960165241,616.91162109375,27112,428.22388610209504,105.07210829153142,0.12720007697651445
44,258.7,1170.439580168485,577.8060302734375,28964,428.8102472034249,102.6556414859826,0.055747662277765134
44,264.3,1183.797831526272,652.672119140625,29975,433.0318932443703,100.91199332777315,0.19254045114500548
44,270.0,1177.8062666531755,654.786865234375,29649,430.87696043711423,101.92232453033829,0.19640444377888477
44,275.6,1183.1552731720576,652.190185546875,29432,433.1699510736613,101.52945773307964,0.19165987836051254
44,281.2,1188.6782080174828,665.3240966796875,29286,433.50686334767465,101.30622140271802,0.21565771716546375
44,286.8,1196.0341767558473,668.6419677734375,30313,438.08554085705805,99.26265958499654,0.2217200191620488
44,292.5,1201.8518811881188,686.9984130859375,30300,439.8049504950495,98.58023102310231,0.25526029602144806
44,298.1,1202.0,685.8939819335938,29153,439.2679312592186,99.51658491407402,0.2532423167236518
44,303.7,1202.7893711063934,681.4408569335938,28733,437.3271847701249,100.47384540423903,0.2451057171344162
44,309.4,1212.6097722677098,669.9302368164062,30167,443.3567805880598,100.31189710610933,0.22407390084420334
44,315.0,1204.0076849860754,454.3616638183594,28367,436.57404730849225,102.6733528395671,-0.16980571459618987
45,219.3,1607.3281695156695,1066.8876953125,33696,73.36398979107312,374.110784662868,0.0953226153699487
45,224.9,1279.5006749567233,856.2313842773438,62967,79.77432623437674,321.8598948655645,-0.12094815292270474
45,230.5,1534.0146861326518,1041.5491943359375,46166,63.23188060477408,376.97329203309795,0.0693087872218294
45,236.1,1277.312836475091,860.79052734375,62969,79.3593831885531,323.7076180342708,-0.11626749859584126
45,241.8,1537.7386240579901,1044.7396240234375,45249,63.07750447523702,380.81524453579084,0.07258424892676812
45,247.4,1265.401233686948,852.8107299804688,63063,79.17412745984174,323.4499468785183,-0.12445997523276722
45,253.1,1264.1559239379978,850.9808959960938,63159,79.42636837188682,322.5491378900869,-0.1263385783456013
45,258.7,1274.6234841193454,859.0317993164062,62340,78.81342637151107,321.738097529676,-0.11807310062040142
45,264.3,1285.6413027720955,867.834228515625,62083,78.23909927033165,322.51397322938647,-0.10903606718711864
45,270.0,1282.6228641434006,867.1420288085938,62036,77.83064672125862,321.17167451157394,-0.10974671554944856
45,275.6,1282.997542917582,865.9612426757812,61455,77.62590513383776,319.9283866243593,-0.11095897224794384
45,281.2,762.8939405546192,414.1749572753906,26108,93.47295848015933,188.44223992645934,-0.5747863627851305
46,247.4,722.348060873834,254.08287048339844,4074,331.5522827687776,18.696367206676484,-0.042847162064533414
46,253.1,736.7705842544552,276.8310241699219,4433,333.95962102413716,19.35190615835777,0.042847162064533414
47,281.2,1667.5064059339177,1196.51611328125,35592,66.73061362103843,417.0775736120477,0.2233549865183157
47,286.8,1287.1596291129893,868.7318115234375,60935,77.20741774021498,320.0691392467383,-0.11178179568361944
47,292.5,1297.0940343781597,878.3350219726562,60329,76.29612624111124,323.7136037394951,-0.10196317706308185
47,298.1,1602.2811787976664,1065.3370361328125,39939,64.7996945341646,401.5671899646962,0.08923345119161996
47,303.7,1300.4806655496757,881.3862915039062,60281,76.25543703654552,327.15487467029413,-0.09884346496323428
47,309.4,1285.127988839503,868.3385009765625,61646,77.61596859488044,325.1756318333712,-0.11218392852030167
47,315.0,1286.4720630723275,871.0543823242188,61263,76.9797430749392,325.63841143920473,-0.10940712764602344
48,292.5,766.4956751985878,344.2878112792969,5665,33.445189761694614,1161.176345984113,-0.029861060918755372
48,298.1,769.1311896135265,357.7900085449219,6624,37.92904589371981,1160.2216183574878,0.008185616603362311
48,303.7,814.5123519458544,378.70159912109375,5910,35.98730964467005,1162.498138747885,0.06711058470108906
48,315.0,766.2338058496322,338.76080322265625,5573,34.48555535618159,1163.1200430647766,-0.045435140385696
49,303.7,1217.1988780048252,630.1007080078125,68806,656.0150713600558,985.7987094148766,0.014074653698334211
49,309.4,1210.6974714506955,616.0972900390625,69091,652.2683851731774,984.830556801899,-0.008462237701376956
49,315.0,1214.394356135024,617.8680419921875,67188,652.2859736857772,988.0167440614396,-0.005612415996957256
