cell_id,time_seconds,mean_intensity,mean_intensity_sub,area,centroid_x,centroid_y,dF_F0
0,0.1,363.921581841708,110.22004699707031,37096,261.5087880094889,108.24722342031485,0.1306902196807548
0,5.1,363.51487365390767,85.7401123046875,37516,261.3587002878772,107.7280093826634,-0.12043671674521655
0,10.0,365.2411912527402,111.3377456665039,37406,260.91258086937927,107.52138694327114,0.14215610985690716
0,15.0,366.9867906467934,94.9950180053711,36565,261.35539450294,108.53288664022973,-0.025495445670375236
0,20.1,365.33281762650375,85.10868835449219,37489,261.11536717437116,109.64997732668249,-0.12691416712207046
0,25.1,367.09711880867593,92.17098236083984,37068,261.5317254775008,107.5889176648322,-0.05446576069288829
0,30.1,362.1483899154481,108.23684692382812,38911,260.7102361800005,111.50083523939246,0.11034560009857752
0,35.1,362.8694723518709,93.34099578857422,37923,262.32689924320334,113.79566489992881,-0.042463200580846454
0,40.0,364.04011492092474,84.68702697753906,37243,259.9133528448299,111.1857798780979,-0.13123977219961766
0,45.0,366.355416072799,89.5632095336914,36484,257.3893487556189,107.85152395570661,-0.08121754778733895
0,50.0,364.5986842105263,93.0962905883789,38456,257.33719055544,108.99329103390889,-0.04497350414271315
0,55.1,366.6977659201768,89.28435516357422,37107,258.2865766566955,110.38709677419355,-0.08407816994816167
0,60.1,365.04239601734383,81.35391235351562,37362,258.5039077137198,111.15189229698625,-0.16543246408404746
0,65.0,393.96398222499414,83.32472229003906,38481,256.99828486785685,115.19653855149295,-0.14521494847968622
0,70.1,371.2846487006737,93.41072845458984,37404,253.2173564324671,110.30905785477489,-0.04174784937565029
0,75.1,395.9417655091167,96.36075592041016,37349,254.58411202441832,111.58558462073951,-0.011485049692020232
0,80.1,374.1286125999946,96.02266693115234,37127,256.452420071646,109.39564198561693,-0.014953329047278729
0,85.1,398.3538256819694,102.81893920898438,37575,253.0074251497006,109.3513506320692,0.0547660986266759
0,90.1,369.93195359046723,100.12670135498047,38268,256.48089787812273,111.77986829727188,0.027147828688382062
0,95.1,397.22497810745375,93.76336669921875,38826,255.49077937464585,112.3348529336012,-0.03813031676565338
0,100.1,373.37956667813023,110.66071319580078,37801,253.2161318483638,108.58762995687945,0.13521078535481665
0,105.1,403.6338625489343,101.10523986816406,36784,248.83239995650283,107.18418334058286,0.03718614709398976
0,110.1,372.587491291066,101.14222717285156,37318,251.78291977062008,110.67428586740984,0.03756558064352926
0,115.0,399.13192427664836,91.15865325927734,37188,253.48045068301602,112.32497042056578,-0.06485071919563098
0,120.1,371.3409907631698,109.04603576660156,37567,251.2155082918519,112.46918838342162,0.1186466481867083
0,125.0,406.67684979177363,102.45480346679688,35058,245.75606138399223,106.66623880426721,0.05103061916041743
0,130.1,373.3787725554905,89.818359375,37574,249.18177463139406,111.11116729653484,-0.07860009807668521
0,135.1,398.5326335877863,86.33729553222656,36680,251.42344601962924,113.72977099236641,-0.11431052415927298
0,140.1,375.11994215634473,84.92037963867188,35959,248.59840373759005,108.69548652632164,-0.12884592844008486
1,0.1,339.99983423582717,98.13468933105469,18098,385.4559067300254,65.92236711238812,0.07691101301173592
1,5.1,332.7308685743226,87.66105651855469,19745,390.5544188402127,71.01205368447708,-0.03802459843114906
1,10.0,329.78494200904265,91.16600799560547,20348,389.82617456261056,76.1420287006094,0.0004380580610368423
1,15.0,340.92967734950196,94.3784408569336,18472,383.55722174101345,69.6727479428324,0.03569067210105808
1,20.1,331.9432502965599,84.29025268554688,21075,389.11212336892055,75.47568208778173,-0.0750151447426821
1,25.1,338.2537806176784,91.32825469970703,18780,386.6776357827476,69.4961661341853,0.002218521867086079
1,30.1,338.90840832845197,96.27638244628906,18779,384.89142126843814,69.56030672559774,0.05651831432994223
1,35.1,343.3172465394688,97.08837127685547,18711,380.85404307626527,68.47325102880659,0.06542892198601362
1,40.0,340.0183717579251,90.03872680664062,19432,381.8769040757513,69.88976945244957,-0.011932506674353215
1,45.0,340.05865195948456,89.46965026855469,18857,380.6213607678846,70.89982499867423,-0.018177442030941786
1,50.0,340.10652585973463,91.37415313720703,18465,382.6607636068237,68.77557541294341,0.00272220240208054
1,55.1,334.1018946958258,90.05846405029297,20531,383.098144269641,73.07081973600896,-0.011715913997486414
1,60.1,338.44799208292096,86.53372192382812,19199,380.5300796916506,71.17959268711913,-0.0503957492309914
1,65.0,366.5447111299915,95.77174377441406,18832,375.8145178419711,66.89018691588785,0.050980507596785046
1,70.1,337.21061231900507,94.92506408691406,22031,382.29508419953703,75.99863828242023,0.04168920921720637
1,75.1,366.1370174110522,100.75834655761719,18494,374.6555098951011,67.56380447712772,0.10570251763576771
1,80.1,343.8195408706228,97.24161529541016,19733,379.410682612882,73.51715400597983,0.06711059207010583
1,85.1,360.06789465672097,98.89788055419922,19707,377.8195565027655,70.57634343126807,0.08528612520540296
1,90.1,346.83855217068253,96.32315826416016,18842,376.10954251141067,71.63231079503237,0.057031623066652846
1,95.1,360.2265691716482,97.50639343261719,18736,377.0460076857387,71.81783731853118,0.07001621590105377
1,100.1,343.692479253112,97.42726135253906,19280,378.4130705394191,70.71151452282157,0.06914783582975015
1,105.1,365.5452120565484,102.05989837646484,18745,375.00901573753004,66.8794345158709,0.11998549440246485
1,110.1,350.39392636388067,97.95100402832031,18605,372.2045149153453,67.98387530233808,0.07489528618983987
1,115.0,359.2492037398541,98.81759643554688,19466,373.94410767492036,70.91852460700709,0.08440510288662857
1,120.1,348.6926567656766,100.79339599609375,19392,371.35994224422444,68.60524958745874,0.10608714336345464
1,125.0,357.1485842444631,97.4395751953125,21402,372.2996448930007,74.15423792168956,0.069282965547749
1,130.1,345.9290020093771,91.78363800048828,19409,371.7428512545726,71.39131330825906,0.007215809728247879
1,135.1,366.1046876634927,96.01995849609375,19114,366.01883436224756,70.17092183739668,0.05370436772403069
1,140.1,345.7866701930706,92.72528839111328,18905,369.6447500661201,71.17545622851098,0.017549298150979987
1,145.1,364.747240217673,97.24797821044922,19295,364.8270018139414,68.94910598600674,0.06718041746342122
1,150.1,345.30682578056684,99.51679229736328,19441,366.00545239442414,68.83287896713132,0.0920779424194689
1,155.1,365.9915115899445,98.26829528808594,18378,364.94313853520515,67.20023941669388,0.07837717882437273
1,160.1,339.0084642105778,87.60801696777344,20439,369.108811585694,74.12896912764812,-0.03860664415576367
1,165.0,359.3693283138498,91.06160736083984,20188,365.5311571230434,67.81939766197742,-0.000707614219691915
1,170.0,342.4996300133195,84.13471221923828,20271,366.01854866558136,70.43530166247348,-0.07672201559822267
1,175.0,358.5126774595268,30.089197158813477,20075,364.6201245330012,71.82789539227895,-0.6698069967522318
1,180.0,343.29067594226973,96.1719741821289,19262,366.0416882982037,69.30313570761083,0.05537255832572029
1,185.4,376.98817528402503,106.18247985839844,17252,359.3611755158822,69.00968003709716,0.1652259025618618
1,191.1,374.1820996185527,100.7902603149414,18089,361.6272320194593,70.76958372491569,0.10605273300775604
1,196.7,369.7432725350251,107.80026245117188,18915,363.14364261168384,71.88247422680412,0.18297913439753924
1,202.4,377.8161032646446,102.73788452148438,17276,361.3260013892105,67.5181755035888,0.12742558262425388
1,208.0,370.45561104882273,97.37062072753906,19622,363.8654061767404,71.4948527163388,0.06852627261635273
1,213.7,361.58524262131067,93.81438446044922,19990,367.7253626813407,73.94227113556778,0.029500826802984523
1,219.3,351.1931530745748,21.96742057800293,22930,372.8607501090275,82.59197557784562,-0.7589337948775087
1,225.0,377.3152180292271,100.48346710205078,17039,360.92217853160395,64.72797699395504,0.10268604389984426
1,230.6,373.5587313393189,96.67781829833984,18823,361.3597726186049,68.44875949636084,0.060923593370800534
1,236.3,371.6798341109383,95.45374298095703,19290,362.23846552617937,72.07983411093831,0.04749082867738609
1,242.0,363.22728360208623,96.16516876220703,20899,365.8937748217618,75.94784439446863,0.055297876969800236
1,247.6,349.4555166082457,84.9495620727539,23964,372.8235686863629,84.03292438657986,-0.0677800116322073
1,253.2,352.8269639526309,84.9298324584961,23053,367.9539756213942,83.73083763501496,-0.06799652058558092
1,258.8,356.5571235091092,88.00840759277344,22889,367.03010179562233,81.40709511118878,-0.03421283523347156
1,264.5,372.8889250991255,96.0855712890625,18411,359.5675411438814,70.95220248764326,0.0544243897654124
1,270.1,358.9302422723475,90.92259216308594,21546,366.13928339366936,76.48570500324887,-0.002233139988996116
1,275.8,358.81525769373377,87.98834991455078,21576,364.2801724137931,80.96700037078234,-0.034432944297052084
1,281.4,371.1695425133386,96.47074127197266,17618,358.9394369394937,66.80514246793052,0.058651170318802584
1,287.0,358.1198077746586,90.5633544921875,21017,363.93243564733314,81.67597659037922,-0.00617534438905416
1,292.7,357.31438185552594,88.62676239013672,22883,366.5565703797579,77.66035921863391,-0.02742712983440805
1,298.3,369.19115339348764,28.458751678466797,20392,360.65123577873675,73.71827187132209,-0.6876991886557212
1,304.0,365.19846402586904,94.50801849365234,19792,363.6222210994341,75.95472918350849,0.037112631909293765
1,309.6,374.5192552514322,102.68620300292969,18852,359.3895077445364,68.37773180564396,0.12685843968142602
1,315.3,358.0013786355955,93.42306518554688,22486,366.0138753001868,81.69340923241128,0.025206565114088097
2,0.1,356.25517340832073,95.84761047363281,27738,704.4442281346888,68.94556204484822,0.02276190942636999
2,5.1,352.59375877562485,89.59613800048828,28488,703.0467916315641,71.55788402134232,-0.04394573087644783
2,10.0,354.2987529369239,95.96464538574219,27665,702.1453099584312,70.24254473161034,0.02401075485493141
2,15.0,355.9128850612786,90.80912780761719,27171,701.5423797431084,70.09403408045343,-0.031002270260962098
2,20.1,356.9619561175158,96.35492706298828,26890,697.8488657493492,71.10185942729639,0.02817533685610868
2,25.1,357.18205834622785,97.23931121826172,26497,696.0255500622712,71.78171113710987,0.037612342357280934
2,30.1,355.58140648011783,96.78245544433594,27160,694.9892488954345,73.16877761413843,0.03273736757842264
2,35.1,356.51205754306267,93.49446105957031,26415,691.2093886049593,74.13776263486655,-0.002347861970113389
2,40.0,357.7461618377006,93.55123138427734,25989,691.1091230905383,72.57489707183808,-0.0017420823851117262
2,45.0,356.80103582218385,90.44444274902344,25487,689.4798917094989,72.92423588496096,-0.03489371820654461
2,50.0,358.1417966734151,93.48432922363281,25191,689.4091937596761,71.3527053312691,-0.002455975837722878
2,55.1,356.921525370312,91.67985534667969,25384,690.424243618027,71.3693665300977,-0.021710990530136972
2,60.1,358.5798823622923,93.6392593383789,25162,687.7096017804625,72.55611636594865,-0.0008027617492094033
2,65.0,395.042303450449,120.67115020751953,25388,685.7300693240901,71.68969591933197,0.28764666525380517
2,70.1,364.35609539924263,101.49085235595703,24822,684.02590443961,71.05543469502861,0.08297929840873323
2,75.1,394.3993488222526,112.16990661621094,24878,683.5186108208055,71.65973952890104,0.19693237321271823
2,80.1,364.5689532042849,101.26869201660156,26605,681.2655515880474,74.78357451606841,0.08060869019267848
2,85.1,395.6732150483364,122.84171295166016,25757,680.2475443568738,72.1273051985868,0.3108081075240609
2,90.1,366.5685109687439,101.03133392333984,25755,683.9576392933411,72.34797126771501,0.0780759111752095
2,95.1,394.9200692707331,120.26338195800781,25985,680.663536655763,73.15020203963826,0.28329548913774766
2,100.1,365.11181642550173,91.30169677734375,25363,679.6375428774198,74.89212632575011,-0.025746210380989332
2,105.1,394.2989598695956,117.05191040039062,25766,679.1870294186136,72.61220212683381,0.24902681236942487
2,110.1,361.8874453852995,98.92191314697266,25863,675.3789970227739,73.27510342960987,0.05556689701867547
2,115.0,392.15793771141955,123.03954315185547,25719,674.9190870562619,71.61744235778995,0.31291909591797207
2,120.1,361.81983129078463,103.69261169433594,25132,672.7045599236034,71.62720833996498,0.10647363044153056
2,125.0,391.879104536026,119.78079986572266,25551,673.9936597393448,70.55344213533716,0.27814599631553155
2,130.1,362.813903573274,104.71858215332031,25159,672.7143765650463,67.90202313287492,0.1174214621137095
2,135.1,390.5252738654147,117.95999908447266,25560,669.272730829421,71.33607198748044,0.25871676198706
2,140.1,359.0178480566754,98.7480697631836,25549,668.2052917922424,72.24533249833652,0.05371186494988795
2,145.1,388.9563728351819,123.0510025024414,25695,666.3102159953298,70.22023740027242,0.31304137530739184
2,150.1,356.1199969033057,99.33184814453125,25834,662.0594952388326,72.93694356274676,0.05994119387148078
2,155.1,390.13854235062377,124.02450561523438,25891,662.5104476459002,73.00166080877526,0.3234293432238852
2,160.1,355.21917601299043,103.55487823486328,26481,660.9765869868962,73.62731769948265,0.10500391684819162
2,165.0,385.35505293175515,115.96134948730469,25599,662.3224344700965,71.61615688112816,0.23738975479123542
2,170.0,356.50707922367167,95.72837829589844,25144,658.9974944320712,73.22840439070951,0.021489617616881215
2,175.0,383.030636017706,119.64877319335938,25754,657.4483575366934,74.53312106857187,0.2767371781837678
2,180.0,354.3425388171151,101.40921020507812,25311,658.4444707834539,70.77286555252657,0.08210811881740106
2,185.4,393.37836894559274,124.97494506835938,25787,658.0238104471246,73.23787179586614,0.33357120555168623
2,191.1,395.2126259906132,123.41289520263672,25994,655.8904362545203,74.45010387012387,0.3169030268105459
2,196.7,393.80603849736104,125.62720489501953,25768,655.9141570940702,73.66089723688296,0.34053128001218175
2,202.4,394.4120834145391,126.65229797363281,25655,654.9387643734165,73.26185928668876,0.35146974941419873
2,208.0,394.3807929176289,126.67140197753906,25980,654.3058121632025,74.93144726712856,0.35167360267059494
2,213.7,393.38735910431956,125.7032699584961,26438,654.3802859520388,75.55424010893411,0.3413429481297018
2,219.3,393.38824102891,124.46836853027344,26669,651.9250440586449,76.7273988526004,0.3281656749933015
2,225.0,390.2835889219501,117.8450927734375,26214,649.0052262149997,77.40608072022583,0.25749063024002194
2,230.6,388.73130267185667,117.85868072509766,26461,648.3369865084464,77.31363138203393,0.25763562331096507
2,236.3,392.66492506006637,115.45394897460938,26221,649.9614431181114,77.42824453682164,0.23197543184000297
2,242.0,387.86924154197686,120.15904998779297,27134,648.1405248028304,79.47184344365003,0.2821821930989225
2,247.6,387.9213183886361,112.86085510253906,27033,647.7824140864869,78.6574557022898,0.20430528308183402
2,253.2,385.4331462155747,107.15084838867188,26543,644.1757525524621,80.91056022303432,0.1433754660456676
2,258.8,388.7866076876144,118.74637603759766,26224,643.8673733984136,79.20210494203783,0.26710796120561814
2,264.5,392.89292854498336,124.38541412353516,27010,646.172972972973,78.93224731580897,0.32728049270224885
2,270.1,394.69623555721205,125.6422119140625,26830,647.2482668654491,77.96239284383154,0.3406914155374738
2,275.8,395.7416900576156,126.97388458251953,27076,646.947111833358,79.74457083764219,0.35490130636721645
2,281.4,393.92712625073574,129.09669494628906,27184,647.2406194820483,80.30926280164803,0.3775531969075266
2,287.0,395.6026590622917,122.16969299316406,27002,646.1396933560477,80.57636471372491,0.3036371784573089
2,292.7,397.2755105755579,131.78465270996094,27469,646.171211183516,80.07335541883577,0.4062356105978163
2,298.3,396.0718489727929,129.87107849121094,27015,647.5086803627614,78.5408846936887,0.38581641796352295
2,304.0,394.4677778576047,128.874755859375,27838,647.4421653854444,80.1815144766147,0.37518494961177357
2,309.6,395.12059348911816,118.39633178710938,27431,646.2095804017353,81.41580693376108,0.26337274105517317
2,315.3,396.8189397338119,122.41358184814453,26748,645.2268580828473,79.36567219979064,0.3062396453292009
3,0.1,613.7189135440653,314.1988830566406,57324,898.6098492777894,127.48217151629335,0.010557604076988983
3,5.1,615.0706014457155,314.5658264160156,56996,900.54249421012,126.84663836058671,0.011737803696015363
3,10.0,605.3632657893846,306.9962463378906,59122,893.5802239437096,128.75188593078718,-0.0126082303611456
3,15.0,606.4123086788504,306.1910400390625,59259,893.0791947214769,128.05010209419666,-0.015198014704792559
3,20.1,615.6306678230702,312.6297607421875,57650,897.3409540329575,125.93295750216825,0.00551083729293381
3,25.1,603.4017270009964,303.2487487792969,60220,888.2083028894056,130.39154765858518,-0.02466130361606921
3,30.1,596.7851456326295,299.0135192871094,62177,884.4088167650417,132.59148881419173,-0.03828306867998147
3,35.1,599.8534819211044,301.36529541015625,62006,884.3214205076928,133.35075637841499,-0.030719053107706857
3,40.0,601.4538764054112,303.8088684082031,61281,883.1257975555229,132.6313376087205,-0.02285979132335379
3,45.0,600.1889783099421,301.0267333984375,61134,882.8787417803513,132.36864919684626,-0.03180796982206802
3,50.0,601.7418901472439,302.7575378417969,61191,880.9305943684528,132.33898775963786,-0.026241184942403923
3,55.1,602.3805639326972,303.63238525390625,60681,881.5729140917256,131.97849409205517,-0.023427413944513933
3,60.1,607.0117315814172,307.74169921875,59668,879.8534725480995,132.87983508748408,-0.010210630885600239
3,65.0,660.4159729317767,342.719482421875,59701,877.6812783705466,132.21919230833655,0.10228838389702817
3,70.1,612.8958298803328,311.0679931640625,60334,874.916050651374,131.85293532668146,0.00048772554116284804
3,75.1,653.3010982104462,338.0578918457031,60462,875.161374086203,132.3463497734114,0.08729531403625816
3,80.1,619.8029826381213,317.744873046875,58807,875.7754348972061,133.70705868349006,0.02196256870878957
3,85.1,662.0979194243628,346.57159423828125,58926,875.15945423073,133.09627329192546,0.11467792790162099
3,90.1,618.8880563899509,317.61553955078125,58592,876.5795671764064,132.9776249317313,0.0215465934937668
3,95.1,660.4144501386205,347.2181091308594,59515,875.5371755019743,133.33608334033437,0.11675731320843018
3,100.1,617.7176370300912,316.17437744140625,58655,877.3431250532776,132.6188730713494,0.016911385009992532
3,105.1,661.8628218157181,349.5212707519531,59040,875.3268123306233,132.65191395663956,0.12416496999884277
3,110.1,608.7225637693474,313.56146240234375,60021,875.4274837140334,132.88145815631196,0.00850746856113702
3,115.0,654.8459576638612,344.332763671875,58815,875.2614299073366,132.80095213806,0.10747717902844954
3,120.1,608.4398226843982,312.0868225097656,60006,874.8249341732493,132.22651068226511,0.003764585511322172
3,125.0,654.1660870146808,342.8133544921875,59806,873.6621242015851,132.32277697889845,0.10259030455804989
3,130.1,609.3545785726113,313.3815002441406,60390,871.7120880940553,132.46340453717502,0.007928656422630818
3,135.1,650.6530828436646,342.5030212402344,60415,872.9342878424233,132.70116692874285,0.10159217998004928
3,140.1,607.449145904508,311.55242919921875,60005,871.2453962169819,132.2235980334972,0.0020458167547710284
3,145.1,654.0881285033046,344.2790222167969,59765,869.5864971136953,131.8309211076717,0.10730433043155121
3,150.1,604.3011825449701,308.39080810546875,60040,869.3092271818788,131.63062958027982,-0.008122902517611956
3,155.1,650.3057307922173,341.310791015625,60236,871.836011687363,130.54601899196493,0.09775761090848378
3,160.1,599.3297269027735,306.4013671875,61187,872.0430973899685,130.27311356987596,-0.01452153967366067
3,165.0,642.0654552559594,336.8100891113281,61416,869.3297674872997,130.8812524423603,0.0832820071481385
3,170.0,597.2991455762901,305.3786926269531,61679,871.9954441544123,130.25122002626503,-0.01781076700509722
3,175.0,640.3285498612036,334.83831787109375,61601,871.4582880148049,130.32747845002515,0.07694020096176846
3,180.0,597.0775719430295,304.186279296875,61646,869.0273983713461,130.31534892774877,-0.021645924998628302
3,185.4,660.5073643347632,347.7672119140625,61309,871.4388915167431,129.68534799132266,0.11852339202954974
3,191.1,675.3787811130406,359.8236999511719,60465,865.4894401720003,130.61336310262135,0.15730066439231546
3,196.7,668.9482803713875,354.739013671875,61176,867.8595527657905,130.24176147508828,0.14094679217640727
3,202.4,668.8706034622229,353.8543701171875,61810,868.3071347678369,130.47293318233295,0.13810151385335862
3,208.0,673.5297062095138,359.6908874511719,61132,867.5829352875744,131.02571484656153,0.15687349965994665
3,213.7,663.8775333226273,354.8199157714844,62270,870.4889192227397,130.47605588565924,0.14120699753153357
3,219.3,669.8041812856085,359.3685302734375,62134,869.9050761257927,131.15672578620402,0.1558367025395395
3,225.0,663.9426580835728,354.30780029296875,62293,871.5824570979082,130.26465252917663,0.13955988094746158
3,230.6,666.5055344642542,358.16302490234375,62427,868.4307270892402,131.93863232255273,0.1519594366254693
3,236.3,673.0132389012524,360.5015563964844,61561,868.4318318415881,131.862818992544,0.15948085350890012
3,242.0,667.4654917585066,358.3988037109375,62246,870.2466343218841,131.22147607878418,0.15271777180981708
3,247.6,669.5648766514861,360.2906494140625,62141,870.2328253488035,130.94972723322766,0.15880251355821057
3,253.2,664.3329966168005,355.7554626464844,62367,869.3690894222906,130.12383151346066,0.14421599616101402
3,258.8,665.2712452471483,356.46746826171875,63120,869.8019961977186,130.02203738910012,0.14650601922417972
3,264.5,670.7087608906098,364.60052490234375,61980,869.2712971926428,130.5807679896741,0.17266436247675843
3,270.1,669.0451678143208,362.0419616699219,62301,869.6221408966148,131.83547615608097,0.16443525769801987
3,275.8,663.5396532820619,356.8708801269531,62933,874.3159073935773,130.66674081960178,0.14780351246801784
3,281.4,662.8575109800172,357.765869140625,61703,874.6053352349156,130.7939160170494,0.15068206488212188
3,287.0,660.463628920519,347.51153564453125,63512,873.9212432296259,130.79602279884116,0.11770106065827537
3,292.7,656.9321363501876,349.123779296875,64217,878.7595963685628,129.889079215784,0.12288651856522512
3,298.3,659.2855624169467,351.2178955078125,63965,874.0638943172047,130.43193934182756,0.1296218227782649
3,304.0,652.3492595611189,345.331787109375,65029,878.2945301327101,128.98028571867937,0.11069033727266508
3,309.6,662.7275510692245,352.6208801269531,62709,876.1792565660431,129.73035768390503,0.1341342410322153
3,315.3,659.3012208275367,348.2657775878906,63973,880.9691276007065,128.0599627968049,0.12012692838816867
4,0.1,325.1047148154688,68.0196762084961,5663,1052.1995408793925,28.910294896697863,-0.007710640287815503
4,5.1,330.31871639784947,72.53260803222656,5952,1051.5198252688172,28.573084677419356,0.058125224853143524
4,10.0,329.0084297520661,70.30493927001953,6050,1051.3654545454544,29.529256198347106,0.025627392859271944
4,15.0,322.9185463659148,65.0073013305664,5586,1052.8141783029,27.641066953097027,-0.051655976482470244
4,20.1,328.80131482834184,66.8766098022461,5476,1047.7790357925494,27.595872899926952,-0.024386000942129303
4,25.1,324.3155233440081,64.52296447753906,5933,1050.284173268161,28.08595988538682,-0.05872161296539557
4,30.1,321.8424934152766,62.90602493286133,5695,1048.305531167691,28.52519754170325,-0.08230996261533365
4,35.1,320.15153096729296,59.85723114013672,5748,1047.661621433542,27.87160751565762,-0.1267865877495666
4,40.0,321.298576446663,60.4344482421875,5409,1045.2915511185063,28.492697356258088,-0.11836598917374819
4,45.0,320.66062024575774,57.21686553955078,5127,1044.3682465379363,27.018529354398282,-0.16530495239424042
4,50.0,315.0460578709849,62.25246047973633,7534,1050.09848685957,39.86302097159543,-0.09184433691511965
4,55.1,314.60718247365503,60.91102600097656,7212,1048.948003327787,36.90030504714365,-0.11141354444772054
4,60.1,317.6152510849349,61.55392074584961,8065,1047.898326100434,41.62281463112213,-0.10203482272612667
4,65.0,331.5650342919023,65.56079864501953,8311,1048.4708218024305,41.05811575021056,-0.043581408557777555
4,70.1,317.34702468995334,61.84586715698242,8789,1049.786551371032,43.30981909204688,-0.09777582983581556
4,75.1,328.91340436075325,66.43975830078125,8072,1048.5853567888998,41.57903865213082,-0.03075890832482736
4,80.1,319.7114064712932,64.20843505859375,9179,1045.7263318444275,43.49373570105676,-0.0633100528571001
4,85.1,331.6544037032525,66.23059844970703,8209,1044.1763917651358,40.20611523937142,-0.033810188575908715
4,90.1,316.4809033936384,61.04203796386719,8457,1044.0042568286626,40.647037956722244,-0.10950230664098813
4,95.1,327.458407079646,64.29852294921875,8475,1044.147256637168,39.93628318584071,-0.06199582644073065
4,100.1,318.3778350515464,61.84134292602539,7760,1039.3550257731958,37.248711340206185,-0.09784183053575687
4,105.1,333.46788420921854,69.92872619628906,8049,1037.897875512486,37.22996645546031,0.02013909519518029
4,110.1,317.23924537370823,62.38225555419922,8322,1038.023191540495,38.381038211968274,-0.08995085140457718
4,115.0,326.7627199239182,65.29481506347656,8412,1036.4500713266762,38.98799334284356,-0.047461648696148856
4,120.1,314.5003381577168,51.83777618408203,7393,1034.2652509130257,36.51738130664142,-0.24377655693425163
4,125.0,322.90560619303284,53.872154235839844,8009,1033.3821950305905,36.19278311899114,-0.21409850189318494
4,130.1,310.5242718446602,49.454185485839844,7828,1032.1626213592233,36.31859989780276,-0.2785490201333521
4,135.1,321.6957768508863,52.18710708618164,7672,1033.2739833159542,36.43600104275287,-0.23868042363144704
4,140.1,307.92820123878147,45.96467590332031,7911,1030.4829983567186,34.352547086335484,-0.3294549259294067
4,145.1,322.75474506885,52.981143951416016,8061,1030.2044411363354,37.04565190423025,-0.22709679994326382
4,150.1,306.93896260554885,47.62356948852539,8290,1029.351990349819,36.106755126658626,-0.3052545394346502
4,155.1,324.20973393900067,53.12697982788086,7705,1028.7509409474367,36.663595068137575,-0.22496930689203565
4,160.1,311.4611201740076,47.062950134277344,7356,1028.784121805329,36.87330070690593,-0.31343300559441073
4,165.0,325.54801209021156,56.64866638183594,8602,1025.078121367124,36.19251336898396,-0.17359399476882675
4,170.0,311.9058067644563,50.16707992553711,8249,1026.0780700690993,35.83258576797188,-0.2681491240071012
4,175.0,324.621221948372,52.23237609863281,7709,1024.1781035153717,35.61681151900376,-0.23802002708321465
4,180.0,311.4346482008161,49.23215866088867,8087,1023.4435513787561,36.49610485965129,-0.2817880072654638
4,185.4,329.04203452365266,51.5289192199707,7589,1026.5198313348267,36.055343259981555,-0.2482822455267886
4,191.1,332.85658732029225,53.613136291503906,8486,1024.460876738157,38.934480320527925,-0.21787712543957238
4,196.7,332.6869535204786,60.168087005615234,8692,1023.114818223654,37.62873907040957,-0.12225173864541981
4,202.4,332.6608426270136,52.86412811279297,8070,1025.0603469640644,38.26728624535316,-0.22880385851889615
4,208.0,335.07079463364295,54.321807861328125,9690,1023.1737874097007,38.81630546955624,-0.20753883367658885
4,213.7,330.6253049843151,61.297481536865234,8607,1025.456256535378,39.18775415359591,-0.1057758269865442
4,219.3,336.27407487556803,66.22590637207031,9242,1022.3216836182645,39.21651157758061,-0.03387863786842796
4,225.0,332.5910716487853,54.51425552368164,8109,1020.1837464545566,35.83265507460846,-0.20473135533650488
4,230.6,334.98975362652544,56.44561004638672,8686,1018.0632051577251,36.073796914575176,-0.17655623528980177
4,236.3,332.48579791847357,53.617610931396484,9224,1016.7062012142237,36.80301387684302,-0.21781184818743818
4,242.0,329.2796903881701,52.62031936645508,8656,1015.1262707948244,34.647758780036966,-0.2323606061878249
4,247.6,326.3033967241948,48.719844818115234,9097,1018.4700450698032,35.110585907442015,-0.28926177961126404
4,253.2,327.9109843788743,49.06688690185547,8066,1019.2552690304984,34.502727498140345,-0.28419903620724934
4,258.8,329.88777668123504,47.7999267578125,7093,1017.9382489778656,31.596785563231354,-0.30268179208305906
4,264.5,333.4968929534529,51.76051330566406,8529,1021.3529135889319,36.870090280220424,-0.24490368861773515
4,270.1,334.0266310036051,51.611385345458984,8599,1020.9325502965461,36.394580765205255,-0.2470792074733894
4,275.8,329.8927832384894,45.51451110839844,7732,1021.8781686497672,32.22607346094154,-0.3360220512233992
4,281.4,328.32859579306427,45.95183181762695,8795,1023.2603752131893,34.05923820352473,-0.3296422989114492
4,292.7,323.27795874049946,37.34138488769531,7368,1022.6064060803475,27.381650380021714,-0.45525381821283634
4,298.3,324.70991897863985,39.482582092285156,8146,1022.6177264915295,30.36619199607169,-0.4240174565952462
4,304.0,325.2485460143688,37.5112419128418,5846,1016.9257612042422,24.079199452617175,-0.4527758981738084
4,309.6,323.7112766872045,45.16448974609375,6979,1021.5734345894828,27.927210202034676,-0.341128257145672
4,315.3,325.7875690607735,41.74353790283203,7240,1018.9872928176795,27.992127071823205,-0.39103402417330724
5,0.1,435.17137777777776,165.0498046875,5625,1163.4570666666666,37.9248,0.029077226686467575
5,5.1,432.3294680655255,165.43080139160156,5433,1163.8071047303515,36.27498619547212,0.031452721964246685
5,10.0,424.42774118558697,154.214599609375,5162,1161.9928322355677,34.23963580007749,-0.038479731732765664
5,15.0,418.63104429093863,158.6869659423828,4922,1160.5075172694026,31.297236895570904,-0.010594752702274461
5,20.1,422.2904171364149,158.54891967773438,4435,1160.9943630214204,29.434047350620066,-0.011455464215673781
5,25.1,414.9765423410744,156.80030822753906,4263,1160.620455078583,27.338259441707716,-0.022357968615035095
5,30.1,415.0160871821484,157.4791717529297,3854,1160.9761286974572,25.47483134405812,-0.01812528869559929
5,35.1,406.5495591771306,148.56893920898438,3743,1160.5923056371894,24.80149612610206,-0.07368014023156834
5,40.0,402.83523836074716,146.05670166015625,3587,1159.6562587120156,23.717870086423193,-0.08934381492915767
5,45.0,397.37720848056534,140.87643432617188,3396,1159.986160188457,22.570671378091873,-0.12164252107815608
5,50.0,393.9263031755542,139.40914916992188,3338,1158.1021569802276,22.068004793289393,-0.1307909701915062
5,55.1,382.78003533568904,132.9481964111328,3396,1158.782979976443,22.32155477031802,-0.17107468551825616
5,60.1,387.02075535896563,131.1937255859375,2939,1157.7570602245662,20.093228989452193,-0.18201372282589043
5,65.0,399.98206716661235,137.40806579589844,3067,1156.930224975546,20.5226605803717,-0.14326762433119083
5,70.1,368.22721437740694,115.71005249023438,3116,1155.3786906290115,20.23395378690629,-0.2785536454172244
5,75.1,372.77745757284663,116.49562072753906,3123,1156.831572206212,21.525136087095742,-0.27365566698853677
5,80.1,346.0199177995574,95.78351593017578,3163,1155.102118242175,23.064179576351567,-0.4027945981376284
5,85.1,365.26020217147135,107.2081527709961,2671,1155.0887308124297,20.100711344065893,-0.3315625623390316
5,90.1,335.53639455782314,87.26510620117188,2940,1153.6006802721088,22.989115646258504,-0.45590645413951714
5,95.1,345.9899227410144,89.20138549804688,2977,1153.2304333221364,22.458851192475645,-0.44383385015982
5,100.1,335.6991012114107,85.69156646728516,2559,1153.535756154748,21.696756545525595,-0.4657173951975513
5,105.1,334.7073649754501,80.21858215332031,3055,1151.8294599018004,25.181669394435353,-0.4998411769867946
5,110.1,329.3400891771382,81.04570007324219,2467,1153.7697608431292,20.84839886501824,-0.4946841383778277
5,115.0,336.185921958684,85.10037994384766,2614,1151.614766641163,22.278882938026015,-0.46940341342184033
6,0.1,339.3676940908798,75.48099517822266,93178,116.2652342827706,302.9498701410204,-0.24958281586293735
6,5.1,391.75434571605047,125.68975830078125,33999,69.39177622871262,167.78746433718638,0.24958281586293735
7,0.1,437.6928862909452,162.77430725097656,45335,1064.809462887394,266.0783721186721,0.013113098048905024
7,5.1,436.03039692757545,161.6074676513672,45827,1068.176555305824,265.9763240011347,0.005850646734253181
7,10.0,438.38980122941626,162.25474548339844,44574,1067.1305693902275,266.94050343249427,0.009879327063369582
7,15.0,430.95652813998487,157.8866729736328,47548,1072.7093253133676,255.2852275595188,-0.01730771214207209
7,20.1,431.989972671852,158.81410217285156,47570,1074.2516922430102,254.2100483498003,-0.01153535970445552
7,25.1,428.2730985828331,155.5273895263672,48477,1075.2916847164636,251.07023949501826,-0.03199197652508293
7,30.1,428.83738177575935,156.49984741210938,48002,1076.3680888296321,248.93123203199866,-0.02593936393538662
7,35.1,430.67403131359276,157.74342346191406,48158,1076.0036131068566,248.96783504298352,-0.018199302215852024
7,40.0,430.50473859285756,158.48976135253906,47799,1076.3108014812026,248.4237327140735,-0.013554068546409745
7,45.0,429.85025433622417,158.43402099609375,47968,1075.2124541360906,248.61132421614408,-0.013900998514402725
7,50.0,432.3100160662946,160.69085693359375,47304,1075.6670049044478,248.61546592254354,0.0001456289112840309
7,55.1,428.55031401214865,158.05520629882812,48565,1076.0554514568105,247.9595181715227,-0.016258754710787537
7,60.1,431.4276682316119,159.29513549804688,47925,1074.381450182577,248.94645800730308,-0.008541391119462722
7,65.0,466.0125679984993,180.89739990234375,47979,1075.004627024323,248.25719585652055,0.12591187355801597
7,70.1,437.581403071814,164.2745361328125,48180,1074.7282482357825,247.55539643005397,0.02245057615542071
7,75.1,462.36692325154263,180.75033569335938,48457,1075.9033576160307,246.86841942340632,0.12499654067230112
7,80.1,437.9809144554946,165.61224365234375,48466,1075.9011678289935,246.85001856971897,0.030776515502261275
7,85.1,464.07679950571514,181.31442260742188,48555,1075.5734115950984,246.98756049840387,0.1285074377587409
7,90.1,435.2887873906572,163.35491943359375,49043,1075.944783149481,246.53944497685706,0.016726848996646847
7,95.1,461.363005126963,180.2437744140625,49542,1076.05823341811,246.88490573654676,0.12184368518983987
7,100.1,434.37004414247644,162.005126953125,49159,1076.3685184808478,246.52177627697878,0.008325692421596474
7,105.1,461.16563551722055,179.51873779296875,49621,1074.828117127829,246.15328187662482,0.11733103138224216
7,110.1,428.8959285869802,160.0725555419922,50523,1075.7761019733587,245.48823308196268,-0.003702701018374755
7,115.0,454.9678632889102,175.4296417236328,49974,1076.6462960739584,243.85226317685195,0.0918803514992247
7,120.1,430.57950501779214,158.48951721191406,50022,1075.0037383551237,244.66702650833633,-0.01355558808637358
7,125.0,456.75761615759626,173.646484375,50255,1076.4197990249727,244.37717640035817,0.08078191651712023
7,130.1,429.3251813552991,156.15684509277344,50867,1074.5026441504315,245.5879253740146,-0.028074222613326448
7,135.1,453.17606155044797,170.9907684326172,51340,1074.7984028048306,242.49705882352941,0.06425264570427101
7,140.1,425.4685811272167,152.70822143554688,51259,1076.300552098168,241.23447589691565,-0.04953857934371939
7,145.1,452.2557687447756,168.72406005859375,51441,1075.7792227989346,240.68198518691315,0.05014457188129669
7,150.1,418.31442900507176,145.60079956054688,53039,1076.5499349535248,236.8011463262882,-0.09377542677087136
7,155.1,450.50465638741144,166.43783569335938,52079,1076.1929952572054,237.17865166381844,0.03591502983246335
7,160.1,420.66916227099995,148.66006469726562,52893,1076.3316506910178,237.3393832832322,-0.07473445136905134
7,165.0,445.6196018957346,163.3507080078125,52750,1076.915279620853,235.69998104265403,0.016700636932270703
7,170.0,418.4392363718276,146.74639892578125,53272,1077.438973569605,234.86420633728787,-0.08664517543307314
7,175.0,443.7311161644874,162.24659729003906,52770,1077.8348114458972,236.04311161644873,0.009828612417076603
7,180.0,416.22691925721887,143.6876678466797,53367,1079.0408117375907,234.17407761350648,-0.10568282684122227
7,185.4,452.2455610195578,166.0345001220703,53278,1079.4613911933632,235.67228499568301,0.0334046548409609
7,191.1,460.24721650270726,170.3577117919922,52452,1080.338137725921,235.94358651719668,0.060312478578047966
7,196.7,455.3620109853155,168.94802856445312,53526,1080.3320068751634,234.44406456675262,0.05153855985561943
7,202.4,457.57095622769117,169.1263427734375,53230,1079.0749953034003,236.72962615066692,0.052648393856705104
7,208.0,456.52135122628414,168.50494384765625,54025,1079.527959278112,234.45906524757058,0.048780784763755164
7,213.7,452.78878473874994,168.85333251953125,54622,1078.2685364871297,233.79656548643405,0.050949168292147094
7,219.3,455.9008965797144,170.87396240234375,54206,1079.991384717559,231.79928421207984,0.0635256408028239
7,225.0,454.51427073189,167.34605407714844,53396,1080.0931155891826,231.11000824031763,0.041567813469175686
7,230.6,453.2781190969611,167.69224548339844,54527,1079.3078658279385,229.91712362682708,0.0437225211378931
7,236.3,458.4752503093711,169.32061767578125,53334,1080.338639517006,229.7324033449582,0.05385756778292646
7,242.0,456.85245290057827,170.08633422851562,53610,1079.0338556239508,229.82628240999813,0.0586234149369981
7,247.6,456.84101437773387,171.2134552001953,54181,1080.1315774902641,228.17127775419428,0.06563865609378361
7,253.2,459.36091743818344,173.89328002929688,52494,1078.7694212671925,232.6913742522955,0.0823179814780615
7,258.8,456.4120684567719,170.03579711914062,54224,1080.1706808793153,226.99924387724994,0.05830887016448435
7,264.5,456.90165068156585,170.4099884033203,54947,1078.9204506160481,225.1283964547655,0.06063785007280405
7,270.1,457.1449155501645,171.03826904296875,54411,1079.658616823804,228.30618808696772,0.06454829119848457
7,275.8,463.95334642225373,177.40126037597656,51443,1073.6576210563148,237.82431040180393,0.10415177636216172
7,281.4,452.28318050633834,168.09681701660156,54746,1077.969915610273,227.2852445840792,0.046240588800462466
7,287.0,456.30298592168134,169.75770568847656,54623,1079.3059517053257,226.3164234846127,0.056578019174429034
7,292.7,457.89080247824165,169.83506774902344,54232,1079.7938670895412,226.06721124059595,0.05705952340046912
7,298.3,456.1719376960677,168.44004821777344,54828,1079.50249872328,225.67644269351428,0.04837687204711839
7,304.0,457.7827063654275,167.8843536376953,54309,1080.5638476127344,225.0045480491263,0.04491820914693543
7,309.6,449.5310355502812,162.24009704589844,58143,1083.078014550333,214.26775364188293,0.009788154665539507
7,315.3,457.93630920968826,164.6274871826172,54953,1081.7972995104908,221.75335286517569,0.0246473560868868
8,0.1,440.05961510635217,194.4197998046875,55288,843.7152004051512,339.73766459267836,0.0150844391342623
8,5.1,438.88672216181527,191.13803100585938,56101,841.2921873050391,337.9007682572503,-0.002049990815122162
8,10.0,439.3671320375947,191.29953002929688,54795,845.6908112054019,342.0336162058582,-0.0012067889098045265
8,15.0,442.2072960817339,192.1143341064453,54029,844.2735938107313,341.3502563438154,0.0030473813984018623
8,20.1,439.6203014153108,188.681640625,56666,840.5454946528782,337.92136378075037,-0.014875040807737772
8,25.1,441.24456935091916,190.86497497558594,53907,846.4673604541155,343.14185541766375,-0.003475642562633414
8,30.1,442.1117752312788,190.76600646972656,52534,847.0430768645068,345.15279628431114,-0.003992366632728858
8,35.1,444.4533087032654,191.89781188964844,51969,845.9550886105178,345.1357924916777,0.0019168981183133092
8,40.0,441.845262144354,189.50924682617188,52967,845.907093095701,344.77187682896897,-0.010554029380997604
8,45.0,442.48354358342027,189.00184631347656,52715,844.7106516171867,344.5513421227355,-0.013203216168367912
8,50.0,445.4712584351284,190.48643493652344,52311,844.2164936629007,343.5618894687542,-0.005452036446526073
8,55.1,442.19310240907123,188.7339630126953,53091,841.2476502608729,343.87779472980355,-0.014601860598617006
8,60.1,444.9935796393833,190.435302734375,52022,838.3094652262504,342.90698166160473,-0.005719002582648465
8,65.0,489.69867367982897,222.82504272460938,52853,838.0553989366734,342.81208256863374,0.1633909393302685
8,70.1,450.54221008611967,194.13766479492188,52369,835.8279898413183,342.4689415493899,0.013611385163237821
8,75.1,487.3010517426685,223.1619110107422,52104,835.2521303546753,343.43321050207277,0.16514976099161557
8,80.1,450.1169051061563,194.34902954101562,52564,834.4582033330797,342.81884940263296,0.01471494079366676
8,85.1,488.5344781376828,223.4493865966797,52236,834.086300635577,342.96492840186846,0.16665069862353019
8,90.1,449.97408911514043,193.99595642089844,52449,832.8724665865889,342.3268889778642,0.012871512138418766
8,95.1,489.6731068390021,225.2542266845703,52069,829.8085041003284,343.19579788357754,0.1760739419875495
8,100.1,449.6109905588549,193.5321807861328,52536,832.1556646870717,343.09519186843306,0.010450095026719577
8,105.1,490.80227368907015,226.68460083007812,51986,830.2777093832955,341.85455699611435,0.18354206271755522
8,110.1,447.78802949751326,194.98764038085938,52479,830.657977476705,342.7423921949732,0.018049189295306377
8,115.0,484.3533851697326,222.55198669433594,52730,830.4722548833681,341.83180352740374,0.16196528758275724
8,120.1,448.910157521006,194.15943908691406,52247,827.2729917507226,340.93010124983255,0.013725070832067024
8,125.0,490.0170779823611,224.77615356445312,51704,826.8593532415287,341.05223967197895,0.17357787633226732
8,130.1,450.1633179865539,194.79066467285156,51911,824.6714183891661,341.25973300456553,0.01702076021407571
8,135.1,489.69280534761447,226.22076416015625,51163,824.9729296561968,340.72654066415186,0.18112032693544586
8,140.1,450.23398432154517,195.5536346435547,51153,824.9268469102497,339.71200125114854,0.02100429967644272
8,145.1,489.8135194966599,225.9137725830078,51496,824.219686965978,339.827637098027,0.17951749443987844
8,150.1,449.1558191223619,194.9811553955078,50841,822.3506028598965,339.52152790071005,0.0180153305642255
8,155.1,490.1927987791922,225.48814392089844,51769,823.0310224265487,337.41967200448147,0.17729524633453736
8,160.1,447.1503156686436,193.03549194335938,52270,823.1937057585614,337.3486894968433,0.007856834896334623
8,165.0,488.757720824333,226.0453643798828,51387,820.3587872419095,336.5329363457684,0.18020454784421133
8,170.0,447.0386220692043,194.24327087402344,51991,817.9542228462618,336.54284395376123,0.014162764640439574
8,175.0,487.56802462641497,225.84230041503906,51327,817.9457595417616,336.54419701131957,0.17914433138956593
8,180.0,447.71287089955376,194.0936279296875,51092,818.5478548500744,337.3039810537853,0.013381464462298036
8,185.4,502.36199861421204,236.40345764160156,51956,817.3306644083456,338.3015051197167,0.2342851471434328
8,191.1,511.47388868281826,243.2381134033203,51223,814.2709720242859,337.983191144603,0.26996954100418996
8,196.7,506.54517725598527,241.21487426757812,52128,814.1087323511357,337.8130179558011,0.25940601524496926
8,202.4,507.5331003763152,241.6077117919922,52084,814.6343598801935,338.33501651178864,0.2614570576724449
8,208.0,508.5340099782915,243.27352905273438,52514,813.2497810107781,337.55341432760787,0.27015444950969286
8,213.7,504.3360037789325,240.75201416015625,52925,811.7582994803968,337.2174019839395,0.2569893781894227
8,219.3,508.78368353631726,242.92649841308594,52303,810.6750282010593,337.4928589182265,0.26834256922505195
8,225.0,504.0806601536565,239.4044189453125,52715,810.8965948970881,337.0208100161244,0.24995345420321405
8,230.6,504.8308309259541,240.87319946289062,52616,810.3379960468299,337.0978029496731,0.2576220982888211
8,236.3,508.126385639216,241.68472290039062,52142,807.5390855740094,337.9254919258947,0.2618591400624807
8,242.0,503.33392880648375,239.9031524658203,53179,808.225822223058,338.0337539254217,0.25255738979233977
8,247.6,505.9400765938274,242.18911743164062,53268,806.3295036419614,336.2173725313509,0.26449263233215
8,253.2,501.43725036395534,237.7830047607422,53578,809.7788271305386,336.9582291238941,0.24148789508936697
8,258.8,504.12506592330294,240.80177307128906,53092,805.2677427861071,335.5427936412265,0.25724917424131616
8,264.5,503.89030796933304,240.9100341796875,53869,806.0801388553714,336.24375800553196,0.25781441588136045
8,270.1,502.52211817291885,240.2854461669922,54141,805.1908165715447,335.94373949502227,0.2545533819064581
8,275.8,500.5353531612282,237.99737548828125,53998,805.8506240971888,336.31658579947407,0.24260714523749694
8,281.4,498.8603900919608,237.338623046875,53936,803.9842776624147,334.4558736280036,0.23916773550050024
8,287.0,503.27267093575705,240.2536163330078,53251,802.6681752455353,335.64224146025424,0.2543871952875529
8,292.7,505.95013143213754,242.3615264892578,52879,801.9899203842735,334.7075020329431,0.265392796573286
8,298.3,505.4162565306277,242.53257751464844,52828,801.9777201484061,335.3256227758007,0.2662858703977957
8,304.0,502.70327089740005,240.04542541503906,53655,804.9897493243873,336.42890690522785,0.2533002105184529
8,309.6,503.8737716600405,240.5504913330078,53324,799.3836358862801,334.6675605731003,0.25593720816263416
8,315.3,506.09392592592593,241.60964965820312,54000,799.7418148148148,332.52618518518517,0.26146717545796794
9,0.1,270.9912350825101,46.75804901123047,35026,410.94715354308227,337.8274710215269,0.011338023020932637
9,5.1,270.1646821061831,46.01242446899414,36616,413.8320133275071,335.01854380598644,-0.004789220660258157
9,10.0,270.96429948763154,46.52119827270508,36302,409.77860723927057,333.21469891466035,0.0062151369571068335
9,15.0,272.56074447195425,45.962154388427734,35139,412.7537209368508,334.8286519252113,-0.005876521028263704
9,20.1,272.11767863853544,45.9154167175293,37254,412.17190100391906,331.7305792666559,-0.006887418289517609
9,25.1,272.7719092545127,45.93272399902344,36674,411.33282434422205,333.21333915035177,-0.006513076069936401
9,30.1,272.7856179168915,46.38254165649414,37060,409.3220183486238,335.83051807879116,0.0032161087452184114
9,35.1,274.04916937974787,47.017337799072266,35937,410.77911344853493,337.59938225227484,0.01694622557926509
9,40.0,272.982922878401,45.98978805541992,36423,411.2034428794992,335.94432089613707,-0.00527882761000356
9,45.0,273.19789412571913,46.0964469909668,37894,408.7102971446667,334.86380429619464,-0.00297188283162785
9,50.0,274.14824920418374,46.67893981933594,37383,409.48701281331086,336.8196773934676,0.00962695646821606
9,55.1,273.75627338762934,47.12630844116211,36344,413.16905128769537,335.8619029275809,0.01930317066292319
9,60.1,274.37445402620676,46.5348014831543,35716,414.0591611602643,336.72701310337106,0.006509363175979787
9,65.0,282.1454804538366,47.208091735839844,37194,408.98152927891596,337.93668333602193,0.02107207585260834
9,70.1,274.5810759459313,46.56620788574219,36842,411.7133706096303,336.774442212692,0.007188657752530832
9,75.1,279.7752012882448,46.466041564941406,37260,410.54651100375736,337.26870638754696,0.005022142874469696
9,80.1,275.1308557483156,46.32240295410156,37698,409.71017030081174,336.23505225741417,0.0019153582290848971
9,85.1,279.56541657788193,46.17958450317383,37544,413.64471020669083,334.535451736629,-0.0011736870340627492
9,90.1,275.85927161523495,47.44732666015625,35970,411.12071170419796,339.7987211565193,0.02624652988805377
9,95.1,281.04363213919055,47.22435760498047,37014,408.99000378235263,338.81839304047116,0.021423893182186095
9,100.1,274.7137046477575,46.187965393066406,36878,411.53980693096156,340.46651119908887,-0.0009924153002254304
9,105.1,280.0696402218717,45.862037658691406,39302,406.11482876189507,334.0799195969671,-0.008041963292515152
9,110.1,274.89961462796776,46.208343505859375,37107,407.4488910448163,342.0025332147573,-0.00055165353319814
9,115.0,279.66453305351524,46.832881927490234,38120,404.50579748163693,342.6045907660021,0.012956597259752246
9,120.1,274.85399777675354,46.399803161621094,36883,409.17089173874143,341.4203291489304,0.003589460859744523
9,125.0,280.5233314836301,46.683982849121094,39646,405.34091711648085,336.9197901427635,0.0097360330417859
9,130.1,275.01761164997504,46.238616943359375,38043,406.6288936203769,339.46326525247747,0.0001031359432392574
9,135.1,279.20280887336963,46.333560943603516,38948,408.2922101263223,341.4558385539694,0.0021566963362647596
9,140.1,274.7302790567526,46.52677917480469,39311,405.4736333341813,342.0470351809926,0.00633584726507406
9,145.1,337.35483440527344,67.48363494873047,74942,331.7220116890395,229.8374876571215,0.45961534748644506
9,150.1,368.87359265780907,107.88280487060547,37482,250.17971292887253,114.24483752201057,1.3334160621112703
9,155.1,399.12924218792017,94.9386215209961,37186,251.28325176141558,113.53826708976497,1.053444055681528
9,160.1,370.8781354172359,90.07197570800781,36598,250.05016667577462,113.05248920706049,0.9481825219064869
10,0.1,293.9138737963312,53.421165466308594,18589,1154.4401527785249,515.7032115767389,-0.001687033127418839
10,5.1,294.28278057840276,53.601356506347656,18845,1154.8097638630936,524.6001061289467,0.00168030358669128
10,10.0,297.0106100795756,54.74200439453125,19604,1154.0627422974903,530.5676392572944,0.022996266416586343
10,15.0,296.44884878962677,52.781707763671875,20283,1155.0847507765122,523.5133362914756,-0.013636958044564221
10,20.1,297.37017838085075,53.01097106933594,19677,1154.9860751130761,521.646033440057,-0.009352578831294296
10,25.1,297.08527924244055,52.73047637939453,18586,1156.1656085225438,517.9186484450662,-0.014594349273086935
10,30.1,295.90051835174614,51.97031021118164,19099,1155.0844546834912,514.1164982459815,-0.02880002479664663
10,35.1,297.87821206035323,52.42377853393555,19419,1156.192800865132,519.869663731397,-0.02032579360532801
10,40.0,299.3999406175772,52.97429275512695,20208,1155.2113519398258,526.3926167854315,-0.010038008217909776
10,45.0,298.267691121923,51.29818344116211,20759,1155.4021870032275,525.0314562358495,-0.04136045592980605
10,50.0,297.4615955079987,50.9686393737793,18878,1156.67570717237,514.7258713846805,-0.04751884114571224
10,55.1,297.57119373398444,50.63711929321289,20683,1156.0931683024705,522.8951796161099,-0.05371415329061135
10,60.1,299.1673657289003,51.17408752441406,19550,1156.6747314578006,520.9976982097187,-0.04367950984306535
10,65.0,319.1496872630781,59.451507568359375,21104,1156.1924279757393,525.5920678544352,0.11100554223302934
10,70.1,301.47543947764945,52.532928466796875,19910,1155.8579608237067,513.2888498242089,-0.018286044147269902
10,75.1,316.83117993539804,54.27580642700195,21052,1156.6442618278547,523.4951073532206,0.014284148812045065
10,80.1,301.6006782749544,51.58731460571289,19756,1155.9620874670986,515.0016703786191,-0.03595729057056178
10,85.1,317.4807892518963,55.191104888916016,20171,1156.8859749144813,520.6508849338159,0.031388873411578935
10,90.1,301.0207626272709,50.222354888916016,20036,1154.1974945098823,514.4184967059293,-0.061465101428721365
10,95.1,317.32114506846597,55.71575927734375,20156,1155.9458721968645,519.8200039690415,0.04119340078424248
10,100.1,300.2568611909244,49.060218811035156,20186,1156.1865649460021,518.5001486178539,-0.08318262678953739
10,105.1,315.45732622535064,55.94989776611328,19321,1155.0363335231095,511.7826199472077,0.045568885432363634
10,110.1,298.22330349708574,48.75679016113281,19216,1156.7747189841798,513.4998959200666,-0.08885297772767244
10,115.0,311.4691241492374,52.463890075683594,20129,1154.3800486859755,510.9096825475682,-0.019576205461775045
10,120.1,297.90654299323137,47.854225158691406,19945,1155.509400852344,511.34805715718227,-0.10571974462647594
10,125.0,315.40299965801944,57.22932052612305,20469,1153.6762909765987,514.0190043480385,0.0694782165051796
10,130.1,299.1094417207022,50.24459457397461,18969,1155.4181559386368,508.35046655068794,-0.06104949525878187
10,135.1,312.1644204851752,54.44690704345703,18550,1155.9619407008086,505.2771967654987,0.017481607395286262
10,140.1,297.5531068587401,49.916080474853516,18604,1156.5761126639431,506.7883250913782,-0.06718863284760682
10,145.1,312.53827498945594,53.47468948364258,18968,1157.385438633488,505.10175031632224,-0.0006867981067634262
10,150.1,296.3854188647394,48.7717399597168,18956,1156.059822747415,507.4360624604347,-0.08857360198496353
10,155.1,311.7780271454526,53.30426025390625,18714,1157.0052901571016,502.7955006946671,-0.003871710088647959
10,160.1,296.2486593736594,49.111873626708984,18648,1157.2297297297298,500.73836336336336,-0.08221732264765905
10,165.0,312.08472291562657,54.306339263916016,20030,1155.0135796305542,504.3333999001498,0.014854734023742443
10,170.0,296.88504707697217,50.003936767578125,18799,1157.1741050055855,502.33884781105377,-0.06554681025757654
10,175.0,311.79718009839223,54.289825439453125,19717,1156.558705685449,507.898209666785,0.014546130402873135
10,180.0,295.74145646867373,48.69965362548828,19664,1158.0511594792515,508.8252644426363,-0.08992072201812762
10,185.4,321.6292676016433,55.075260162353516,21177,1156.1079473013174,518.5073428719837,0.029224014377492728
10,191.1,324.32321400818523,60.98932647705078,19303,1155.9802103300005,506.8648914676475,0.13974367521548367
10,196.7,322.06731939666577,61.28241729736328,18895,1156.8292140777983,504.24440328129134,0.14522083700772917
10,202.4,324.19394825159685,61.48591232299805,18474,1157.3430226263938,506.6593049691458,0.1490236691064294
10,208.0,322.82969891520924,63.72425842285156,18068,1159.0291675891078,503.31005091875136,0.19085296871693158
10,213.7,324.1939631981061,65.5149154663086,18586,1156.8009254277413,506.69859033681263,0.2243160377102932
10,219.3,326.2490557775467,68.74383544921875,18269,1157.3321473534402,504.8340357983469,0.2846567783099375
10,225.0,321.646744988144,65.92339324951172,18556,1157.5814291873248,502.9414205647769,0.23194950403569994
10,230.6,322.1055802691593,66.86104583740234,17759,1159.6550481446027,500.84486739118194,0.24947197343040456
10,236.3,323.1797013678605,67.51131439208984,19154,1158.1164769760885,500.6544324945181,0.2616239271443953
10,242.0,323.45951173610746,68.47447204589844,19129,1157.3786397616184,501.9341314234931,0.2796230248156377
10,247.6,322.93420976762957,69.14022064208984,17343,1161.6044513636625,494.410943896673,0.29206426323590884
10,253.2,319.86376925671874,66.99665832519531,17786,1161.7370965928258,492.878218823794,0.25200624432943525
10,258.8,323.38716600493615,70.81634521484375,18638,1157.7994420002146,499.833780448546,0.32338699609783594
10,264.5,322.50317596566526,70.3373031616211,17475,1161.6410300429184,492.35244635193135,0.3144348534548408
10,270.1,324.20009935968204,71.82210540771484,18116,1159.0568558180614,499.2870390814749,0.3421822326551649
10,275.8,321.5301570680628,70.94587707519531,19100,1158.7992670157068,495.8990052356021,0.32580763470957963
10,281.4,321.45952052907137,70.20067596435547,18145,1159.696720859741,497.95745384403415,0.31188162007875964
10,287.0,323.65981004355353,71.68502044677734,19057,1158.632523482185,497.68478774203703,0.3396204447781588
10,292.7,323.85278972235494,71.80970001220703,18837,1158.807453416149,496.84509210596167,0.34195040568009744
10,298.3,325.58478802992516,72.76492309570312,18446,1159.1381871408435,498.6793884853085,0.35980122533530656
10,304.0,323.596360398464,72.75696563720703,17969,1160.8972675162781,494.85614113194947,0.359652519594227
10,309.6,324.7460489530439,72.5143814086914,17527,1161.1465168026473,496.3790152336395,0.35511920440403966
10,315.3,325.514861087341,73.46542358398438,17529,1160.7384905014546,495.93793142791947,0.37289189295080044
11,0.1,380.80467927038865,139.82127380371094,54111,1031.370682486001,599.0554785533441,-0.011355679371743971
11,5.1,381.09519973637,140.60804748535156,54622,1028.7403610266927,599.8296107795394,-0.005792582206245661
11,10.0,384.4051207105982,142.00997924804688,52688,1026.1304851199513,600.7815252049803,0.004120157374734291
11,15.0,385.5446858771256,141.58790588378906,53339,1027.0708487223233,602.4897167175988,0.0011357729308638282
11,20.1,387.72550119978325,143.1091766357422,51676,1024.4969037851226,599.8148850530226,0.011892331272391515
11,25.1,386.3414652300936,139.2812042236328,53739,1029.7564897002178,601.6017975771786,-0.015174388131599043
11,30.1,381.6375738308979,135.52854919433594,55363,1028.9461373119232,599.9083864674964,-0.041708555508730684
11,35.1,385.137534388581,138.8478546142578,50162,1019.5163271001953,592.1873729117659,-0.018238504331516657
11,40.0,381.3234284229477,135.12777709960938,53879,1022.6937582360474,597.9894207390635,-0.04454232353657702
11,45.0,383.8294395280236,136.71351623535156,50850,1021.7611406096362,591.2847000983285,-0.033329923964603846
11,50.0,383.6930755057868,133.90524291992188,55903,1031.0105539953133,600.3191241972703,-0.05318658374564038
11,55.1,382.06509778799415,135.6029815673828,53074,1023.9619587745412,593.1530504578514,-0.041182261183970184
11,60.1,383.7883625499442,133.1773223876953,55562,1031.345433929664,599.9102084158237,-0.058333543721593537
11,65.0,452.25778277099266,190.99229431152344,55186,1028.9422860870511,598.0974884934585,0.35046292969644316
11,70.1,394.1465372280489,139.98123168945312,57685,1030.5953540781832,601.3482187743781,-0.010224653663161706
11,75.1,451.7815794534678,186.60052490234375,57197,1029.8942951553404,603.6047694809168,0.3194097303815105
11,80.1,396.2604168517564,142.27410888671875,56279,1029.4968105332362,599.1730485616305,0.0059877577768671746
11,85.1,451.96107836640743,183.52976989746094,57346,1030.3002999337355,601.7969169602064,0.29769712247121405
11,90.1,397.80949473911016,143.20359802246094,55694,1027.934822422523,599.8123137142242,0.012559963351443987
11,95.1,452.42079387885815,184.47186279296875,57767,1034.6372150189554,600.2799695327782,0.30435844635498566
11,100.1,398.94903365989404,144.11192321777344,52466,1024.2124614035756,594.2197041893797,0.01898252353273609
11,105.1,450.75705715402523,181.94955444335938,58841,1036.0682857191414,602.0082255570096,0.28652377959164826
11,110.1,393.638881351333,135.87677001953125,58964,1033.280069194763,603.782714876874,-0.0392463655158321
11,115.0,445.4118359491655,177.08116149902344,60274,1035.2449812522811,604.0866045060889,0.25210048402246815
11,120.1,394.2972081556503,134.98660278320312,60032,1035.5162246801706,604.2393390191897,-0.04554053491269103
11,125.0,439.6995714308474,171.23272705078125,62767,1034.5747287587426,596.4462058087848,0.2107475386191927
11,130.1,393.45899941057746,137.6547088623047,55987,1024.6253237358671,595.4258667190597,-0.02667496567434616
11,135.1,445.64603720211176,175.84603881835938,60803,1036.0650954722628,603.8718648750884,0.24336721339562553
11,140.1,392.8275464337206,134.5125274658203,58955,1033.0454075142059,600.2712068526843,-0.048892613300551606
11,145.1,448.987009911708,174.79144287109375,59122,1034.2674977165861,602.2744325293461,0.23591040610544572
11,150.1,390.1181865345673,132.21556091308594,59753,1029.6320017404985,599.1542349338108,-0.06513393963993182
11,155.1,444.31876357984555,170.31027221679688,63053,1035.6879926411114,604.1233089623015,0.2042250709871568
11,160.1,387.0686737155833,133.87283325195312,56368,1022.8261424921942,590.5436950042578,-0.053415745112141255
11,165.0,440.2302322568106,171.05589294433594,61742,1028.2102458618122,598.4188558841631,0.20949718500507844
11,170.0,387.5268181517934,130.58358764648438,60556,1028.930626197239,596.3213058986723,-0.07667325020083987
11,175.0,440.106258507811,167.54676818847656,61708,1029.4694367018863,599.0386173591754,0.1846849646191681
11,180.0,387.8859152009399,133.2383575439453,57878,1019.7249041086424,591.7039116762846,-0.05790197805963331
11,185.4,484.5891050049741,207.6851348876953,58302,1027.5356934582005,597.2650166375081,0.46849419619708654
11,191.1,485.90737274823704,209.88168334960938,59842,1021.8127402159018,593.2373249557168,0.4840254891311267
11,196.7,478.8500802972573,199.68943786621094,63514,1034.6796611770633,598.2402619894826,0.4119584471318038
11,202.4,483.73415146453203,204.8977508544922,60463,1030.8057324314043,596.6169723632635,0.4487852397638559
11,208.0,471.19659850480383,193.74044799804688,65677,1035.7727514959574,588.6076861001568,0.3698944973004489
11,213.7,473.52589795570964,196.5914306640625,64619,1036.529287051796,591.5980593942958,0.3900531451534421
11,219.3,472.9271242079548,205.58560180664062,65495,1036.9884876708145,590.1222536071456,0.4536488768827322
11,225.0,472.33300568269084,195.72837829589844,65110,1036.3254492397482,593.9561664874827,0.38395069880190896
11,230.6,469.82378629080836,194.1896514892578,66408,1037.804812673172,590.9059601252861,0.3730707126810607
11,236.3,466.22948274332356,192.0684814453125,67626,1037.9287256380683,586.7290243397509,0.3580724033395414
11,242.0,465.7019232199432,196.18887329101562,67231,1035.1390430009965,586.2179500528031,0.38720675382998343
11,247.6,464.1452573653168,197.53363037109375,68327,1036.144130431601,585.4560861738405,0.39671522427712214
11,253.2,466.37190095077625,192.7912139892578,66472,1037.7118335539776,587.2870080635455,0.36318268023422795
11,258.8,467.2117074489658,196.52169799804688,66573,1036.1197182040767,584.6707674282367,0.38956008138465253
11,264.5,467.08716108571684,196.9212188720703,67163,1036.6807170614773,586.1435462978128,0.3923850023164287
11,270.1,467.06766456320844,196.89199829101562,66874,1035.6029847175284,586.85261835691,0.39217839025576523
11,275.8,464.0843566470902,195.13345336914062,67428,1035.1802515275554,586.8864270036187,0.37974412040336714
11,281.4,463.8626401052775,195.04525756835938,66111,1034.983134425436,584.7216348262771,0.3791205080218346
11,287.0,465.25625522512837,196.12283325195312,66984,1034.209199211752,584.4669174728293,0.38673979978374246
11,292.7,467.3690669030227,210.08677673339844,65438,1026.8098963904765,580.0213026070479,0.48547565764672856
11,298.3,468.40598925241517,204.52032470703125,65317,1030.2982378247623,581.0552382993708,0.4461165456017093
11,304.0,465.8117364944349,205.7989044189453,66306,1032.6155702349713,584.3593943232889,0.4551570909798677
11,309.6,467.24352386262603,202.52601623535156,66359,1033.2162781235402,585.5618228122787,0.4320152454885744
11,315.3,469.59224438303494,201.1761016845703,66584,1033.211762585606,586.420085906524,0.42247030774300004
12,0.1,533.3715867534319,267.79425048828125,127701,270.3592924096131,723.9700472196772,0.0008710633485582174
12,5.1,532.5315046831286,264.04388427734375,131536,269.24221505899527,722.3981039411264,-0.013145791048589412
12,10.0,531.0559804384588,269.46697998046875,131278,270.8545453160469,718.2388214323802,0.007122827688112101
12,15.0,532.4844017077927,263.7652587890625,132803,269.1500192013735,718.8963728229031,-0.014187143460837222
12,20.1,535.7540060729962,272.7355651855469,133048,268.2060309061391,716.4868243040106,0.019339043472756317
12,25.1,536.9022761713552,265.3750305175781,129999,269.4074569804383,720.4758036600282,-0.008170681424291797
12,30.1,533.3860080263336,268.3434143066406,133062,266.49638514376755,717.9859614315131,0.002923542719686294
12,35.1,536.1262021815947,267.8907470703125,130180,267.79790290367185,717.4875403287756,0.001231715739306035
12,40.0,538.1769230769231,268.1206359863281,134290,263.29424380072976,723.4430635192493,0.002090917023146424
12,45.0,533.9025223331581,264.6595764160156,133210,265.6628331206366,715.9256662412732,-0.01084466455164532
12,50.0,537.8303262672811,263.91888427734375,135625,262.2021529953917,720.1782562211981,-0.013612973905168496
12,55.1,535.0684492786464,264.2031555175781,132390,266.60679054309236,719.8203338620742,-0.012550520704720703
12,60.1,539.1778724923571,264.853759765625,134439,260.60736095924545,723.8425233749135,-0.0101189114958805
12,65.0,597.8386107285113,312.8903503417969,134315,261.54295499385773,725.3142761419052,0.16941606134968626
12,70.1,547.5995642927538,271.4563293457031,134953,260.62852993264323,722.9003875423296,0.014557947041583951
12,75.1,588.806547529433,286.9369812011719,132844,267.82961217668844,720.2656348800097,0.07241630828593736
12,80.1,547.3230673194798,275.102783203125,132963,262.3941773275272,726.8946774666637,0.028186432877537297
12,85.1,594.7300672873076,285.3532409667969,130188,264.67800411712295,722.4804359848833,0.06649713799174103
12,90.1,544.500495023709,259.99566650390625,134337,262.60732337330745,724.3008255357794,-0.02827585459617939
12,95.1,596.045502880268,299.77825927734375,130717,263.1047836165151,726.6248230911052,0.120410108075956
12,100.1,542.8511397437894,257.0264892578125,134811,261.7881626870211,724.9465102996046,-0.03937304425633694
12,105.1,591.4718246633219,282.3279113769531,132545,265.39562412765474,725.8198724961334,0.055190081032729606
12,110.1,540.0592221945494,250.4865264892578,132501,262.5760937653301,725.4604569022121,-0.06381591216141076
12,115.0,590.0801682327979,289.66754150390625,131960,259.8122082449227,728.2128144892391,0.08262167598428048
12,120.1,538.7643159611557,248.07452392578125,133662,262.31908096542026,724.2488590624112,-0.07283068214285918
12,125.0,590.7559730867814,291.20867919921875,131088,261.58054131575733,729.3391843647016,0.08838162087130287
12,130.1,540.2353533931522,252.14382934570312,134963,257.8953787334306,725.7847113653372,-0.0576218042998844
12,135.1,592.0558309358798,281.9363708496094,131737,258.64259091978715,731.3065349901698,0.05372671285648213
12,140.1,538.1547759638763,257.430908203125,129555,261.4609934004863,725.0388329281001,-0.03786154347133059
12,145.1,586.4035647083421,286.20318603515625,133924,259.1130715928437,720.8162091932738,0.06967377611151253
12,150.1,535.3507177582973,254.07040405273438,130615,260.11102093940207,723.1131876124488,-0.05042130289953344
12,155.1,590.5947202845028,287.6879577636719,131598,259.28635693551576,725.6598656514536,0.07522305529147888
12,160.1,536.2390883810906,251.8388671875,132336,259.07411437552895,723.9772548664007,-0.058761589037627265
12,165.0,585.5033360001207,283.47039794921875,132494,258.01975938533064,723.9803915649011,0.059460082156204005
12,170.0,533.0397283077198,242.31666564941406,134564,257.9038895990012,721.8602820962516,-0.09435046356150509
12,175.0,586.0268027981448,284.336181640625,130658,258.07374978952686,728.8677616372514,0.06269591654125005
12,180.0,535.9472312802852,244.29071044921875,131252,255.80618961996768,728.9457532075702,-0.08697254445280238
12,185.4,605.5085049239033,283.03082275390625,131806,257.9248061544998,724.9363458416157,0.05781718619278479
12,191.1,618.0152449251917,301.2485046386719,134143,250.7270152001968,734.2613032360988,0.12590509549817536
12,196.7,610.6335520999328,295.1795959472656,132409,256.96593887122475,726.0008232068817,0.10322277470802498
12,202.4,609.7823961434422,298.3529357910156,132346,259.158644764481,726.6564157586931,0.11508301449281974
12,208.0,614.91221414589,297.9023132324219,131798,256.81274374421463,728.36996767781,0.11339882941951732
12,213.7,608.3127641526281,294.7010803222656,134392,257.94236264063335,726.8665099113042,0.10143434033518317
12,219.3,613.7869397206309,297.975830078125,133014,256.76516005833975,729.27306148225,0.11367359589937548
12,225.0,610.3134196765171,291.9466857910156,131568,256.62926395476103,730.6136066520735,0.09113989309314173
12,230.6,609.5180651456019,295.37213134765625,133240,255.63652806964876,727.7730036025217,0.10394236861480169
12,236.3,611.3359271920355,299.2635803222656,133392,254.71957838551037,727.2756087321578,0.11848651460031971
12,242.0,611.4849940338635,298.496826171875,132414,256.12278913105865,730.1969882338725,0.11562079944613282
12,247.6,609.1944088110944,299.2863464355469,131743,255.70141108066463,729.5394062682648,0.1185716021030072
12,253.2,608.7497622832974,299.41455078125,131459,254.71916719281296,730.7053834275325,0.11905076108261871
12,258.8,607.8382986696646,292.53900146484375,133425,254.9911186059584,727.9315045905939,0.09335365092110644
12,264.5,611.1777076920744,293.8002624511719,131902,254.70832891085806,732.2585555943049,0.09806756700498263
12,270.1,605.6978232464215,291.33966064453125,134696,253.84395973154363,727.738373819564,0.08887115915754247
12,275.8,603.2908316614584,286.4886779785156,134081,255.6988536780006,730.5611757072218,0.07074079164454411
12,281.4,604.523024688582,284.4039001464844,133422,253.0067305242014,732.8866978459324,0.06294901194133525
12,287.0,607.4315769363035,285.6281433105469,130855,254.00555576783464,735.0028046310802,0.06752457528960831
12,292.7,606.3347587003653,294.6015625,133299,254.19175687739593,729.5344901312088,0.1010623961712905
12,298.3,606.782928493045,279.48602294921875,134868,252.48363585135095,730.0687264584631,0.04456862860274573
12,304.0,605.4958261155248,285.01361083984375,133928,253.59567827489397,731.711725703363,0.06522778300861881
12,309.6,605.7544183070266,283.51446533203125,131272,252.65032146992505,730.6675985739533,0.059624782362478465
12,315.3,607.4195135262148,282.46649169921875,131929,252.65663349225719,729.2991684921435,0.05570801983930324
13,0.1,484.1126764571949,171.6588897705078,35136,95.96425318761385,571.6385758196722,-0.06452300351307047
13,5.1,485.35575671518166,191.97789001464844,33804,90.48858123299019,574.4053366465507,0.04620797782682841
13,10.0,483.1969090909091,185.6456298828125,33000,86.0629696969697,574.9058484848484,0.011699519237685528
13,15.0,489.7620481927711,185.72923278808594,30876,81.70614716932245,575.7433929265449,0.012155123924558047
13,20.1,492.40676036176717,182.48226928710938,30738,81.95647081788015,573.8159932331316,-0.005539617476001196
13,25.1,488.27959992791494,174.1020965576172,33294,90.03667327446387,571.163062413648,-0.05120843675770378
13,30.1,492.8629208203269,169.84185791015625,29793,80.37633001040513,575.6544490316518,-0.07442515020361008
13,35.1,492.0149370812224,178.34326171875,30595,81.6883804543226,575.5528681157052,-0.02809566670632032
13,40.0,492.68231426247286,176.44688415527344,29504,78.54755287418655,576.2426111713665,-0.03843021791807495
13,45.0,487.7902505340843,170.4837188720703,30894,83.69838803651194,572.1360782028873,-0.07092724709112741
13,50.0,490.5719939317987,188.44325256347656,30322,80.68821317855023,575.2694083503727,0.026945520572717856
13,55.1,487.68981274365694,187.44146728515625,31294,84.54288361986323,573.3203809036876,0.021486164028231357
13,60.1,493.21318297758086,178.56924438476562,29796,80.25711504899986,576.365283930729,-0.02686414536801369
13,65.0,566.4012842037054,221.208740234375,33951,91.74654649347589,567.9374981591117,0.205505221359433
13,70.1,506.5384512191032,186.87632751464844,29817,79.3009692457323,576.804675185297,0.018406362825877366
13,75.1,566.7106675511066,248.0470428466797,33166,90.44955677501055,570.754688536453,0.35176397179252356
13,80.1,502.8940790266233,204.49771118164062,33204,91.11031803397181,572.403987471389,0.11443633883690608
13,85.1,568.3513321070433,223.74281311035156,33706,93.56464724381416,567.7735714709547,0.21931497444630652
13,90.1,504.149793977813,202.67019653320312,31550,85.85096671949287,573.3926148969889,0.10447706485673672
13,95.1,567.3375304511168,226.0969696044922,34071,94.49373367379883,569.1492765108156,0.23214425028132496
13,100.1,505.6443196936756,201.86184692382812,30817,85.53756043742091,574.1583866047961,0.10007186064214307
13,105.1,565.6947866741157,240.8475341796875,34009,95.16166308918227,567.4817254256226,0.3125293317865005
13,110.1,498.427082028804,198.53285217285156,31940,86.91446462116468,572.188885410144,0.08193007949041999
13,115.0,559.0446867459111,241.46060180664062,33567,93.2519140822832,569.0307146900229,0.3158703219506115
13,120.1,498.2515086626436,196.05824279785156,30822,82.791739666472,575.220134968529,0.06844438033031089
13,125.0,559.257797787194,221.52113342285156,33984,95.08907132768361,568.6094632768362,0.2072076478522859
13,130.1,496.9957245724572,195.1254119873047,31108,85.45920663494921,572.055676996271,0.06336079994570336
13,135.1,553.7450131347248,219.0819091796875,34641,98.17918073958604,564.5072024479663,0.19391478447769558
13,140.1,495.87762732099657,199.07354736328125,31829,90.27600615790631,569.1628389204814,0.0848766668383535
13,145.1,559.5825285895806,225.5783233642578,31480,86.28138500635325,568.2769377382465,0.22931782149745983
13,150.1,490.1050990462216,197.35400390625,32712,91.54756664221081,567.1089814135486,0.07550579562589904
13,155.1,560.9682057386292,218.88563537597656,31924,87.5597356221025,568.3605124671094,0.19284516537069774
13,160.1,494.33852584827406,182.7987060546875,30621,84.39917050390255,571.0209333463963,-0.0038151549835094434
13,165.0,561.4446531553798,242.14981079101562,30345,84.7750535508321,569.8035590706871,0.31962625414565765
13,170.0,499.02713689299054,179.6635284423828,27306,73.53687834175639,575.4602651431919,-0.020900704937449215
13,175.0,555.7495006121528,218.47686767578125,31038,88.41110896320639,566.7055222630324,0.1906175336939998
13,180.0,495.335511905603,191.6229248046875,28306,79.80364587013354,574.4342188935208,0.04427354967740051
13,185.4,607.6057375137441,247.8482666015625,30013,82.68933462166395,569.8293739379602,0.3506807153121643
13,191.1,607.9781170643007,260.2438049316406,31897,91.22500548640939,565.6423174593222,0.41823178116353116
13,196.7,606.3593182996372,281.5416564941406,30864,88.09072058061172,567.8487558320373,0.5342971375103422
13,202.4,603.5882846749371,244.60107421875,32163,92.0453005005752,565.5058296800671,0.3329847265908708
13,208.0,608.6938193966788,280.5046081542969,30531,87.27696439684256,569.0502767678753,0.5286456104180619
13,213.7,602.0025643522577,247.26805114746094,30807,87.11240951731749,566.673450839095,0.34751875725077946
13,219.3,606.4715201197098,253.6388702392578,30741,86.69230018542012,567.7398588204678,0.3822373478062897
13,225.0,594.3875692423246,239.4315643310547,31953,92.3092667355178,563.2944950395894,0.30481282364127155
13,230.6,598.2026141660419,251.23260498046875,30679,87.91352390886274,566.0992535610678,0.36912409861743484
13,236.3,603.9295561591089,274.182373046875,29087,81.78983738439852,569.2667514697288,0.49419178447708023
13,242.0,603.2615555406041,252.99134826660156,29726,85.57966090291328,568.2456435443719,0.37870859429431264
13,247.6,598.4926470588235,276.0536193847656,30600,90.82385620915032,564.202908496732,0.5043893798722116
13,253.2,595.5099722539579,251.3811492919922,30635,89.29874326750449,565.117447364126,0.36993360977397877
13,258.8,603.4532840920857,254.384765625,28973,85.50312359783247,567.9290028647362,0.38630219976985775
13,264.5,594.9755702960686,256.23199462890625,30905,94.31541821711697,561.7191392978483,0.39636890964260596
13,270.1,597.3477084390327,233.50209045410156,29565,87.43703703703704,567.6971757145274,0.27249940008030427
13,275.8,587.807951350291,224.86245727539062,30586,90.48891649774407,563.6598443732427,0.22541661801422855
13,281.4,583.434413554861,220.81027221679688,30395,90.15729560783024,564.9076821845698,0.2033337191157774
13,287.0,570.2436301431529,224.0613555908203,33321,102.1792863359443,554.9242819843342,0.22105091228955356
13,292.7,580.9662871176602,227.92323303222656,31353,90.17401843523746,562.1752623353427,0.2420967055748136
13,298.3,589.5346534653465,228.2268829345703,29997,88.20958762542921,565.6567323399006,0.24375148441561725
13,304.0,587.9113699501289,225.26368713378906,29877,85.97469625464404,565.6825651839207,0.22760317126141105
13,309.6,585.0613947943573,223.8151397705078,30198,87.23898933704218,563.9346645473211,0.21970912779833712
13,315.3,585.3139527355131,224.01089477539062,30890,92.5898996438977,561.7500161864681,0.22077591964500395
14,0.1,408.99860366285543,167.33091735839844,98830,647.3172113730649,675.7856926034605,0.005104068911162823
14,5.1,409.2434176691843,165.8898468017578,99167,647.3630744098339,675.9517077253522,-0.003551987620011565
14,10.0,409.5325959426801,165.64120483398438,99721,645.1113306124087,675.959065793564,-0.005045501535170993
14,15.0,412.74219481418163,166.17991638183594,98268,644.4684739691456,676.5284324500346,-0.0018096310979384925
14,20.1,414.62770778804145,167.36404418945312,98189,646.6267810039822,675.5576184705008,0.005303051341958227
14,25.1,414.43818744446827,166.43663024902344,97917,642.65597393711,675.8944820613376,-0.00026763182769349664
14,30.1,413.8696570964585,167.82424926757812,96062,647.1409714559347,676.7733651183611,0.008067358164984207
14,35.1,413.60135100610097,166.7683563232422,97853,647.0034235026009,675.9746660807538,0.0017249421223258928
14,40.0,414.332509131202,166.05860900878906,97468,646.8904871342389,676.9265194730579,-0.0025382862452546905
14,45.0,413.26771157325527,166.9047393798828,98382,648.1068183204245,678.3673436197679,0.0025441521483274246
14,50.0,415.7748220269073,167.9816131591797,98189,645.9840511666276,678.5362005927344,0.009012593452314012
14,55.1,414.4436582728256,166.91465759277344,97095,646.996570369226,677.1670425871569,0.002603727726409881
14,60.1,415.22878976437073,167.9897918701172,97229,649.6194551008444,679.0276049326847,0.00906172039054816
14,65.0,456.21902504734993,197.27223205566406,98733,649.119544630468,678.0304457476224,0.18495210719277952
14,70.1,421.99244674182245,172.34036254882812,97309,647.8816142391762,678.3784130964248,0.03519422692484339
14,75.1,455.34484473594233,199.1547088623047,96513,645.1369349206842,677.9427849098049,0.19625955191282976
14,80.1,422.3799118997139,174.3933563232422,97162,647.7579197628703,678.8156583849653,0.04752591331423432
14,85.1,458.0456480777839,198.9706268310547,96061,644.201278354379,680.4276553440002,0.19515382918361934
14,90.1,419.3593481213219,171.6434783935547,99405,647.357195312107,678.3811377697299,0.03100826349929898
14,95.1,457.06121760121107,197.20999145507812,97766,647.52017061146,681.7300902154124,0.18457824752662821
14,100.1,418.7583363464706,170.45538330078125,99564,647.6416475834639,680.5117512353863,0.023871750828169277
14,105.1,455.16982261123565,194.75416564941406,98597,645.9143685913365,681.2603426067731,0.16982687611973446
14,110.1,417.5170976317061,167.93521118164062,99312,646.6148602384404,681.6576949411955,0.008733871401623627
14,115.0,448.9280196024827,192.9852294921875,98763,642.4074704089588,677.6638720978505,0.15920143428662506
14,120.1,416.7805157477941,167.3917236328125,99506,642.6570357566378,679.9913573050871,0.005469313032176036
14,125.0,447.7073910645339,192.79835510253906,101528,641.8178532030573,677.5581612954062,0.15807893874081608
14,130.1,414.86504479410513,167.11224365234375,101241,641.9663673808042,679.4046186821545,0.003790564896547925
14,135.1,449.6682935055402,193.56838989257812,100809,642.4813657510738,680.6114930214565,0.1627042949684025
14,140.1,414.25215225189316,167.74191284179688,100360,638.3419589477879,677.7307194101236,0.007572789212164307
14,145.1,448.3994147190256,191.28045654296875,101148,638.8168327599161,678.7457191442243,0.14896140061634144
14,150.1,414.586186034787,169.5670928955078,99175,639.9202016637257,679.9007209478195,0.018536070400368965
14,155.1,446.8921257684326,189.23193359375,102156,634.8439543443361,674.9237440776851,0.13665656906445536
14,160.1,411.1378246513232,166.31048583984375,101455,633.1753979596865,673.6219013355675,-0.0010253415261668312
14,165.0,445.5704202378481,190.2781982421875,101157,634.6832250857577,675.1174016627618,0.14294115096900595
14,170.0,411.2711473560238,167.90390014648438,101041,632.5523302421789,673.2482259676765,0.008545795884354088
14,175.0,442.70278309527316,193.25181579589844,101865,632.6565159770284,672.8652333971432,0.160802734170746
14,180.0,410.1540773923551,166.94479370117188,101793,634.2603224190268,676.2707848280334,0.0027847458290450374
14,185.4,459.56847783825816,203.26602172851562,102880,631.8773619751166,675.8077663297045,0.2209549121943051
14,191.1,465.2000155866422,205.0522003173828,102652,635.1208646689787,675.4769707360791,0.23168392387854245
14,196.7,463.6017726697185,203.04202270507812,102670,634.9086685497224,676.0889451641181,0.2196094206769967
14,202.4,466.00776434329066,207.27859497070312,101232,631.6007388967915,674.8198889679153,0.24505717468228574
14,208.0,464.1130920573233,203.0841064453125,102925,634.2720913286373,674.7640709254312,0.21986220443753735
14,213.7,463.03247245379816,202.58897399902344,102918,633.710818321382,675.2346528304087,0.2168880999249256
14,219.3,464.999717197328,205.64076232910156,102545,633.2817202203911,675.2226047101273,0.23521923033669093
14,225.0,463.8767217084111,203.48233032226562,100772,630.1830369547097,675.4073949112849,0.22225420972491572
14,230.6,463.3146396330023,203.43251037597656,101799,629.8932013084608,674.8082495898781,0.22195495701347076
14,236.3,462.70074924588886,204.5929718017578,102770,627.5618079205994,673.6941325289481,0.2289254829585892
14,242.0,461.93994930785726,202.76934814453125,102580,629.0133359329304,672.8371904854747,0.21797155055340672
14,247.6,462.4790534309205,204.5759735107422,101926,625.9138100190335,672.1869984106116,0.22882337958322943
14,253.2,461.0287025619948,205.6052703857422,102186,625.8293993306323,671.8968547550545,0.23500604142189124
14,258.8,461.61059871967,203.84242248535156,102786,625.8404160099625,672.4959138404063,0.22441716982825094
14,264.5,465.30612879289254,208.6640167236328,99726,624.3831398030604,671.6333152838778,0.2533789663930498
14,270.1,465.07438466345474,211.92138671875,99214,626.1262825810874,673.7586530126797,0.2729449610563612
14,275.8,463.6897954252577,207.39170837402344,99328,626.3912592622422,673.0842159310567,0.24573661123663226
14,281.4,461.2023906383406,203.09323120117188,99555,624.3687208075938,673.2303852142032,0.21991701396937322
14,287.0,465.3060773592139,208.62286376953125,99122,625.2549585359455,675.0527632614354,0.25313177357137534
14,292.7,466.2315530852264,216.96849060058594,99312,625.9951667472209,675.0552098437248,0.30326132295728403
14,298.3,468.87987913149124,209.5863494873047,96303,624.1526639876224,674.3681712926908,0.2589191285357762
14,304.0,466.0010505701638,211.0286407470703,98042,624.0931845535587,674.6893882213745,0.2675825174457915
14,309.6,467.7066920425904,205.6991729736328,97205,626.4934931330693,677.480767450234,0.23557008466422882
14,315.3,469.5385009740593,206.50180053710938,97530,628.1625551112478,676.59573464575,0.24039121540686775
15,0.1,383.17984413622634,121.91326141357422,58256,869.1015346058775,824.1035086514694,-0.0100692405717816
15,5.1,384.1853263128724,126.93286895751953,57736,870.3727483718997,826.1688201468754,0.03068976997714073
15,10.0,384.6738782189303,122.576904296875,58055,869.1781069675308,826.6349323916975,-0.00468048715941553
15,15.0,386.01731736942565,123.40165710449219,57630,869.6098733298629,826.2305222974145,0.0020164723322623115
15,20.1,385.8840962541327,120.9419174194336,58678,868.4890759739595,825.254456525444,-0.01795651457820568
15,25.1,385.56517124614635,115.77701568603516,59359,866.5506494381644,820.9932613420037,-0.059895308078040235
15,30.1,384.5759446693657,119.88371276855469,59280,865.2366059379217,825.5441801619434,-0.026549093609631633
15,35.1,385.97931128351706,118.54354095458984,58776,867.252211787124,826.2888253708996,-0.03743123461857354
15,40.0,387.6211544147058,118.27825927734375,57501,865.5873463070208,827.6132762908471,-0.0395853111248836
15,45.0,385.3356865152445,117.66068267822266,58644,865.7179933155992,824.7665234295068,-0.04460000817001548
15,50.0,388.70196661251856,116.15757751464844,57866,865.9725054436111,824.414993260291,-0.056805161398012276
15,55.1,384.0936488169365,117.19556427001953,60225,865.8499294312993,824.0055624740556,-0.04837675086164605
15,60.1,386.3889807538228,115.91205596923828,58661,866.4359966587682,823.5476722183392,-0.05879878643179227
15,65.0,454.2157163033675,168.72799682617188,58767,868.4620109925638,822.5857879422125,0.370064520448772
15,70.1,400.6980425472892,124.94285583496094,57677,863.0144078228757,825.9801827418208,0.014530943785101827
15,75.1,452.29619597220585,164.25872802734375,59437,863.3922472533943,821.9515116846409,0.3337742382857509
15,80.1,400.01396364636895,129.83970642089844,58151,866.1145466114083,824.317896510808,0.05429317279232191
15,85.1,455.54506923829297,169.4521026611328,58277,863.0751926145821,820.9848997031419,0.37594423058692994
15,90.1,400.87645097662727,127.33840942382812,57289,865.1823212134965,824.6876538253417,0.03398274218653682
15,95.1,453.3394604310447,165.9730682373047,58973,865.5684804910721,820.3331015888627,0.3476946115600566
15,100.1,399.8510150565271,128.6442108154297,57583,866.3979820433113,823.2337148116632,0.044585796753877194
15,105.1,454.01939280231966,171.84327697753906,58630,865.9048951048951,821.1680880095514,0.3953604694728312
15,110.1,398.3595790430572,130.77740478515625,57203,864.723808191878,826.6787930702935,0.06190724564281641
15,115.0,448.51173787927235,168.1177978515625,59423,861.6704642983357,821.6051865439308,0.3651097294167431
15,120.1,396.73983351528386,129.1652374267578,58624,863.6289233078603,823.4398198689956,0.048816511797129515
15,125.0,454.3474499564839,171.65283203125,57450,860.7845430809399,824.3640208877284,0.39381406419974413
15,130.1,396.3802526380389,130.7497100830078,58661,863.7515896421813,823.6308791190058,0.06168236577977234
15,135.1,450.7487571113731,171.5494384765625,58533,864.9318504091709,823.9987528402781,0.3929745127110463
15,140.1,394.4809301077973,129.0870361328125,59649,862.3311539170816,820.4468641553085,0.04818152044831361
15,145.1,449.3622683642181,172.08001708984375,60008,863.1438641514465,819.9757532329023,0.3972827896244174
15,150.1,393.91200997321386,131.04714965820312,59359,862.6530770397076,825.9548004514901,0.0640975631187906
15,155.1,450.4604408119515,172.7085723876953,59708,862.37279761506,825.6223454143499,0.40238663325988544
15,160.1,392.4947411466427,132.53265380859375,61135,861.6910607671547,820.1121779667948,0.0761597968305222
15,165.0,447.8301717550912,172.66941833496094,60202,861.6813228796385,824.3284442377329,0.40206870393284905
15,170.0,391.75842860381516,128.92459106445312,61754,859.8707290216018,822.8096803445931,0.046862473053290346
15,175.0,445.964897007129,171.97116088867188,60878,858.7076283714971,823.4812740234568,0.3963988816668656
15,180.0,391.1090041860543,131.47796630859375,59961,863.4213738930305,825.5156351628558,0.06759577692219909
15,185.4,482.719671108777,200.4450225830078,60932,862.4165463139237,819.7629324492877,0.6276054887586646
15,191.1,491.72129908096576,205.29461669921875,59519,862.2903442598162,826.6969707152338,0.6669839971400734
15,196.7,485.65057978115306,201.4497528076172,61230,861.8823125918667,821.3203168381513,0.6357638576082515
15,202.4,483.8152671755725,198.26348876953125,62880,860.7721215012723,818.0164122137404,0.6098915222905938
15,208.0,488.0851095274065,197.3793182373047,60898,860.9047095142697,821.2408946106605,0.602712093274567
15,213.7,482.9898464866261,195.58164978027344,61949,861.5164409433567,819.7431919805001,0.5881150979991132
15,219.3,485.9787134616004,209.0491943359375,62058,860.8484804537691,819.7913725869348,0.6974710159282965
15,225.0,483.2575138024852,193.495849609375,62851,857.0432928672575,822.2029721086379,0.5711784848427441
15,230.6,481.02505906441957,199.40042114257812,63490,859.388502126319,819.0301464797606,0.6191233672467449
15,236.3,485.25100159289474,198.39886474609375,62151,857.0512783382408,821.366800212386,0.6109907697533636
15,242.0,485.8999614061043,206.3450164794922,62186,855.6502589007172,822.1466889653619,0.6755132009373688
15,247.6,481.94736759685554,203.505126953125,63858,854.4022205518494,822.026637226346,0.6524534126671495
15,253.2,482.98817230080715,195.2627716064453,62565,855.320258930712,820.5025493486773,0.5855258201049561
15,258.8,482.92335314118657,197.313232421875,62938,855.5344307095872,821.6886936350058,0.6021754791220358
15,264.5,483.0595114385421,197.49447631835938,64475,851.9306397828616,820.5558433501357,0.6036471722422769
15,270.1,482.1645438574476,194.9571533203125,63752,851.9271395407203,821.5250972518509,0.583044211963408
15,275.8,480.8574386322641,197.63880920410156,63755,850.892416281076,823.8842600580347,0.6048191494458769
15,281.4,476.39013299812217,191.70765686035156,64437,852.0293930505766,821.1843506060183,0.5566584319336543
15,287.0,481.2888814616756,199.8656463623047,62832,852.780987394958,820.7788547237077,0.6229009772436324
15,292.7,482.9362264812248,209.44175720214844,62769,851.1621979002374,824.0366900858704,0.7006586105489769
15,298.3,481.05854285758545,195.1600799560547,64551,848.8453006150175,821.4211553655249,0.5846919680508037
15,304.0,478.5781616516241,208.64085388183594,64373,849.4305221133084,821.4623522284187,0.694155307931094
15,309.6,478.78647446276705,193.9271240234375,63613,850.4607863172622,820.8192665021301,0.5746804156686823
15,315.3,485.1762636578802,194.62393188476562,61686,849.975261809811,821.698083843984,0.5803384673633218
16,0.1,387.971386823512,127.59303283691406,54066,1113.1710132060814,852.879906040765,0.00130610240794615
16,5.1,385.34430709644727,129.36727905273438,55253,1110.2337248656181,853.7277613885219,0.015229774598933567
16,10.0,387.5607201127262,126.70531463623047,53936,1112.959210916642,851.8743696232572,-0.00566040377032789
16,15.0,386.43751930659784,129.1007537841797,55033,1109.7090472988934,854.9229189758872,0.013138176241907008
16,20.1,388.6033695845962,124.36662292480469,56090,1111.2547869495454,848.6573899090747,-0.024013649478458948
16,25.1,388.93066348973605,120.02233123779297,54560,1112.4710960410557,854.0794538123167,-0.05810615186771521
16,30.1,386.8218290691345,121.17265319824219,55110,1107.9929232444204,852.8775721284703,-0.049078821980479866
16,35.1,385.74121700710555,120.1011734008789,60657,1111.2649488105249,846.0430947788384,-0.05748742577217755
16,40.0,386.6403251298261,119.66576385498047,57577,1106.4703961651353,855.0514094169547,-0.06090436967311949
16,45.0,387.76482548858155,118.02073669433594,59509,1109.6815607723202,852.3320674183736,-0.07381397529935742
16,50.0,389.41367296097053,117.9416732788086,55394,1109.6731414954688,858.6462071704517,-0.07443443770772365
16,55.1,385.5611038107753,118.51665496826172,59358,1109.2576232352842,856.1520266855352,-0.0699221797762257
16,60.1,389.7625034212207,116.13903045654297,54805,1109.2072256181004,860.8175348964511,-0.08858095666933147
16,65.0,428.9485164252914,149.7892608642578,56620,1107.8468915577535,862.1277287177676,0.17549444232008896
16,70.1,394.8151503846222,115.74041748046875,56289,1109.4514381140186,865.1462452699461,-0.09170913378502296
16,75.1,424.6861205586511,138.28030395507812,55276,1107.802880092626,868.4921304001737,0.08517611905990465
16,80.1,392.6654216764731,114.71070098876953,58635,1107.9167220943123,862.6483158523066,-0.0997899935621113
16,85.1,425.8204576286515,142.1932830810547,55285,1105.629990051551,863.4061318621688,0.11588382927197587
16,90.1,394.5943361073159,111.98135375976562,56357,1111.0086058519794,860.7852973011338,-0.12120896899696096
16,95.1,427.1861091762291,129.5638427734375,54554,1111.7209737141181,873.9552003519449,0.016772338864990483
16,100.1,391.6973438956198,108.4908447265625,60088,1114.6289941419252,862.7030854746372,-0.14860127967213435
16,105.1,425.7543138262721,137.12261962890625,54476,1107.8749541082311,869.2011160878185,0.07609101186647675
16,110.1,388.8623257793382,107.64799499511719,56394,1108.1201900911444,872.5478597013866,-0.15521567358334268
16,115.0,422.94834086073683,133.90367126464844,53582,1107.2086148333397,873.702922623269,0.05082981563339426
16,120.1,391.99544943820223,108.91702270507812,53400,1108.0496441947566,874.5132771535581,-0.1452567819271437
16,125.0,425.13353871128413,134.53961181640625,54209,1106.3526167241603,872.3100961095021,0.05582045768559532
16,130.1,392.3199556130941,109.2689437866211,59477,1110.6613817105772,862.3811389276527,-0.14249502669113967
16,135.1,422.2428172243319,117.77529907226562,55828,1108.4946980010031,878.9168875832916,-0.07574008508196303
16,140.1,390.0766467913445,106.64579772949219,56519,1109.745165342628,873.261098037828,-0.1630805719682688
16,145.1,418.13704778156995,113.9969482421875,58600,1104.7307167235494,876.0072013651877,-0.10539127887426866
16,150.1,387.6843022854381,103.3340835571289,57932,1103.4419319201822,868.3089656839053,-0.18906976225937744
16,155.1,421.1085623357351,136.38853454589844,55931,1101.4296901539396,876.8512095260231,0.07033016539265809
16,160.1,387.65568941191066,104.93218231201172,64497,1105.853528071073,862.7294912941687,-0.1765284345713679
16,165.0,419.21019248333954,133.72486877441406,59122,1104.4693515104361,873.0281959338317,0.04942663537647337
16,170.0,387.95551657896937,103.4084701538086,59865,1107.1191013112837,873.8066817004927,-0.18848600191183612
16,175.0,416.97759005631644,106.49557495117188,60018,1103.6645672964778,875.3175880569163,-0.1642594685060215
16,180.0,384.12299963665663,92.72107696533203,63301,1106.5438618663213,856.9687208732879,-0.27235697652949314
16,185.4,438.00881133379403,141.46377563476562,57880,1103.968797512094,869.3690739460953,0.11015890651185203
16,191.1,434.65972385107347,126.76402282714844,63951,1108.677237259777,870.542728026145,-0.005199682142191422
16,196.7,436.1477162293489,137.94778442382812,59682,1103.6961898059717,881.2109848865655,0.08256662049711065
16,202.4,438.68324965017695,110.31172943115234,60745,1105.3142645485225,874.802024858013,-0.13431160471145254
16,208.0,447.6334536832462,136.51473999023438,55671,1102.2244256435129,867.1099674875609,0.07132058217922513
16,213.7,436.8970120360239,134.21983337402344,59405,1102.8801784361585,879.946620654827,0.05331094679258533
16,219.3,436.272562612175,156.33294677734375,60731,1098.518219690109,874.2223740758426,0.22684703180974194
16,225.0,436.63712037898654,115.87767791748047,59105,1101.7883427797988,880.1764994501311,-0.09063196122988285
16,230.6,435.549563549795,147.64601135253906,60488,1099.810904642243,876.7326907816426,0.15867495956815958
16,236.3,439.46582133342326,147.872802734375,59306,1097.87171618386,873.9534111219775,0.16045474009031482
16,242.0,436.26724942297307,153.90328979492188,61089,1097.5810702417784,870.2823912652033,0.20777992203763804
16,247.6,435.3955896546647,143.8209991455078,61129,1097.8010764121775,871.1498306859265,0.1286575833875911
16,253.2,436.9364368241991,141.37612915039062,59374,1098.9917977565938,870.8233401825715,0.10947108714030795
16,258.8,435.7776516273406,150.9267120361328,60774,1099.2287491361437,870.5786520551552,0.1844207666989856
16,264.5,437.0248258123331,151.9372100830078,61428,1097.2517907143322,868.0432213322914,0.19235080675141172
16,270.1,434.41800032727866,127.14338684082031,61110,1102.1527900507283,874.6601210931108,-0.0022225642425867777
16,275.8,435.04101912488187,140.43765258789062,61386,1096.88705893852,867.6726615189131,0.10210624685001417
16,281.4,431.0889597218198,137.87359619140625,62118,1096.6255191731866,866.4242087639653,0.08198441684382943
16,287.0,432.98385103011094,136.78829956054688,63100,1099.4092709984152,872.0998415213946,0.07346738330962944
16,292.7,430.85514968167246,144.5933837890625,66441,1099.6008488734367,861.6119414217125,0.13471899159932335
16,298.3,433.492587338457,140.0129852294922,64147,1099.467114596162,863.9339953544203,0.09877360393054281
16,304.0,430.55950464396284,146.85906982421875,64600,1098.5136377708977,865.0866718266254,0.15249931394687768
16,309.6,431.4992933195138,142.95474243164062,63678,1098.19562486259,869.4282169666133,0.12185949955368974
16,315.3,436.58040334671375,141.9996337890625,62031,1099.3517757250406,866.2493430704003,0.11436413643697134
17,0.1,343.14340973256566,82.12569427490234,44983,474.7452148589467,852.0535091034391,-0.001923001534299348
17,5.1,342.8150754699509,79.30653381347656,43196,476.71508936012594,851.023127141402,-0.036184376568944306
17,10.0,345.5414072707709,83.83086395263672,52044,468.97632772269617,885.0644646837292,0.018799996899431393
17,15.0,343.7581953603112,81.19609832763672,42158,478.30022771478724,852.3207694862185,-0.01322041997349169
17,20.1,349.43185944577914,84.96044158935547,54527,466.99985328369434,884.1243787481432,0.032527801177303604
17,25.1,347.8123329626812,83.01575469970703,51261,467.45379528296365,883.1229784826671,0.00889394004635343
17,30.1,345.4919213626234,82.34246063232422,50256,466.7156359439669,862.4813156638013,0.000711369076435139
17,35.1,346.7522512540543,82.30271911621094,49639,470.92862467011827,861.1330002618909,0.0002283887684203585
17,40.0,348.8511039750358,85.2651596069336,55119,466.3554672617428,882.5097153431666,0.0362310519936043
17,45.0,348.3946301468601,85.48710632324219,55495,464.82973240832507,880.9616001441572,0.03892837972262292
17,50.0,348.07667061023545,84.9267578125,52406,462.95945120787695,874.8677632332176,0.032118440827930354
17,55.1,347.37751087968684,83.83204650878906,52621,462.80629406510707,874.2834419718363,0.018814368553826153
17,60.1,347.67211013264966,83.94556427001953,53826,461.22788243599746,867.8867090253781,0.020193954655371923
17,65.0,406.51687813747577,125.44731140136719,50598,463.53600932843193,864.1048855685996,0.5245664238765733
17,70.1,359.9575884844569,92.18309020996094,55716,459.66948452868115,876.547401105607,0.12030495204188192
17,75.1,403.8273234303385,119.86268615722656,54327,464.927089660758,880.7636718390487,0.4566962396371562
17,80.1,360.450526353609,94.83642578125,55666,462.6836668702619,872.5684798620342,0.15255105024897817
17,85.1,404.50355851784906,118.70392608642578,53112,459.8331827082392,872.1821810513632,0.4426137800169618
17,90.1,360.46439547636743,91.90166473388672,49783,471.55193539963443,869.9881284775928,0.11688477645698249
17,95.1,402.5677200304161,119.62674713134766,56549,459.21535305664116,882.1460503280341,0.45382886278452483
17,100.1,358.4363329899803,88.89433288574219,53395,462.4826669163779,877.8865436838655,0.08033654668690336
17,105.1,406.1391290368677,116.95152282714844,55984,460.83468490997427,893.6662439268363,0.42131674989059914
17,110.1,358.80329040177344,84.66218566894531,54583,461.87483282340656,887.9575325650844,0.028903084498243935
17,115.0,400.48463118320745,117.08648681640625,57454,460.117815991924,889.2955929961361,0.42295697289862016
17,120.1,358.32260365247095,81.3599624633789,53279,462.6319563054862,884.800540550686,-0.011228972276132993
17,125.0,402.1879794034091,117.81349182128906,56320,458.7874289772727,889.0323153409091,0.43179229513911327
17,130.1,358.0267961785702,86.12458801269531,56314,458.9098447988067,889.3552047448237,0.0466757213652574
17,135.1,400.2050534670155,111.2090072631836,56951,457.504749697108,887.3121279696581,0.3515277179886047
17,140.1,355.25568460657615,85.19283294677734,55017,457.689568678772,887.9628660232291,0.035352063066750754
17,145.1,401.1931155192532,111.10820007324219,56562,456.95198189597255,892.6757893992433,0.35030260399171487
17,150.1,353.1590921218805,82.49502563476562,56219,458.9605471459827,882.765808712357,0.0025654979340607033
17,155.1,402.02597495145284,108.71190643310547,56131,458.30649730095666,890.6945359961519,0.32118034712793325
17,160.1,355.083586318559,80.28109741210938,54351,460.7910250041398,887.9643612813012,-0.02434046438134745
17,165.0,399.64333901563236,108.69654846191406,55142,458.1574299082369,889.7649523049581,0.32099370106150327
17,170.0,353.1004337539432,79.41920471191406,50720,466.5076104100946,873.4930796529968,-0.0348150824263522
17,175.0,396.49207792662025,108.47712707519531,57182,458.76417404078205,887.8052708894407,0.3183270637686438
17,180.0,352.5648420820143,78.35256958007812,54332,459.2100235588603,884.4491459913127,-0.047777943809019584
17,185.4,424.7669466052138,126.21746063232422,54893,458.9670631956716,892.4856174739948,0.5339260797015977
17,191.1,429.28223178438327,126.72505950927734,55543,459.78531948220296,886.0956916263076,0.540094950089933
17,196.7,429.0096898175716,126.0972671508789,55419,458.40634078565114,893.8677709810714,0.5324653632929847
17,202.4,429.2864687284738,126.39507293701172,56617,458.4227882084886,895.1694014165357,0.5360846094713393
17,208.0,429.18109274921267,125.9515380859375,56518,458.13953076895854,895.6072047843165,0.5306943118697959
17,213.7,427.8861695969901,127.23319244384766,55284,458.69410679400914,896.1949207727372,0.5462703109028338
17,219.3,430.11002002599867,129.2445068359375,56926,458.9819941678671,896.3191160453923,0.57071389885849
17,225.0,428.40654714120063,127.591796875,56055,458.85264472393186,898.9252163054143,0.5506284455577809
17,230.6,429.2788990825688,128.7835235595703,55590,457.3752473466451,896.6861126101817,0.5651115498143607
17,236.3,430.9776776337146,131.86337280273438,52369,462.66025702228416,887.8502549218049,0.6025410865200668
17,242.0,430.43350610685656,133.26951599121094,55757,457.63188478576683,898.0096848826156,0.6196300035192935
17,247.6,429.1852355494291,129.68692016601562,53683,456.59903507628115,897.6102676825066,0.576090566568446
17,253.2,426.56894112525845,133.3251953125,55134,457.7303660173396,893.3267675118801,0.6203066766404093
17,258.8,431.4510927769624,133.04818725585938,50422,463.8219626353576,884.999920669549,0.6169401861387006
17,264.5,432.934152575698,135.28091430664062,50860,463.51610302791977,882.5691702713331,0.6440746113988098
17,270.1,430.62063205062697,134.9642333984375,50882,464.06688023269527,880.7984552494006,0.6402259750722448
17,275.8,426.02440431445905,127.84210968017578,57203,451.59171721762846,899.1814415327867,0.5536705075515718
17,281.4,425.7866239186115,129.50942993164062,55831,453.2852716232917,897.8925328222672,0.5739335203243193
17,287.0,426.74014315176515,129.96615600585938,57701,451.7372489211625,899.7689988041801,0.5794841314126274
17,292.7,427.39674948885886,139.59906005859375,57714,450.4153931455106,897.8201476244932,0.6965532173831964
17,298.3,429.01590508755567,132.8949432373047,57906,450.1654060028322,899.5809760646565,0.6150778051698419
17,304.0,427.9084274087687,135.0868682861328,57135,450.9640500568828,902.6900323794522,0.6417163619931566
17,309.6,426.48215417830403,131.69154357910156,58361,448.7787906307294,902.9890166378232,0.600452838776333
17,315.3,430.15941749951867,134.68885803222656,57133,449.24796527400974,901.9574151541141,0.636879326725636
18,0.1,563.1085267954003,216.8048095703125,23045,47.334215665003256,821.961119548709,-0.09165908635499921
18,5.1,560.4500066333525,210.92950439453125,22613,45.68080307787556,819.001813116349,-0.11627468451395775
18,10.0,564.7748325319525,255.63104248046875,24333,48.184810750832206,824.8257921341389,0.07101007188416454
18,15.0,563.8257572566037,247.90777587890625,23737,46.83624720899861,822.3955428234402,0.03865212256057246
18,20.1,562.495470902097,262.13787841796875,24177,47.801133308516356,818.8029945816272,0.09827157642421973
18,25.1,565.533462657614,242.6987762451172,23713,47.43490912157888,820.4221734913339,0.016828125685641827
18,30.1,564.8482686619105,248.24346923828125,22988,46.85692535235775,821.499912998086,0.04005856743309895
18,35.1,565.180391065893,257.5797119140625,25162,48.5202289166203,824.7905969318814,0.079174356510556
18,40.0,559.714009160017,242.19566345214844,21179,42.72184711270598,815.0092544501629,0.01472024839759895
18,45.0,562.4049915397632,249.41082763671875,23640,45.890059221658206,824.0405245346869,0.04494941554799741
18,50.0,562.2206422450325,200.65968322753906,21238,42.8867124964686,818.8103399566814,-0.15930186071122335
18,55.1,555.9174078780178,236.11717224121094,23610,45.73989834815756,822.1026683608641,-0.010746632485112444
18,60.1,553.4408871654214,200.9545135498047,21146,41.822141303319775,817.3808758157571,-0.15806661853727078
18,65.0,654.5571698113207,320.720458984375,21200,42.86349056603773,815.5614150943396,0.3437133397358113
18,70.1,573.0469584286803,258.63446044921875,20976,43.3558352402746,816.5091056445461,0.08359340630003423
18,75.1,651.7421276947904,309.9002685546875,24167,47.430669921794184,826.4783382298175,0.2983802971700385
18,80.1,569.2691454475308,219.12985229492188,20736,43.56476658950617,814.6100019290124,-0.081917921309256
18,85.1,657.2695735505511,273.55804443359375,20870,45.50809774796358,817.1146621945376,0.14611831955307167
18,90.1,571.4640519585138,217.95997619628906,19862,42.35348907461484,812.9502567717249,-0.08681931776069841
18,95.1,649.369598691175,268.4810485839844,20782,44.71706284284477,814.912953517467,0.12484737515960587
18,100.1,568.4692106283941,213.75865173339844,20624,44.270267649340575,814.3286462373933,-0.10442148677486647
18,105.1,651.8116073561022,304.4334716796875,20935,45.052543587294004,815.3037019345594,0.2754762145623199
18,110.1,570.7442455242967,249.41697692871094,21114,45.50303116415648,819.0205550819362,0.0449751790608896
18,115.0,646.4726411870943,306.0384826660156,20487,44.05662127202616,816.4133840972324,0.2822006832151186
18,120.1,572.5642829973374,249.56370544433594,21032,45.35331875237733,820.0884366679346,0.04558992332880845
18,125.0,655.4051910236458,308.24957275390625,19919,44.30001506099704,817.4981675786937,0.2914644241559515
18,130.1,570.1076144700228,248.61685180664062,19765,42.50604604098153,817.3059954464964,0.04162291770722273
18,135.1,649.0013511484763,269.0996398925781,19983,43.59850873242256,816.9752289446029,0.12743906948379785
18,140.1,575.078228812186,271.3432312011719,24684,48.082239507373195,834.271147301896,0.13683897986001622
18,145.1,646.1594307985135,314.156494140625,22066,44.89576724372338,825.8400706969999,0.31621248385017703
18,150.1,567.3228914582774,257.491943359375,22314,46.8137044008246,826.6484269965044,0.07880663510570272
18,155.1,647.4169483782549,310.6941833496094,21890,46.43563270899954,826.2038373686615,0.30170653929356367
18,160.1,567.5087133513241,252.6402587890625,21863,46.59516077391026,825.098568357499,0.058479670938951754
18,165.0,641.3054026784076,298.6497802734375,21804,44.778526875802605,826.7123463584663,0.25124444799493634
18,170.0,570.0904438365834,250.7342529296875,22666,46.367775522809495,831.527000794141,0.05049413266999592
18,175.0,641.6769766750223,309.0614929199219,23537,46.13808046904873,833.2485873305859,0.29486610286809395
18,180.0,564.1825493313382,246.54124450683594,21386,43.664032544655385,828.1369119985037,0.03292680513107908
18,185.4,713.8620818616248,355.50457763671875,24065,46.25734469146063,839.3984209432787,0.4894473674062588
18,191.1,728.151850046048,369.8768615722656,18459,42.16598949022157,815.7392599815807,0.5496625146027334
18,196.7,716.0708859600952,357.21142578125,21852,44.23682042833608,831.1862987369577,0.49659850028993213
18,202.4,713.3214254016153,358.17626953125,22534,45.855196591816814,831.9982249045886,0.5006408785708228
18,208.0,709.9626745179979,353.34149169921875,21058,43.95441162503562,826.9191281223289,0.4803847480821973
18,213.7,704.4797025816284,350.3375549316406,21653,45.13254514385997,829.4527317230869,0.4677992400697064
18,219.3,711.5394791046825,351.393798828125,21847,44.88634595138921,832.0814757174899,0.4722245549317986
18,225.0,713.5983030555411,355.4753112792969,19211,43.720472645879966,820.5485398990162,0.4893247509850995
18,230.6,716.3140546569995,359.0428466796875,17930,41.54813162297825,816.2425543781372,0.5042715520799376
18,236.3,714.3215068562981,355.3082580566406,19617,43.41565988683285,825.0422592649232,0.4886248528730804
18,242.0,716.6277444019661,358.56475830078125,18310,42.74412889131622,817.3296013107591,0.5022685188642103
18,247.6,708.2132713271327,357.9717712402344,19998,44.603960396039604,824.2261226122612,0.49978409792620465
18,253.2,706.8604663571848,352.9539489746094,18741,42.64799103569713,820.6598367216263,0.47876107140617785
18,258.8,702.7254929445846,346.3629455566406,21402,43.63933277263807,833.4162695075227,0.4511469327789928
18,264.5,707.458594997339,350.5166015625,18790,42.47871208089409,822.5091005854177,0.4685493866212621
18,270.1,708.9877396862289,351.285400390625,17210,40.116908773968625,818.0986635676932,0.47177040109659735
18,275.8,698.977059602649,342.6715393066406,18875,42.29361589403973,822.793642384106,0.43568115352619247
18,281.4,701.8941559616428,338.916015625,16581,39.07014052228454,816.9422833363489,0.4199467433027396
18,287.0,696.7703529411765,344.2673034667969,17000,39.96429411764706,815.205705882353,0.4423668810156843
18,292.7,703.3805894611492,341.6712341308594,16795,39.635367668949094,818.5612384638285,0.43149020352331313
18,298.3,697.1457069004271,325.81317138671875,17796,38.76977972578108,823.9790402337604,0.36505013132103625
18,304.0,682.0092090747758,331.2037658691406,20849,41.382416422850014,833.8984603578109,0.38763495094269135
18,309.6,682.8664567830567,328.38800048828125,17470,40.15483686319405,819.60818546079,0.375837819210564
18,315.3,688.789768092297,322.369873046875,17162,40.408460552383175,821.707901177019,0.3506238426876578
19,0.1,367.493819273321,85.49817657470703,98613,677.6964294768438,1046.1158772169997,-0.11858707671475666
19,5.1,367.0286476145161,101.64572143554688,100881,680.3388447775102,1046.1240174066475,0.04788027136062801
19,10.0,369.0648855792889,95.77845001220703,91854,700.2997909726305,1049.4792605656803,-0.012606268401248342
19,15.0,368.90842907292165,99.84007263183594,100272,677.0831338758577,1046.2579782990267,0.029265579746535965
19,20.1,370.82505592841164,102.24394989013672,91635,703.1653080154963,1049.546090467616,0.05404749400884101
19,25.1,371.34817993649557,97.14717864990234,92277,698.3215319093598,1050.7405745743793,0.0015041507686985942
19,30.1,369.1505191038628,99.33529663085938,95164,691.6127842461435,1049.4364360472448,0.024061771800570876
19,35.1,371.6141461114097,89.465576171875,91177,698.6721102909725,1047.8250326288428,-0.07768658717361467
19,40.0,370.8254312029026,98.04708099365234,89575,703.9248227742115,1051.563929667876,0.010781372661060893
19,45.0,370.5458317740551,99.29491424560547,90854,703.0860171263786,1052.107061879499,0.023645464018792917
19,50.0,372.1995594432384,99.27323150634766,93972,694.9140701485549,1048.9315327970035,0.02342193356048705
19,55.1,370.84311950336263,101.40589141845703,92784,696.6474715468185,1049.264646921883,0.04540782943351861
19,60.1,371.4983852242744,102.54425048828125,94750,693.412401055409,1050.0588918205806,0.05714333579961415
19,65.0,404.951610556941,119.12344360351562,96240,688.7654197838737,1049.493547381546,0.2280606074286832
19,70.1,378.0105464063693,104.60240173339844,91690,697.5803250081798,1050.8009379430691,0.07836111117447009
19,75.1,401.63372563402766,119.68841552734375,92701,699.589001197398,1052.2111951327386,0.23388498374763678
19,80.1,376.46386868040724,102.54145812988281,92233,701.8393850357247,1051.6130777487451,0.05711454897774928
19,85.1,403.37413862991485,119.23030090332031,93746,693.6674524779723,1050.769782177373,0.22916221460638622
19,90.1,376.4371343893261,99.51443481445312,90089,700.6630110224334,1051.77473387428,0.02590853294097262
19,95.1,403.20844112563407,119.43026733398438,88519,701.23802799399,1050.3889108552967,0.23122369712299312
19,100.1,376.12504004507144,104.19522094726562,90523,698.693613777714,1051.662781834451,0.07416342624843766
19,105.1,403.373928742575,118.74219512939453,89731,702.7645629715483,1053.395916684312,0.224130262413904
19,110.1,373.2515407214332,101.84346771240234,90542,701.0767268229109,1053.462845972035,0.04991886599427677
19,115.0,399.05962430349337,117.7677993774414,89913,700.7485569383738,1053.8595420017127,0.2140850773284036
19,120.1,373.39629825256395,102.07637023925781,90876,699.323858884634,1054.1099740305472,0.05231989143435531
19,125.0,400.8724088275677,117.40941619873047,89583,699.6663317816997,1054.9233448310506,0.21039045391233752
19,130.1,372.8554553691794,102.27273559570312,90498,700.2603040951182,1054.8813122941945,0.05434424996210915
19,135.1,400.89337107542406,118.74766540527344,88672,699.5819537170696,1053.4035321183687,0.22418665626985237
19,140.1,371.39828239895985,93.32058715820312,91523,698.4616872261618,1053.399670028299,-0.03794472788627412
19,145.1,400.52676191969186,118.4576644897461,89306,697.9681768302241,1055.061619600027,0.2211969953794005
19,150.1,371.1750005555926,102.10933685302734,89994,696.4162499722204,1053.2841967242261,0.05265974896790199
19,155.1,401.3914322423587,118.52970123291016,88728,697.9728834189883,1053.5054323325219,0.221939632461499
19,160.1,371.40807898662035,102.60574340820312,89838,698.4408824773482,1052.9600057881964,0.05777727510079124
19,165.0,397.28780105694017,117.53226470947266,90639,698.1989761581659,1053.007259568177,0.21165691676935408
19,170.0,370.7695301701737,103.2249526977539,90437,697.0309607793271,1053.671218638389,0.06416079217558451
19,175.0,397.1186525278967,120.18962860107422,90154,697.7384031767864,1053.7701155800075,0.2390520609673426
19,180.0,370.33151730078646,100.96280670166016,89389,694.6929152356554,1053.8023806061149,0.04084000575421827
19,185.4,410.17830220713074,125.3301773071289,88350,697.0224561403509,1053.419207696661,0.2920467123601096
19,191.1,415.47043696025696,126.74835968017578,89047,694.709771244399,1055.03869866475,0.30666695715663594
19,196.7,413.89749220184,126.54673767089844,88803,695.6136504397374,1054.3470603470603,0.3045884070434589
19,202.4,414.24673570463756,125.35506439208984,88840,696.2637550652859,1055.153208014408,0.2923032768762932
19,208.0,414.2351348630114,127.56324768066406,89387,696.7045655408505,1055.5846823363577,0.315067754032495
19,213.7,411.7267572944297,127.25546264648438,90480,694.6992152961981,1055.400784703802,0.31189475412082174
19,219.3,412.9396895239592,126.32492065429688,89089,696.1219903691814,1054.6734725948209,0.3023016637131335
19,225.0,411.86892266448564,124.07270050048828,88032,694.6454130316249,1056.4675572519084,0.27908320421866945
19,230.6,411.26571051141724,124.91236114501953,90083,694.4682570518299,1055.1771588424008,0.2877393858229307
19,236.3,412.64434239202956,125.03560638427734,89932,693.4572454743584,1055.1240048036293,0.2890099386109226
19,242.0,412.15411723774145,124.48155212402344,89101,695.5690732988406,1055.1103130155666,0.2832981140463095
19,247.6,412.55365402923223,125.0350341796875,89285,692.3867390939128,1054.3779022232177,0.2890040396720159
19,253.2,410.2744239554131,122.0257568359375,89533,693.7662761216535,1053.6110372711737,0.2579809693938667
19,258.8,411.1661724034521,123.17149353027344,90033,692.416369553386,1053.939177857008,0.2697925327455998
19,264.5,412.3070309896701,124.64226531982422,90030,691.3072642452515,1055.2807730756415,0.28495492935391437
19,270.1,410.3317476383266,124.55838775634766,88920,693.4419928025192,1053.658636977058,0.28409022356270586
19,275.8,409.3871501371141,123.95887756347656,90071,691.3930565886911,1054.668428239944,0.27790978729134175
19,281.4,406.9367712358953,122.7289810180664,90307,690.7207414707608,1056.1050638377978,0.26523060800520615
19,287.0,408.558619099384,124.64775848388672,91071,691.9674429840454,1053.958186469897,0.28501155916741905
19,292.7,410.90294276905394,124.26578521728516,90493,688.8786756986729,1054.4872310565459,0.28107374216335795
19,298.3,411.28543324589873,121.90145874023438,89972,690.043057840217,1055.8647356955498,0.2566995625582864
19,304.0,407.48865689839107,125.17054748535156,91862,690.2283642855588,1054.5617230193116,0.29040106571016816
19,309.6,408.6853185718732,121.03816223144531,89964,690.2607598594993,1056.8284758347784,0.24779971545091764
19,315.3,412.2271011016347,119.95846557617188,90048,688.8631063432836,1056.4127132196163,0.23666896830154055
20,0.1,805.4724556027808,448.1864929199219,60702,154.46606372112944,1020.0944449935752,0.042211533747792636
20,5.1,801.6981909777879,442.4107360839844,61138,157.13202917988812,1021.2311164905624,0.02878060602991462
20,10.0,749.3815229731763,438.3214111328125,73107,147.24499705910515,1046.3676255351745,0.019271301986440368
20,15.0,771.7192886009747,375.40081787109375,67304,154.44573873766788,1035.0543652680376,-0.12704405789954706
20,20.1,753.5113559392322,445.85101318359375,72341,144.58453712279345,1046.826778728522,0.0367806161353997
20,25.1,488.058748403576,122.47518157958984,3915,38.676883780332055,1176.4906768837802,-0.7151965780840471
20,30.1,487.1897792111139,123.45294952392578,4031,38.64524931778715,1176.1071694368643,-0.7129228794228565
21,0.1,594.5167673250268,317.4378356933594,55137,1004.9166984057892,1064.4673087037743,-0.005594473516735573
21,5.1,595.7427807194716,320.8982238769531,54957,1004.6516913223065,1065.714012773623,0.005245535917007534
21,10.0,593.1227505038871,316.5214538574219,55568,1005.3250071983875,1064.1286531816872,-0.008465130570059834
21,15.0,598.8320525077218,322.0633850097656,54392,1003.9522540079423,1064.6286770113252,0.008895518809505213
21,20.1,598.023623330075,319.1977233886719,55242,1004.7941421382282,1063.8224539299808,-8.145063971733951e-05
21,25.1,597.3143992307832,315.3385925292969,55121,1004.0509061882042,1064.0631156909344,-0.012170561081144435
21,30.1,596.5078908567996,317.31396484375,54937,1002.2801390683874,1064.4217558294047,-0.0059825112475016306
21,35.1,599.674375308011,319.11578369140625,54787,1003.8719769288335,1065.0317228539618,-0.00033813487403782847
21,40.0,599.6114314913498,319.2091979980469,54796,1003.1618183809037,1065.2914446309949,-4.5505286978231935e-05
21,45.0,598.8511760826556,318.1346740722656,54588,1001.4250018319044,1065.4383930534184,-0.003411558132573918
21,50.0,599.0843343026932,316.2970275878906,55363,1002.3909831475895,1065.7662337662337,-0.00916816813400504
21,55.1,598.3271799544419,319.724365234375,54875,1002.182742596811,1066.3886104783599,0.0015683072119283506
21,60.1,599.6505745451897,318.23858642578125,54913,1001.3734270573452,1065.8257243275727,-0.0030860423717317333
21,65.0,620.2663371975528,318.8065490722656,54431,1000.243886755709,1065.86491153938,-0.0013068430104882995
21,70.1,603.1141676376348,317.7091369628906,54928,1001.4479864549957,1066.8158862510923,-0.004744595362877418
21,75.1,618.6869473136658,310.0191345214844,53828,1000.0412796314185,1067.816954001635,-0.02883429125467732
21,80.1,602.2835147716775,315.1541748046875,55207,999.9086166609306,1067.519789157172,-0.01274826790721472
21,85.1,619.0761017635581,308.6134948730469,54322,998.9490261772394,1065.9938330694747,-0.033237596965218
21,90.1,605.4873755301913,317.0145568847656,54933,999.9745144084612,1066.1655107130505,-0.0069204363957021215
21,95.1,616.533861213519,309.0921630859375,55063,999.2902493507437,1067.6351815193505,-0.03173812127981134
21,100.1,602.0021538461539,314.0208435058594,55250,1000.8043438914027,1067.5485429864254,-0.016298540685598332
21,105.1,617.7494811578373,311.60626220703125,54930,998.2132532313854,1067.4769888949572,-0.023862456254935913
21,110.1,593.5999289457324,309.531494140625,56295,1000.3337241318056,1068.452988720135,-0.030361873146746998
21,115.0,612.8143702699235,307.7171630859375,54571,996.6008319437063,1067.7962104414432,-0.03604544525059121
21,120.1,601.6207311075898,313.21990966796875,54903,997.5665446332623,1066.9473434967124,-0.018807545426656518
21,125.0,617.5691257838436,311.43914794921875,54220,994.2123201770564,1068.1428992991516,-0.024385958253870365
21,130.1,599.3914807668032,312.0746154785156,55451,995.6151557230709,1068.5968693080376,-0.022395293147257498
21,135.1,617.8496748928624,311.0871887207031,54136,995.352630412295,1068.190187675484,-0.025488505469668576
21,140.1,595.9385065622924,309.1607666015625,55697,995.4458767976731,1067.7118516257608,-0.031523213958115824
21,145.1,616.6936114732725,311.0501403808594,54457,994.5498833942377,1068.0376627430817,-0.025604563071331545
21,150.1,598.3556663245859,313.7999572753906,54568,995.6060878170356,1069.0256194106437,-0.016990488725826154
21,155.1,623.1913147963877,318.4612121582031,53263,995.0018023768845,1068.3369318288494,-0.0023886451689876117
21,160.1,599.5263876748252,314.53424072265625,54912,994.3151405885781,1068.376893939394,-0.014690272948550442
21,165.0,619.0761185357351,318.6191101074219,53351,991.5357912691421,1068.4141253209875,-0.0018940141714553175
21,170.0,602.7096487656834,316.8844909667969,54038,993.744957252304,1068.0291276509124,-0.007327880792973601
21,175.0,620.8031634779314,320.9592590332031,52790,991.3487213487402,1068.2618109490434,0.005436734601790021
21,180.0,605.6986500794071,318.31317138671875,52892,992.2720071088255,1068.0935113060577,-0.002852397578927534
21,185.4,637.4611338286394,327.96484375,52089,991.0188139530419,1068.0689972930945,0.0273824240417815
21,191.1,643.3293682313966,331.3933410644531,51617,992.2754325125443,1069.3201658368366,0.03812253216272576
21,196.7,639.1678999498979,328.6351013183594,51894,991.7280032373685,1069.533510617798,0.029482072398720385
21,202.4,640.9688915444365,328.30584716796875,51883,991.1564674363472,1069.2284756085808,0.028450651093661256
21,208.0,648.0728543704702,336.8892517089844,50498,989.8933819161155,1068.7724662362866,0.05533901773396481
21,213.7,637.1097990430623,327.9004821777344,52250,992.7383923444976,1069.9504114832537,0.027180805028678368
21,219.3,642.1563152602677,332.77081298828125,51716,991.6621935184469,1068.6557545053756,0.04243759968023932
21,225.0,641.9900926377377,328.65985107421875,51275,991.8190346172598,1070.0560702096539,0.02955960346539968
21,230.6,642.9459120728484,332.7307434082031,51065,989.9432292176638,1069.2213061784,0.042312077743679614
21,236.3,649.0030833499105,339.6054992675781,50270,987.6814203302168,1068.113566739606,0.06384793280283983
21,242.0,645.7163644898199,336.8406677246094,51129,988.8232118758434,1067.715797297033,0.05518682358087795
21,247.6,647.7213778128701,338.05084228515625,50660,988.3489340702724,1068.594670351362,0.05897781550340272
21,253.2,648.0008177919617,337.6783142089844,50135,987.9831654532761,1068.445975865164,0.057810834330832804
21,258.8,652.0493847020027,345.75732421875,49732,986.9023968471005,1068.2358240167296,0.08311913504009388
21,264.5,650.6989255885343,342.42877197265625,50167,986.9438475491858,1069.2798453166424,0.07269211476548094
21,270.1,655.7255694342396,350.5032958984375,48996,986.408604784064,1068.7378153318639,0.09798636237141052
21,275.8,653.715571483842,345.68115234375,49109,986.2328086501456,1069.4654543973609,0.08288051908148535
21,281.4,644.3840136054422,338.6885681152344,49980,987.076050420168,1068.255762304922,0.060975554961352534
21,287.0,653.9015233395191,347.4243469238281,49037,985.8952015824785,1070.4597140934397,0.08834124911821556
21,292.7,654.9350351326103,349.9318542480469,49242,985.1819991064539,1068.281507656066,0.09619626468513448
21,298.3,654.5501177808464,345.3696594238281,49244,986.8665015027211,1070.0158801072212,0.08190473659369792
21,304.0,649.2899461943051,345.2152404785156,49623,985.725510348024,1068.8715918021885,0.08142100392119822
21,309.6,656.1280061260813,349.4144592285156,48318,984.7890641168923,1069.598762365992,0.09457547343423334
21,315.3,656.6310372936621,347.2030944824219,49070,985.4165681679234,1069.8607091909516,0.08764815388587904
22,0.1,348.1609386702172,60.52833557128906,36051,325.8119330947824,1131.1190258245263,-0.09655554692121233
22,5.1,352.4052042481321,73.23907470703125,34933,323.82497924598516,1132.07895113503,0.09316463385581844
22,10.0,355.31352073341026,65.89972686767578,32942,320.78137332280977,1132.7005646287414,-0.016382292093797105
22,15.0,354.8104263983711,67.24835968017578,33396,320.0944424481974,1133.6060606060605,0.0037473682081641977
22,20.1,355.8509246930019,68.07098388671875,33795,321.5595798194999,1133.122562509247,0.01602583695102701
22,25.1,357.7811193359556,64.84929656982422,32287,321.32688078793325,1132.7658810047387,-0.03206098897159533
22,30.1,355.87043308856585,68.03569793701172,33365,320.3233628053349,1133.6640491533044,0.015499159730621897
22,35.1,360.78814265863826,70.85392761230469,32385,314.566867376872,1135.3068087077352,0.057563986784171114
22,40.0,356.7867371798681,64.91574096679688,33658,317.9611088002852,1134.3238754530869,-0.03106924153105303
22,45.0,359.4541725729107,76.69198608398438,33157,313.56678831016075,1132.7136049702929,0.14470270443115812
22,50.0,360.5668426088835,68.5869369506836,32397,314.5746828410038,1134.2940395715652,0.023726939736829513
22,55.1,354.59460936601084,71.25890350341797,34764,320.2592912208031,1133.9110574157173,0.06360864700824112
22,60.1,355.44687224669605,58.88309097290039,34050,319.4168575624082,1133.6930102790016,-0.12111242746886007
22,65.0,387.1008714536292,82.53871154785156,35917,322.4012027730601,1132.1010663474121,0.23197078539109223
22,70.1,365.1970105812085,118.07616424560547,32983,309.9880544522936,1134.6764393778612,0.7624019332709414
22,75.1,384.2698542933937,89.62982177734375,35345,318.1569953317301,1133.268750884142,0.33781252286063834
22,80.1,356.4664485848386,63.903533935546875,35155,317.5032570046935,1131.9760773716398,-0.04617741886847728
22,85.1,383.15411114907187,75.45999145507812,35124,314.71936567589114,1132.9031716205443,0.12631398279850567
22,90.1,354.98165352030384,63.87063217163086,34230,313.1319894829097,1136.1437335670464,-0.046668509790206376
22,95.1,382.7619265914856,73.89244842529297,32721,307.11378014119373,1136.4604382506648,0.10291687395922892
22,100.1,351.5882421488085,56.73229217529297,34326,308.920060595467,1134.7121715317835,-0.153215197602005
22,105.1,378.2048364153627,65.05619812011719,35150,310.388079658606,1133.8569559032717,-0.028972781503451273
22,110.1,351.3593818340866,63.03433609008789,34295,308.69669047966175,1134.3926811488554,-0.05915104460419696
22,115.0,376.52356849098385,69.4216079711914,34771,309.75422047108225,1134.6481263121566,0.03618521892964253
22,120.1,354.75847562484535,54.31515121459961,32328,304.79175946547883,1134.9029324424648,-0.18929338433284557
22,125.0,378.3601375926918,131.21292114257812,35467,307.46682831928274,1133.589815885189,0.9584808447096373
22,130.1,351.29466254962506,56.39725112915039,34005,307.8257609175121,1133.5811204234672,-0.158216012044271
22,135.1,375.3150394435491,68.32465362548828,35367,311.4840105182798,1133.9299346848757,0.019812105253999897
22,140.1,348.44209215442095,57.35750961303711,35332,309.7291690252462,1132.5857296501754,-0.14388321745143884
22,145.1,378.42689046040084,66.77899169921875,34079,304.355321458963,1132.3122450776139,-0.003258406770547794
22,150.1,349.0054152179933,51.83348846435547,32501,304.57145933971265,1132.97092397157,-0.2263346217129761
22,155.1,378.6384874048729,65.1065902709961,33902,307.1322340864846,1131.547106365406,-0.02822062949463489
22,160.1,346.82508695164364,51.44779586791992,35652,309.1919106922473,1131.4038483114552,-0.23209145995335448
22,165.0,374.96302025567684,65.89179992675781,34262,306.30552799019324,1131.6854532718464,-0.016500609419635142
22,170.0,350.00894321522514,46.78004837036133,32315,303.3948630666873,1133.8196193718088,-0.30176214468703505
22,175.0,372.72014160087656,68.0880126953125,35593,309.22984856572924,1130.4703733880258,0.016280008530690622
22,180.0,347.8171411625148,47.43471145629883,33720,303.757384341637,1130.564472123369,-0.29199065951330055
22,185.4,384.34844414595926,68.51579284667969,35736,308.86215580926796,1128.2989422431162,0.022665044584337043
22,191.1,393.22432264092186,70.03937530517578,32110,300.6528495795702,1131.1440049828714,0.04540599901410584
22,196.7,385.75832580718,66.85173034667969,35432,309.05418830435764,1129.512277037706,-0.0021727115015008
22,202.4,388.8908111174135,62.7114143371582,35260,304.07629041406693,1129.9414634146342,-0.06397096677303303
22,208.0,383.2972972972973,60.29433059692383,36223,311.80313612897885,1130.1517544101814,-0.10004829943270539
22,213.7,389.031252730609,67.15723419189453,34333,301.9497567937553,1130.4976844435382,0.0023872314037277284
22,219.3,383.93054613297153,68.14511108398438,35376,307.6032620985979,1127.782394843962,0.017132257680422917
22,225.0,382.9738239757208,62.2698860168457,34268,305.46384381930665,1128.7748920275476,-0.07056120765936486
22,230.6,386.059392224482,71.43368530273438,33927,299.96088660948504,1127.7442449966104,0.06621743586062183
22,236.3,381.1976710835771,89.24849700927734,34866,305.07107210462914,1127.933344805828,0.33212087871943446
22,242.0,379.3231923798528,118.25831604003906,34645,307.19639197575407,1128.3107807764468,0.7651207264897895
22,247.6,382.8765904879555,69.60688781738281,32380,302.274490426189,1129.4752316244596,0.038950701372353486
22,253.2,380.86961346402813,88.89458465576172,32442,303.205412736576,1127.5499660933358,0.32683839160588796
22,258.8,384.15811711890143,67.70706939697266,30294,302.4771571928435,1130.5382584010035,0.010594058197274905
22,264.5,383.0180161874767,67.64091491699219,29529,310.9304751261472,1131.88706017813,0.00960663805065161
22,270.1,386.24474120961827,76.96206665039062,25909,316.1258635995214,1139.1411478636767,0.1487339203451778
22,275.8,404.7791840452563,96.21381378173828,20859,321.1469389711875,1150.0730140466944,0.4360850261327558
22,281.4,377.593792557403,67.46675109863281,31575,304.8659065716548,1129.7184798099763,0.007007073166887735
22,287.0,389.1848556590805,78.19155883789062,26188,312.0136703833817,1141.6501069191997,0.16708529059873992
22,292.7,381.4077015331756,64.27229309082031,30851,301.6076302226832,1131.1440471945805,-0.0406733287558155
22,298.3,379.46412326222054,63.08618927001953,31218,302.3878211288359,1131.0882824011787,-0.05837708531155191
22,304.0,381.4503884180791,71.92373657226562,28320,309.4980225988701,1136.427824858757,0.07353192909760804
22,309.6,384.98419622425627,73.98465728759766,27968,300.57412042334096,1136.9816218535468,0.10429318117778377
22,315.3,383.87057888040715,79.47526550292969,31440,299.1361005089058,1132.6693702290077,0.18624586481515581
23,0.1,373.5211307554127,101.13886260986328,10577,546.7647726198355,1154.6429989600076,-0.11692136785118531
23,5.1,376.92282779679834,115.46586608886719,10807,549.7585824002961,1156.9395762006106,0.008172689057817739
23,10.0,391.45670779148605,124.25808715820312,8997,552.2618650661332,1162.7874847171279,0.08494063320021097
23,15.0,372.4560787671233,112.07679748535156,11680,546.2283390410959,1153.7648116438356,-0.021418449199250282
23,20.1,384.6573326520184,119.70963287353516,9785,547.056208482371,1159.095145631068,0.04522649479240676
23,25.1,394.0102751860163,122.924072265625,8467,547.9772056218259,1164.1958190622418,0.07329288458800587
23,30.1,386.8194593434885,120.97010803222656,9322,546.6606951298005,1161.7704355288565,0.056232142377039725
23,35.1,384.3153066151618,117.01289367675781,10355,547.979526798648,1158.8300338000965,0.021680325696769854
23,40.0,387.6080673666701,120.56747436523438,9619,546.7851127975881,1161.7145233392243,0.0527166076090044
23,45.0,390.3825393356643,123.07722473144531,9152,544.5831512237762,1162.29763986014,0.07463011210408464
23,50.0,389.8187912541254,120.29692840576172,9696,546.2496905940594,1159.8725247524753,0.05035437661629396
23,55.1,381.4889822595705,119.13821411132812,10710,542.7962651727357,1157.9763772175536,0.04023723857681685
23,60.1,395.3302236709003,126.65887451171875,8897,543.6234685849163,1161.8247723951895,0.1059027436839015
23,65.0,423.895145631068,139.53514099121094,8755,542.991319246145,1162.7487150199886,0.21832991061532686
23,70.1,402.96687662901826,129.52207946777344,9208,547.0153127715031,1162.4538444830582,0.13090238329728887
23,75.1,426.6342269555637,143.8446807861328,8169,540.6595666544252,1164.697270167707,0.2559580034086045
23,80.1,384.63431109466086,120.6381607055664,10807,537.7216618858148,1156.7117608957158,0.053333794663725426
23,85.1,419.29958027282265,139.2594451904297,9530,542.216369359916,1162.110073452256,0.2159227145646632
23,90.1,402.49927219796217,130.80194091796875,8931,542.8843354607546,1163.3661404098086,0.142077299344528
23,95.1,419.55093920607015,137.1075897216797,10807,552.0659757564541,1161.7660775423337,0.19713411506008088
23,100.1,391.151620600517,124.87019348144531,10058,540.2746072777888,1159.457844501889,0.09028514668108174
23,105.1,429.39837962962963,142.4004669189453,8640,543.0006944444444,1164.669212962963,0.2433480691711009
23,110.1,397.43392094601995,128.60342407226562,9133,539.6063724953466,1163.9626628709077,0.12288128310743907
23,115.0,419.05424954792045,140.01602172851562,8848,537.372513562387,1163.8474231464738,0.22252864780464862
23,120.1,398.76731712883713,129.28057861328125,8763,536.9534406025334,1164.1853246605044,0.12879375523143466
23,125.0,421.4737734569297,138.4696807861328,8846,538.4504860954104,1163.731517069862,0.20902700650675696
23,130.1,397.0,127.88905334472656,9252,538.3866191093817,1163.344682230869,0.11664386349796813
23,135.1,422.76364588789943,139.20803833007812,9545,543.5434258774227,1164.2249345206915,0.21547386336393895
23,140.1,394.57585402079354,122.96334838867188,9426,537.4698705707617,1163.6763208147677,0.07363581809666252
23,145.1,424.4226453587215,139.830078125,8823,538.2133061317012,1164.7049756318713,0.22090510944548394
23,150.1,397.9193319506604,127.41417694091797,9161,539.1926645562711,1163.4424189498964,0.1124975522354748
23,155.1,426.41868095811003,141.9500732421875,9143,538.5516788800174,1164.3578694082905,0.23941552512486228
23,160.1,400.79143528406667,133.5213623046875,9364,538.0877829987185,1165.2407090986758,0.16582151453986113
23,165.0,420.76456207482994,141.0049591064453,9408,536.7589285714286,1165.0576105442176,0.23116340445948386
23,170.0,397.9008202028923,129.49330139160156,9266,536.4295273041226,1163.8299158212822,0.13065111189195613
23,175.0,417.8513396715644,139.7979278564453,9256,534.2437337942956,1163.8560933448573,0.22062439425405445
23,180.0,396.80216191870284,129.51841735839844,8881,532.9119468528319,1166.0320909807454,0.13087040814496656
23,185.4,430.10825822678686,146.44606018066406,9542,536.9893104171033,1165.0221127646196,0.2786715528607489
23,191.1,443.50458600326675,152.44493103027344,7959,533.3892448800101,1165.8337730870712,0.3310497834203026
23,196.7,435.46168647425014,149.0225372314453,8835,532.21233729485,1165.8295415959253,0.3011676712771017
23,202.4,437.9996389891697,150.70172119140625,8310,530.6469314079422,1165.7231046931408,0.31582921122548474
23,208.0,437.38860405499884,151.79800415039062,8582,530.7349102773246,1165.8503845257517,0.32540123953276734
23,213.7,440.714809198888,154.8834686279297,7914,530.1851149861005,1166.6200404346728,0.3523415044325155
23,219.3,436.0842952081147,154.86585998535156,8577,529.0823131631106,1165.9022968403872,0.35218775724176576
23,225.0,433.23494630143597,152.0657501220703,8287,526.351152407385,1166.0576807047182,0.32773902285693135
23,230.6,435.06271145480906,152.24317932128906,8276,527.3430401159981,1165.8396568390526,0.32928821898694666
23,236.3,438.7338826951042,155.26602172851562,8252,527.696679592826,1166.2150993698497,0.3556817087819835
23,242.0,437.0096001807093,153.48460388183594,8854,530.4016263835555,1166.4225208945109,0.34012752916460304
23,247.6,435.5156602073006,153.00729370117188,8876,530.3257097791798,1166.108044164038,0.3359599677487955
23,253.2,436.908560311284,152.22059631347656,8738,532.5296406500344,1167.2071412222476,0.32909103888095914
23,258.8,438.89153782603563,153.37554931640625,8473,529.8460993744836,1167.717455446713,0.33917533577440523
23,264.5,437.0059623181493,153.47186279296875,8386,527.4432387312187,1166.950035773909,0.3400162822804817
23,270.1,430.0738636363636,150.10462951660156,9680,533.4586776859504,1165.2592975206612,0.31061579586913535
23,275.8,434.09063960779844,152.7130126953125,8771,530.5446357313875,1166.3676889750313,0.33339049780009616
23,281.4,430.4066922523387,152.33248901367188,8338,526.6713840249461,1166.0284240825138,0.33006801301420674
23,287.0,438.3829507412721,156.62452697753906,8364,529.1961979913917,1166.818268770923,0.367543291225344
23,292.7,440.714200690394,158.1634979248047,8401,531.0283299607189,1167.6224259016783,0.3809805825291871
23,298.3,440.1013671634438,157.0603485107422,8119,528.3281192265057,1167.4363837911073,0.37134860081130017
23,304.0,436.69093389557236,156.1269989013672,8063,526.5489271983133,1166.4189507627434,0.36319920032275715
23,309.6,432.8284427127724,152.49952697753906,8213,525.7707293315475,1166.2855229514184,0.33152647964950754
23,315.3,439.8444386829142,156.34706115722656,7714,524.9395903551983,1167.2903811252268,0.3651206405177246
24,0.1,492.25117647058823,123.81002044677734,11900,94.5226050420168,1169.3550420168067,-0.07316318717449144
24,5.1,494.1462845718094,143.35679626464844,12004,96.85129956681106,1169.9646784405197,0.07316318717449144
25,5.1,310.77719939269565,70.16124725341797,59937,142.8916862705841,379.51298863807,-0.07872363134507264
25,10.0,338.90274063456064,88.6240005493164,93482,117.28789499582807,302.673423760724,0.16370789571117536
25,15.0,339.93626813283913,67.46209716796875,81482,121.76024152573575,333.95468937924943,-0.11416574913120069
25,20.1,342.6562126674918,78.78324127197266,92915,116.19383307323898,302.02783188936127,0.034490424147528446
25,25.1,341.884779653397,75.75225830078125,93421,116.59672878688946,300.69288489739995,-0.005308939382430867
25,30.1,342.54317765073887,75.60736083984375,92710,114.15711357998059,301.8819436953942,-0.0072115652886901955
25,35.1,323.6742242580015,28.678064346313477,69643,130.0263630228451,360.9594072627543,-0.6234328206054386
25,40.0,317.7147779081337,28.53704071044922,67337,135.44130270133806,369.6937344996065,-0.6252845799202961
25,45.0,339.6826681582382,72.80778503417969,91179,112.19520942322245,298.41943868653965,-0.0439723575063732
25,50.0,341.82142857142856,83.68709564208984,89824,112.0941507837549,303.1535669754186,0.09888216921152558
25,55.1,314.33374354664426,31.46339225769043,66632,133.69841817745228,365.0955396806339,-0.5868591152601197
25,60.1,341.62524068470833,72.88129425048828,94522,116.63574617549354,303.32966928334145,-0.043007119479477204
25,65.0,383.891973927,93.8658676147461,91589,111.802225158043,294.2825776021138,0.23253803263231831
25,70.1,322.6716270163253,27.371692657470703,61622,136.8494368894226,376.174434455227,-0.6405865830131051
25,75.1,383.75758242241625,109.88399505615234,90934,111.70165174742121,298.1407174434205,0.4428695597867431
25,80.1,340.0416731281632,49.70444107055664,70933,122.27351162364485,352.80508367050595,-0.3473387551092248
25,85.1,384.1095669286986,93.83219909667969,90447,111.56354550178557,298.42863776576337,0.2320959365853342
25,90.1,408.71384885898857,128.45004272460938,26161,71.90978938113986,137.36955773861857,0.6866574290999858
26,25.1,756.9915020605372,440.672119140625,70370,154.8795935768083,1039.4130311212164,0.04127126388366474
26,30.1,756.6412870249393,446.9543762207031,69649,155.14733879883414,1038.5427213599621,0.05611571054975289
26,35.1,744.9205417481926,360.1285705566406,72063,166.70470282946866,1038.0276563562438,-0.14904638724269878
26,40.0,751.3934455911642,425.2763366699219,71799,145.33896015264835,1046.5722224543517,0.004892320956641884
26,45.0,754.3154489194637,442.99798583984375,70937,144.55026290934208,1047.120078379407,0.046767091852639525
26,50.0,772.5164684286716,335.2640075683594,67007,148.006387392362,1041.808646857791,-0.20779926450485314
26,55.1,756.7883089652046,433.5116882324219,70584,143.62237900940724,1047.5353904567608,0.02435176610314593
26,60.1,775.1391249847132,338.9222412109375,65416,149.20088357588358,1040.629356732298,-0.19915516517763093
26,65.0,838.334534334504,409.0758972167969,66056,147.3452070970086,1043.3008810706067,-0.03338795894335127
26,70.1,770.7729392561502,699.71728515625,68616,140.3774775562551,1048.8044770898916,0.6533732683083349
26,75.1,832.5493500167443,384.80029296875,65694,146.42665996894692,1043.0033031935945,-0.09074917609091719
26,80.1,766.5177860462422,375.5704650878906,69071,139.11175457138307,1048.4076964283129,-0.11255848538344403
26,85.1,819.3464700676582,391.164794921875,70058,136.83950441063118,1044.9585771789089,-0.07571039168666562
26,90.1,735.455034414815,348.9968566894531,75113,156.18213891070786,1044.8849599936095,-0.17534969363358652
26,95.1,821.6908954556599,394.7265319824219,69339,138.57045818370614,1045.730901801295,-0.06729430569082474
26,100.1,763.048264256597,366.61749267578125,68933,142.18764597507726,1046.4897219038776,-0.13371360841971167
26,105.1,836.5033409229578,536.742431640625,67197,130.58276411149308,1045.3265919609507,0.2682773561085529
26,110.1,766.7781496498342,551.8436889648438,67825,135.4923848138592,1046.9252045705862,0.3039603608125646
26,115.0,825.7762324076165,485.2366638183594,66435,136.03949725295402,1048.3057274027244,0.14657354588752436
26,120.1,761.3683187986619,423.5951843261719,68457,137.85713659669574,1047.3384314241057,0.0009198989455299764
26,125.0,833.296515668913,757.5651245117188,66182,130.862545707292,1046.5969750083104,0.7900628617322977
26,130.1,773.6198591229266,493.6398620605469,66015,134.5889116109975,1049.455532833447,0.16642959866293336
26,135.1,832.6066452304394,385.1007385253906,65310,131.56573265962334,1049.9031388761293,-0.09003924843517734
26,140.1,772.0001550724188,551.3673095703125,64486,136.55312781068758,1051.22701051391,0.30283471625125435
26,145.1,834.7640367823197,582.2940673828125,64705,132.76686500270458,1049.9034695927671,0.3759120515227635
26,150.1,756.5993255990137,447.80096435546875,67319,137.9722960828295,1048.8711953534664,0.05811612731947144
26,155.1,831.1486633807791,584.6278076171875,65127,131.103827905477,1050.945521826585,0.38142648399505785
26,160.1,761.285235605241,443.22210693359375,66552,137.30597127058542,1048.1264725327565,0.0472966712029446
26,165.0,821.9797874938935,560.259033203125,65504,135.31883549096239,1050.0782394968246,0.3238451135582107
26,170.0,738.7309689950363,390.180908203125,69505,150.40751025106107,1050.0398676354218,-0.07803523349682841
26,175.0,832.5363251939464,487.8873596191406,62904,132.5938414091314,1053.4265070583747,0.15283691778414718
26,180.0,756.8515063256576,448.85784912109375,65922,138.89009738782198,1050.554609993629,0.06061345739296889
26,185.4,861.6409717430722,586.0640869140625,62321,134.3579371319459,1054.9365221995795,0.38482029153083647
26,191.1,853.5067898791219,473.11419677734375,65686,139.9959352068934,1052.4060225923333,0.11792917282892772
26,196.7,867.2106893028374,598.1146240234375,63615,131.62716340485736,1052.739165291205,0.4132947001928278
26,202.4,877.427248868924,603.3109741210938,62109,128.97865043713472,1052.5901399153101,0.425573239720857
26,208.0,870.4851673587517,572.1160278320312,63576,129.02791934063168,1051.9600635459922,0.3518621975688357
26,213.7,869.155945231804,497.0226745605469,62445,128.01250700616544,1052.2663463848187,0.17442290092636156
26,219.3,875.9332867451083,604.1552124023438,61532,125.94159136709355,1055.5618864980822,0.4275681039837708
26,225.0,858.8816342880032,564.7486572265625,64909,125.97850837326102,1049.9039270363123,0.3344537186371161
26,230.6,859.5586104203126,580.30419921875,65142,124.8165085505511,1047.7157747689662,0.37121015991637846
26,236.3,843.4252149510389,664.0477294921875,66992,137.6612431335085,1050.013150823979,0.5690890994325757
26,242.0,859.1921839991464,740.4291381835938,65609,124.50179091283208,1049.0830831135972,0.7495719630192664
26,247.6,852.1026279055653,494.1109313964844,65908,131.57648540389633,1050.3824118468167,0.16754269600107458
26,253.2,842.2012560790047,514.7073974609375,67034,131.20543306381836,1050.006026792374,0.2162104181440001
26,258.8,826.175589869928,472.4627380371094,68193,148.1030604314226,1053.8183684542403,0.11638983045543065
26,264.5,822.8464595426998,466.753173828125,70457,143.6304128759385,1050.4896745532735,0.10289860901916617
26,270.1,806.9778594748827,458.2130126953125,72898,149.51481522126807,1050.0192735054459,0.08271892441857075
26,275.8,859.670401128173,507.00225830078125,63820,122.39213412723284,1052.945252272015,0.1980038204419678
26,281.4,844.272057016466,469.19268798828125,65104,123.90151142786925,1051.0513486114523,0.10866297640814859
26,287.0,853.0320585443523,501.6185302734375,65318,120.57942680424998,1048.1406197372853,0.18528252257912475
26,292.7,682.8651964070251,256.13916015625,14918,91.6274299503955,1161.4586405684408,-0.3947646437307561
27,65.0,316.04597129458574,9.98378849029541,14074,1148.1194401023163,1134.878357254512,0.1273041318464883
27,75.1,314.843079360507,6.664772987365723,13886,1148.5718709491575,1136.555955638773,-0.24745740218962375
27,95.1,317.02464332036317,9.44797134399414,12336,1148.5915207522698,1142.6901750972763,0.06680316234710915
27,135.1,318.8416485900217,8.882587432861328,12447,1146.3881256527677,1142.7080420984976,0.0029637070422333395
27,145.1,319.6738799390879,9.302578926086426,12477,1145.8688787368758,1143.3203494429752,0.050386400953792744
28,85.1,316.84858613543685,8.858175277709961,14959,1149.2825055150745,1130.7342736813957,0.010496578671750788
28,105.1,317.5823192555476,8.001173973083496,13970,1149.5460272011453,1135.4833214030064,-0.0872658677794273
28,115.0,315.58694558263244,8.68733024597168,13911,1149.9375314499316,1134.3040040255912,-0.008992572834317716
28,125.0,318.266565954817,10.10478401184082,14563,1148.5065577147566,1131.4290324795716,0.15270350292976964
28,155.1,318.86050324328176,8.179339408874512,14029,1147.6850096229239,1135.289543089315,-0.06694164098777522
28,165.0,320.32583239277653,11.845743179321289,14176,1144.5450761851016,1139.154980248307,0.35130346592361944
28,175.0,320.92710689529366,10.9583158493042,13705,1143.3551988325428,1141.293323604524,0.2500701698227204
28,185.4,357.29708092129573,13.463890075683594,16238,1143.1536519275774,1133.5524695159502,0.5358936158472659
28,191.1,362.06864054032826,18.16646385192871,12733,1140.973297730307,1147.8080578025604,1.0723398435262999
28,196.7,359.15181932245923,13.803224563598633,13549,1141.9834674145693,1145.1600118089896,0.574603206515032
28,202.4,360.3601014370245,15.90075969696045,14196,1141.2482389405466,1142.664130741054,0.8138795822308512
28,208.0,358.4773377991464,12.933810234069824,18511,1143.3291556371887,1124.5612338609476,0.4754247439203996
28,213.7,358.2536592614607,13.68152141571045,13459,1142.9621814399286,1144.296307303663,0.5607199167065711
28,219.3,359.5879175835167,13.324148178100586,14997,1140.6991398279656,1140.9819963992798,0.5199525551911222
28,225.0,357.32413549753,14.0770263671875,14170,1142.1964008468597,1142.6880028228652,0.6058371544881446
28,230.6,357.63735469889014,10.9275484085083,15227,1139.3269192881066,1141.4507125500754,0.24656037320162907
28,236.3,359.20560314887706,14.040387153625488,17276,1138.7322875665664,1135.4295554526511,0.6016575352337368
28,242.0,358.73388598546285,15.62775707244873,16647,1139.414429026251,1136.4621853787469,0.7827368006320637
28,247.6,357.8509629807404,13.31775951385498,16667,1138.9418611627768,1136.640127197456,0.519223768148636
28,253.2,355.9398851163055,14.5637845993042,17583,1139.7885457544219,1133.0466928283001,0.6613641126678876
28,258.8,357.8510445564174,16.81641960144043,17663,1136.7310762611107,1135.5981430108136,0.9183335100089801
28,264.5,356.39274412296567,14.986346244812012,17696,1140.0046903254972,1132.6911731464738,0.7095678435353511
28,270.1,358.57975296968266,35.376522064208984,16921,1133.7158560368773,1140.6457656166892,3.03557768845939
28,275.8,355.22251380460335,12.374122619628906,18291,1138.5768410693784,1131.8445683669565,0.41157836452659374
28,281.4,352.02683473389357,12.513402938842773,17850,1139.0856022408964,1132.6081792717087,0.4274667706180915
28,287.0,355.4044108833753,11.866570472717285,16686,1136.4321586959127,1139.4323984178352,0.35367933996763445
28,292.7,357.9545817187144,15.260046005249023,17548,1134.124173695008,1138.2253248233417,0.7407901509332218
28,298.3,355.3305275295474,12.0886812210083,17345,1137.6276160276736,1135.8840588065725,0.3790166294429356
28,304.0,355.74937907930456,13.366726875305176,17313,1135.3426327037487,1138.1709697914862,0.524809721198867
28,309.6,357.413553774969,14.006265640258789,17722,1132.9592032501976,1138.5486965353798,0.5977651226955796
28,315.3,356.0953662018228,18.045494079589844,18214,1137.23822334468,1133.4594268145383,1.058540213552989
29,90.1,327.36193158711274,61.81028747558594,66391,129.58849844105376,363.76760404271664,-0.4344126873881929
29,95.1,382.01805913654067,92.11734771728516,91145,111.64954742443359,298.7251302869055,-0.15709171938529629
29,100.1,401.78495634246906,127.2601089477539,32984,67.9375151588649,162.51931239388796,0.16447772631498528
29,105.1,440.4084935405564,145.83694458007812,35839,71.12704037501047,166.8391417171238,0.3344627396716622
29,110.1,392.3677362685625,119.4010009765625,36431,73.18495237572397,169.08369245971838,0.09256394078684181
29,120.1,387.249136758397,113.82743072509766,38228,74.29133096159883,177.2269540650832,0.041563682594801546
29,130.1,400.89417525617387,119.46268463134766,33083,68.00522927183145,166.11746214067648,0.09312836936284205
30,100.1,319.6376058473753,72.90850830078125,58693,135.95212376262927,379.82140970814237,0.2043700537248136
30,105.1,341.0861572003991,57.770057678222656,54122,134.47878866265106,382.8010051365434,-0.04570085040594564
30,110.1,316.39285258222816,72.06204986572266,54817,136.47855592243283,384.79849316817774,0.1903874717921036
30,115.0,337.89576167757684,27.662132263183594,54078,132.14893302267095,382.98731461962353,-0.5430513598973697
30,120.1,316.87167760577125,72.2804183959961,52259,136.85305880326834,390.3458543026082,0.1939946847863984
30,125.0,375.01417463252164,58.04916000366211,76263,114.81536262669971,334.1021596318005,-0.041090380509928956
30,130.1,319.40809449552796,51.529510498046875,55791,133.75508594576186,380.5426860963238,-0.14878797038450653
30,135.1,340.9775872068937,21.744205474853516,48276,137.92631949623,391.75548927003064,-0.6408091383804639
30,140.1,330.64524804819575,41.011661529541016,65068,123.38327595745989,362.021285424479,-0.32253151037040334
30,145.1,383.3018817503619,95.28150177001953,89810,108.88905467097206,293.8303752366106,0.5739478159712904
30,150.1,401.2484640117149,113.72323608398438,31413,68.6915608187693,156.93633209180913,0.8785854099110717
30,155.1,433.7748848173149,127.87161254882812,37332,71.88958534233366,172.2675988428158,1.1123013550074299
30,160.1,398.8363291672518,110.86276245117188,28484,69.31986378317652,146.3075410756916,0.8313334654793423
31,150.1,320.1769834195044,40.63713836669922,56090,128.66856837225887,375.67910500980565,-0.38453993456196234
31,155.1,342.46470681332596,39.73039627075195,50548,136.56059586927276,387.8480849885258,-0.39827278023311424
31,160.1,319.01896266046293,37.72911834716797,59749,127.46030895914576,372.0371889069273,-0.42858265664946255
31,165.0,371.27615844957467,104.30262756347656,90401,108.3087244610126,295.8907091735711,0.5796905137932027
31,170.0,377.7984716269944,107.73699188232422,38734,74.28197449269376,175.4261114266536,0.6317048576513361
31,180.0,375.3182482475044,104.78541564941406,40371,74.08015654801714,179.95623095786578,0.5870024653455612
31,185.4,423.2796801131092,106.99400329589844,45266,77.0255600229753,179.72736711880881,0.620452101615836
31,191.1,437.3950635350357,138.34085083007812,41001,73.59113192361161,177.04397453720642,1.0952082879538034
31,196.7,433.1740612718405,135.11216735839844,42238,74.25976608740945,170.81580567261707,1.0463090342015493
31,202.4,447.9332252564497,135.58848571777344,35777,70.75350085250301,161.49677166894932,1.053523000056746
31,225.0,448.55859941944846,135.16812133789062,33072,69.71099419448475,150.44756894049348,1.0471564718229935
31,264.5,428.73692347946053,121.68580627441406,42041,72.48833281796341,155.499226945125,0.842963291773108
32,150.1,272.20425956563986,45.549652099609375,38079,410.96221014207305,341.8711363218572,-0.18917625421268763
32,155.1,279.6072480771738,46.90273666381836,38355,411.6827792986573,343.23793508017206,-0.16509016257098375
32,160.1,270.9152411326955,44.76444625854492,41388,410.9583937373152,339.8142698366676,-0.20315360666037882
32,165.0,333.68896150578394,65.32544708251953,76505,333.3926017907326,232.50204561793348,0.16285023610824856
32,170.0,366.52542822294106,78.34275817871094,37714,254.40746142016226,118.8345972317972,0.3945697873358018
32,180.0,371.0461567144303,98.25619506835938,37546,252.0420817130986,115.29217493208331,0.7490464242825516
32,185.4,408.0593595140406,100.19767761230469,37534,257.9666169339799,120.01084350189161,0.7836065158771023
32,191.1,416.29238243504403,97.49853515625,37256,253.4138393815761,116.5052877388877,0.7355594135228212
32,196.7,416.82938028092485,113.02628326416016,36807,254.9563398266634,116.43328714646671,1.0119669447365565
32,202.4,418.2878497612045,97.51866912841797,37061,255.1021559051294,117.52524216831709,0.7359178158810896
32,213.7,415.2324021443388,95.00297546386719,37121,257.7055305622155,119.15802376013578,0.6911362628654089
32,225.0,415.16597130629054,96.95744323730469,37151,257.2741245188555,120.51293370299588,0.7259275029305063
33,170.0,271.9562640718408,46.63492202758789,38641,410.8160244300096,345.33482570326856,0.06121343420834604
33,175.0,278.47138140554335,42.150665283203125,36043,408.1616125183808,349.9039203173987,-0.04082926882791832
33,180.0,270.6924440392991,45.60628890991211,39492,411.6516256457004,349.9771599311253,0.037806098334526105
33,185.4,280.8397294589178,38.10432815551758,39920,408.17720440881766,350.9125751503006,-0.13290677496582265
33,191.1,281.6645879026504,47.22831344604492,37843,410.0705018101102,348.6854636260339,0.07471651125086852
33,196.7,279.23227647921004,46.41463851928711,38889,413.3026048497004,346.7044408444547,0.05620071395108809
33,202.4,280.65216724204066,47.422855377197266,39105,411.1185781869326,350.5000639304437,0.07914346216832845
33,208.0,346.8693039825597,71.17816162109375,75228,337.6895570798107,238.1576008932844,0.6197136834467765
33,213.7,280.1895845674402,47.381591796875,38827,409.4983645401396,350.59121230071855,0.0782044777361122
33,219.3,281.7125941028858,41.82592010498047,38256,408.78651714763697,355.1573086574655,-0.04821909453879646
33,225.0,279.994812501613,47.59404373168945,38747,406.3445944202132,353.0013936562831,0.0830389845294393
33,230.6,344.2560072243744,70.13050842285156,76408,336.370955920846,241.54826719715214,0.5958735310453582
33,236.3,422.3038255090739,98.99456024169922,35211,255.86345176223338,118.82454346653034,1.2526971778765161
33,281.4,412.5545841481652,95.97462463378906,34772,259.22173012768894,120.56873346370644,1.1839762258898796
33,287.0,419.1728544445756,99.99311065673828,33884,256.10229016645025,116.08617636642663,1.2754199587690607
33,304.0,423.2142245578814,97.05521392822266,33871,257.3723834548729,116.09577514688081,1.2085658644323494
33,309.6,417.4931619566451,100.9081802368164,35244,260.56270570877314,121.77457155827942,1.2962430692063382
33,315.3,426.4823608194077,98.16474914550781,32853,258.07515295406813,118.38520074270234,1.2338141896598203
34,170.0,314.5251052167955,47.70012283325195,51085,135.5630028384066,391.58381129490067,-0.17940036584580107
34,175.0,348.7995201942628,34.695430755615234,68361,121.703412764588,354.0626819385322,-0.4031240153320337
34,180.0,315.1860351083652,67.79224395751953,50985,138.80364813180347,397.8494263018535,0.1662504682535665
34,191.1,347.7088274850226,55.14292526245117,49074,135.371540938175,391.7040184211599,-0.05135958549323444
34,196.7,347.2379961228446,85.31114959716797,49005,133.29645954494438,391.5757371696766,0.4676334984175028
34,202.4,346.16170531902617,38.94490432739258,52002,130.4294257913157,380.98005845929003,-0.3300190367444829
34,208.0,384.0347722713426,108.51644897460938,94213,108.19460159425982,288.15713330432106,0.8668412792052839
34,213.7,353.7841986023804,25.236391067504883,62678,120.85875426784517,354.3053862599317,-0.565850734813402
34,219.3,366.3638528138528,37.65670394897461,69300,115.09714285714286,345.4872582972583,-0.35218033731266885
34,225.0,340.7501329372719,39.77308654785156,54537,127.20111117223169,375.3346718741405,-0.31577156762375563
34,230.6,366.945709111173,44.30483627319336,71780,114.09529116745611,340.2480774589022,-0.2378105070266221
34,236.3,369.56834906921443,62.27336883544922,71069,112.68999141679213,341.0894904951526,0.07130759102146488
34,242.0,352.9961833781611,32.63407897949219,66551,120.67234151252423,357.0536881489384,-0.43858607313978626
34,247.6,381.73863994180175,101.36266326904297,92099,103.95994527627879,284.03120555054886,0.743772540927045
34,253.2,359.57287396663054,36.0854606628418,72941,115.0664235477989,338.31663947574066,-0.37921091059389755
34,258.8,352.18366765186863,32.06747817993164,66653,118.31669992348431,356.1312769117669,-0.44833347799356876
34,264.5,340.18596701649176,44.89812088012695,50025,128.63832083958022,388.5541229385307,-0.22760405256735516
34,270.1,376.93179589490416,76.73907470703125,88719,108.09119805227742,265.70308502124686,0.32016550250942966
34,275.8,376.91056121808407,73.13312530517578,87613,104.88180977708788,280.27906817481426,0.2581312647720293
34,281.4,339.83647714975444,22.06026268005371,60065,124.16648630650128,345.6733039207525,-0.6204906316933386
34,287.0,375.28500057690087,74.0218276977539,86670,103.6611514941733,276.41482635283256,0.273419880710628
34,292.7,376.8640956051725,75.5774154663086,87694,106.26031427463681,266.23554633156203,0.3001811273898684
34,298.3,377.5576056084036,61.461387634277344,88724,107.21146476714306,269.0841936792751,0.05733883293354567
34,304.0,448.04026170105686,139.727783203125,31792,73.9468105183694,114.9099458983392,1.4037792979797368
34,309.6,439.9496323529412,111.98934936523438,35360,75.0118778280543,121.65345022624435,0.9265866345781258
35,196.7,318.5183052241876,50.3935546875,2431,1135.9197860962568,35.85684903331962,0.0
36,213.7,314.16059225512527,47.960453033447266,3512,1136.7064350797266,38.95387243735763,-0.04039270142359876
36,219.3,317.0282626766417,51.998046875,3609,1134.8766971460238,42.23718481573843,0.04039270142359876
37,236.3,280.1914878137504,46.57831954956055,41235,404.6872559718686,348.70879107554265,-0.4189047450411658
37,242.0,344.87407734691755,72.27058410644531,76952,335.2802006445576,240.97846709637176,-0.09837680054829434
37,247.6,430.6473623343119,103.74620056152344,33723,251.01847403849004,111.3575304688195,0.2943022730170092
37,253.2,419.552728112995,98.02922821044922,34621,255.77016839490483,118.52049334219116,0.22297927257245098
38,247.6,281.0157115138895,47.061912536621094,42262,399.65060811130564,346.53587146845865,-0.3457857870160078
38,253.2,279.5789498772553,47.44198226928711,41957,401.3090783421122,348.53914722215603,-0.34050238462895754
38,258.8,344.3861400793918,71.06175231933594,74315,335.9746484558972,241.65404023413848,-0.012160665364332865
38,264.5,424.43325145748867,98.16769409179688,33791,256.3944245509159,116.87325027374153,0.3646428134586218
38,270.1,420.81469012558915,95.94940185546875,34159,258.5347346233789,119.77074855821306,0.333806023550676
39,264.5,280.3800033099274,45.87102127075195,42297,401.74823273518217,347.45731375747687,-0.0935646810341324
39,270.1,279.7324576649948,46.0306282043457,40274,403.8334657595471,347.51392958236084,-0.09041076473243756
39,275.8,340.26306056403143,69.47508239746094,75705,338.1256323888779,246.3525394623869,0.3728638850531986
39,281.4,277.71238916134143,45.514404296875,40374,400.3194382523406,350.9707980383415,-0.10061161854522085
39,287.0,279.5208989759748,46.13861846923828,40624,399.48441807798343,348.58997144545094,-0.08827682074140795
39,292.7,340.68620648718525,67.32666778564453,75811,336.4078299982852,245.17179564970783,0.330410091133105
39,304.0,279.8145074611943,45.096187591552734,40007,399.53393156197666,347.3934061539231,-0.10887579889664793
39,309.6,278.6538099251401,45.41884231567383,40342,399.97320410490306,348.4371622626543,-0.10249997316457451
39,315.3,280.0710691051921,46.56652069091797,40735,399.19221799435377,344.1897631029827,-0.0798212495321892
40,292.7,906.5851332286844,528.6549072265625,50327,131.26168855683827,1016.2485345838218,0.08096944071886499
40,298.3,861.9040179637858,468.0816650390625,62793,124.18463841510996,1054.290987848964,-0.04288796197405808
40,304.0,862.2076939453989,511.9922790527344,61061,124.10029314947347,1057.834051194707,0.0468984586627953
40,309.6,852.3142295852863,499.5632019042969,64647,120.59023620585641,1049.838693210822,0.0214840486381473
40,315.3,857.7624838854978,436.9894104003906,64383,121.40425267539568,1049.4307348213038,-0.10646398604574939
41,304.0,339.957106295854,42.58245086669922,58610,126.47439003583007,356.3849684354206,-0.13262218261096423
41,309.6,335.53998780594026,29.4239444732666,57405,127.04670324884592,368.02646110965946,-0.40065270512278334
41,315.3,378.05998249669005,75.27354431152344,89126,105.44045508605794,265.94455041177656,0.5332748877337476
