cell_id,time_seconds,mean_intensity,mean_intensity_sub,area,centroid_x,centroid_y,dF_F0
0,0.1,484.7878047677206,190.17239379882812,22107,86.41597683991496,57.85411860496675,-0.003692619769522053
0,5.1,485.71988514652935,192.78396606445312,21941,87.1660817647327,56.86222141196846,0.009989327805896495
0,10.1,483.4525066558368,190.85240173339844,22161,87.5710031135779,57.057668877758225,-0.0001300789070224763
0,15.0,484.204837558015,189.8366241455078,22408,87.4071313816494,57.79333273830775,-0.005451706758847829
0,20.1,485.70077463520084,190.7407684326172,22204,86.83291298865069,57.805530535038734,-0.0007149223705038384
0,25.1,483.20106218189864,263.4231872558594,22595,86.70944899314007,58.84992254923656,0.3800660566142863
0,30.1,483.08211378497396,188.40304565429688,22481,86.36021529291402,58.718918197589076,-0.012962180820840373
0,35.1,482.4307084138179,189.4806365966797,22261,86.69129868379677,58.07955617447554,-0.007316714687090062
0,40.1,486.4217739732265,192.9705352783203,21962,85.03965941171114,58.2691011747564,0.01096675823618444
0,45.1,483.5375717319597,189.08758544921875,22131,85.92535357643125,58.287876733993045,-0.009375897679957258
0,50.1,483.9310726643599,184.53382873535156,21675,84.73167243367935,57.86196078431372,-0.03323289043885014
0,55.0,481.37327618337684,186.5225372314453,21464,84.20336377189713,57.6503913529631,-0.022814107185371066
0,60.1,480.8368357149528,185.9732666015625,21414,84.39983188568226,57.16904828616793,-0.025691719289654635
0,65.1,523.5644340530876,215.66339111328125,21813,83.5732361435841,58.88887360748178,0.1298539389423105
0,70.1,482.56672066651237,183.58059692382812,21605,84.11400138856746,57.998750289284885,-0.038226842872850164
0,75.1,523.6383159084487,213.694091796875,21234,82.65258547612319,57.874022793632854,0.11953683979019124
0,80.0,485.10539249779754,186.12477111816406,21567,84.22474150322252,57.605415681365045,-0.024897991740596894
0,85.1,522.3184939505769,211.2380828857422,21407,82.36511421497642,58.438267856308684,0.10666988389194497
0,90.1,483.0105645273887,183.49853515625,21487,82.22590403499791,58.912086377809835,-0.038656761974354095
0,95.1,524.4327873416547,219.5828094482422,21551,82.93758990302074,58.69444573337664,0.15038765225015813
0,100.1,485.18098591549295,191.12689208984375,21300,82.73657276995306,57.82798122065728,0.0013079677119723601
0,105.1,524.7190569744597,216.55970764160156,21378,82.14842361306016,58.65160445317616,0.1345497139407193
0,110.1,482.5944732781596,192.1387481689453,21387,82.52489830270726,58.31701500911769,0.006609050898664482
0,115.0,526.1861375069872,225.0724639892578,21468,82.09083286752376,58.85401527855413,0.17914778522674227
0,120.1,485.0026659183387,196.9083709716797,21381,82.11846966933258,58.51419484589121,0.0315969595238601
0,125.1,522.1399812294698,333.3296203613281,21310,82.21914594087283,58.09751290473956,0.7463037309543561
0,130.0,483.23973541223717,194.91693115234375,21165,82.13271911174108,57.9859673990078,0.021163866951085897
0,135.1,521.2615013252556,325.174072265625,21128,82.53365202574783,57.34371450208254,0.703577062823076
0,140.1,482.56662065025944,186.4560546875,21007,81.43009473032798,57.8901318608083,-0.023162407208660883
0,145.1,523.6954979665185,215.39158630371094,21146,81.64234370566537,58.34105741038494,0.12842996182161703
0,150.1,482.14156258803644,184.2726593017578,21298,81.23138322847215,59.073950605690676,-0.034601149148657
0,155.1,522.3163211817965,209.98187255859375,20985,81.9727900881582,57.3614010007148,0.10008863624049198
0,160.1,481.3049323108965,181.896484375,21126,81.886064564991,57.92061914228912,-0.04704985723376295
0,165.0,520.9127915194347,202.7632293701172,21225,81.49818610129564,58.51326266195524,0.062270384388766135
0,170.1,481.2149198996333,293.5421142578125,20724,81.9177764910249,56.61759312873963,0.5378581980352554
0,175.1,518.715792991502,320.63189697265625,20946,80.08464623317101,58.69354530697985,0.6797807447756077
0,180.0,480.5725705480112,296.43841552734375,20766,80.28667051911779,57.81513050178176,0.5530318321919427
0,185.4,534.9063143281153,335.9675598144531,20889,80.61649672076213,58.2038393412801,0.760123815422188
0,191.1,537.2079546001058,336.2087097167969,20793,79.60679074688598,58.56216034242293,0.7613871924173847
0,196.7,539.1216466454584,345.5677795410156,21061,80.88381368406058,58.489340487156355,0.810419074236285
0,202.3,533.4176537477495,343.5120849609375,21106,80.43670046432294,59.00895479958306,0.7996493529285845
0,208.0,537.0823380295423,341.1440734863281,20513,80.54233900453372,57.05606200945742,0.7872434129207014
0,213.6,535.992589384534,320.9588623046875,20781,80.8345604157644,57.510418170444154,0.6814937061937978
0,219.3,538.8129868873083,337.03436279296875,20667,80.00851599167756,57.80408380509992,0.765712763741739
0,224.9,538.6891179404361,334.59246826171875,21053,80.5397805538403,58.590557165249606,0.7529197526499062
0,230.5,533.6690859711556,322.7250061035156,21356,81.07328151339202,59.04092526690391,0.6907464797755519
0,236.2,535.8138173859256,337.87548828125,21017,80.56420992529857,58.27425417519151,0.7701193945619887
0,241.8,537.8471971066908,328.81884765625,21014,80.66246311982488,58.21923479585038,0.7226719301086162
0,247.4,537.1341837939996,320.6980895996094,21165,80.36111504842901,58.98398299078668,0.6801275259326036
0,253.1,538.1337295690936,336.3891906738281,20863,79.72894598092317,58.52293534007573,0.7623327266555008
0,258.8,540.49330055909,331.61865234375,20748,79.67649893965684,58.0712357817621,0.7373400216104298
0,264.4,538.728070591584,347.2424621582031,21079,81.25091323117795,57.92252953176147,0.8191926854724805
0,270.0,538.1810798122066,338.1034240722656,21300,80.42906103286386,59.2856338028169,0.7713135432303163
0,275.7,539.8651934767925,328.8958435058594,20726,80.20129306185467,57.662163466177745,0.7230753090201425
0,281.3,542.5760144789484,321.8568420410156,20996,80.27576681272623,58.42917698609259,0.6861981946883137
0,287.0,540.1707410972089,324.840576171875,20780,80.72420596727623,57.26448508180943,0.7018298869431076
0,292.6,540.88671875,329.30340576171875,20992,79.21903582317073,58.9444550304878,0.7252105152680358
0,298.2,537.3295626656569,302.13330078125,21128,80.27375993941689,58.63356683074593,0.582867162623943
0,303.9,539.726971817666,295.6029052734375,21148,80.94930962738793,58.11845091734443,0.5486546194135958
0,309.5,539.9223397224058,296.4633483886719,21182,80.6320932867529,58.44863563402889,0.5531624546932178
0,315.2,535.443071247406,284.2035827636719,21685,80.89458150795481,59.65538390592575,0.488933915902228
1,0.1,325.32042363364116,79.22276306152344,64112,253.6417519341153,170.82238894434738,0.01067913361110696
1,5.1,324.1740666508136,77.69252014160156,58874,253.93027482420084,169.11937357747053,-0.008842838720508289
1,10.1,323.85496588568486,78.18793487548828,62144,252.68629312564366,171.9208290422245,-0.002522618184474165
1,15.0,324.5965779029363,78.04086303710938,60723,254.29226158127892,169.4295901058907,-0.004398877386339566
1,20.1,328.2709396956983,78.7842788696289,59349,249.33331648384976,165.90859155166893,0.005085200680214697
1,25.1,329.2975348813438,81.42913055419922,58699,248.28194688154824,167.48879878703215,0.038826720235844256
1,30.1,327.76180049900705,78.87847137451172,58917,249.30707605614677,166.75003818931717,0.006286855300032626
1,35.1,327.4958444900372,79.20271301269531,57514,246.8690058072817,165.0830754251139,0.01042334644596185
1,40.1,331.0496836462945,79.74976348876953,58953,246.2494190287178,163.3871558699303,0.01740230653058886
1,45.1,329.2787381158168,79.27745819091797,57850,246.82558340535869,163.2296283491789,0.011376903088628
1,50.1,332.45358297872343,80.1770248413086,58750,242.29894468085106,161.77693617021276,0.0228530648344155
1,55.0,330.8463479159732,78.39472961425781,57077,246.00439756819733,158.58139005203498,0.00011555194918572422
1,60.1,330.80181830872857,78.57152557373047,57306,241.419031166021,159.5285484940495,0.002371014650063814
1,65.1,364.76713927700916,101.16059875488281,58258,243.2516220948196,158.62611143533934,0.2905496142032655
1,70.1,333.6226756595236,81.06908416748047,58565,247.1443353538803,159.1447963800905,0.034233452390513966
1,75.1,361.16209418539233,100.43553161621094,60434,242.59840487142998,161.7491643776682,0.2812996183787866
1,80.0,333.3444320617231,80.25165557861328,58325,247.92747535362196,160.6038405486498,0.023805161504677853
1,85.1,362.229791308942,99.38065338134766,60568,240.93242306168273,160.79388455950337,0.2678420794180604
1,90.1,334.3972248698585,79.20918273925781,54556,252.45533030280814,148.91286018036513,0.010505883552523135
1,95.1,362.09864845131665,98.15660095214844,61633,243.20390050784482,163.20227800042184,0.2522263119185489
1,100.1,334.7746241488573,79.34786987304688,59332,244.84236162610395,160.21885323265693,0.012275175442937061
1,105.1,360.3570127795527,95.9965591430664,62600,243.7533067092652,162.53333865814696,0.22466972212286832
1,110.1,332.75894215518076,78.34929656982422,61786,247.0782701582883,160.04279286569772,-0.00046405709512140146
1,115.0,362.6592135322996,98.4473876953125,61719,244.46646899658128,160.30844634553378,0.2559360044651016
1,120.1,335.50466446467414,79.92990112304688,62065,244.73775880125675,159.40734713606702,0.0197004004256578
1,125.1,358.56985232228936,99.56856536865234,65345,246.04200780472874,164.55053944448696,0.27023935410509387
1,130.0,335.4732754909428,80.1619873046875,60394,247.06952677418286,158.14945193231117,0.02266122446055667
1,135.1,359.8488567085116,96.7867202758789,63807,243.78176375632768,159.9000736596298,0.23475015025062657
1,140.1,334.3826463031232,79.71149444580078,62661,244.18689455961444,159.44210912688914,0.01691409175875938
1,145.1,358.64267672925354,95.24723815917969,65722,249.7649949788503,160.81137214327015,0.21511030948027815
1,150.1,334.33716486902927,79.08247375488281,64900,248.56,157.0924191063174,0.008889402107039887
1,155.1,359.5722232410294,94.32499694824219,65436,246.00366770584998,157.91092059416835,0.2033448785355518
1,160.1,332.2444031613086,76.3337173461914,63518,252.75274725274724,150.37590919109545,-0.026177675059743114
1,165.0,359.7754568372923,99.34097290039062,63863,253.07419006310383,153.54746880040085,0.2673358583199174
1,170.1,334.1659302747851,84.66665649414062,66088,247.37265464229512,158.32299358431183,0.08012924220774761
1,175.1,360.4720752311125,98.4966812133789,62740,247.4914727446605,154.982355753905,0.2565648632451635
1,180.0,334.18438594859396,83.01988983154297,64506,247.97144451678915,153.6135708306204,0.05912072597458698
1,185.4,369.059850488435,107.31632232666016,65413,249.82217602005719,154.67373457875345,0.36908084848301265
1,191.1,369.3221359163211,107.23837280273438,64628,248.53227703162716,154.6682088258959,0.3680864126130402
1,196.7,371.4455535810863,107.76638793945312,64715,253.55322568183576,153.68789306961293,0.3748225306211691
1,202.3,369.37250245400713,108.49384307861328,63162,253.67553275703747,150.8952218105823,0.38410299120314056
1,208.0,371.7440196630973,109.45340728759766,63876,250.34491827916588,153.61323501784707,0.3963445678144917
1,213.6,370.5883955367449,108.94679260253906,64975,252.0179453636014,154.86186994998076,0.3898814646458727
1,219.3,372.52852881143036,109.09607696533203,63690,252.34974093264248,153.00954623959805,0.3917859499808782
1,224.9,374.20819547731065,110.36028289794922,65890,249.289725299742,156.02004856579148,0.407913973131135
1,230.5,372.3275051401795,109.32575225830078,62741,257.02626671554486,152.3264531964744,0.39471601726380373
1,236.2,373.44163066606484,110.47854614257812,62036,251.84046360177962,152.4911825391708,0.40942270861321806
1,241.8,372.29487159398946,108.25359344482422,63821,255.17196534056188,149.14335406841008,0.38103802247010427
1,247.4,376.0342346171947,112.33553314208984,65869,248.50315019204785,158.40415066267894,0.43311309682065885
1,253.1,373.9122087246386,109.92654418945312,62398,252.1114619058303,154.54261354530593,0.40238058038925345
1,258.8,376.2507272389676,112.87261199951172,64628,247.38226465309154,155.40228693445565,0.43996484464316843
1,264.4,375.2249943039417,124.28076934814453,61446,253.42025518341308,151.03972593822218,0.585503653688005
1,270.0,376.8403691032924,114.18781280517578,63722,247.17171463544773,153.17198141929003,0.4567434314965569
1,275.7,374.73846714403396,112.6856460571289,63124,249.31869019707244,153.3839427159242,0.4375796390613396
1,281.3,377.14864017064525,114.08908081054688,63758,249.09592521722763,154.5610903729728,0.455483864638055
1,287.0,377.16243654822335,113.83304595947266,64025,246.1376181179227,153.9942522452167,0.4522175170447884
1,292.6,375.7597936977575,112.77676391601562,61851,249.86960598858548,148.7568349743739,0.43874206908924224
1,298.2,374.62508267862614,112.56153106689453,61987,251.79010115024118,149.01301885879298,0.4359962503236758
1,303.9,376.24249923666576,113.34314727783203,62227,249.5990807848683,152.06722162405387,0.44596766717861724
1,309.5,376.72316557942275,112.76109313964844,61777,247.62131537627272,151.4407303689075,0.43854215020141574
1,315.2,372.66225601052145,109.37226104736328,62349,253.7800125102247,147.9855490865932,0.39530935004870654
2,0.1,326.06416681582243,84.15484619140625,33522,622.6825368414773,92.3723226537796,0.007063301623180137
2,5.1,326.694617199228,83.15149688720703,32641,625.0290432278423,91.04463711283356,-0.004943567959469874
2,10.1,329.16863057324844,83.69315338134766,31400,626.5899681528663,87.29101910828025,0.0015383211060061713
2,15.0,327.4098410387089,84.92784118652344,32964,625.7982951098168,92.13193180439266,0.01631356975569326
2,20.1,329.2785307038041,81.89568328857422,32097,627.2114527837492,90.75327912265944,-0.01997162452541004
2,25.1,331.57160264221125,83.15190887451172,31186,629.0192394022959,84.26604886808182,-0.004938637794255837
2,30.1,332.3586503345076,84.229248046875,30941,629.2043566788403,83.26660418215313,0.007953652941092728
2,35.1,330.07518516213355,84.32440948486328,32134,627.2255243667144,87.10901226115641,0.009092429806179251
2,40.1,334.2228996833524,83.36608123779297,29686,634.0780502593815,84.00838779222529,-0.002375682277803593
2,45.1,330.26988609620633,83.39472961425781,31869,628.5029652640497,91.2889014402711,-0.0020328531967164537
2,50.1,330.58164086687304,80.73927307128906,32300,627.0347058823529,91.15560371517027,-0.03381014178443027
2,55.0,332.45880289695043,84.98998260498047,30791,627.7029326751324,89.68279692117827,0.017057203008810373
2,60.1,331.6383149900238,82.73097229003906,31074,629.3553131235116,86.3974061916715,-0.009975897152663492
2,65.1,384.76232143961414,124.28954315185547,32342,625.0157071300476,94.2662173025787,0.487346758367983
2,70.1,340.73180403080454,91.12763977050781,30515,630.3324922169425,90.07334097984598,0.09050525227847121
2,75.1,382.34353709459674,122.76675415039062,31851,625.6262597720637,95.37113434429061,0.46912386344399165
2,80.0,340.74793548579436,90.49476623535156,33543,622.053304713353,98.32710252511701,0.08293178811486525
2,85.1,384.2298839820359,127.34618377685547,32064,624.906998502994,93.48281561876247,0.5239249322818982
2,90.1,342.48193768102107,89.80816650390625,31419,625.7054966739871,89.3552627391069,0.07471539388760666
2,95.1,390.77093323496865,129.63186645507812,29821,629.6773414707757,86.36058482277589,0.551277214991303
2,100.1,345.69119826138495,93.7881851196289,30369,629.122954328427,84.61849254173664,0.12234343753651396
2,105.1,390.73900690475404,130.2031707763672,30269,630.8913409759159,85.15801645247613,0.558113893353478
2,110.1,346.83363802559415,92.61034393310547,28991,634.6333344831155,81.23817736538926,0.10824846038700803
2,115.0,391.3471336559105,129.5087890625,31207,628.8032492709968,85.88970423302464,0.5498043737832876
2,120.1,349.6108667704175,92.15473175048828,29558,631.4915082211246,80.6815752080655,0.10279624545641901
2,125.1,391.76556640427043,130.7201690673828,29599,630.3077130984154,82.69059765532619,0.5643007029009585
2,130.0,349.9911022015896,93.42761993408203,28434,635.8011887177323,80.10522613772244,0.11802862998067422
2,135.1,392.91896044895776,130.8060302734375,29936,630.816174505612,83.33367851416355,0.5653281858513058
2,140.1,348.14177116265853,93.74323272705078,28151,632.035593762211,82.08848708749245,0.12180550173204913
2,145.1,395.8618866399488,130.42422485351562,29693,630.1367325632303,81.293503519348,0.5607592008888758
2,150.1,352.2367737925487,97.94866943359375,27351,636.7646521150964,78.03045592482907,0.1721310761478807
2,155.1,398.31467781709017,135.77577209472656,27981,632.6682749008255,78.29484292913048,0.6248000384333767
2,160.1,341.1022509160705,89.35620880126953,34386,619.6391554702495,102.00918978654103,0.06930691134845325
2,165.0,384.89101689890305,126.97300720214844,33730,621.2372961755115,99.83625852356953,0.5194592068908954
2,170.1,342.21959979476657,92.02437591552734,33133,621.048350587028,99.72474572178794,0.10123630466295566
2,175.1,383.3027539131458,125.22166442871094,33988,621.0872660939154,98.91658820760269,0.4985012571647397
2,180.0,340.5619984008055,91.23494720458984,33767,619.027038232594,102.70876891639767,0.09178937771801599
2,185.4,407.11416592989764,146.30198669433594,35063,617.9291846105581,105.5732253372501,0.7507650292571524
2,191.1,407.9969557300558,146.50787353515625,35148,616.459343348128,108.0120063730511,0.7532288336731889
2,196.7,407.9391258233784,147.3312225341797,35828,618.1621636708719,112.11200736853857,0.7630816775540843
2,202.3,407.7182247124742,140.5644073486328,33910,621.8603951636685,109.308846947803,0.6821046269070996
2,208.0,407.18536460989293,145.4674835205078,35298,619.9158025950479,110.71151340019264,0.7407787057180548
2,213.6,403.29362085929813,142.13644409179688,36588,616.085793156226,112.53110309391057,0.7009168591728799
2,219.3,406.0951488885782,143.5573272705078,35765,616.4966307842864,110.7809590381658,0.7179202686012439
2,224.9,405.905141646219,143.56436157226562,35864,616.2896219049743,112.26243586883783,0.7180044466073058
2,230.5,406.5834699530782,146.02040100097656,35378,618.2547628469671,110.2282491944146,0.7473953526327145
2,236.2,404.766532132878,145.49459838867188,35431,615.0470491942085,110.07730518472525,0.741103183628623
2,241.8,405.66316847158646,145.34532165527344,35828,614.7304063860668,112.38598303003238,0.7393168204327373
2,247.4,402.2999573583498,143.7484893798828,37522,613.7073983263152,113.575449069879,0.7202078652605567
2,253.1,403.5573662911517,146.11672973632812,36572,615.6098107842065,112.46593021984032,0.7485480982992407
2,258.8,404.5988744206577,144.22857666015625,36248,615.5111730302361,113.69438313838005,0.7259529685246018
2,264.4,405.30154402559464,145.99560546875,35945,616.5177354291278,113.47475309500626,0.7470986297263141
2,270.0,402.59141184124917,146.7206268310547,36888,614.4481132075472,117.76810887009326,0.7557748075094596
2,275.7,401.8815482417317,143.9054412841797,37281,613.4385343740779,116.34237279042944,0.7220860756083928
2,281.3,410.147767591042,151.27101135253906,35231,616.8600096505918,107.07709119809259,0.8102282996997765
2,287.0,404.2416673513543,147.89584350585938,36513,614.3980500095856,114.42480760277162,0.769838377680565
2,292.6,403.81610629067245,148.5377960205078,36880,612.2761388286334,116.22508134490239,0.7775204880775913
2,298.2,404.63350317090357,145.70350646972656,36898,613.4798905089707,113.44520028185809,0.7436031425895626
2,303.9,406.6596539412249,145.22325134277344,36410,614.3153529250206,113.01323812139522,0.7378560307396895
2,309.5,406.95564426083075,147.8173828125,35824,614.5834635998214,113.45720745868691,0.7688994551053585
2,315.2,406.85034331227683,149.0120086669922,36410,615.2892337269981,110.9269706124691,0.7831952908376585
3,0.1,402.0508513117876,78.38349914550781,35181,840.7891759756687,73.52147465961741,-0.1201295584282562
3,5.1,408.2030435424977,117.5671615600586,47379,896.0006542983178,65.30733025179931,0.319714882390699
3,10.1,407.67944478379,113.00263977050781,47477,894.6500831981801,66.2248035891063,0.26847721315778544
3,15.0,402.87643967653224,78.78614807128906,36727,844.046096876957,75.74667138617366,-0.11560974377354338
3,20.1,411.58461209660186,57.686920166015625,46790,894.719384483864,65.23131010899765,-0.35245279334668483
3,25.1,407.3554579774559,28.080209732055664,37349,850.7941578087766,72.6923076923077,-0.6847940343859099
3,30.1,413.83792530766937,117.27384948730469,46966,895.0159902908487,65.29736405058979,0.31642239576040426
3,35.1,413.3809326252904,121.84840393066406,48208,897.7079322933953,66.30339362761367,0.36777268353718146
3,40.1,410.96593155102465,81.3900375366211,38452,853.1997035264745,73.8541038177468,-0.08638056418036609
3,45.1,414.247393602574,120.72501373291016,47863,897.1908572383678,65.65704197396737,0.3551624040761918
3,50.1,406.41641828117235,85.33180236816406,40260,849.9245901639345,79.76535022354695,-0.042133466248907535
3,55.0,411.18343778221725,123.3758773803711,36541,841.51503790263,74.89121808379629,0.3849188782507899
3,60.1,408.5786410780333,87.4559555053711,38663,845.4212037348369,78.67167576235677,-0.01828942280641129
3,65.1,431.443830247726,41.01348114013672,34191,837.0763066303998,73.7363633704776,-0.5396154783269252
3,70.1,414.411432506887,112.26512145996094,36300,842.5379614325069,75.05691460055097,0.26019842274089555
3,75.1,430.5876374255611,133.78868103027344,34928,835.9153973889144,74.85404260192396,0.5018046800498605
3,80.0,419.66303739506486,121.55593872070312,39310,847.4506486899008,77.24187229712541,0.3644897031109695
3,85.1,434.83069709928384,152.7066650390625,38818,844.5961667267762,79.42694110979443,0.7141628309989607
3,90.1,425.6183879433967,121.72610473632812,36959,838.1786303741984,78.69317351659947,0.36639985064126196
3,95.1,446.5006288067467,98.15901184082031,40553,846.7828767292185,80.37176041229995,0.10185452339018643
3,100.1,432.45510852027274,158.85533142089844,38426,840.2803310258679,82.35637328891896,0.7831828398457255
3,105.1,449.47006767308693,94.44881439208984,40341,846.4350908504995,82.6792593143452,0.060206815605761445
3,110.1,432.74184620955435,161.60890197753906,38663,839.4710705325505,86.93174352740346,0.8140922196001656
3,115.0,453.5356502785178,175.83274841308594,41290,845.9208040687818,85.96558488738194,0.9737577382428168
3,120.1,432.1048103061104,90.9616928100586,42305,848.2590001181893,86.27698853563409,0.0210631790031075
3,125.1,445.2094589519541,165.6692352294922,39941,842.7847074434791,83.97233419293458,0.8596702717446925
3,130.0,434.0524194539333,164.0904083251953,40691,840.8876901526136,88.61455850188003,0.841947624241163
3,135.1,447.32568161829374,28.736230850219727,34110,829.2748754031076,82.13699794781589,-0.6774300662394014
3,140.1,437.26466363418723,93.80665588378906,41770,847.830069427819,81.86940387838162,0.05299845802518459
3,145.1,456.22139111851095,175.70982360839844,40241,841.7473472329217,85.58398151139386,0.9723778827456829
3,150.1,440.53550432120505,152.4627227783203,36911,834.1706808268538,85.31375470726884,0.711424530374249
3,155.1,452.610615199035,29.154529571533203,37305,836.7612384398874,81.62029218603405,-0.6727345795024829
3,160.1,439.4363458310017,90.31197357177734,35740,832.8006715165081,84.05733072188025,0.013769950717611357
3,165.0,457.5705786221337,176.15402221679688,39162,837.523058066493,85.62905367448036,0.9773641008907998
3,170.1,436.8993286877505,92.16064453125,39177,842.9756489777166,80.63322868009291,0.03452165166442072
3,175.1,450.46883015200194,25.599428176879883,37039,837.741542698237,81.0562110208159,-0.7126413030864761
3,180.0,437.04445674740487,107.61515808105469,36125,835.5190588235295,78.16423529411765,0.2080016545933593
3,185.4,460.4610895920318,95.49286651611328,39758,843.6309422003119,82.54580210272147,0.07192650933470703
3,191.1,460.0322146233266,175.03665161132812,37871,838.4191861846796,81.7612421113781,0.9648213925561283
3,196.7,464.5983814470347,182.9130096435547,41395,841.749196762894,89.4766034545235,1.0532350854295156
3,202.3,470.19975182052707,21.53213119506836,30623,844.9202560167195,66.83600561669334,-0.7582975244902512
3,208.0,463.44842817024295,75.76128387451172,36677,839.8560405703847,81.60574747116722,-0.14956444885212586
3,213.6,461.04430618401204,29.024192810058594,37128,843.9277634130575,78.5486156000862,-0.6741976356957107
3,219.3,463.8072233369347,169.05313110351562,38874,841.5122704121006,83.34552657303082,0.8976551791469852
3,224.9,464.830439638542,177.43673706054688,39396,841.5523657224084,84.85320844755813,0.9917628313415267
3,230.5,464.03073235047344,98.50181579589844,41715,845.4015581924967,86.60091094330576,0.1057025662897157
3,236.2,464.66187494069646,98.46443176269531,42156,844.7224357149635,84.65580225827877,0.10528292304642153
3,241.8,465.3211592999931,100.53224182128906,43371,843.5508288948837,90.05114016278158,0.1284945041722387
3,247.4,469.64507460394645,180.05746459960938,39073,840.157730402068,84.78596473267986,1.0211810216771429
3,253.1,468.40538996522605,180.916748046875,40260,844.0371833084948,84.7871087928465,1.0308266500864764
3,258.8,471.8560047439798,179.92770385742188,38786,839.659799927809,84.08601041612953,1.019724431415521
3,264.4,470.9332335020138,187.12847900390625,38732,840.2814468656408,82.85477124857998,1.100554571392235
3,270.0,471.59361955873584,106.757080078125,46956,853.7749169435216,88.89564698867025,0.19836955753758484
3,275.7,464.88800932530705,191.55088806152344,57478,892.2923553359547,80.09097393785449,1.1501969968102832
3,281.3,470.2955361475012,183.61798095703125,41220,839.2142891800097,89.53471615720524,1.061148529300305
3,287.0,469.73588015707566,176.0606689453125,41254,842.2946623357735,85.01616812915111,0.9763161917632596
3,292.6,466.7379864223277,101.59380340576172,45074,846.1954119891734,89.81204241913298,0.14041074509370677
3,298.2,475.20308191100844,188.46754455566406,53668,896.9715845569054,72.32518446746664,1.115585849801119
3,303.9,476.6175586929356,34.46065139770508,37611,847.3391295099838,74.93294514902556,-0.61317230166183
3,309.5,473.69246108949415,101.12501525878906,41120,843.5893239299611,84.09265564202335,0.13514850446427615
3,315.2,470.20734367723117,99.02393341064453,40797,842.9984312572003,85.4096134519695,0.11156344085192717
4,0.1,327.6267980735496,78.08731079101562,31353,461.81019360188816,105.16499218575575,0.03900821029930773
4,5.1,328.5681273431258,76.43594360351562,32542,462.97323458914633,107.63880523631,0.01703557417378775
4,10.1,329.1449891405523,74.0218276977539,32230,464.8815079118833,111.51948495190815,-0.015085985927231479
4,15.0,326.98595554523826,75.66449737548828,34462,463.53009111485113,107.87371597701816,0.006770923533301566
4,20.1,329.5969580580734,71.56854248046875,32545,463.0730066062375,104.40270394837917,-0.047728722079165564
4,25.1,328.37389813171274,68.68014526367188,33239,462.0484972472096,107.12052107464123,-0.08616093843361726
4,30.1,329.4138454531653,68.6124496459961,32935,462.7824806436921,106.37847274935478,-0.0870616776427656
4,35.1,324.1245327562463,67.28619384765625,35581,461.6429555099632,108.93645484949833,-0.10470847133399751
4,40.1,330.66165525454005,67.7972183227539,33590,466.7938969931527,106.3999702292349,-0.09790892067830444
4,45.1,328.12623387027554,69.6551742553711,34951,465.8906755171526,106.80112157019828,-0.07318747171548945
4,50.1,330.96701681315653,68.04644012451172,32653,463.2865280372401,106.03518819097786,-0.09459284415333662
4,55.0,328.4543791067121,68.84391021728516,36069,465.86736532756663,108.96423521583631,-0.08398192714945531
4,60.1,328.7582836363636,65.33597564697266,34375,463.5858618181818,105.80296727272727,-0.13065753657723972
4,65.1,371.5209085614444,93.2444839477539,34340,463.936808386721,105.07874199184624,0.2406853739159
4,70.1,336.51174823988464,70.79825592041016,35367,465.79780586422373,102.0294624932847,-0.05797794249765349
4,75.1,372.1426996925576,91.99858093261719,34478,464.69136840884045,102.60084691687453,0.22410773218575794
4,80.0,339.2618364418938,72.57276916503906,34850,462.2961262553802,104.00430416068866,-0.03436675891638424
4,85.1,367.9544433486741,92.02490234375,36504,465.4826046460662,106.86957593688363,0.22445795761927104
4,90.1,340.42767314340205,72.1666488647461,33556,467.4308618428895,109.22848372869234,-0.03977048356894538
4,95.1,367.061934292123,90.33039093017578,37895,471.90500065971764,112.49101464573162,0.2019112563266448
4,100.1,336.5797206098814,70.44554138183594,36007,471.7113616796734,112.80639875579749,-0.06267106482134747
4,105.1,368.02597047566974,90.45415496826172,36580,472.76612903225805,110.20833788955713,0.20355802646648524
4,110.1,334.910895736691,68.04843139648438,36216,471.768223989397,108.18610558869008,-0.0945663488379317
4,115.0,369.4412393763719,90.22734832763672,35534,471.4212585129735,109.75474193729949,0.2005401998904048
4,120.1,341.2302786169856,68.3675308227539,32769,467.16408801000944,102.4445054777381,-0.09032049992295041
4,125.1,366.35298466593645,89.79415130615234,36520,473.91223986856517,111.15013691128149,0.19477619985710803
4,130.0,340.712665516939,67.79035949707031,34211,472.09344947531497,105.84010990617053,-0.09800018232025466
4,135.1,368.9328106558759,86.78549194335938,35586,469.0314168493228,104.49744281459,0.1547438085726659
4,140.1,339.30931609507735,67.70137023925781,34961,469.76499528045537,103.49801207059295,-0.09918424882938418
4,145.1,373.28435934144596,83.78321075439453,33528,465.954098067287,100.44917680744453,0.11479628350921418
4,150.1,333.98167973462,69.85233306884766,39792,480.11147969441095,116.48419280257338,-0.07056413094654869
4,155.1,364.2016997452904,88.29203033447266,39653,479.7763094847805,117.33225733235821,0.17478939269691654
4,160.1,340.544920993228,70.20166778564453,33225,463.90079759217457,98.71410082768999,-0.06591597959881017
4,165.0,372.6107295394205,104.2376480102539,34652,466.54392242871984,103.59116356920235,0.3869573815238116
4,170.1,338.6849953136982,81.64337158203125,35209,465.9500127808231,103.80453861228663,0.08632417394001989
4,175.1,372.67150645964205,95.6950454711914,33748,466.9383074552566,103.20241199478488,0.27329186934906186
4,180.0,337.7282207194408,76.97140502929688,35194,464.89077683696087,104.00286980735352,0.02416027615224675
4,185.4,388.5086510396293,117.00848388671875,33233,464.9164685703969,98.25841783769145,0.556882599765014
4,191.1,389.45603302349065,117.4057388305664,33673,465.4013898375553,100.29857749532266,0.5621683644309832
4,196.7,392.9783947888113,120.42459869384766,33927,467.1641465499455,98.57844784390014,0.6023364807602389
4,202.3,387.33288799821867,116.33712005615234,35928,470.34763972389226,102.96826987307949,0.5479496178888248
4,208.0,389.77071440927176,117.27472686767578,34686,468.18753964135385,100.85057371850314,0.5604251554036536
4,213.6,390.4900472233845,116.95293426513672,33458,464.06563452686953,98.20066949608464,0.5561434718283736
4,219.3,389.7159732171574,115.23979949951172,34201,464.5328499166691,101.61346159469021,0.5333489733522097
4,224.9,392.08972257988995,116.32634735107422,34172,464.3967575793047,98.38584220999648,0.5478062792476305
4,230.5,389.9571234185461,115.97815704345703,34541,465.77502098954864,100.40491010682956,0.5431733550926534
4,236.2,391.0590228665724,116.73955535888672,33936,463.5718116454503,98.03833686940122,0.5533043109806941
4,241.8,392.24079831808353,118.01941680908203,33771,463.8447188416097,97.07171833821918,0.5703337942773773
4,247.4,395.7574389940239,119.71981811523438,32128,463.34978834661354,96.6671750498008,0.5929588648554158
4,253.1,393.8539779055417,117.88325500488281,33221,464.3752445742151,96.3054694319858,0.5685220628826213
4,258.8,394.9265452817299,118.43445587158203,33667,465.86206077167554,98.46945079751686,0.5758561895188593
4,264.4,395.3207248153575,126.099853515625,33443,466.20416828633796,96.5645127530425,0.677849855412729
4,270.0,394.2291309235047,121.85481262207031,33806,465.0466781044785,96.86434360764362,0.62136651264192
4,275.7,394.8051574212894,118.8167724609375,33350,463.3665967016492,97.99196401799101,0.5809431885619825
4,281.3,397.8943746619388,121.61369323730469,33278,465.75019532423823,98.15535789410421,0.6181582446417031
4,287.0,394.2842985536575,120.14427947998047,33602,464.4563121242783,98.2552229033986,0.5986066306506336
4,292.6,394.3378224355129,121.08570098876953,33340,462.84151169766045,96.52363527294541,0.6111329254746671
4,298.2,393.73617251646664,119.72698211669922,33249,463.99467653162503,99.21507413756805,0.5930541870821023
4,303.9,395.2082845916194,118.7862548828125,33339,464.7559614865473,98.41221992261316,0.5805371300883441
4,309.5,393.3756837322374,117.82388305664062,34553,464.64587734784243,99.5756374265621,0.5677320761221578
4,315.2,394.33934103908484,119.07609558105469,33568,464.59169447092466,98.90082816968541,0.5843936704417246
5,0.1,486.9065381096488,171.0337371826172,71045,1102.7429798015341,241.66547962558943,-0.05525571384904349
5,5.1,485.8486389225883,196.72447204589844,73361,1101.0457054838403,242.06333065252656,0.08665298421787163
5,10.1,489.54491328841266,192.27313232421875,90530,1067.7905335247983,233.770308185132,0.0620649828267573
5,15.0,507.8595818815331,180.23797607421875,57400,1090.0210801393728,202.28324041811845,-0.004413977917585627
5,20.1,486.92519270515135,164.91603088378906,76931,1096.6889680362922,243.49372814600096,-0.08904827527799995
5,25.1,506.01655323082093,127.13761901855469,59505,1085.583093857659,201.8948155617175,-0.29772604457347834
5,30.1,508.6885198028837,212.83261108398438,54790,1084.7313560868772,190.18311735718197,0.17563000458495934
5,35.1,485.97926793621235,195.0169219970703,92369,1062.4075284998214,233.45263021143458,0.07722093777767308
5,40.1,504.9104743317553,161.95994567871094,75833,1045.1663787533132,199.75725607585088,-0.10537689355458624
5,45.1,486.91673606217836,187.94183349609375,93666,1060.7866354920675,236.73922234321952,0.03814005499152953
5,50.1,497.0644432381938,160.63343811035156,79217,1040.9186412007523,204.17665400103513,-0.11270416398898851
5,55.0,503.4089403402229,215.59584045410156,57962,1076.4390290190124,194.68883061316035,0.190893339186339
5,60.1,501.7200819561642,184.21807861328125,74186,1038.0874288949396,197.24907664518912,0.017571036232338313
5,65.1,521.5462027955547,184.43011474609375,55159,1079.5329864573325,194.873928098769,0.01874226670553009
5,70.1,485.14098336858694,192.35694885253906,96444,1058.1035212143834,245.46699639168844,0.06252796274826294
5,75.1,513.9928174156345,193.79153442382812,58614,1084.1131470297198,209.19676186576586,0.07045222695365091
5,80.0,496.6076893117454,202.8196563720703,89865,1058.3734935736938,238.3774995827074,0.12032114033749944
5,85.1,497.02267007845705,207.2647247314453,94574,1062.6460443673736,252.01403134053757,0.14487450041280475
5,90.1,509.51600907516547,195.64442443847656,74489,1045.355260508263,207.86379196928405,0.08068709220913095
5,95.1,500.2103816793893,181.6993865966797,91700,1062.2081025081789,247.27856052344603,0.0036584600911897347
5,100.1,508.5584701832678,231.67794799804688,73499,1043.0088300521095,206.86036544714895,0.2797265685929154
5,105.1,497.97436731154824,179.37901306152344,92265,1065.6116403836775,251.80304557524522,-0.009158658187259252
5,110.1,488.7754763785221,199.7811279296875,89897,1065.478325194389,250.1249652379946,0.10353712782900072
5,115.0,499.1681190639381,215.04759216308594,91917,1066.9781977218577,254.6660791801299,0.18786496332984934
5,120.1,507.59063620666757,194.9175262451172,75290,1048.7865187939965,216.8899588258733,0.07667190242200446
5,125.1,499.5229094338005,214.48129272460938,93324,1066.2037203720372,256.8904247567614,0.18473687779792888
5,130.0,505.09699568557295,205.63377380371094,76024,1051.986530569294,218.95960486162264,0.13586556688102755
5,135.1,490.299043859108,167.92584228515625,81055,1093.4271297267287,268.12830793905374,-0.07242288796743929
5,140.1,492.08217487405614,171.98416137695312,89127,1057.7394280072256,241.13790433875258,-0.05000582665246202
5,145.1,502.507401666779,217.00840759277344,89034,1064.0574162679425,249.92656737875419,0.19869597950191584
5,150.1,492.2835991654889,211.22476196289062,89154,1056.5657738295533,242.69484263185052,0.1667486792092279
5,155.1,510.5662436936248,156.6902618408203,65410,1069.3506956122917,215.68237272588289,-0.134485207374295
5,160.1,508.2756004366812,227.762939453125,73280,1037.9918395196507,207.43051310043668,0.25810111612970965
5,165.0,518.8130588251453,237.4108428955078,72809,1044.0525484486807,211.68389896853412,0.3113935355124142
5,170.1,504.05926137990264,192.57431030273438,76846,1034.6522525570622,210.43414100929132,0.06372860883998839
5,175.1,506.1378837297199,162.6575164794922,71437,1065.1668603104833,223.9220851939471,-0.10152370038299476
5,180.0,500.77128102825685,225.14524841308594,79202,1027.035845054418,209.9841923183758,0.2436416960543305
5,185.4,518.5294518534356,193.23486328125,74834,1034.748416495176,208.5307079669669,0.06737732553432288
5,191.1,510.24383420538214,224.7451171875,85431,1044.9140944153762,233.89787079631515,0.2414314789631886
5,196.7,506.93705420426164,221.1692352294922,88886,1054.560943230655,246.35100015750513,0.22167927040230634
5,202.3,515.6489623904577,186.2303924560547,65728,1070.0234146786759,221.50278420155794,0.028686515764150225
5,208.0,519.323096750677,225.4261016845703,76816,1042.8807670277026,217.28176421578837,0.24519305386158205
5,213.6,516.4950876175751,183.3367462158203,62088,1064.9508278572348,212.50289911093932,0.012702793507735273
5,219.3,508.5955146267152,195.24412536621094,87306,1054.4150459304058,241.54065012713903,0.07847594797814987
5,224.9,507.0872820180968,218.96067810058594,89629,1048.9558736569636,244.92928628011023,0.20947979582762458
5,230.5,505.6009315365832,175.15670776367188,88456,1052.6211562810888,242.87134846703447,-0.032481535125105834
5,236.2,504.58969864934437,155.03103637695312,91289,1054.1617829092224,246.87432220749488,-0.14365032182625243
5,241.8,521.5045867862947,185.76654052734375,74453,1047.810444172834,215.79898728056625,0.026124322675883327
5,247.4,519.9826106040459,228.00157165527344,77461,1048.1386245981848,220.82225894321013,0.25941925612468997
5,253.1,511.3150691390916,221.68331909179688,84829,1050.3132890874583,235.93304176637707,0.22451893115880492
5,258.8,522.7372679742178,234.1460418701172,72298,1044.1137237544608,210.52074746189382,0.2933596542152741
5,264.4,512.3038670780245,222.5927276611328,84922,1045.8322342855797,237.03471420833236,0.22954225909286916
5,270.0,515.9358078172688,188.12301635742188,81256,1054.0301516195727,232.20729546125824,0.039140860305193835
5,275.7,508.8746749869995,219.19427490234375,86535,1053.3132027503323,243.1380481885942,0.21077012162742975
5,281.3,517.8917500490485,223.47174072265625,81552,1051.7815872081617,236.7791102609378,0.23439769043060366
5,287.0,522.1119248951328,228.0957489013672,75095,1049.2253545509022,216.30769025900526,0.25993946585990435
5,292.6,505.90412512088574,173.67233276367188,89961,1057.1919498449329,244.14253954491392,-0.04068082272096767
5,298.2,512.7444574659595,220.1224822998047,82769,1047.1362345805796,232.18857301646753,0.21589728922348106
5,303.9,515.526134760959,149.90196228027344,69486,1066.7459344328354,223.60956163831563,-0.17198194531705632
5,309.5,506.7542867109236,140.60684204101562,91737,1054.5413955110805,246.57913382822633,-0.2233256853287049
5,315.2,517.0516447579353,175.70291137695312,77975,1040.4862712407823,217.54109650529017,-0.02946445351756605
6,0.1,494.6900856288043,179.2562713623047,19386,901.2360466315898,178.8002682348086,-0.043255495671730315
6,5.1,488.98016877637133,185.6297149658203,18960,898.3128691983122,183.2564345991561,-0.009238514871180098
6,15.0,514.0790440032365,189.91749572753906,16067,904.443331051223,178.16810854546586,0.013646657560235096
6,30.1,502.3516509715103,194.6391143798828,16778,893.737573012278,179.98819883180354,0.03884735298267532
7,0.1,557.7420506049035,280.6027526855469,28021,56.443381749402235,251.9790871132365,0.02110459620342123
7,5.1,542.8001152811579,267.8883972167969,31228,62.92958242602792,244.8468041501217,-0.02516254366834466
7,10.1,548.2656814230306,277.568603515625,29908,59.915072890196605,249.51955998395078,0.010063422753330551
7,15.0,549.1005076476794,272.9206848144531,30336,61.535535337552744,250.02571202531647,-0.006850207291721008
7,20.1,553.8724397641686,275.0352783203125,29343,58.77183655386293,250.15625532494974,0.0008447320033136765
7,25.1,555.1763832798316,285.8321533203125,28971,58.38034586310448,251.69417693555624,0.04013422072578717
7,30.1,549.9045696211051,273.0858459472656,29718,60.16976243354196,250.89396998452116,-0.006249191121298764
7,35.1,547.313560751763,269.7514343261719,29637,59.716131862199276,249.6915004892533,-0.018383010192376967
7,40.1,557.7780778113341,274.5114440917969,28145,56.64135725706164,251.62313021851128,-0.0010614842873917594
7,45.1,549.5449218084563,268.2335205078125,29351,59.7135702361078,248.61841163844502,-0.023906650861377703
7,50.1,557.462764795807,270.8782653808594,27474,55.51823542258135,252.19654946494867,-0.0142825074065915
7,55.0,545.1158264535394,261.1993408203125,28465,57.909573160021075,248.08663270683294,-0.04950380962295301
7,60.1,544.9622893258427,262.6014709472656,28480,57.89058988764045,250.09473314606743,-0.04440150216728967
7,65.1,592.283077036004,295.3528747558594,27247,55.893419459023015,252.69170917899217,0.07477982674342937
7,70.1,539.6000137926278,260.39410400390625,29001,59.87631460984104,251.33178166270127,-0.05243404108503012
7,75.1,587.5952084401788,295.35064697265625,27298,56.04776906733094,249.1553593669866,0.07477171991038413
7,80.0,543.5124872751951,262.8088073730469,29470,61.99911774686122,245.71367492365118,-0.043647011431545264
7,85.1,591.5842208626029,297.88134765625,26478,54.641098270262106,251.17184077347233,0.08398086014475868
7,90.1,519.1032237969164,242.39141845703125,32105,69.4392462233297,255.60641644603643,-0.1179452478710846
7,95.1,595.9182851278932,303.1916198730469,26311,54.29006879252024,249.87708562958457,0.10330477381191748
7,100.1,550.3954940968335,267.4443054199219,27697,58.061595118604906,246.8663032097339,-0.02677857975703359
7,105.1,592.1978635682159,301.994873046875,26680,55.04880059970015,250.55221139430284,0.09894984973152052
7,110.1,551.1471002147989,272.717041015625,27002,56.31738389748907,249.4612621287312,-0.007591260674061665
7,115.0,596.2862529996572,306.24517822265625,26253,54.64891631432598,249.54359501771225,0.11441657665675845
7,120.1,556.6279131456289,276.8225402832031,26389,55.05638713100156,249.39959831748078,0.007348522103235835
7,125.1,592.591985848331,310.0489807128906,26004,53.42847254268574,249.0176126749731,0.12825849434521738
7,130.0,547.2176900584795,268.5372009277344,27360,56.802997076023395,248.34550438596492,-0.022801567359553656
7,135.1,590.8042155837111,312.2640686035156,25809,53.188306404742534,248.34150877600837,0.13631912954734748
7,140.1,550.8048396993404,274.5768127441406,26076,54.61324589660991,248.9766451909802,-0.000823609816393155
7,145.1,591.9249649102842,307.7236328125,26361,55.05090853912977,248.47240241265507,0.11979662643360176
7,150.1,555.7550143266476,278.3052978515625,25826,54.44048633160381,250.20858824440487,0.012744230283632281
7,155.1,594.9069204017037,313.2717590332031,25591,53.976476104880625,247.35168613965848,0.13998608334397397
7,160.1,546.2251721839591,266.9480895996094,27006,58.31037547211731,246.92116566688884,-0.028584293528479576
7,165.0,583.0101800217074,296.3998718261719,26719,57.95796998390659,251.31816310490663,0.07858981616967593
7,170.1,553.9783363586141,291.5035095214844,25342,53.27811538157999,244.81785178754637,0.060772107661319213
7,175.1,587.9652342237708,309.84356689453125,25830,55.928687572590015,247.96318234610916,0.12751099991744352
7,180.0,554.2509047993706,283.1575012207031,25420,54.697521636506686,246.45995279307633,0.030401245813681345
7,185.4,606.0637029005151,337.4469909667969,25823,55.33539867559927,247.8536188669016,0.22795899239572393
7,191.1,611.8394965209914,331.8857116699219,25582,56.04909702134313,245.76893909780316,0.20772167185463258
7,196.7,608.5283346547363,333.90045166015625,26487,57.54619247177861,247.55710348472834,0.21505324734522868
7,202.3,594.1132233207328,325.33319091796875,27512,59.63128816516429,250.66072986333236,0.18387725481844053
7,208.0,604.8474202501806,331.4240417480469,26301,56.74757613778944,245.12729554009354,0.2060416695216415
7,213.6,602.4319451400393,326.6611328125,25957,56.564472011403474,246.89744577570596,0.18870959362844675
7,219.3,604.1248650732459,322.2249450683594,25940,56.36646106399383,246.320200462606,0.1725664458802151
7,224.9,615.1137318914507,340.1415710449219,24505,53.40473372781065,247.2205672311773,0.23776448459520702
7,230.5,586.5426098294158,319.8674011230469,27611,61.44869798268806,250.4448951504835,0.1639874175732197
7,236.2,591.6194960360293,324.38507080078125,26867,59.531842036699295,247.54758625823501,0.18042707551639356
7,241.8,596.413344334846,321.2643737792969,26663,59.341409443798526,247.39196639537937,0.16907095715512077
7,247.4,615.8838441165342,340.0425720214844,23787,51.712279816706605,247.10320763442218,0.23740423026097757
7,253.1,598.8410558298518,325.17724609375,26330,58.63851120394987,245.28784656285606,0.18330977650527394
7,258.8,612.836168011587,337.7158203125,24165,53.00591764949307,246.50184150631077,0.22893725393401837
7,264.4,598.8029314739841,324.00213623046875,26676,58.11752136752137,246.94586894586894,0.1790335886526725
7,270.0,614.8179555260538,341.5468444824219,24104,52.25535180882841,247.60035678725524,0.24287823045913964
7,275.7,602.5696367293812,330.06158447265625,25353,54.70236263952984,246.24474421173036,0.20108373032568785
7,281.3,612.4110907982937,338.3119812011719,24615,53.153118017469026,246.5518179971562,0.23110666466742535
7,287.0,611.3291815695351,338.50872802734375,23765,50.53911213970124,247.59528718703976,0.231822620183078
7,292.6,599.1883473082047,326.39495849609375,25522,55.250058772823444,249.5461562573466,0.1877409936583021
7,298.2,594.5640446814307,324.2987976074219,25693,56.13427781886117,249.8424862803098,0.18011313007777868
7,303.9,601.6626993572959,330.36151123046875,25206,54.19812742997699,249.75347139569945,0.20217515436909322
7,309.5,605.7937998871241,334.3539123535156,24806,53.6974925421269,248.51539950012094,0.2167033765537106
7,315.2,597.3806899763282,325.4710998535156,25769,56.730645349062826,249.66025068881214,0.18437910109969297
8,0.1,460.3656439969605,211.2677459716797,42112,472.8313782294833,343.9891954787234,0.0017613395094050132
8,5.1,458.6195275070213,209.12294006347656,42371,470.12442472445775,340.46140048618156,-0.00840861629576207
8,10.1,461.1809665284999,210.95150756835938,41737,473.33210340944487,343.89711766538085,0.00026184224796815407
8,15.0,462.85133293484756,213.28956604003906,41825,470.7995696353855,342.65783622235506,0.011348137392874578
8,20.1,463.4683086871761,209.84967041015625,42062,471.8087109505016,341.42805858019113,-0.004962702854485674
8,25.1,463.99637193656895,210.71395874023438,41620,470.8884670831331,340.2856799615569,-0.0008645352365215454
8,30.1,465.8536674193313,211.55599975585938,41187,470.5338820501615,340.65591084565517,0.0031281430204208737
8,35.1,456.73065131409584,206.57907104492188,42729,464.57279599335345,338.02160125441736,-0.02047079655826851
8,40.1,463.0519294902334,208.8499298095703,41980,466.12117675083374,339.25724154359216,-0.009703140059411202
8,45.1,459.540224519803,207.50830078125,42847,465.80276332065256,336.8567694354331,-0.016064698404976263
8,50.1,459.9913383430484,206.85333251953125,42717,464.20003745581386,335.9096144392162,-0.01917033992246315
8,55.0,465.28375258525324,212.1389617919922,41582,461.744721273628,336.24717425809246,0.005892354980526794
8,60.1,464.7705257012188,210.0015106201172,41107,463.74330406013576,335.85017150363683,-0.004242727112697584
8,65.1,502.151809832523,238.7463836669922,40722,462.900790727371,336.4541771032857,0.13205589431210482
8,70.1,470.8759188690842,214.8291778564453,40675,463.61044867854946,335.7919606637984,0.018648464229013496
8,75.1,500.022690397758,236.56500244140625,40678,460.73858105118245,333.1615861153449,0.12171251052451727
8,80.0,477.6563284781517,220.84930419921875,39820,462.21270718232046,333.67596685082873,0.04719389979190813
8,85.1,506.9795414012739,243.32431030273438,39250,463.33969426751594,334.3203821656051,0.1537628988418527
8,90.1,478.1119803021365,219.79824829101562,38989,465.7983790299828,335.0837415681346,0.04221014247647779
8,95.1,511.40118077756006,247.2037811279297,38788,466.25051562338865,334.321723213365,0.17215805837063505
8,100.1,480.34568862586303,222.75338745117188,38526,467.72151274464,332.8742407724653,0.05622242887589654
8,105.1,509.61287482521107,244.72958374023438,38618,468.92563053498367,332.73349215391784,0.16042623779429127
8,110.1,474.02557512214986,216.52088928222656,39296,467.3067996742671,332.9729489006515,0.02666999679263143
8,115.0,510.970106100111,243.9451904296875,38737,465.5381676433384,333.0531016857268,0.15670690576913213
8,120.1,485.0118784456814,222.3446502685547,37547,464.72194849122434,334.2355714171572,0.05428433318749562
8,125.1,512.393965767334,246.0778045654297,37917,464.3088060764301,331.6170583115753,0.16681905224682572
8,130.0,483.87251800855904,221.54132080078125,37621,463.1440418914968,333.6248637728928,0.050475212206898934
8,135.1,510.80250989022505,243.15716552734375,38169,462.616206869449,330.97306714873326,0.15297035394430003
8,140.1,478.73641501607386,218.94326782226562,38572,458.52185523177434,330.5575287773514,0.038156109639188036
8,145.1,511.1362932769207,242.911865234375,38762,461.15275269593934,331.34763428099683,0.1518072215932815
8,150.1,476.78153666818713,220.02281188964844,39462,460.1554406771071,331.9515990066393,0.04327494832432176
8,155.1,510.2606122974016,246.42367553710938,38870,459.14674556213015,329.62919989709286,0.16845905728542593
8,160.1,478.82796915167097,221.32028198242188,38900,457.25699228791774,328.73043701799486,0.04942711969403166
8,165.0,508.3402600035478,252.4738311767578,39461,455.634474544487,327.61019741010114,0.19714688178007003
8,170.1,474.8987471811576,225.8197479248047,39910,456.5273615635179,330.0230017539464,0.07076208972832437
8,175.1,500.3163866784557,239.79432678222656,40716,454.0022841143531,327.736074270557,0.13702489179924404
8,180.0,472.49649743805537,223.66949462890625,40399,453.3564444664472,326.1329983415431,0.060566304223647865
8,185.4,515.8152369526094,259.37921142578125,40008,452.756648670266,323.6904619076185,0.22988989674559532
8,191.1,517.6818763647316,261.20892333984375,39843,451.5813317270286,324.70225635619806,0.23856578169678552
8,196.7,526.8061151079137,269.9627990722656,38920,453.3299331963001,326.6118705035971,0.2800737470479439
8,202.3,519.1637926675095,265.9697570800781,39550,452.2635145385588,325.2979519595449,0.2611400708428347
8,208.0,524.0314762516047,269.1221008300781,38950,451.74284980744545,324.36741976893455,0.2760874357757545
8,213.6,524.8382914598976,271.347412109375,38489,455.08095819584815,326.96523682090987,0.28663912125770524
8,219.3,530.0511339550657,275.30914306640625,37744,453.6838967782959,326.56496396778294,0.30542433095470983
8,224.9,529.9274803149606,275.7481994628906,38100,451.7924146981627,325.49635170603676,0.30750619026475007
8,230.5,534.0810174536599,278.3172607421875,36955,453.86166959815995,328.38065214450006,0.3196878238434752
8,236.2,523.2011701285097,269.4270935058594,39141,450.0047009529649,324.0516082879845,0.27753360953988476
8,241.8,529.6273996966052,275.1589050292969,38234,449.1434848564105,323.44225035308887,0.30471195218336566
8,247.4,535.2558076788172,279.92523193359375,37063,451.5790680732806,324.82200577395247,0.32731228808522267
8,253.1,528.2281298219002,273.9500427246094,38237,451.2858749378874,324.4351282788922,0.298979929455256
8,258.8,531.6164201340854,277.55633544921875,37588,449.55892838139835,324.3322070873683,0.3160797693472951
8,264.4,530.7393979057591,275.50665283203125,38200,451.11130890052357,322.5443717277487,0.30636085653020023
8,270.0,529.4580742907895,274.31494140625,38282,447.88851157201816,319.903427198161,0.3007101575618905
8,275.7,532.4571497480973,277.9296569824219,37316,449.1640315146318,322.3592024868689,0.31784993581283494
8,281.3,534.1275632490014,275.96539306640625,37550,450.22474034620507,320.2049001331558,0.3085360500485519
8,287.0,533.3741626536817,278.5706481933594,37171,448.21374189556377,320.09870598046865,0.3208893028072108
8,292.6,529.3190533725573,275.1315002441406,38072,447.38994536667366,319.6535249001891,0.30458200781272443
8,298.2,532.7184327453884,278.1196594238281,37135,447.992217584489,321.2664602127373,0.318750864155388
8,303.9,535.5549900360855,281.0987854003906,37134,448.56907416383905,320.4870199816879,0.33287688805516763
8,309.5,535.4445941212921,279.2768249511719,37117,448.30729854244686,320.03004014333055,0.32423775797050625
8,315.2,535.2045399138608,280.09161376953125,36917,446.90370290110246,320.3970799360728,0.32810121537780207
9,0.1,655.2199211963266,388.28375244140625,64464,748.240878629933,534.5887472077438,-0.001166512426475478
9,5.1,656.942782978054,389.4703063964844,63565,746.7977503343035,533.9207425469991,0.0018858167469521178
9,10.1,653.6811451135242,384.9137268066406,64832,748.9122038499506,537.9772334649556,-0.009835673669561715
9,15.0,660.9204419011286,391.373046875,62910,747.8270068351613,535.2258146558576,0.006780486936351494
9,20.1,660.7983788623761,389.645263671875,63659,748.1500651910964,538.3167344758793,0.0023358824127338727
9,25.1,658.3111948865928,388.8221435546875,64458,747.6802103695429,540.9477954637129,0.00021846201547842358
9,30.1,661.0850185064575,391.2052917480469,62951,747.7605915712221,538.2787247224031,0.006348948306523777
9,35.1,653.4958969246107,384.1786193847656,65195,747.8578571976378,544.0674284837794,-0.011726687407107661
9,40.1,662.995429601632,391.8612976074219,63233,748.3194850789936,541.4528331725523,0.00803647866613386
9,45.1,662.4156529245329,393.41778564453125,62557,747.4822162188085,538.7285995172402,0.012040438050726016
9,50.1,665.1990349428414,353.9752502441406,61758,747.2147576022539,537.9988179669031,-0.08942279584716797
9,55.0,667.0333716349311,397.7635498046875,60920,740.2600131319764,536.3620814182534,0.02321962014363609
9,60.1,660.7298245614035,390.5292053222656,62415,745.1123928542818,538.8585916846912,0.004609762058533372
9,65.1,704.8660999294378,424.9081115722656,59522,740.9704311011054,534.9501696851585,0.09304715510611555
9,70.1,672.468489592119,400.47821044921875,59282,740.0502007354678,534.308221719915,0.030202899619294593
9,75.1,700.9685942089802,420.75518798828125,59575,740.3562400335711,535.1326395300042,0.08236404225131377
9,80.0,678.952504694206,403.3725891113281,59648,740.2767066791846,538.1936359978541,0.03764849144551803
9,85.1,702.7588311601916,423.9653015136719,60128,740.4257583821181,539.2606439595529,0.09062184049270869
9,90.1,676.143282320115,402.9410400390625,59135,741.8030946140187,538.3940813393084,0.03653836087167889
9,95.1,706.9993592661912,424.9324951171875,59307,742.3325071239483,539.1197160537542,0.0931098801134345
9,100.1,674.5226278347417,397.5689392089844,59882,742.964647139374,541.4263217661401,0.02271899765092891
9,105.1,702.0905260684191,417.05841064453125,59574,741.6781146137577,541.260969550475,0.07285433450839757
9,110.1,669.2496487589483,394.0040283203125,59788,741.8888071184853,540.9807820967418,0.013548507375628774
9,115.0,706.8061200378072,422.9766540527344,59248,741.3713374291116,541.9656190926275,0.08807861228606893
9,120.1,676.9365880937453,398.9830017089844,59011,741.5235972954194,540.2595787226111,0.026356577049091022
9,125.1,701.0750722169347,417.4651184082031,59889,741.4290437309022,542.6312010552856,0.0739005625090732
9,130.0,673.4020933788075,396.5743713378906,59521,740.659615933872,541.6553485324507,0.020160539592699818
9,135.1,697.3563402889246,415.8783264160156,61054,741.0810266321616,544.4734005961935,0.06981864826557276
9,140.1,666.3318663830202,391.4551696777344,61579,740.4174475064551,544.6081293947612,0.0069917422488612975
9,145.1,699.6126097970194,415.9796447753906,60794,739.7890745797282,543.7067309273941,0.07007928283916344
9,150.1,670.0104722258359,393.1534118652344,61496,739.7104689735918,545.2685703135163,0.011360354523311514
9,155.1,700.6608275544746,415.3170471191406,60854,739.9672494823676,545.5434975515168,0.06837479553139204
9,160.1,672.0867023384859,396.85797119140625,60552,738.9511329105562,543.6107808164883,0.020890080885584843
9,165.0,701.646017407901,419.8916320800781,60777,739.8711354624282,545.0179344159798,0.08014260353779096
9,170.1,665.3495743202856,392.2845153808594,61901,737.5744495242403,544.3881682040678,0.00912517754160244
9,175.1,696.1820679896008,411.6554870605469,60774,738.1005035047882,543.8939513607793,0.05895568185411548
9,180.0,665.9483385923112,388.92156982421875,62116,736.8172934509627,545.94964260416,0.0004742293169116971
9,185.4,713.2349645063757,427.8344421386719,60856,738.4519192848692,545.690564611542,0.10057494102828761
9,191.1,708.3322287854776,422.5836181640625,62469,733.7251756871408,547.5407482111127,0.0870675542519501
9,196.7,710.480087262536,428.3787841796875,62799,735.7056641029316,544.43134444816,0.10197522382622048
9,202.3,707.2084363262817,426.3962707519531,62302,734.10176238323,544.919312381625,0.09687534316231326
9,208.0,703.4920265213273,421.3727722167969,64401,732.1426841198119,547.3735035170262,0.08395273558437245
9,213.6,699.2447136495282,417.8620300292969,64222,731.3610756438603,546.4279218959235,0.07492159060067577
9,219.3,703.4731264428366,415.9990539550781,64543,732.2232775049192,547.8680569542786,0.07012921163097177
9,224.9,708.2104949501286,425.2400817871094,63764,730.8735336553541,544.9033937645066,0.09390112585657323
9,230.5,705.8688547771301,424.8501281738281,63647,731.8141782016435,547.0509686238157,0.09289799676580762
9,236.2,705.2716859896634,418.7601623535156,64431,730.9900668932656,547.0153031925626,0.0772319747876559
9,241.8,705.1328748618446,421.8816833496094,65144,729.5380695075524,546.9096463219944,0.08526187478593822
9,247.4,704.6155070135327,421.115478515625,64732,731.034588765989,547.1314496694062,0.08329086507535344
9,253.1,704.1943147677374,423.5921325683594,64905,731.0537400816578,545.6650951390494,0.08966188881624274
9,258.8,701.3947468019074,421.23651123046875,66055,730.8635985163878,546.9407917644387,0.08360221348464883
9,264.4,703.1919813799835,428.28271484375,66595,732.3981079660635,548.0158119978977,0.10172809200764714
9,270.0,704.6489870974606,423.1308898925781,65801,731.9569763377456,546.6814942022157,0.088475373471288
9,275.7,700.6100595731846,419.7992858886719,66305,729.9808159264007,546.74553955207,0.07990504925475318
9,281.3,705.927576643656,429.0867614746094,66346,731.0956802218672,547.6831911494288,0.10379644716138026
9,287.0,700.7879753973864,417.4816589355469,66497,731.0230386333218,547.1419462532144,0.07394311188825578
9,292.6,704.7640975579994,429.8623352050781,65561,730.5372248745443,546.176736169369,0.1057915577195832
9,298.2,701.9114640379701,426.7501525878906,65736,729.9050444201047,545.8643361324084,0.09778568006452942
9,303.9,704.9014763345548,420.7421569824219,65771,731.512353468854,547.0801417037904,0.08233052087693932
9,309.5,704.4120582310932,422.8088073730469,65532,731.3242690593909,546.468473417567,0.08764683814307231
9,315.2,700.8514816896275,421.0726013183594,65837,730.3539195285326,546.9530051490804,0.08318056640791521
10,0.1,315.2161994604648,58.4130973815918,59681,937.5879928285384,472.155929022637,0.014614715114817293
10,5.1,316.5042146503621,58.534908294677734,58961,936.6075541459609,469.7177456284663,0.01673052732849238
10,10.1,314.534571508069,55.93691635131836,57504,936.0800292153589,464.35661867000556,-0.028395668227657926
10,15.0,316.20245088110187,57.31640625,59244,936.578083856593,467.3162007967052,-0.004434419581464332
10,20.1,317.9010010936317,57.657188415527344,59435,938.2918987128796,474.2780348279633,0.0014848453658127055
10,25.1,316.7953302961276,41.165863037109375,61460,933.9908232997071,470.0346404165311,-0.2849636079901688
10,30.1,317.62570602697855,57.20856475830078,60196,934.8211342946375,471.5509668416506,-0.006307587916695283
10,35.1,316.12059815900676,57.78224563598633,61054,934.0725587185115,467.3887050807482,0.0036570447833534302
10,40.1,317.8217964732411,41.94327926635742,61643,931.466768327304,469.03752250863846,-0.2714601647330626
10,45.1,317.6990366586927,55.8564567565918,61868,935.0170685976595,470.9724251632508,-0.02979322275637003
10,50.1,317.4557609123083,26.911178588867188,61032,931.4540241184952,466.76681085332285,-0.5325624043016055
10,55.0,318.68484935027845,57.69288635253906,63027,930.8559506243356,471.6575753248608,0.002104905828532594
10,60.1,317.6289758853477,56.50815963745117,62659,934.0042292408114,475.76250817919214,-0.018473375625458966
10,65.1,341.090168887758,71.77067565917969,62882,930.77177888744,475.85091123055884,0.24663109647879738
10,70.1,321.1214866434379,57.23680114746094,64575,927.7550600077429,472.8048470770422,-0.0058171318849521095
10,75.1,339.0966242778246,49.86610794067383,62831,925.346978402381,474.0807722302685,-0.133843450012704
10,80.0,324.4572660967767,57.21965789794922,63755,926.2033722845267,474.09279272213945,-0.006114904028515176
10,85.1,339.9861906204653,63.8955192565918,62711,920.8196807577618,471.66570458133344,0.10984243215410133
10,90.1,322.963350624163,41.83067321777344,64967,928.9620730524728,478.2725537580618,-0.27341609172590603
10,95.1,338.91722758978585,72.68911743164062,65517,926.5172855899996,477.03600592212706,0.2625841032373239
10,100.1,321.6254378585086,62.06895065307617,65375,928.6572390057362,479.762982791587,0.07811558549868482
10,105.1,338.1171341397308,62.232913970947266,64567,923.0885281955178,476.66066256756545,0.08096356998347069
10,110.1,319.3103548043247,57.49861145019531,65670,930.6684026191564,478.3039591898888,-0.0012695800921126803
10,115.0,335.97343885356867,72.37783813476562,68107,921.4700985214442,472.6055765193005,0.2571772926198904
10,120.1,320.62106808643165,60.5423698425293,67429,927.2600958044758,476.5271915644604,0.05159942005595177
10,125.1,336.0063513835878,70.19149780273438,67072,926.8766251192748,476.9589247375954,0.21920133906555977
10,130.0,319.8045852016267,41.35319137573242,67129,927.7651089692979,478.53800890822146,-0.2817097814094052
10,135.1,335.54570653902664,70.20881652832031,66019,924.4688347293961,477.39986973447037,0.21950215916608853
10,140.1,318.5492959909101,57.073753356933594,65127,925.3673284505658,477.52216438650635,-0.008649213985569065
10,145.1,337.0511935144873,71.19632720947266,66610,926.3867137066507,477.7756342891458,0.23665486829029217
10,150.1,319.97981576191705,58.60532760620117,65893,924.7099540163598,478.74789431350825,0.01795368571081864
10,155.1,336.7184308712262,49.15137481689453,67273,922.2805137276471,475.8604046199813,-0.1462581100337113
10,160.1,320.43307959949556,60.110008239746094,65817,924.5286324201954,479.4576781074798,0.04408945287224426
10,165.0,338.3742471379749,70.14281463623047,65251,926.0826040980215,480.44692035371105,0.21835572978737733
10,170.1,319.750802652504,58.91132736206055,66654,921.6160320460888,476.6067452816035,0.02326879257954471
10,175.1,336.71855695201,41.9179573059082,65722,922.6615288640029,479.9263869024071,-0.2718999981752014
10,180.0,319.5872121114511,39.82170486450195,68299,918.7549744505776,475.47347691767084,-0.3083111571273101
10,185.4,344.3771359625971,74.1642074584961,66305,920.6101802277354,478.1045622502074,0.2882058920904232
10,191.1,345.16849319159104,75.46649169921875,66976,921.319726469183,478.44371118012424,0.31082610593163834
10,196.7,346.67510510645303,76.23561096191406,66837,921.4801083232342,478.04561844487336,0.3241854338322137
10,202.3,345.1331971459869,73.99935150146484,67554,916.9112709832134,475.36566302513546,0.2853424027810726
10,208.0,344.8855996498395,74.1563720703125,68540,914.346264954771,471.8698861978407,0.2880697941859108
10,213.6,344.68319430407433,73.89704895019531,66293,912.3390101519014,473.70017950613186,0.2835654438700636
10,219.3,345.05757643383174,48.941864013671875,67215,912.9836197277393,472.1152718887153,-0.14989723813090106
10,224.9,347.52913971298983,73.15953826904297,67245,913.9707933675367,472.6152576399732,0.2707551457829203
10,230.5,343.4925179012963,70.64698028564453,69967,911.3970443208941,468.7326168050652,0.2271129077094666
10,236.2,345.3552221268134,53.24261474609375,66381,904.3463189768156,465.40208794685225,-0.0751947283384448
10,241.8,346.70899408284026,71.29804992675781,67600,908.2477218934911,467.29791420118346,0.23842175569132748
10,247.4,348.7256562235394,75.32359313964844,64955,913.8720190901394,472.43999692094525,0.30834400880260576
10,253.1,345.6705974387205,75.58015441894531,69028,909.5523121052327,468.1356261227328,0.31280038692621004
10,258.8,345.8393462976598,75.29505157470703,69267,912.3818412808408,466.8117574025149,0.30784825197613963
10,264.4,348.24545576148506,77.20829772949219,67283,913.6642836972192,470.4838072024137,0.34108065685274885
10,270.0,346.8808161895305,77.05619049072266,71503,915.0244744975736,468.4990839545194,0.3384386082429505
10,275.7,349.0291420509655,76.0850601196289,68046,917.3681480175176,474.36541457249507,0.3215704192755025
10,281.3,349.5724208079047,72.40773010253906,68820,911.2767073525138,469.1165794827085,0.2576965054630057
10,287.0,347.5744357887501,69.45278930664062,69832,911.0300864932982,467.2200280673617,0.2063702353591288
10,292.6,345.9152749148122,70.94371032714844,71313,910.0939239689818,466.78665881396097,0.23226700293848232
10,298.2,345.5428866154194,72.86918640136719,70768,911.5824807822745,468.406991860728,0.26571183716361474
10,303.9,348.3556253783402,69.64905548095703,69382,910.8404197053991,467.17887924821997,0.2097793089653415
10,309.5,347.5069113818449,54.25529098510742,69523,912.8895617277735,470.4974468880802,-0.057604902429397926
10,315.2,345.2671606522944,72.0662612915039,68558,907.5021149975204,468.06623588786135,0.25176531372760197
11,0.1,375.33773523741274,122.13632202148438,58611,146.03497636962345,499.48194025012367,0.011306767893626812
11,5.1,373.3409828967309,120.08540344238281,60047,146.87684647026495,500.28509334354754,-0.005675140560103644
11,10.1,372.94289858455176,121.79931640625,59981,146.2178523199013,500.03672829729413,0.008516311673365588
11,15.0,374.88895058300943,120.46041107177734,59433,147.20088166506824,499.7587030774149,-0.0025700220552929056
11,20.1,374.23525307729363,119.37252044677734,60199,149.2763501054835,501.95822189737373,-0.011577916951595732
11,25.1,374.4221491595934,119.61294555664062,59614,148.4782601402355,501.6365283322709,-0.009587161566530715
11,30.1,372.4157782864617,116.92904663085938,61160,148.21463374754742,503.7489699149771,-0.03181024068878858
11,35.1,372.31367787222007,117.67628479003906,60119,147.0071691145894,500.250153861508,-0.025622998473701537
11,40.1,373.2079148285012,116.41539001464844,61429,147.93102606260888,504.83939181819665,-0.03606339326248475
11,45.1,373.61295558506714,116.60546112060547,60993,146.32023346941452,504.44659223189547,-0.034489576459637517
11,50.1,372.7906110039557,115.56645965576172,61178,147.34783745790972,500.51865049527606,-0.04309266189611435
11,55.0,373.0070015868082,114.86376953125,61129,143.81789330759543,502.93764007263326,-0.048911039810963564
11,60.1,372.6646127626102,115.93881225585938,61022,145.18540854118186,502.6540100291698,-0.04000952742563873
11,65.1,397.5992049803709,132.57244873046875,60879,145.3494308382201,501.0252468010315,0.09771943692368668
11,70.1,374.6978945365761,117.27082824707031,63074,145.9455401591781,501.7161587976028,-0.028980238475729125
11,75.1,395.01365318975047,133.76336669921875,62403,145.0057529285451,499.05659984295625,0.10758041342821208
11,80.0,378.81104217765596,120.06253814697266,62379,145.76687667323938,500.695859183379,-0.005864468579937994
11,85.1,395.5720588940578,130.3060760498047,62553,144.5017185426758,501.99820951832845,0.07895353671816374
11,90.1,376.27331334092406,118.98267364501953,62357,144.73313340924034,501.9905543884407,-0.014805905993135804
11,95.1,397.36318927693225,130.85018920898438,62221,144.43750502242008,504.43072274633965,0.08345887396158921
11,100.1,375.95538235804554,117.51998901367188,63383,145.01145417540982,504.9949197734408,-0.026917150563900566
11,105.1,393.9515357404435,128.9265899658203,64171,145.29868632248213,506.25173364915617,0.06753118839574519
11,110.1,374.6904817898186,115.94932556152344,63783,144.45104494928117,507.0044212407695,-0.039922475703472654
11,115.0,396.4466079719259,133.14112854003906,64401,145.48698001583827,505.7382804614835,0.10242818965722446
11,120.1,377.4413445013857,116.97366333007812,64589,144.69496353868306,506.1977736147022,-0.03144080783593864
11,125.1,396.145945102932,129.78182983398438,64120,144.25743917654398,507.38507485963817,0.07461270069717693
11,130.0,376.6656590838267,117.61056518554688,64180,144.6316142100343,505.4153162979121,-0.026167166496008205
11,135.1,394.50205812648124,132.9492645263672,64136,143.55840713483846,505.1163153299239,0.10083952731394978
11,140.1,372.41917093731996,116.6493148803711,65954,142.95251235709736,507.3146738636019,-0.0341264608580333
11,145.1,395.04678635268516,129.37197875976562,64335,141.18974119841454,507.8274345224217,0.07121907332797398
11,150.1,375.1407021986166,116.96280670166016,64768,143.68986227766797,507.54133213932806,-0.03153070232116529
11,155.1,394.86666974837823,128.97647094726562,64899,143.27764680503552,506.71420206782847,0.06794421028219062
11,160.1,377.7420754034983,121.13705444335938,63631,142.15662177240654,505.248133771275,0.00303268490202729
11,165.0,395.63480711536715,132.45358276367188,65998,143.3318282372193,506.14656504742567,0.09673520917960286
11,170.1,374.5457089131252,120.69880676269531,66475,145.65215494546823,504.2201278676194,-0.0005960705585415142
11,175.1,393.06027244170593,136.50643920898438,66216,143.56518062099795,504.57668841367644,0.1302934585570883
11,180.0,375.52738024476855,124.0262451171875,65613,143.5432612439608,503.00409979729625,0.02695560998948458
11,185.4,400.76864615940286,141.99740600585938,66448,142.99075969178907,504.77528292800383,0.1757594738427137
11,191.1,401.80027675978164,141.02029418945312,65761,142.94241267620626,503.77932209060083,0.16766884382729003
11,196.7,403.68665977249225,140.96356201171875,65756,141.99385607397045,507.1566853214916,0.167199093024658
11,202.3,398.7459060563422,137.99005126953125,66806,142.40524803161392,504.2766967038889,0.14257798532952326
11,208.0,403.4665247587825,139.36465454101562,64361,141.1435652025295,506.13337269464427,0.1539599032439692
11,213.6,399.02257952082925,131.75779724121094,65989,141.36363636363637,507.5568503841549,0.09097400238852746
11,219.3,400.52044053662075,135.61502075195312,66192,142.71553964225285,507.54299613246314,0.12291238220158432
11,224.9,404.1806606384942,142.13705444335938,65028,139.5050286030633,507.25115334932644,0.17691578351073103
11,230.5,400.5365072683814,130.65835571289062,66521,141.58225222110312,508.49348326092513,0.08187046430836437
11,236.2,401.6844063164288,132.3920440673828,65860,139.94746431825084,507.8057090798664,0.09622565969412276
11,241.8,403.84609822142903,141.57815551757812,64996,139.94558126653948,508.4262570004308,0.17228801793816342
11,247.4,402.4225496027207,133.33348083496094,65571,141.08636439889585,507.52498818075065,0.1040208950412964
11,253.1,400.95081942565025,131.9710693359375,66510,142.07209442189145,507.8309276800481,0.09273992680175715
11,258.8,401.3926297802846,138.14187622070312,66131,140.13916317612012,508.1414465228108,0.14383511832742235
11,264.4,403.3962757418704,134.69171142578125,65409,139.26456603831278,506.2399516886055,0.11526724474400908
11,270.0,403.7697224194893,134.51336669921875,64774,138.02760366813845,508.7670515947757,0.11379052409280864
11,275.7,402.0456021094024,133.18563842773438,65611,140.81718004602888,507.4252030909451,0.1027967380949
11,281.3,406.1183013459621,140.89669799804688,64192,136.62906592721833,507.2745046111665,0.1666454491254827
11,287.0,401.8132905160792,133.25747680664062,66017,140.23692382265173,506.7670297044701,0.10339157047219738
11,292.6,402.40496044800096,134.6006622314453,65357,139.0526492954083,507.88474073167373,0.11451334398034438
11,298.2,402.0206613490281,139.4717559814453,64565,137.66557732517617,506.5978006659955,0.15484671897384392
11,303.9,402.41964093578036,136.0452880859375,65058,139.36737987641797,506.1642995480955,0.12647505921412286
11,309.5,403.3070975722901,135.92213439941406,64670,140.23412710685017,506.5083655481676,0.1254553285180381
11,315.2,400.33504304817734,138.5205841064453,65508,139.77123404774989,506.11088721988153,0.14697087550077484
12,0.1,398.6320452335506,130.8150177001953,27767,1108.763676306407,555.1369971548961,0.015144241337937263
12,5.1,396.787332259796,128.75421142578125,27945,1106.1314367507605,557.7728395061729,-0.0008479257600258405
12,10.1,391.3964601769911,121.21831512451172,27685,1095.0362651255193,565.1810727830955,-0.0593276161506667
12,15.0,397.2052837723677,129.11062622070312,26042,1101.788610705783,564.3395284540358,0.0019179067334711435
12,20.1,401.9551010904575,134.41921997070312,25769,1109.081376848151,559.8523419612713,0.04311339383928391
12,25.1,401.4766713230892,64.27449798583984,25055,1106.4257034524046,561.803192975454,-0.5012202142971942
12,30.1,400.379755137735,132.20220947265625,22870,1103.4365107127242,567.5551814604285,0.02590905843770198
12,35.1,395.90672085266266,126.4827880859375,26083,1103.579457884446,561.7130314764406,-0.018474513009874332
12,40.1,399.04180128435246,60.417179107666016,25071,1108.8335925970246,562.4921622591839,-0.5311535897996648
12,45.1,400.768468354962,113.44646453857422,23811,1109.2002435848976,563.1286380244425,-0.1196383473308953
12,50.1,397.1845526711006,40.24338912963867,23305,1099.269641707788,568.2037760137309,-0.6877052387020129
12,55.0,404.03571750292764,134.35809326171875,22202,1110.250067561481,567.0350418881181,0.04263904137036753
12,60.1,402.5534244055011,131.5044403076172,21741,1113.7076491421738,564.9068120141668,0.020494264615665694
12,65.1,425.2856291269259,138.39137268066406,21808,1111.9593727072634,566.0101797505503,0.07393789717324407
12,70.1,406.90902599257356,128.1206817626953,21006,1114.492525944968,562.2149861944206,-0.005764211370844458
12,75.1,424.4771652110626,55.063575744628906,21984,1114.1854530567687,558.7911208151382,-0.5726983582822089
12,80.0,411.2287025679579,123.83334350585938,25273,1120.618881810628,545.7504451390812,-0.03903460202331107
12,85.1,423.2953874119518,120.41991424560547,22005,1113.0226312201773,562.5704612588048,-0.06552332722994302
12,90.1,411.0766742481678,50.7525634765625,19785,1120.0779378316906,561.4471063937326,-0.606152462827717
12,95.1,430.3373521697115,128.64276123046875,21731,1123.673876029635,553.440982927615,-0.0017127960628129785
12,100.1,409.60789272481327,137.04798889160156,17003,1118.190907486914,569.5841322119626,0.06351303662321948
12,105.1,431.2920915712799,129.38845825195312,19220,1125.5655046826223,557.1422476586889,0.0040739251443621905
12,110.1,408.42851512464284,87.05685424804688,20298,1125.84397477584,556.9876835156173,-0.32442569811486577
12,115.0,431.1283433879665,145.73855590820312,18731,1124.7555923335647,559.6831989749613,0.1309531456868696
12,120.1,408.8765171841063,136.05258178710938,15654,1120.3917209658873,569.5647118947234,0.055788527559375155
12,125.1,427.78765474552955,146.33001708984375,17448,1125.493867491976,566.4228564878496,0.13554297354511646
12,130.0,411.18814911993,42.48507308959961,18294,1129.2851754673663,557.5958237673555,-0.670309433519543
12,135.1,426.07064220183486,146.02224731445312,17440,1125.5090596330276,562.0176032110091,0.13315463373032776
12,140.1,410.9064051742124,89.45489501953125,23965,1134.722136448988,537.5902774880034,-0.3058165405237621
12,145.1,427.6089523348657,146.66172790527344,20665,1132.1231550931527,547.5559157996613,0.13811709943672237
12,150.1,416.2018648636705,125.01690673828125,22629,1140.0638561138362,529.0068938088294,-0.029849973065755323
12,155.1,424.306860093435,38.77278518676758,16268,1126.991455618392,564.4810671256455,-0.6991173468081011
12,160.1,408.3392250169952,139.96630859375,11768,1126.138596193066,574.0070530251529,0.08615963708318033
12,170.1,403.1207047814008,132.385009765625,13678,1127.5731832139202,567.6293317736511,0.027327616245395016
13,0.1,338.94283357439883,92.90833282470703,88496,454.3888763333936,561.6891610920268,-0.005221165435579984
13,5.1,339.19373776908026,93.25025939941406,89425,456.4284036902432,561.7842885099245,-0.0015601233185567507
13,10.1,339.64652441507894,93.14498901367188,88388,453.43735574964927,561.7163528985835,-0.0026872638931308315
13,15.0,341.94196160257644,93.6872787475586,88183,455.7806379914496,560.5743283852897,0.003119086657684583
13,20.1,342.738610673426,93.98898315429688,87582,457.5028658856843,561.8021739626864,0.006349465989582831
13,25.1,342.78349222844747,94.45640563964844,88528,455.77217377552864,560.2067255557564,0.011354205404125203
13,30.1,345.06384959260834,94.95573425292969,87017,460.0321201604284,560.1101049220267,0.01670056692932628
13,35.1,342.19567643579387,94.30530548095703,89602,454.812604629361,559.6312693913083,0.009736360855680524
13,40.1,345.4931640847153,95.75615692138672,87918,456.15019677426693,560.8736322482313,0.02527077269105193
13,45.1,343.9799495389287,94.98588562011719,89574,455.4544175765289,559.7110880389399,0.017023400640785676
13,50.1,345.9610620464645,95.82931518554688,88885,456.4391967148563,558.3811779265343,0.026054085560278693
13,55.0,346.62082140522506,96.87091827392578,88726,454.23767554042786,557.4455289317675,0.03720663425891084
13,60.1,345.3407290544069,97.12489318847656,90007,454.0794049351717,556.9914562200718,0.03992596913258794
13,65.1,375.50901171857595,119.26409912109375,89772,452.5091231118834,556.930412600811,0.27697266673487125
13,70.1,351.2910641662901,101.3932876586914,88520,456.5397989154993,555.7936963398103,0.08562809667536496
13,75.1,374.8397547964856,119.21061706542969,89232,452.846097812444,555.7214564281873,0.27640002900275323
13,80.0,352.74703105365046,101.75325775146484,88331,451.82699165638337,554.5163645832154,0.08948233254937236
13,85.1,375.2132898949615,119.24921417236328,89015,452.58574397573443,555.0760433634781,0.27681329209644584
13,90.1,352.7762120013561,102.32882690429688,88490,453.7802463555204,556.4302294044525,0.09564500917543725
13,95.1,377.422541676463,121.37223052978516,89319,453.70253809379864,556.0475710655068,0.2995446410894579
13,100.1,353.6508306814192,102.77901458740234,88301,455.0642574829277,555.915504920669,0.10046521383436556
13,105.1,376.59516633494457,120.2694320678711,87925,455.32534546488483,556.6443559852147,0.2877368673909229
13,110.1,351.70357286230427,101.61724853515625,87185,454.7316052073178,556.0687618282961,0.08802606823404173
13,115.0,378.82056640401964,120.22681427001953,87570,454.65948384149823,556.8538426401735,0.2872805543564563
13,120.1,354.0467498688083,101.80567932128906,87658,455.2383125327979,557.2838759725296,0.09004361555327862
13,125.1,376.0150545685567,119.0096435546875,88146,455.10710639166837,556.75019853425,0.27424818547358737
13,130.0,352.0778955535525,101.13562774658203,87643,451.5752199262919,556.7763883025456,0.08286930616336931
13,135.1,375.1328793730379,118.77120208740234,88554,451.5771506651309,555.4561623416221,0.27169516877717026
13,140.1,350.5416210919697,100.61714935302734,87768,450.0624601221402,555.0436377723088,0.07731790602081928
13,145.1,375.4263046702926,118.66006469726562,88988,447.18342922641256,555.1191733716905,0.27050520959831675
13,150.1,351.6891862199762,99.98448181152344,86473,448.7403698264198,555.5807708764586,0.07054387122254738
13,155.1,375.6372717800027,118.51021575927734,88292,450.0605037829022,555.5993408236307,0.2689007619953881
13,160.1,351.2637165949974,100.13623046875,88834,447.06854357565794,555.4734110813428,0.07216865930982659
13,165.0,376.24684128376606,119.28146362304688,87773,449.99719731580325,555.7344855479475,0.27715859019825223
13,170.1,350.9853099667307,100.86351013183594,85364,449.3845297783609,556.1974954313293,0.07995571557970982
13,175.1,372.67122058689927,118.30196380615234,88056,447.2974243663123,555.8693217952213,0.2666709874538912
13,180.0,348.7296079263328,99.3507308959961,87203,443.74208456131095,554.4680343566162,0.06375823662998721
13,185.4,382.95474440967024,125.6002197265625,88188,447.0637161518574,555.19897264934,0.3448141453184978
13,191.1,381.0103252452246,123.4248046875,85228,441.67466090956026,553.8418594827991,0.321521758387656
13,196.7,385.15705131865997,127.6966781616211,87551,444.17239094927527,555.707953078777,0.36726113597406296
13,202.3,381.4612601714162,126.2574462890625,87623,444.2787281878046,554.3752895929151,0.35185113601686785
13,208.0,381.1005853806138,124.67276000976562,85927,441.12416353416273,552.0604350204243,0.3348837411434345
13,213.6,379.46844326261635,124.45097351074219,86495,441.7750852650442,553.5764957511994,0.3325090508620264
13,219.3,382.0491492276885,125.14716339111328,85393,442.57971964915157,553.2379117726277,0.3399632257113132
13,224.9,381.7567701975677,125.9795913696289,88476,439.43802839188027,552.2161151046612,0.3488761155366958
13,230.5,380.819597026787,124.5945053100586,85564,443.3391379552148,554.2170422140152,0.33404586022783755
13,236.2,380.51359478328993,125.07311248779297,86798,440.1203714371299,553.2095094357013,0.3391703552651025
13,241.8,380.77929775508085,124.7421646118164,86551,439.13380550195836,551.7914293306836,0.3356268631761132
13,247.4,380.4310463501989,123.82440185546875,85717,440.65774583804847,551.782306893615,0.32580028532879907
13,253.1,380.08577951728637,124.33270263671875,85848,441.9003937191315,553.7249557357189,0.3312427127559931
13,258.8,379.2736779931902,124.07782745361328,86346,439.8983044958655,550.2338498598662,0.32851373861663985
13,264.4,380.69111910667084,124.44734191894531,85881,439.1273622803647,551.117092255563,0.33247016704455307
13,270.0,379.7353554328652,123.37256622314453,87302,437.57247256649333,550.0541339259123,0.32096243591236184
13,275.7,378.6253854478176,123.68096160888672,85939,437.76607826481575,551.8747949126706,0.324264456227294
13,281.3,380.516674270073,124.14954376220703,87680,435.93288093065695,549.4346943430656,0.3292816123230463
13,287.0,379.37443753769077,123.80792999267578,86228,440.3281068794359,550.9547130862364,0.3256239194424021
13,292.6,378.69605938670736,124.38617706298828,86484,438.1807386337357,550.9677628231811,0.33181526879941897
13,298.2,377.6789002469022,122.92888641357422,86674,438.0182523017283,550.6147518286914,0.31621191170785534
13,303.9,379.0367030881059,123.49948120117188,86396,438.79562711236633,549.6888397611001,0.32232132730662477
13,309.5,379.16179303099284,123.30171966552734,85665,439.4526469386564,551.7853966030467,0.32020387471686285
13,315.2,377.6184273380792,122.33088684082031,85829,438.11339989980075,551.409313868273,0.309809070326808
14,0.1,432.9771553170077,169.8788299560547,29810,1139.5361623616236,740.0976517946998,0.009718847930859618
14,5.1,432.8014531133293,168.4120330810547,29454,1139.6165206763087,741.335132749372,0.0010005606012570244
14,10.1,434.05264934188324,167.17982482910156,29630,1140.757003037462,741.5202834964563,-0.0063233884564028444
14,15.0,432.4565973948494,168.25433349609375,30171,1140.0839547910246,743.4694242815949,6.32322520617555e-05
14,20.1,434.4706683927233,167.4934539794922,29354,1140.6309872589766,742.7759419499898,-0.004459252327775892
14,25.1,433.7573603380055,164.75143432617188,29822,1140.7082690631078,741.7222855609953,-0.020757156699206854
14,30.1,431.6269925259607,164.76483154296875,30238,1140.02844103446,741.6953832925458,-0.02067752686944455
14,35.1,430.17458973691066,163.5702667236328,30712,1139.885224016671,743.3711904141703,-0.02777773243049438
14,40.1,434.3536943815669,164.79222106933594,29599,1139.8437109361803,743.9282746038717,-0.020514730121809762
14,45.1,433.1976724743337,163.22222900390625,29903,1140.063137477845,741.8380430057185,-0.029846384807542748
14,50.1,433.54617876504034,135.87820434570312,30252,1140.5354356736746,738.6435938119794,-0.1923726812437505
14,55.0,435.11018396846254,166.96563720703125,30440,1138.2147831800262,742.074605781866,-0.007596468092363559
14,60.1,432.94386976990916,163.17884826660156,30162,1139.1813208673166,742.6013526954446,-0.030104229461317508
14,65.1,514.5896073603732,229.4371795654297,30868,1139.695315537126,745.8487430348581,0.3637193326751809
14,70.1,447.74215112411866,172.34927368164062,30068,1140.2603099640814,741.0914593587868,0.0244025704001157
14,75.1,509.26366786447636,221.8332977294922,31168,1139.1193531827516,740.1382507700206,0.3185236905273551
14,80.0,451.422635865049,172.51443481445312,30085,1140.0078444407511,738.5851420973908,0.025384248392538496
14,85.1,514.2256595426304,228.22647094726562,30741,1139.8260954425687,742.105754529781,0.35652317226232183
14,90.1,448.8497326027757,169.58644104003906,30479,1140.0052823255355,742.0705403720594,0.007980958639395686
14,95.1,512.9570364020047,231.26593017578125,30328,1139.6488723292007,740.3989712476919,0.3745889858268697
14,100.1,446.8007265348868,176.98995971679688,30556,1139.4516952480692,742.0557664615787,0.05198569042889708
14,105.1,513.2553418803419,231.32920837402344,29952,1140.515357905983,740.2091346153846,0.3749650961959179
14,110.1,447.5719222169524,178.27516174316406,29518,1140.52906700996,742.1819228945051,0.059624621717496
14,115.0,512.6350434668071,233.18865966796875,30368,1139.6746575342465,740.114429662803,0.3860172268162647
14,120.1,448.5769568447356,179.9404296875,29614,1139.4071047477544,738.2652799351658,0.06952257327912403
14,125.1,510.17601334445374,233.23117065429688,29975,1139.1575312760633,743.1588323603003,0.3862699018797246
14,130.0,446.92153199439514,176.10035705566406,29974,1139.04110228865,739.3546406885968,0.0466981064824594
14,135.1,512.2647194872134,233.52342224121094,30266,1139.265281173594,740.3551840348906,0.3880069749200862
14,140.1,446.4165950128977,179.39227294921875,30238,1137.4622329519148,741.7942654937495,0.06626446165682207
14,145.1,514.1943904928071,235.4061279296875,30377,1138.544984692366,741.6516772558185,0.3991973240604305
14,150.1,446.7751511819681,179.3836669921875,30923,1138.1137017753776,739.8160915823173,0.06621330992107498
14,155.1,513.6052649028579,230.7048797607422,30162,1138.2601286386844,744.1831775081228,0.37125423729551404
14,160.1,446.37279055592984,179.8035125732422,31173,1137.3953100439483,740.8103807782376,0.06870877093008396
14,165.0,509.60263125462166,231.60401916503906,32456,1137.7410956371702,739.5869176731575,0.37659850534628136
14,170.1,447.01873847050064,179.99893188476562,30899,1136.8816466552316,740.9181850545325,0.0698702962487239
14,175.1,509.4449392454991,180.33668518066406,31438,1136.8383803040906,741.8275971753928,0.07187782048766317
14,180.0,447.26793571838533,134.46084594726562,31362,1137.2560104585166,742.652126777629,-0.20079711817650814
14,185.4,558.5023878640322,273.51556396484375,32037,1137.3502200580579,741.0215375971533,0.6257106327444316
14,191.1,559.3109623122524,272.92486572265625,32557,1137.4264520686795,740.0973369782228,0.6221996646695359
14,196.7,565.5173198794068,279.6072692871094,32506,1137.19313357534,743.7225127668738,0.6619182619206126
14,202.3,561.4166325405575,277.61285400390625,31745,1136.5663884076232,742.4904709403056,0.6500639378557924
14,208.0,564.0778705053826,278.8187561035156,32233,1137.3832407780847,742.7910836720132,0.6572315294800694
14,213.6,557.8630968810378,274.5004577636719,32607,1137.043027570767,738.6503204833318,0.6315646042613313
14,219.3,561.748422029703,225.93153381347656,32320,1136.2888923267326,739.5242264851485,0.34288261870186537
14,224.9,564.110171861889,279.825927734375,32177,1135.5687292165212,738.9189172390217,0.6632179150646831
14,230.5,558.1840277777778,275.96136474609375,32256,1134.9845610119048,736.6697978670635,0.6402478834880999
14,236.2,560.4459591338823,222.0765380859375,32790,1135.3435803598659,735.7768222018908,0.31996945261874565
14,241.8,562.8677442153459,277.08990478515625,32543,1135.4318286574685,734.1337614848047,0.6469556536580546
14,247.4,560.989929475532,275.1274719238281,32471,1135.2639586092205,735.4437190108097,0.6352914254055143
14,253.1,563.0217398084901,276.62554931640625,32061,1135.4797729328468,732.5070958485387,0.6441956365973183
14,258.8,563.2411588473299,277.0273132324219,32377,1135.0893535534485,735.5942490039225,0.6465836245445181
14,264.4,558.8757338551859,272.9032897949219,33726,1135.6362450335052,729.8530807092451,0.6220714225519005
14,270.0,562.8962353588795,276.4176940917969,32699,1135.7134468944005,733.9699073366158,0.6429601952066324
14,275.7,558.8366488956588,272.8202819824219,32825,1134.5237471439452,729.223975628332,0.6215780441078151
14,281.3,564.5388728412513,274.4828796386719,32542,1135.1342572675312,731.3472742916846,0.6314601241202309
14,287.0,559.8915940071226,273.3160400390625,32572,1133.9648164067296,732.6805845511482,0.6245247105872882
14,292.6,559.4297246692655,272.3453369140625,32579,1133.9927867644801,730.5658553055649,0.6187550850176311
14,298.2,558.8183965882245,270.83184814453125,32593,1135.104439603596,726.4446660325837,0.6097592723132305
14,303.9,561.4592576527451,271.7743835449219,32276,1135.0725616557195,727.7447639112653,0.6153614757123395
14,309.5,558.5082666500607,218.6814422607422,32117,1133.4506024846655,729.251735840832,0.29978982078281957
14,315.2,556.2243260492965,267.0306701660156,32903,1134.3623681731149,732.8860286296083,0.5871659859676639
15,0.1,367.14896691541213,106.03640747070312,46366,169.11068455333648,746.516650131562,0.0045939356787710744
15,5.1,363.00063918184725,102.5367202758789,50064,188.75059923298178,750.0691914349633,-0.028562266200894013
15,10.1,362.26427112125947,107.90215301513672,49926,189.67948563874535,748.9336417898489,0.022270097142233818
15,15.0,368.91822955738934,105.80358123779297,46655,172.68740756617726,750.0590719108349,0.002388128944767008
15,20.1,369.60198994810605,105.47869110107422,48946,161.10965145262125,756.0444980182242,-0.0006898955648777531
15,25.1,371.3588248624817,106.55331420898438,48539,158.61084900801418,755.3648612455963,0.009491134546361059
15,30.1,372.21774382328533,106.39832305908203,46991,158.24789853376177,755.7796812155519,0.008022741067274235
15,35.1,371.4794360313316,106.062744140625,47875,157.67005744125328,757.0693681462141,0.004843450534287083
15,40.1,373.13996102980803,108.75811767578125,48242,160.62690186974007,757.1555698354131,0.030379546790237168
15,45.1,375.82625763623935,110.31656646728516,45343,162.1132920186137,752.9338817458042,0.045144364293539484
15,50.1,375.1622068550812,108.87479400634766,46564,158.09533115711707,754.867300919165,0.03148494386016947
15,55.0,374.9286495294042,108.24822235107422,46643,157.38115044058057,756.9981562077911,0.02554877438621011
15,60.1,375.11731159175395,109.00909423828125,47344,158.56378844204124,758.2818730990199,0.032757310604563536
15,65.1,413.7126268726294,146.2322998046875,47193,167.27425677536922,755.1545991990338,0.3854117193166624
15,70.1,383.413704806093,114.9349136352539,45692,161.09680031515364,758.3827146984155,0.0888988036268647
15,75.1,415.7313899469385,154.74342346191406,45419,160.01411303639446,756.037671459081,0.46604650708259343
15,80.0,384.01619477801034,114.66812896728516,45385,161.59303734714112,754.3008262641843,0.08637127307423324
15,85.1,415.03191307689025,137.33494567871094,46846,160.03370618622722,756.2815608589848,0.3011177658364665
15,90.1,384.909254712944,116.2433853149414,44399,159.49771391247552,756.2576184148292,0.10129532615885124
15,95.1,418.3284297911693,139.21371459960938,46497,157.09114566531173,758.7022603608835,0.3189173113840445
15,100.1,383.2336145502356,114.25859832763672,45635,157.77552317300317,757.3340637668456,0.08249136043970592
15,105.1,415.66785807688956,137.63088989257812,45884,161.40521750501264,757.0287681980647,0.30392155530502557
15,110.1,382.5594425799569,113.11979675292969,44993,156.24810526081836,758.9079856866624,0.07170230050094664
15,115.0,421.88926336061627,158.69248962402344,43617,158.9596946144852,758.4433363138226,0.5034601465360559
15,120.1,386.9264283729975,114.95861053466797,43196,161.11248726733956,756.106792295583,0.08912330917183363
15,125.1,418.5178782275492,136.9992218017578,44887,159.04696237217902,759.259785684051,0.2979371019598366
15,130.0,383.43570863372605,114.69026947021484,45496,158.48083347986636,757.214963952875,0.0865810332453536
15,135.1,419.60288904643744,152.11956787109375,45136,159.52550070896845,757.6651010280043,0.44118797521123404
15,140.1,382.67872404713603,116.49728393554688,46334,160.61091207320757,758.1896015884663,0.10370077368976587
15,145.1,421.7613225834875,142.1540985107422,45396,160.9757247334567,758.1040400035246,0.34677464752123477
15,150.1,388.0557130612514,118.19036865234375,45501,157.92063910683282,758.7999824179689,0.11974113831221389
15,155.1,424.81250426902847,142.7042999267578,43921,156.47523963479884,758.40930306687,0.3519872817391932
15,160.1,389.92744558991984,133.2312774658203,43650,156.02478808705612,759.3497594501719,0.26223941924737937
15,165.0,426.8425354613966,163.88381958007812,43921,156.88149176931307,760.2310967418774,0.5526430518829857
15,170.1,389.8783441347297,136.2661895751953,44593,159.66026057901465,759.7098423519386,0.29099232000213726
15,175.1,428.04129268176854,167.99331665039062,42114,160.16141900555635,757.9067293536591,0.5915766213427607
15,180.0,392.5381862129875,137.88095092773438,43026,157.22962859666248,758.8582717426672,0.30629064537002926
15,185.4,442.96215476659785,178.58544921875,43123,156.04911532129026,759.6594392783434,0.6919269858816516
15,191.1,443.2546413018565,177.8981475830078,43630,156.80167316066925,759.2650469860188,0.6854154577026205
15,196.7,446.06265647501937,180.5564422607422,45135,154.38050293563754,763.1370555001662,0.7106002671110017
15,202.3,441.60218215079055,177.39596557617188,45918,154.76575634827302,764.6134849078793,0.680657761636637
15,208.0,445.4545248919952,178.281982421875,44211,157.21467508086224,762.0458030806813,0.6890519271061577
15,213.6,441.6506623988619,157.3617706298828,44988,155.79207788743665,762.0220280963813,0.49085285189552796
15,219.3,445.9242538939738,176.52981567382812,43593,155.98169430871928,760.3740279402656,0.6724518165274188
15,224.9,445.67817085511894,178.51910400390625,47432,152.1532720526227,768.2194299207287,0.6912984281807341
15,230.5,443.9175595888913,156.39358520507812,45730,152.65283183905532,764.6716597419637,0.48168021742429606
15,236.2,444.2594739088438,157.6868896484375,44517,156.18096457533076,760.5214861738212,0.4939330448425034
15,241.8,445.3974786639518,179.42308044433594,46166,151.56697569639994,766.0033791101677,0.699862743699468
15,247.4,443.39331392213955,157.3336639404297,46365,155.88202307775262,765.373449800496,0.4905865677913214
15,253.1,444.8842427773103,160.15463256835938,46347,149.57121280773296,767.3857207586251,0.5173125578918557
15,258.8,447.64843153092187,180.4019012451172,45809,148.87984893798162,766.7097076993604,0.7091361382253318
15,264.4,449.48271119011343,163.10414123535156,47256,148.12464025732183,770.6758295242932,0.5452563423972954
15,270.0,449.3611530963177,163.645751953125,45651,155.9854110534271,764.7346607960395,0.5503875879341092
15,275.7,447.60857226940215,163.8180694580078,47572,150.20232489699822,768.0583116118726,0.5520201321191279
15,281.3,457.4920598547171,189.749267578125,43639,150.4041797474736,766.5707280185155,0.7976935286226067
15,287.0,452.2174762020991,166.2925567626953,45067,153.84321121885193,766.9078705039163,0.5754635417884907
15,292.6,450.2544895475219,165.34678649902344,46831,150.91181055283894,770.6028912472508,0.566503269613176
15,298.2,452.06108626472866,184.50515747070312,46508,147.76640577965082,773.433430807603,0.7480105816272238
15,303.9,458.1603171310701,172.39605712890625,43389,150.0166401622531,768.3999631242942,0.6332883927105927
15,309.5,454.7927714173827,167.83822631835938,43411,149.97841560894705,766.2094630393218,0.5901072882074971
15,315.2,452.87894619831036,184.85658264160156,44980,147.40457981325034,771.8899510893731,0.7513400003047378
16,0.1,489.7852811609225,227.83070373535156,77180,831.5942601710287,764.306815237108,-0.0022277197552257205
16,5.1,493.1575227724846,226.95492553710938,76408,836.2970238718459,760.7312192440583,-0.006063143144269044
16,10.1,492.9050016605779,226.9540557861328,75275,832.0862172035869,763.6961142477583,-0.006066952171765785
16,15.0,493.10563170633844,231.5955352783203,77259,832.6879457409493,762.0452374480643,0.014260156952247704
16,20.1,492.49746976695906,228.36167907714844,77068,837.6829423366378,763.7397103856334,9.765811901296874e-05
16,25.1,495.11860340436937,230.08937072753906,74610,834.0829379439754,764.1785283474065,0.007663990528592537
16,30.1,491.8121852641492,228.91934204101562,76453,834.3014139405909,763.8025061148679,0.002539912994862195
16,35.1,489.9034953481128,225.30023193359375,73841,835.6885334705652,765.1292777725112,-0.013309784544297548
16,40.1,492.4476750330251,226.16961669921875,75700,832.7391149273448,764.5045838837517,-0.009502360848607465
16,45.1,493.8298329575868,229.30148315429688,75849,831.3814025234348,763.7495945892497,0.004213479391851497
16,50.1,498.421875,43.11909484863281,64,934.4375,735.078125,-0.8111622494956313
17,0.1,373.5232556396613,129.81044006347656,66715,380.8585175747583,848.0990631791951,-0.015236232562990507
17,5.1,380.42525356460385,134.13279724121094,61227,379.65786336093555,854.5671680794421,0.017553893843427176
17,10.1,380.17037000942076,134.2974853515625,61566,383.076503264789,853.1701263684502,0.0188032454666293
17,15.0,375.83061296835746,130.07403564453125,64881,387.4334396818791,849.8928962253973,-0.01323655228032427
17,20.1,375.90671665603065,130.77955627441406,62680,408.77726547543074,848.9723675813657,-0.007884354466741699
17,25.1,378.3225932498657,129.42578125,61421,406.55863629703197,849.4161931586916,-0.01815431882902427
17,30.1,373.3256848261003,127.60868835449219,64980,410.9792397660819,847.0217143736535,-0.031939090259490786
17,35.1,374.91009910335066,128.25338745117188,63570,404.277819726286,849.1531382727702,-0.027048294796513578
17,40.1,375.73789898418977,129.9337921142578,63693,412.7082096933729,846.8809602311086,-0.01430046321971561
17,45.1,374.64753861810226,127.86591339111328,65837,408.0419065267251,846.9564226802557,-0.02998773799523341
17,50.1,375.7497531016604,128.76930236816406,64804,403.5788377260663,846.6009505586075,-0.023134477717658107
17,55.0,416.42115524652934,168.6538543701172,42571,310.4450212586033,850.7602828216392,0.279436422379241
17,60.1,374.8390051346892,128.56492614746094,64853,409.47174378980156,847.0399673106873,-0.02468491000165415
17,65.1,399.7308326400968,147.3805389404297,66115,406.7995613703396,849.1732889661953,0.11805348401025549
17,70.1,379.1607184080521,132.6995086669922,64977,410.15888699078135,848.2730812441325,0.006680726357962333
17,75.1,398.65414653417207,146.58831787109375,65814,410.7046221168748,847.0582854711763,0.11204356212338148
17,80.0,379.64133788193413,131.14849853515625,67420,400.3486205873628,847.8816226638979,-0.00508549660540526
17,85.1,397.7687485037108,146.44090270996094,66832,413.0059851568111,846.0225341153938,0.1109252459896137
17,90.1,378.404281828818,130.7265625,65813,414.24759545986353,847.1809976752313,-0.008286374126463833
17,95.1,403.7901523291827,149.4133758544922,63284,409.89488654320206,849.1416945831489,0.13347492574559136
17,100.1,382.03878487721016,133.34515380859375,63401,406.46775287456035,850.3406255421838,0.011578698676367924
17,105.1,403.66912910115786,149.7657928466797,62269,407.36722927941673,851.4059002071657,0.13614842014839654
17,110.1,378.8638382529842,131.1516876220703,64842,406.0669936152494,850.4249560470066,-0.005061303657267649
17,115.0,403.7728727204946,149.0848388671875,64378,406.3117990617913,850.8301904377272,0.13098258906448648
17,120.1,382.8391115585478,133.8392333984375,63572,405.30338828415023,849.8184735418108,0.015326869301707015
17,125.1,404.6402059018729,150.90975952148438,61777,407.88777376693594,850.7541641711316,0.14482674318583622
17,130.0,381.90592005126973,133.27293395996094,62415,411.1971641432348,851.434270608027,0.011030826793423824
17,135.1,401.46793110486567,148.4841766357422,63691,413.27126281578245,850.4145954687475,0.1264258646461272
17,140.1,385.7376026162985,137.35543823242188,59932,402.8627110725489,853.3119702329307,0.04200138883728113
17,145.1,407.4056883044666,152.98931884765625,61143,405.3484781577613,852.0143434244312,0.160602628974748
17,150.1,383.83176783053705,134.1539306640625,61748,411.2373518170629,851.8533717691262,0.017714215533238622
17,155.1,408.1744401469106,152.8616180419922,61534,401.4367016608704,852.6989306724738,0.15963386924764908
17,160.1,387.7159683272847,137.0609588623047,60620,402.6928901352689,853.4896733751237,0.039767418951598014
17,165.0,406.996644295302,152.25779724121094,62282,407.6335538357792,852.0079477216532,0.15505318339261764
17,170.1,388.17190341904586,138.283203125,59929,398.51704517011797,854.9989153832034,0.04903956889786999
17,175.1,404.21997901232635,150.27694702148438,63847,402.801024323774,850.9452910865036,0.14002612143864465
17,180.0,386.2716909026136,136.6051788330078,61754,401.88577258153316,852.605062020274,0.036309795215375695
17,185.4,411.9012707416054,156.7552032470703,63821,405.58543426145,851.0696165838831,0.1891712595647515
17,191.1,413.89200622768806,158.4691162109375,63587,406.1406891345715,851.6410115275135,0.20217329073059345
17,196.7,418.84661686023753,162.39796447753906,61304,409.49385031971815,851.9066781939189,0.2319781925460022
17,202.3,418.49024947145875,163.60971069335938,59125,406.7743763213531,853.3316363636363,0.24117070254816567
17,208.0,414.6887693858933,159.4504852294922,62481,407.829164065876,851.7179462556617,0.2096181206802131
17,213.6,415.39817465998567,160.51881408691406,61468,402.9520238172708,852.2879221708856,0.21772264255058033
17,219.3,417.2156728097352,160.68896484375,62618,402.28855920022994,852.6077166310007,0.21901343472609475
17,224.9,421.53198745055244,165.061279296875,58648,413.43558177601966,852.9220945300777,0.2521825454014241
17,230.5,421.30069693483995,165.36695861816406,59116,401.392482576629,853.5928005954395,0.2545014799949206
17,236.2,417.1087062832263,160.49514770507812,63391,399.12922970137714,851.5530280323705,0.21754310540913807
17,241.8,418.2335627471079,162.35255432128906,61461,415.9932965620475,851.009469419632,0.23163370348543985
17,247.4,418.1060373433708,162.32763671875,60573,414.9226883264821,852.1892592409159,0.23144467437391486
17,253.1,416.1945104333868,161.4996795654297,62300,417.6902889245586,850.3752487961476,0.22516365256102033
17,258.8,415.8624938549612,160.053955078125,63059,421.20969251018886,849.1837644111071,0.21419614415339208
17,264.4,469.8332151502555,216.00758361816406,40897,334.7997652639558,852.280118346089,0.6386697536405467
17,270.0,424.14866851548663,166.9041748046875,59858,406.17935781349195,851.4042400347489,0.2661630597759131
17,275.7,417.5715939665715,162.54067993164062,61325,417.9979127598859,848.9087647778231,0.2330608559140935
17,281.3,412.8104771288666,158.44772338867188,66984,423.08154186074285,844.9405977546877,0.20201100119332585
17,287.0,415.26763622627254,159.63087463378906,63534,417.2397771272075,849.4323984008562,0.21098658495237982
17,292.6,408.9674620058464,157.74143981933594,65339,437.18916726610445,843.9866389139718,0.1966530155931075
17,298.2,410.7497451979616,158.39993286132812,63775,434.2572951783614,844.9662250098,0.2016484542384598
17,303.9,419.78308592427834,163.83058166503906,62043,410.7924826330126,851.4083780603775,0.24284626677922755
17,309.5,418.0000158823436,163.2035369873047,62963,412.8949382970951,851.0642440798564,0.23808940069900256
17,315.2,415.73063881513707,162.0377197265625,62522,420.3864079843895,850.9921947474489,0.2292453154523138
18,0.1,383.8828247845385,124.19591522216797,50241,969.4941780617424,941.4027985111761,-0.004362196419622263
18,5.1,383.9901801313332,123.59114837646484,49797,973.2013575114967,947.5860995642307,-0.009210413310306422
18,10.1,385.678963150798,125.25570678710938,49689,972.090321801606,939.2730382982149,0.004133803984929963
18,15.0,386.859229774509,126.5772476196289,49492,973.3502788329426,939.5180433201325,0.014728162176806104
18,20.1,387.46665136753387,124.08026123046875,47933,969.5519370788392,942.0488181419898,-0.00528935643180727
18,25.1,386.9712718988771,123.28377532958984,49603,971.0390500574562,937.7717073564099,-0.011674521930328162
18,30.1,384.5556935083363,116.2898178100586,50742,973.0880532891885,943.0813133104726,-0.06774277901127958
18,35.1,385.27557895586216,119.89517974853516,49572,972.7961954329056,942.1350762527234,-0.03883977817493341
18,40.1,386.30890266729057,115.4604263305664,51288,974.4833684292622,941.8348541569178,-0.07439173771070778
18,45.1,386.6284577231469,115.7524185180664,51009,974.6551196847615,937.4230429924131,-0.0720509323814417
18,50.1,388.1016607398174,74.3702621459961,54554,976.5438098031309,925.1325658980093,-0.40379806918545197
18,55.0,388.127915089752,116.30368041992188,47297,972.1617015878386,946.4989111360129,-0.06763164702749831
18,60.1,386.4435671731019,119.70708465576172,48509,972.2701560535158,942.8532849574306,-0.04034767466813278
18,65.1,397.91871540214913,120.96250915527344,49136,971.8978956366004,942.5953883099968,-0.030283349371935463
18,70.1,386.981524435749,120.20736694335938,49579,972.8291010306783,939.7151818310172,-0.03633707611420393
18,75.1,394.52005098737453,118.779541015625,49424,972.633760925866,946.1501294917449,-0.04778348695663415
18,80.0,391.558228497062,120.41632843017578,50714,973.2756043696021,933.1138147257168,-0.03466190060303992
18,85.1,396.462267878309,121.70121765136719,48089,974.6504813990725,943.8188774979725,-0.02436136632425414
18,90.1,387.5981927826908,120.06462097167969,51903,973.9945475213378,939.1723214457738,-0.037481423619183246
18,95.1,392.65928439719096,116.93391418457031,50978,973.0148887755503,948.5112989917219,-0.06257927022384671
18,100.1,386.428765512207,117.72599029541016,49316,975.2143726174061,946.1397518046881,-0.0562294565616635
18,105.1,393.0246821392533,115.11830139160156,49550,975.9256710393541,947.0558022199798,-0.07713444081951525
18,110.1,382.51998201107955,115.20750427246094,48919,976.3830004701649,950.2004742533576,-0.07641933066300972
18,115.0,391.71210665621015,114.13788604736328,51005,972.2332908538378,952.087520831291,-0.08499410816998917
18,120.1,384.6257216230098,115.54327392578125,48675,976.4907036466359,950.0864304057525,-0.07372757578892422
18,125.1,389.02723294522156,113.31523132324219,51188,976.7449988278503,952.4579002891303,-0.09158906051736518
18,130.0,381.6642919306199,114.75658416748047,49409,976.2257888238985,958.1904511323847,-0.0800342088344043
18,135.1,392.00614503103657,116.3082504272461,48169,977.1637152525483,950.9686312773775,-0.06759501078188193
18,140.1,385.17805298121874,117.11566162109375,48772,975.6736447141802,946.2328180103337,-0.06112226080302269
18,145.1,391.4692619659493,114.88557434082031,49808,975.6053244458722,952.5358175393511,-0.07900013704035379
18,150.1,385.63872944540907,119.23143768310547,48955,977.4693085486672,948.6802573792258,-0.044160780004874126
18,155.1,392.75097837688264,115.07034301757812,50594,974.7885717674033,948.6104478791951,-0.0775189073302742
18,160.1,385.02457354657713,116.0934066772461,48833,976.1333524460917,953.9531259599041,-0.06931734246227837
18,165.0,392.5298864724388,115.30388641357422,51177,974.7176270590304,947.5343415987651,-0.07564666673834891
18,170.1,382.3218550768247,114.40281677246094,53173,975.8233878096027,946.5754048107123,-0.08287024568413098
18,175.1,387.5871681581608,110.95269775390625,53414,970.6848953457895,946.8759126820684,-0.11052871509175885
18,180.0,381.77354221723675,112.20616912841797,52597,976.2720307241858,948.4827651767212,-0.10048004735629242
18,185.4,391.288699951309,108.71186065673828,53398,972.9855612569759,950.3323345443649,-0.12849276907545637
18,191.1,389.54619243560114,105.22948455810547,53223,973.8381151006143,953.6795370422561,-0.15640983288453014
18,196.7,390.8127840755978,106.22187042236328,55663,968.1543574726479,947.3927204785944,-0.14845420181223298
18,202.3,384.58133917634274,105.91194152832031,57961,965.2685943996826,948.228222425424,-0.1509387998183674
18,208.0,385.53184235647075,103.15052795410156,58664,964.1867414427928,951.0696849856812,-0.17307614419796302
18,213.6,382.5178139227866,103.33934783935547,59083,966.1938628708766,955.6663338016011,-0.17156243728183618
18,219.3,375.8430634308611,99.3343276977539,66135,962.642927345581,970.6647614727451,-0.203669366482738
18,224.9,384.3684493670886,104.94326782226562,63200,958.3995569620254,950.2846993670886,-0.15870433831741623
18,230.5,382.36025051635687,105.87718200683594,60036,963.9475647944566,952.4161836231594,-0.15121745546949972
18,236.2,384.11573141328404,108.83477783203125,60554,962.6698483997754,951.9267265581134,-0.1275073825093034
18,241.8,384.2617275856417,108.43494415283203,61010,965.9099655794132,955.8138829700049,-0.130712717607831
18,247.4,384.02976060295083,106.44469451904297,59441,965.2421056173348,951.2376474150839,-0.1466678943172877
18,253.1,385.01757934300787,109.60050964355469,59331,966.7617097301579,952.6645429876456,-0.12136876242994722
18,258.8,387.7397321891976,111.8641128540039,57802,969.7260129407287,952.7433306805993,-0.10322220000398043
18,264.4,384.3499889697772,110.17646026611328,63462,958.4677759919322,950.2461000283635,-0.11675155572239011
18,270.0,384.61356069177305,107.82875061035156,61870,961.4379828673024,954.3033618878293,-0.1355723718573303
18,275.7,384.8435025241528,110.8291015625,62001,962.512588506637,952.7371494008161,-0.11151954510675965
18,281.3,392.3542170351173,116.21664428710938,57493,967.2677195484667,947.1624545596856,-0.06832938707756801
18,287.0,385.2471159586311,111.51241302490234,61979,962.0158279417223,954.851675567531,-0.10604166185777715
18,292.6,388.54982523140654,115.3934555053711,61796,961.3983914816492,947.4202213735517,-0.07492862078920635
18,298.2,386.5510062568535,112.4628677368164,62012,959.4116461330066,947.1231697090885,-0.098422179042421
18,303.9,389.16812775513597,113.9554214477539,60115,963.807668635116,949.5817350079016,-0.08645686685139406
18,309.5,391.54681732318943,115.07804870605469,57703,965.7561825208395,947.5915636968615,-0.07745713336020316
18,315.2,388.8528306203831,113.27361297607422,61188,958.8264528992613,947.1594430280447,-0.09192270111809538
19,0.1,522.6668085385019,256.4953308105469,30544,1125.076479832373,976.9154662126768,0.008528643956086464
19,5.1,530.1526240749541,262.7604064941406,29458,1124.3541652522235,971.9542738814583,0.033162652939758945
19,10.1,522.8421643022104,251.827392578125,30310,1124.7613328934344,977.1873309138898,-0.00982548904406726
19,15.0,523.49963445434,254.56333923339844,30092,1125.9132659843149,978.23637511631,0.0009321359055158414
19,20.1,517.482962868607,245.98489379882812,31402,1124.257849818483,980.4698108400739,-0.032797943757293876
19,25.1,521.3908527995283,250.2285919189453,30523,1123.0249320184778,978.2135438849392,-0.016111904690165584
19,30.1,534.4846468401487,197.47613525390625,26900,1121.5410408921932,967.5552416356877,-0.22353230262731363
19,35.1,520.0012441575036,248.21900939941406,29739,1125.0434782608695,977.1999730992973,-0.024013496999608787
19,40.1,537.3372541531411,195.0779266357422,26185,1123.1710903188848,966.8669085354211,-0.2329619560949133
19,45.1,533.9545796926785,196.4009552001953,26552,1122.006101235312,966.432208496535,-0.22775986450203115
19,50.1,521.4702009231605,243.61643981933594,29464,1124.9768531088787,976.3598289437958,-0.042110603261314106
19,55.0,535.6192133527937,185.188720703125,26721,1119.198233599042,965.239661689308,-0.27184588983946784
19,60.1,517.2032949037076,240.6297607421875,30532,1126.2263854316782,979.6719834927289,-0.05385409734399342
19,65.1,555.6637720398865,271.88421630859375,30286,1125.1018292280262,983.4380902066962,0.06903708196271907
19,70.1,516.1361836896278,242.82176208496094,31575,1126.5642438638163,981.6291369754553,-0.04523524204245156
19,75.1,560.0961570565256,277.1756591796875,29951,1125.137057193416,977.5635871924143,0.08984280847045419
19,80.0,533.4110008183015,254.4168701171875,28107,1122.024086526488,970.5819902515387,0.0003562256201829234
19,85.1,550.6540734621251,269.0464172363281,31472,1126.947381799695,985.0447381799695,0.05787897767626784
19,90.1,510.7402585382408,237.62672424316406,32413,1129.1036621108815,988.3753123746645,-0.06566190810818923
19,95.1,564.8406352869312,282.4964904785156,29467,1126.7311229510979,974.8180337326501,0.11076408901606315
19,100.1,523.2586527602472,247.5265655517578,30106,1126.6969042715739,978.8137248389025,-0.026736156521268106
19,105.1,559.1608881184158,274.1972351074219,29996,1126.6535871449526,976.4546939591945,0.07813177271305512
19,110.1,519.3475571433297,243.9965057373047,30231,1126.2655552247693,978.4632661837187,-0.04061620036652587
19,115.0,566.5061385064098,281.17584228515625,29486,1125.2053516923286,974.4028691582446,0.10557135694026734
19,120.1,523.0831546656991,248.9692840576172,30317,1126.11293993469,974.0129960088399,-0.021063449210274525
19,125.1,562.1154469349176,280.7106018066406,29624,1128.2097623548475,976.4696867404807,0.10374205132511985
19,130.0,524.0085025980161,249.9127197265625,29638,1127.5076928267765,974.6831770024968,-0.0173539006081442
19,135.1,561.1942446043165,279.8689880371094,29746,1126.6099307469913,975.059571034761,0.10043286206604886
19,140.1,521.461929761633,248.8609161376953,30667,1126.9839240877816,977.7564156911338,-0.02148954722532134
19,145.1,555.151805995457,273.31951904296875,31257,1127.9255846690342,981.0266180375596,0.0746806307781744
19,150.1,526.8973208260225,255.78451538085938,29636,1127.1661492779053,975.0783506546093,0.00573374816152988
19,155.1,563.8946357615894,279.6348876953125,30200,1128.4002317880795,978.8891721854304,0.09951238955874835
19,160.1,523.8813094187984,249.21932983398438,30609,1128.9299552419222,980.8697768630142,-0.020080279937876304
19,165.0,563.634202707164,279.15045166015625,30290,1128.7479035985473,983.7825354902608,0.09760760783786603
19,170.1,521.7044444444444,245.59133911132812,31500,1129.994603174603,983.658761904762,-0.03434538391557147
19,175.1,559.7644102095437,277.3911437988281,30638,1128.9597884979437,981.6984790129904,0.09069008475438704
19,180.0,524.3536059038645,247.6394805908203,30353,1130.4437452640595,983.4515533884625,-0.026292179428710174
19,185.4,573.8684413332477,280.2402038574219,31142,1129.4052084002312,986.0228630145784,0.10189246675628527
19,191.1,576.4272568206857,275.8460693359375,30862,1129.1899423238935,987.2211457455771,0.08461491820868013
19,196.7,582.3906899146194,283.4041748046875,30569,1129.2986685858223,988.2299061140371,0.11433306487118493
19,202.3,577.4001235651806,287.0884704589844,30753,1129.818326667317,985.8130914057165,0.12881955742611506
19,208.0,587.7900627900627,292.4007263183594,29304,1129.624761124761,983.7177518427518,0.1497071197114514
19,213.6,583.5385961959266,292.0029602050781,29705,1130.2236660494866,982.5591987880828,0.14814312040755948
19,219.3,587.6336981350789,295.5399475097656,29331,1130.9132658279636,982.0101598990829,0.1620504028474147
19,224.9,589.4114441416893,297.6092529296875,29727,1130.7617653984594,980.4606250210246,0.17018682304067842
19,230.5,578.0635441815548,291.93829345703125,31065,1130.9138258490261,982.4225333977145,0.14788885352671347
19,236.2,582.5337837837837,303.1210632324219,30784,1130.7590306652808,982.4310031185031,0.1918590248417543
19,241.8,583.3155468145474,297.6140441894531,31016,1131.6479236523085,981.796137477431,0.17020566206865992
19,247.4,579.5627531676334,292.5912170410156,30859,1131.0431316633722,982.8954599954633,0.1504561210659775
19,253.1,578.2027379815346,290.30767822265625,31410,1131.3683221903852,980.846099968163,0.14147734433494172
19,258.8,584.6712988758153,301.9589538574219,30511,1131.7352758021698,981.8058077414703,0.18728966060267158
19,264.4,584.4355626465225,295.6872863769531,30712,1131.1609794217245,981.5036142224537,0.1626297329562984
19,270.0,585.005591341595,299.2888488769531,30583,1131.2897034300101,982.9381355655103,0.17679092229557328
19,275.7,583.332499208109,301.9302062988281,31570,1132.0024390243902,980.6423820082357,0.1871766264347825
19,281.3,590.0684900687793,306.128662109375,31114,1131.4416339911295,980.5034711062544,0.2036847746803656
19,287.0,588.5665438562472,306.21185302734375,30942,1131.646241354793,980.9043694654515,0.20401187780315289
19,292.6,589.9590521387802,307.2229919433594,31186,1132.358333867761,979.6160456615148,0.20798763267010478
19,298.2,586.9257715025743,298.8115234375,31659,1132.3912315613254,978.8499952620108,0.1749140991321412
19,303.9,586.1801435858681,298.98834228515625,31758,1132.6063983878078,979.6915737766861,0.17560934326032518
19,309.5,584.1269493329993,297.7327575683594,31934,1132.46198409219,978.7741905179432,0.17067243798488976
19,315.2,583.3620972146368,295.2978515625,31127,1131.3003501783019,981.8857262183956,0.16109849196220874
20,0.1,285.3552540342915,35.18842697143555,63456,816.1994925617751,1065.6732223903177,-0.09309971881518164
20,5.1,288.0044332632806,41.424076080322266,65189,814.6006995045176,1063.9074690515272,0.06760970803159966
20,10.1,286.91105940747633,35.80002212524414,64470,819.3245695672406,1062.065813556693,-0.07733726892191044
20,15.0,287.8300592034446,41.80894470214844,66888,819.2604353546227,1065.1448391340748,0.07752880619522892
20,20.1,288.36133691845924,39.78236770629883,63968,820.9905734117059,1064.9287768884442,0.02529847351026332
20,25.1,287.5008075883942,37.643455505371094,68104,813.3174703394808,1065.3706977563727,-0.029827039148362516
20,30.1,287.14213456243266,40.67150115966797,66824,814.0911199569017,1065.3008350293308,0.048213830866983665
20,35.1,286.64483795028207,39.21720886230469,67541,814.8281488281192,1065.027642469019,0.010732812051499245
20,40.1,287.3533702023779,36.90621566772461,66361,813.973689365742,1064.3887825680747,-0.04882769003295562
20,45.1,287.63608272286035,37.833499908447266,66342,816.4180157366375,1064.1841518193603,-0.024929084410934534
20,50.1,288.2317244504872,33.941192626953125,66195,817.8679658584485,1063.4637963592415,-0.12524429801540174
20,55.0,289.02093621861064,38.671409606933594,66822,811.779324174673,1062.4101792822723,-0.003333900807484686
20,60.1,288.4822897431593,38.59462356567383,65527,816.0751293359989,1063.5041433302304,-0.005312883342455035
20,65.1,314.080587975714,54.31083297729492,65717,816.2506352998463,1065.0208165314912,0.3997360478339417
20,70.1,292.8110561430581,39.184776306152344,66099,815.0322546483305,1064.707121136477,0.009896937963749337
20,75.1,314.6059703856204,53.13382339477539,63145,814.6238340327817,1061.6358856599888,0.36940134937723934
20,80.0,295.3002395812669,39.52950668334961,65531,818.0719964596908,1063.3445544856634,0.01878156574966694
20,85.1,315.69632556805504,49.27989196777344,62758,816.362009624271,1055.789301762325,0.2700751846227797
20,90.1,293.3496354799514,45.64662551879883,65840,810.3829890643985,1062.886102673147,0.17643614907085836
20,95.1,315.47258768436814,59.743534088134766,62782,814.5966519065975,1063.064620432608,0.5397513480067283
20,100.1,295.2339091647634,40.139102935791016,65239,813.6759760266099,1059.7289964591732,0.03449249858554213
20,105.1,314.87107507079963,52.172183990478516,64619,816.3540290007583,1062.1924511366626,0.34461731890997294
20,110.1,293.9936615589396,40.092586517333984,63107,813.3731123330217,1061.9366789738065,0.03329364553613935
20,115.0,314.7679518757105,54.85003662109375,63336,809.5970853858785,1067.8969464443603,0.41363277406651777
20,120.1,295.3134290792972,40.36177444458008,63571,811.9944786144625,1061.5529408063426,0.04023134147546657
20,125.1,314.91853246732524,54.494239807128906,62663,814.7072435089287,1065.2974003798095,0.40446293448001647
20,130.0,294.24774423178997,44.06871032714844,64058,811.0903087826657,1060.312373161822,0.13576903621141825
20,135.1,314.58941952628896,56.27676010131836,64723,815.9703660213526,1064.355947653848,0.4504032704129162
20,140.1,293.26980249326346,44.631507873535156,67542,812.1568949690563,1064.1304077462912,0.15027384068825841
20,145.1,314.94544456463825,52.87523651123047,61937,809.7560262847733,1056.170608844471,0.36273687080910205
20,150.1,294.1633901331944,46.03156661987305,67195,814.2159238038545,1062.4066522806756,0.18635711521939322
20,155.1,313.6807513180344,52.478111267089844,65059,812.2622388908529,1065.0852149587297,0.3525018865664396
20,160.1,294.1336195210122,39.953895568847656,66390,814.2434402771502,1064.4158457599035,0.029719207261812913
20,165.0,314.51231367964436,57.97500228881836,65009,809.732375517236,1063.1841744989156,0.49417153316060564
20,170.1,293.4207341490545,45.58317565917969,67425,808.5422321097516,1066.5928513162773,0.17480087575851488
20,175.1,312.5581829692941,52.71385192871094,63180,809.9669673947452,1069.7285216840774,0.35857755662933877
20,180.0,295.0058693719925,45.01898193359375,65254,811.992184387164,1059.201750084286,0.16026008799349356
20,185.4,322.21301609080706,66.5992660522461,64136,806.8797711113883,1063.9487651241113,0.7164419756107239
20,191.1,324.15418718431846,67.28311920166016,63157,808.0056684136358,1061.2933799895497,0.7340667081398641
20,196.7,324.3041306008147,68.11174011230469,62848,809.2629677953157,1072.314982179226,0.7554224947304146
20,202.3,321.0950574155482,64.02320098876953,59827,808.0851622177278,1074.4375783509117,0.6500498594665798
20,208.0,322.1929698947649,69.30333709716797,60056,805.2297522312508,1075.4568902357798,0.7861331497281138
20,213.6,321.820602364485,60.411827087402344,58702,802.3061735545638,1071.6416476440327,0.5569750536711389
20,219.3,325.84729396345693,69.19957733154297,51884,784.5592668259965,1062.457000231285,0.7834589818632822
20,224.9,323.0226581348998,68.8778076171875,57198,799.925609287038,1077.8311479422357,0.7751661120324537
20,230.5,321.621190932477,65.53678131103516,57921,802.1398283869408,1073.939780045234,0.6890588899348293
20,236.2,321.83076584879177,67.67677307128906,59137,800.2960752151783,1075.5227522532425,0.7442122257370488
20,241.8,323.7722247463274,70.34722900390625,59427,798.4156528177427,1069.2439631817188,0.8130370481182293
20,247.4,321.9403341288783,67.94649505615234,59498,804.0823220948604,1070.9885374298296,0.7511636857756803
20,253.1,322.864750464272,69.98896789550781,59771,802.3142159241104,1070.2205919258504,0.8038036970449383
20,258.8,324.1060005545498,69.93606567382812,61311,803.494478967885,1066.4943484855899,0.8024402646938543
20,264.4,322.53798884665935,68.1209716796875,56306,797.8339075764572,1078.3087947998438,0.7556604170183885
20,270.0,321.7742950975888,72.3144760131836,58767,796.3584494699406,1077.8133476270696,0.8637382876854844
20,275.7,323.3496937867499,68.3668441772461,57313,799.1023328040759,1072.519376057788,0.7619972117080889
20,281.3,325.60800065045936,69.1678695678711,61495,806.4130417107082,1067.911179770713,0.7826417876245881
20,287.0,323.51023073574225,71.5799789428711,57425,799.1367348715717,1074.2190335219852,0.8448083252823183
20,292.6,322.9865181711606,71.69852447509766,59710,802.8150393568916,1075.6159102327917,0.8478635620678884
20,298.2,322.6556408020924,67.20292663574219,57350,803.432781168265,1076.9919093286835,0.7319999303143314
20,303.9,323.5819406962906,68.98246002197266,59659,802.1027003469719,1071.8782748621331,0.7778632856061223
20,309.5,322.80936286378187,69.11636352539062,61541,805.5899156659788,1071.5969516257455,0.7813143385616854
20,315.2,322.1793831029817,69.8426742553711,58389,802.717994827793,1075.9690010104644,0.8000333169855159
21,0.1,399.39311409432975,160.73687744140625,36277,586.9259034650054,1033.9846459189018,-0.007590416743455435
21,5.1,400.93614244936794,161.1471710205078,36785,590.4197363055594,1031.2972679081147,-0.005057212874309429
21,10.1,403.34159116647794,162.4397735595703,35320,586.6855039637599,1034.747281993205,0.0029234768561787446
21,15.0,404.70539902766325,163.72608947753906,35173,589.5018622238649,1033.9446450402297,0.010865352201822255
21,20.1,404.01629749936995,161.78143310546875,35711,590.1835568872336,1033.3696060037523,-0.0011411994402363115
21,25.1,407.2621252140597,165.73992919921875,34453,583.7332017531129,1037.1372884799582,0.023299050496516024
21,30.1,405.3328137178488,164.1108856201172,34641,586.2006870471407,1035.352299298519,0.013241131709134686
21,35.1,404.2794742279876,162.67762756347656,34844,587.5169900126277,1033.86743772242,0.004392017222583146
21,40.1,404.8115933719397,162.172119140625,34882,585.0524052519925,1036.2458001261396,0.0012709450004500045
21,45.1,404.222609192121,161.69552612304688,35030,585.5190693691122,1036.41021981159,-0.001671599893332076
21,50.1,403.3057071396089,159.9479217529297,35184,588.5672180536608,1033.0989654388359,-0.01246152783178874
21,55.0,406.25602765375197,163.16929626464844,34715,584.6138556819818,1032.943799510298,0.007427641272254856
21,60.1,403.2797182775996,160.447265625,34928,586.905348144755,1034.0385936784241,-0.009378516317124637
21,65.1,422.60350959015915,173.97726440429688,34306,587.0045473095086,1033.7668629394275,0.07415738822300337
21,70.1,406.30509104422146,162.75112915039062,34983,587.3880456221593,1034.4606237315268,0.004845825212381067
21,75.1,414.3812319073657,164.5023651123047,37308,583.3451002465958,1038.8715556985096,0.01565817505276256
21,80.0,406.4217479392745,159.9332275390625,36031,586.5176653437318,1035.762648830174,-0.012552251745879544
21,85.1,419.31110041615943,169.1020050048828,35323,585.6949862695694,1036.6536817371118,0.04405692698563885
21,90.1,405.24583368344395,162.3283233642578,35703,583.2965016945354,1039.2414643027196,0.002235369412233547
21,95.1,423.3746422939905,173.78695678710938,34246,589.3638965134614,1033.0455527652864,0.07298240519440473
21,100.1,411.5475528447992,167.27716064453125,33447,583.8601967291536,1035.486291745149,0.03279010968775576
21,105.1,418.5183532171774,169.96755981445312,34953,587.9778559780276,1034.9884416216062,0.04940097062717655
21,110.1,404.9693167168027,161.6444854736328,34905,591.6640882395072,1032.2271021343647,-0.0019867312460150836
21,115.0,420.1663636880077,172.1107177734375,35206,590.6665341135034,1032.8653070499347,0.06263309589167255
21,120.1,406.45924300290716,161.52650451660156,35086,590.5749301715784,1031.612723023428,-0.0027151604295561943
21,125.1,417.1242186385044,168.05197143554688,35035,591.0043670615099,1032.2265734265734,0.03757388841018857
21,130.0,401.71249411699563,159.40988159179688,36121,585.03241881454,1038.29093878907,-0.01578345507452582
21,135.1,413.39630474828846,165.5496368408203,36371,586.9936762805531,1035.81380770394,0.02212416167758933
21,140.1,401.26279364729237,158.5095672607422,36268,586.8324418219919,1034.1236903055035,-0.021342108348772607
21,145.1,416.8235012799955,169.2982177734375,35547,592.8114327510057,1029.6771316848117,0.04526836915728333
21,150.1,406.545217116781,164.6304473876953,34843,588.7852940332348,1033.1444192520735,0.016448971039136603
21,155.1,417.81477218494706,169.22691345214844,35621,590.5075096151147,1032.1089525841498,0.044828127360246654
21,160.1,403.84649305266663,160.98300170898438,36057,589.5072246720471,1032.3697201652938,-0.006070814734852471
21,165.0,418.2898720741858,171.30015563964844,35802,585.0009217362159,1036.7143734986873,0.057628583907853706
21,170.1,402.441382468617,160.64247131347656,37122,585.7137546468401,1036.046010452023,-0.008173291983829057
21,175.1,416.58622228420023,169.2782440185547,35855,588.776488634779,1032.3812857342073,0.04514504869669677
21,180.0,404.2619100011002,162.21401977539062,36356,585.0194465837826,1035.9032346792826,0.0015296447596331252
21,185.4,419.3873764381786,173.77423095703125,37026,582.8751417922541,1039.288770053476,0.07290383432799587
21,191.1,421.1480264973779,175.3170928955078,36230,585.3123930444383,1036.8251725089704,0.08242965688818629
21,196.7,422.6883782757311,174.5445098876953,36862,587.2219901253324,1035.316993109435,0.07765963277785863
21,202.3,421.4352109900628,175.96531677246094,35523,586.4326211187118,1036.3201306195986,0.08643187217209647
21,208.0,424.6613589019205,178.1654815673828,35043,590.7156921496447,1031.086693490854,0.10001596477100913
21,213.6,417.5291726511477,171.2829132080078,36901,585.2732446275169,1037.3099374000706,0.05752212697854674
21,219.3,421.74159257827597,176.00390625,36218,590.089679165056,1031.8844221105528,0.08667012843246577
21,224.9,422.5510282318793,176.3801727294922,36519,582.7374517374517,1037.716914482872,0.08899324473315644
21,230.5,417.52133311866044,171.57315063476562,37266,584.042156389202,1037.8878334138358,0.05931408914876602
21,236.2,420.071698418695,174.16867065429688,37058,581.1990123590048,1038.6477143936531,0.07533915434798265
21,241.8,421.89718594318026,174.96726989746094,37135,584.287060724384,1036.6217584489027,0.08026980594899029
21,247.4,419.0172905238249,172.7578887939453,37188,581.5758578035926,1039.3001774766053,0.06662881070821797
21,253.1,419.32178481890435,173.46372985839844,37494,583.1087107270497,1036.991545313917,0.07098676171342293
21,258.8,419.7812058721658,173.57986450195312,37533,583.4730237391096,1036.8342791676657,0.0717037915266577
21,264.4,422.7806489738906,176.44131469726562,37228,583.6200709143656,1037.1103201891049,0.08937074288867237
21,270.0,420.82259663032704,172.8286590576172,37333,582.7481316797472,1038.1028044893258,0.0670657551667363
21,275.7,419.39790408809216,171.92726135253906,37597,583.0265180732505,1037.8815331010453,0.06150041300578084
21,281.3,423.9330462863294,175.05616760253906,37160,583.3906350914963,1038.1909580193758,0.08081867149778885
21,287.0,421.37100717298443,172.95863342285156,37223,583.7231550385515,1038.0641538833518,0.06786823315243251
21,292.6,422.33523999676225,175.75291442871094,37063,580.5220030758438,1038.7516660820766,0.08512047353850978
21,298.2,423.5942686828361,175.5830535888672,36571,581.8522873314922,1038.3936178939598,0.08407173147032825
21,303.9,424.7195924722078,176.2664794921875,36611,582.8324274125263,1037.3995247330038,0.08829128846743414
21,309.5,423.07509147653894,177.20924377441406,37168,585.6528465346535,1036.0624192854068,0.09411203304905436
21,315.2,423.7766804449746,179.5561981201172,36047,582.2818819874053,1038.5133020778428,0.10860242269215552
22,0.1,282.42734209167577,32.07906723022461,17431,35.95410475589467,1049.4704836211347,-0.13070949617540856
22,5.1,287.48641263093975,38.598575592041016,6587,31.57947472293912,1150.7247608926673,0.04595856801295091
22,10.1,287.4355917417854,40.05629348754883,6878,32.64175632451294,1150.8178249491132,0.08546035011670808
22,15.0,286.9911931818182,36.45072937011719,7040,30.342897727272728,1146.2264204545454,-0.012244568349902642
22,25.1,286.4205192280994,37.32826232910156,7203,30.846036373733167,1145.0616409829238,0.011535146395652032
22,35.1,286.89841004184103,28.970617294311523,5975,28.903096234309622,1149.585941422594,-0.2149434295223691
22,40.1,287.21409375933115,32.695613861083984,6698,27.486861749776054,1144.0922663481635,-0.11400208609005155
22,45.1,287.7784082848631,35.76073455810547,7049,29.599801390268123,1145.9270818555824,-0.030942304585976535
22,50.1,285.95222222222225,30.28154754638672,6300,26.52095238095238,1144.2538095238094,-0.1794193536155845
22,55.0,287.9496402877698,35.353118896484375,6533,28.02433797642737,1146.53757844788,-0.04198802550156295
22,60.1,285.9016724336794,35.5828742980957,6936,29.856401384083046,1145.0067762399078,-0.03576202811236971
22,65.1,311.7489539748954,46.759403228759766,6214,27.52526552944963,1146.762632764725,0.267103712821428
22,70.1,288.3985711912278,29.899085998535156,6019,24.662402392423992,1143.3141717893338,-0.18978343899373315
22,75.1,310.4196744515216,43.277339935302734,5652,27.608811040339702,1151.2968860580324,0.17274546565062376
22,85.1,308.6444141689373,41.664154052734375,6606,26.850136239782017,1142.1017257039055,0.12903075416738877
22,90.1,288.2510500807754,27.2618408203125,6190,24.247495961227788,1139.86704361874,-0.26124849043157994
22,95.1,311.391991875816,41.95263671875,6893,27.284781662556217,1140.804584360946,0.13684816482604736
22,100.1,289.9103848181339,25.2762393951416,5691,22.753821823932526,1141.0558777016342,-0.3150550569035425
22,105.1,311.15416885159937,38.71171569824219,5721,23.886907883237196,1142.179164481734,0.04902448072221194
22,110.1,295.215835492228,29.081544876098633,6176,29.401392487046632,1145.9888277202072,-0.21193747262319512
22,115.0,315.58068027210885,51.89472961425781,7350,31.66857142857143,1142.2205442176871,0.40626269861473335
22,120.1,297.85117845117844,38.047027587890625,7425,32.272053872053874,1138.793265993266,0.031012514907030105
22,125.1,318.8472556434055,58.90739059448242,8727,36.634926091440356,1136.845651426607,0.5962943960110614
22,130.0,301.4349460409846,46.36834716796875,8247,35.28871104644113,1139.3244816296835,0.2565067301327171
22,135.1,318.28848211101865,54.03974151611328,8413,33.932009984547726,1136.4446689646975,0.46438902951742367
22,140.1,301.2610985703536,40.245853424072266,7974,34.146977677451716,1137.3633057436668,0.09059711583195805
22,145.1,320.04186831738883,57.02304458618164,8885,35.84288126055149,1134.3106359032076,0.5452316865133147
22,150.1,301.17768991133477,39.177101135253906,8346,33.52372393961179,1134.8449556673856,0.06163566851358813
22,155.1,321.27547734069475,66.28624725341797,8694,34.80296756383713,1135.8380492293536,0.7962494002093119
22,160.1,305.7718635531136,45.098480224609375,8736,36.04773351648352,1135.0434981684982,0.222095403049522
22,165.0,324.83006756756754,60.047698974609375,8880,35.73918918918919,1134.5489864864865,0.627194896925315
22,170.1,306.71224109844076,49.59984588623047,8594,34.72690249010938,1134.4062136374214,0.34407508518325086
22,175.1,323.9855301831336,60.79726791381836,8846,34.941894641645945,1133.8418494234681,0.6475069950340255
22,180.0,308.270933530645,48.145240783691406,8109,34.498581822666175,1134.0665926748059,0.304657654701961
22,185.4,336.36872899290427,63.948822021484375,8033,34.46757126851737,1135.7445537159217,0.7329089812707765
22,191.1,337.2365265682191,66.52604675292969,7923,33.703647608229204,1135.4141108166098,0.802747576301883
22,196.7,336.12142403051496,63.14493942260742,7865,32.84386522568341,1134.2595041322313,0.7111250713965157
22,202.3,332.3913208502024,65.92790985107422,7904,31.78479251012146,1135.4487601214576,0.7865390399052846
22,208.0,333.3727284443872,66.34180450439453,7759,31.89612063410233,1135.2955277741978,0.7977549112750146
22,213.6,329.94927720010145,65.85994720458984,7886,32.052498097895004,1135.4566320060867,0.7846973628147491
22,219.3,327.66394576646377,57.33826446533203,7228,29.276148312119535,1136.9252905368014,0.5537736321252492
22,224.9,333.49479437792814,65.92691040039062,7684,32.17269651223321,1137.1559083810516,0.7865119564186591
22,230.5,325.98383084577114,60.033111572265625,7236,29.311912658927586,1136.6137368711995,0.6267996020670861
22,236.2,328.52278782779416,63.82083511352539,7131,29.473706352545225,1136.4279904641705,0.7294407444014143
22,241.8,328.3501134429949,64.53005981445312,7052,28.49659671015315,1136.4018718094158,0.7486595793248135
22,247.4,329.1949897450923,70.16887664794922,6826,28.632581306768238,1140.5039554644009,0.9014623366801148
22,253.1,325.48317450863607,69.71031951904297,6716,26.95458606313282,1137.367927337701,0.8890361849233176
22,258.8,328.186215235792,67.92949676513672,6616,27.34749093107618,1139.5730048367593,0.8407787871051261
22,264.4,328.50688036263557,57.995731353759766,6177,26.063623118018455,1141.6540391775943,0.5715899145809573
22,270.0,324.96334994373893,68.46195220947266,6221,25.93232599260569,1141.1927342870922,0.8552074629188303
22,275.7,327.71819449285465,61.54376983642578,5738,25.501568490763333,1144.804810038341,0.6677359819853051
22,281.3,325.4836763662172,60.06922149658203,5636,24.17122072391767,1141.651171043293,0.6277781222365411
22,287.0,324.2545114061968,52.839111328125,5874,25.292986040177052,1141.1935648621043,0.4318539058016074
22,292.6,326.5605004468275,62.276451110839844,5595,24.491152815013404,1143.7864164432528,0.6875904518677134
22,298.2,327.83630375823327,62.51668930053711,5162,23.95021309569934,1146.9612553273926,0.6941005157502155
22,303.9,326.7014793941529,57.202877044677734,5678,25.22824938358577,1143.0024656569215,0.5501048534083544
22,309.5,326.90192018072287,64.53961181640625,5312,24.06739457831325,1144.3733057228915,0.7489184230290514
22,315.2,326.52375395899315,69.38722229003906,5999,26.13068844807468,1142.525754292382,0.880280775953056
23,0.1,557.631256340886,311.4297180175781,70968,241.23499323638822,1098.9091844211475,-0.0017993169344921475
23,5.1,563.5650126972351,317.1549987792969,70094,245.25742574257427,1100.9221616686164,0.01655146603981249
23,10.1,561.0387531831956,314.37548828125,70291,243.18636809833407,1099.1247954930218,0.007642524094902989
23,15.0,560.4394400056565,311.650146484375,70715,243.8304602983808,1099.8139291522307,-0.0010927952591544589
23,20.1,561.9689522811292,305.3450927734375,70601,243.8298182745287,1099.0729026501042,-0.021301877941068872
23,25.1,561.1330090928315,312.21502685546875,70935,241.2073024599986,1099.1173045746107,0.0007177704629140189
23,30.1,559.6957584146669,306.0238037109375,70799,242.64522097769742,1100.408155482422,-0.019126460239350725
23,35.1,558.4030188467107,307.8439025878906,71153,243.38005424929378,1100.157196463958,-0.013292643371177516
23,40.1,564.9732201455272,313.5076904296875,70090,242.57768583250106,1100.8644457126552,0.0048610412816809875
23,45.1,562.773891087564,312.064697265625,70497,241.87520036313603,1099.0902875299657,0.00023593109247051154
23,50.1,555.8033055101079,305.1316833496094,72122,241.4276365048113,1098.8044979340561,-0.0219859020412539
23,55.0,559.8956701722981,309.2375793457031,71504,240.2680409487581,1099.6993315059296,-0.008825603101300516
23,60.1,556.3436724219687,306.8684997558594,71702,240.80508214554683,1098.9258319154278,-0.01641902379304422
23,65.1,584.0726233562974,326.60662841796875,71561,241.19495255795755,1100.1664034879334,0.04684601603157642
23,70.1,556.7557915865184,305.22479248046875,71742,239.46387053608765,1099.5680912157452,-0.02168746681607665
23,75.1,588.2512537540774,329.414306640625,69591,232.66282996364473,1097.7673549740628,0.055845241723729
23,80.0,562.7662308226261,305.5641174316406,70591,236.7092263886331,1099.9269595274186,-0.020599855780761716
23,85.1,582.4515059135688,323.5233154296875,70854,236.02611002907386,1099.3649899793943,0.03696332034473328
23,90.1,557.1763517427486,303.9725341796875,70779,234.13803529295413,1099.3908503934783,-0.025701229854399606
23,95.1,579.263697335443,320.2696838378906,71419,239.72273484646942,1100.727607499405,0.026534716106033616
23,100.1,550.5165370186472,297.6496887207031,72504,236.77351594394793,1100.6107663025489,-0.04596733899854881
23,105.1,577.205976325531,317.8704833984375,71047,235.86803102171802,1101.5761256632934,0.018844751472221755
23,110.1,550.5952009146426,297.119140625,71722,239.4091073868548,1100.253646022141,-0.047667862233457536
23,115.0,586.7577232513528,327.2109680175781,69854,238.68391215964726,1102.046310876972,0.04878305725222051
23,120.1,559.4175903512124,305.7137451171875,70641,237.5163290440396,1100.620631078269,-0.020120266167833474
23,125.1,583.7960766881282,326.90899658203125,69737,240.8069604370707,1101.5414772645797,0.04781517244293539
23,130.0,561.5166345051724,309.4307861328125,68923,235.3632459411227,1099.5321590760705,-0.008206332891337495
23,135.1,582.6328254530902,323.9625549316406,69964,233.87161969012635,1099.2231147447258,0.03837117947156913
23,140.1,558.855744783603,304.8590393066406,70403,234.61162166384955,1099.7269576580543,-0.022859786112618557
23,145.1,581.4940318022692,323.3943176269531,71127,238.70625782051823,1100.64110675271,0.03654985403964503
23,150.1,559.3831002560568,303.6775817871094,71078,237.221123273024,1100.6303497566055,-0.026646617088532068
23,155.1,582.7000856537063,326.4203796386719,71217,236.84366092365588,1100.1639215355883,0.04624904776567778
23,160.1,559.5723763144894,304.50048828125,70845,236.9388383089844,1099.899075446397,-0.02400902094074295
23,165.0,588.7700594673792,327.8944396972656,69618,234.2417190956362,1100.0667212502515,0.050973734178824816
23,170.1,562.9969718179091,309.3417663574219,70009,231.79411218557615,1099.151980459655,-0.008491660833599717
23,175.1,580.5109650659306,321.3212585449219,71363,233.64576881577287,1098.999327382537,0.02990524412607876
23,180.0,560.860718171926,307.16363525390625,70763,230.20455605330469,1098.7004225372016,-0.015473049665646907
23,185.4,599.2952266517901,337.98443603515625,69909,229.39824629160765,1098.8690440429702,0.08331438972295116
23,191.1,597.8552528851477,336.5993347167969,70447,228.62482433602565,1098.5420528908257,0.07887483562097806
23,196.7,602.0988501826348,339.8879699707031,70359,230.2181384044685,1099.581787688853,0.08941563428880861
23,202.3,592.5008360616578,334.4024658203125,71167,230.17204603257127,1099.4450658310734,0.0718333880448277
23,208.0,592.9561183200782,333.910400390625,71670,234.0079531184596,1101.0194502581276,0.07025621021108203
23,213.6,596.7124764137458,338.2095031738281,69956,228.98324661215622,1099.4157041568985,0.08403577936099844
23,219.3,597.8610158883689,336.7782897949219,70303,230.4822127078503,1101.6536989886633,0.07944842597182677
23,224.9,606.2686841762157,344.83001708984375,69029,227.9753292094627,1100.33232409567,0.10525598132270873
23,230.5,598.6095172748975,338.3019714355469,69957,224.95437197135382,1099.2358734651286,0.08433216045974871
23,236.2,602.6277480432781,341.4779968261719,69504,224.49425932320443,1099.7727037292818,0.09451201976969525
23,241.8,600.9126050659195,341.3175964355469,70313,225.58114431186266,1099.667557919588,0.0939979012696849
23,247.4,598.1813573601016,341.45428466796875,70033,224.72404437907844,1099.0102380306428,0.09443601709189692
23,253.1,595.0501936981665,339.87652587890625,71503,224.43914241360503,1099.1056599023818,0.08937895345975536
23,258.8,599.2484741701318,340.6241149902344,70945,224.28451617450136,1099.660145182888,0.091775140844602
23,264.4,599.8348038664718,338.1916809082031,71176,223.8582949308756,1099.056634258739,0.08397865508321951
23,270.0,597.7036040203541,339.8739929199219,71337,222.4055959740387,1098.8328216773905,0.08937083476959157
23,275.7,596.524699655549,337.24029541015625,71418,222.94789828894676,1098.8380940379177,0.08092925549459257
23,281.3,599.5167377175204,340.1352844238281,71545,222.64570550003495,1100.0293102243343,0.0902083314585354
23,287.0,600.4293975903614,337.7329406738281,70550,222.73051736357195,1100.4764705882353,0.08250829182367692
23,292.6,596.5579764692762,337.9662780761719,71736,221.93853853016617,1098.873424779748,0.08325618947418667
23,298.2,596.0044798615569,337.3455505371094,71654,222.16040974683898,1099.611829067463,0.08126662130633833
23,303.9,601.069091886691,339.73284912109375,70674,223.04179754931093,1100.3203724141833,0.08891843787793481
23,309.5,595.2172419547743,337.12664794921875,71906,222.4454704753428,1099.5113759630628,0.08056499040820775
23,315.2,595.9307363567352,339.069580078125,71134,224.66398627941632,1100.183625270616,0.08679251484155251
24,0.1,360.9429887174764,98.3123779296875,21715,1110.0369790467419,1138.0175915265945,0.01344193966275304
24,5.1,361.74933945510463,101.339111328125,23087,1110.8624334040803,1136.6473339974877,0.04464267583402476
24,10.1,359.3154721734827,96.33841705322266,22227,1107.9811940432808,1139.0493993791335,-0.006906410988409753
24,15.0,360.1583526145303,96.14273834228516,21610,1107.5716797778807,1140.7277186487738,-0.008923542671513143
24,20.1,361.76810441616766,92.90933990478516,21376,1106.7732503742516,1142.250748502994,-0.04225466183685476
24,25.1,362.6808095475791,94.19969940185547,22037,1109.1776103825384,1140.659436402414,-0.028953138070351464
24,30.1,362.01957286795545,32.89671325683594,20743,1105.0031817962686,1145.0129682302463,-0.6608879818227871
24,35.1,360.2816168074903,93.31938171386719,21895,1105.9792646722997,1143.0649463347797,-0.03802779259526119
24,40.1,360.8969420356002,30.378265380859375,21910,1105.6280693747146,1143.4376996805113,-0.6868491146334961
24,45.1,361.7464702271332,37.943355560302734,19548,1099.835635359116,1148.3582975240433,-0.6088652449862583
24,50.1,362.83560512185045,92.97191619873047,21789,1109.6998944421498,1141.8256000734316,-0.041609601244808045
24,55.0,361.0246880330371,32.78361511230469,22278,1099.9793518269144,1146.1869108537571,-0.6620538411517922
24,60.1,362.8656399111825,93.19232940673828,21167,1104.5841167855624,1145.339915906836,-0.039337496818542574
24,65.1,379.6640826873385,108.11615753173828,20898,1104.938032347593,1146.2265288544359,0.1145030839983558
24,70.1,365.2917787450482,99.27346801757812,20447,1103.2647332126962,1147.3417616276226,0.02334922726349775
24,75.1,377.7765581057788,105.2183609008789,22046,1104.1499591762679,1145.6330400072575,0.08463147779606597
24,80.0,372.4701670644391,103.19181060791016,23883,1111.2469539002639,1138.4893857555583,0.06374101514039478
24,85.1,375.1974127152063,104.71775817871094,20794,1096.3341348465904,1150.6717322304512,0.07947107170643603
24,90.1,364.19686266361936,97.27310180664062,19252,1093.2396114689384,1155.327602327031,0.0027286802322967142
24,95.1,380.2013360549267,101.85265350341797,21556,1105.8690851735016,1146.8487660048247,0.04993646680101526
24,100.1,363.92283094286387,92.82212829589844,21265,1100.580907594639,1150.199811897484,-0.04315367276439511
24,105.1,378.77624296096644,101.49605560302734,20777,1106.0443278625403,1148.5745776579872,0.0462605179992275
24,110.1,363.63800399944193,95.2096939086914,21503,1102.1034274287308,1148.9329860949636,-0.018541724842318363
24,115.0,383.35221051663063,104.29045104980469,21737,1108.3918664029075,1145.1238441367254,0.07506622488378885
24,120.1,368.58900475667764,97.92984008789062,21864,1103.069795096963,1148.227451518478,0.009498591932294369
24,125.1,386.72516640414614,106.8184814453125,19681,1109.1964331080737,1149.584319902444,0.10112613800461857
24,130.0,373.2553714230658,102.37931060791016,20758,1108.4953752770016,1147.6978514307737,0.05536545152047202
24,135.1,385.72956154101945,109.21216583251953,21051,1107.4293382737162,1147.4975060567194,0.12580116061516416
24,140.1,372.7587330933152,101.52784729003906,20554,1106.2346015374137,1148.9821445947262,0.046588238980336816
24,145.1,380.4628058886614,107.1048812866211,20514,1097.580627863898,1153.344983913425,0.10407845811737662
24,150.1,373.7558189758602,103.72657775878906,20837,1108.9920334021213,1146.8019388587609,0.06925360134843306
24,155.1,386.8585400641842,106.36237335205078,19631,1107.150119708624,1150.6429626610973,0.09642439972440296
24,160.1,375.06344726664577,101.12438201904297,19134,1106.7897982648688,1151.7722379011184,0.0424291632318357
24,165.0,383.2413139923234,103.6160659790039,20061,1098.6480733762025,1154.1047804197199,0.06811440326555125
24,170.1,376.04256501444763,98.691650390625,17996,1104.075405645699,1155.9368748610802,0.01735162658689667
24,175.1,386.7584178179335,106.09381866455078,19037,1103.9558228712508,1153.874192362242,0.09365603434522177
24,180.0,375.08126922454267,97.8812484741211,18531,1103.793643084561,1154.9447952080297,0.008997690821498771
24,185.4,392.3728055828154,103.42691802978516,18342,1099.7641478573764,1157.3316432232036,0.06616459319507795
24,191.1,395.8645993070938,101.55545043945312,17607,1103.9700119270744,1157.0575907309592,0.04687278289914016
24,196.7,400.02032851817336,108.60941314697266,17168,1105.8059762348555,1157.1347856477166,0.11958775327377691
24,202.3,397.59117445054943,116.90540313720703,17472,1108.2514308608058,1154.873511904762,0.20510602029340808
24,208.0,400.86176568204445,113.1064682006836,18078,1110.2712689456798,1152.9488881513441,0.16594513260257823
24,213.6,400.7670457697642,114.62740325927734,18025,1110.8503190013869,1152.545464632455,0.18162351825799103
24,219.3,400.274090860041,118.12700653076172,18534,1109.5632890903205,1151.7075105212043,0.217698779605446
24,224.9,401.0910275793754,115.73975372314453,19181,1107.6035660288828,1150.9980710077682,0.19309005619986205
24,230.5,399.17046390337634,120.48419952392578,18215,1106.5928630249794,1153.3974746088388,0.2419976348407466
24,236.2,396.69511106443315,127.10120391845703,19043,1103.653626004306,1152.5702882949115,0.3102082702619218
24,241.8,400.270361626784,126.35562896728516,18638,1104.256787208928,1153.5214078763815,0.30252259587797004
24,247.4,404.3321735226444,129.74569702148438,17819,1108.550423705034,1153.6203490656042,0.33746872592574023
24,253.1,404.1477525589675,129.7978057861328,17976,1107.5374944370271,1153.6076435246996,0.3380058831853939
24,258.8,403.81269408880416,135.91275024414062,18355,1107.396131844184,1152.4654317624625,0.40104109098888735
24,264.4,408.3680730655012,127.39048767089844,17847,1109.7464559870007,1152.9698548775705,0.3131903188438086
24,270.0,405.0722274254862,135.6595001220703,18151,1108.4239435843756,1152.5111013167318,0.398430490977622
24,275.7,405.2617334514058,140.33941650390625,18068,1107.4966792118662,1152.7631171131281,0.4466728754600658
24,281.3,408.4666924223191,143.46875,18119,1109.17964567581,1152.2996854131022,0.4789312530409747
24,287.0,404.47524699022836,140.1551513671875,18523,1107.4879339199913,1152.290125789559,0.44477339930557763
24,292.6,404.28914175299235,139.562744140625,18631,1105.45853684719,1152.8678546508506,0.4386666369486838
24,298.2,404.90615722924684,137.209716796875,18190,1105.9438702583836,1153.952281473337,0.414410722835458
24,303.9,408.63242276967765,139.89028930664062,17901,1107.034467348193,1153.9924026590693,0.44204309895036015
24,309.5,408.25036203631504,138.28671264648438,17954,1107.3333518992981,1154.003787456834,0.4255128117668993
24,315.2,409.8299144821419,139.26852416992188,17891,1108.559890447711,1153.5705103124476,0.43563370392360584
25,5.1,277.61328125,28.556480407714844,16384,45.10198974609375,972.9168701171875,0.03438079350368995
25,10.1,280.5050673000792,28.153934478759766,12630,42.965320665083134,983.8735550277117,0.01979966265460455
25,15.0,280.8736824769434,27.17078399658203,12144,41.78409090909091,978.6997694334651,-0.015812288165980456
25,25.1,283.6347315877047,28.506906509399414,11419,40.48892197215168,980.7034766617041,0.03258511394008617
25,30.1,283.6895374359808,25.648488998413086,12301,39.791399073246076,991.9961791724251,-0.0709532819324002
25,35.1,283.9359798259172,28.98279571533203,12293,39.86626535426666,983.1360123647604,0.04982290541243563
25,40.1,284.77106499375634,34.1635856628418,16817,42.865255396325146,954.3082594993161,0.2374829230465879
25,45.1,286.9949719018042,36.6613883972168,16905,41.1891156462585,946.0596864832889,0.3279590299585759
25,50.1,284.44166246215946,32.537208557128906,15856,40.87834258324924,954.0093340060545,0.17857183816761785
25,55.0,284.5966770245418,32.55861282348633,15769,40.55799353161266,957.6569218086119,0.179347149470098
25,60.1,284.8691215906861,33.40372848510742,15289,38.704689646150825,955.3049251095559,0.2099591645430009
25,65.1,305.9767413834659,45.63927459716797,16596,39.57598216437696,956.3475536273801,0.6531585264967578
25,70.1,290.3073643174758,36.95295715332031,16417,39.339221538648964,949.5998050800999,0.3385203147175254
25,75.1,307.20988521902086,46.23003005981445,17076,38.405305692199576,953.6006090419302,0.6745570355389934
25,80.0,288.7661646908042,31.828170776367188,15605,38.667862864466514,960.4365908362704,0.1528888740271819
25,85.1,306.6865286604165,44.3953971862793,15893,39.179638834707106,951.0861385515636,0.6081024521862577
25,90.1,293.88301711093004,38.64071273803711,17182,39.71854266092422,942.6504481434059,0.39965466797234744
25,95.1,307.563948346011,45.73884963989258,16959,43.16475028008727,950.5235568134914,0.6567653614510688
25,100.1,291.4084824072977,38.22416687011719,16882,41.59661177585594,947.8727046558465,0.38456642743156677
25,105.1,309.53934936350777,48.012168884277344,17675,41.72605374823197,947.4105799151343,0.7391101648134133
25,110.1,288.1233958538993,35.74140167236328,16208,39.293928923988155,955.1535661401776,0.29463501436281114
25,115.0,308.7156099794003,48.44597625732422,17476,41.01796749828336,947.9017509727627,0.7548236564045813
25,120.1,294.4604078842429,39.90281295776367,17554,39.40868178193004,939.8607155064373,0.4453708139442177
25,125.1,305.8364609780329,47.25592803955078,18118,43.486808698531846,948.2232586378187,0.7117173981320953
25,130.0,291.0189578839823,38.90251922607422,17618,41.82455443296629,946.1539334771256,0.4091378955611044
25,135.1,310.0882352941176,49.30556869506836,16286,40.158479675795164,942.8314503254329,0.7859600532976432
25,140.1,291.4547836684948,37.71449661254883,16410,39.79287020109689,947.333211456429,0.36610500929033246
25,145.1,310.87453787923243,49.81804656982422,17041,41.33800833284432,944.9227744850655,0.8045231697312719
25,150.1,293.0156772194203,36.99808120727539,16457,39.90800267363432,945.7503797776022,0.3401548107783056
25,155.1,311.71887574686014,49.252872467041016,16402,40.075783441043775,943.5923667845385,0.7840512758368589
25,160.1,291.9556183301946,35.3118782043457,15930,38.56151914626491,943.5860640301319,0.27907669557376147
25,165.0,309.8350809139948,46.90876770019531,16499,40.47996848293836,942.9704224498455,0.6991424595483297
25,170.1,292.2714216458611,38.775360107421875,16502,42.112531814325536,943.9999394012847,0.4045319025194232
25,175.1,311.3241425281784,48.8399658203125,16502,39.180523572900256,940.307296085323,0.7690948561805133
25,180.0,292.67476953790145,40.503440856933594,17031,41.54670894251659,945.0472667488697,0.4671269251341664
25,185.4,320.0708505775527,53.56490707397461,16189,40.774167644697016,941.9743035394404,0.9402429953573901
25,191.1,321.36961068753794,53.56082534790039,14821,39.287025166992784,942.5741852776466,0.9400951459377405
25,196.7,323.04325828484696,55.64936065673828,15812,41.124778649127244,947.9325828484696,1.0157466540778182
25,202.3,317.95695784662263,53.754146575927734,15752,41.70498984255968,947.6769299136618,0.947097681348022
25,208.0,320.89214903934686,54.277652740478516,16291,42.74286415812412,946.019028911669,0.96606026756876
25,213.6,319.2401829467494,51.44486999511719,15305,41.311532179026464,950.4065338124796,0.8634504213224841
25,219.3,319.0462420382166,51.31061935424805,15700,43.186687898089176,952.1614012738853,0.8585875571862901
25,224.9,320.524647405176,53.35137176513672,14606,41.74072299055183,952.9319457757086,0.9325082598772739
25,230.5,319.0617430715506,49.63114929199219,13459,39.24660078757709,954.4116947767293,0.7977533244356539
25,236.2,320.39270320197045,51.178321838378906,12992,39.52432266009852,955.1040640394089,0.8537954396882836
25,241.8,319.2085522378134,54.32293701171875,15037,42.07375141318082,951.6418168517656,0.967700567064704
25,247.4,318.7266599933267,53.645565032958984,14985,42.616816816816815,951.0076076076076,0.9431646104312879
25,253.1,320.40583418628455,56.439048767089844,13678,41.043061851147826,951.9953940634596,1.0443509569380967
25,258.8,322.3823877068558,56.57605743408203,13536,39.817745271867615,949.232786643026,1.0493137230653247
25,264.4,323.09434243917,57.04514694213867,13398,41.43013882669055,951.2916853261681,1.0663052139857814
25,270.0,323.15862515280077,57.914405822753906,13907,39.71014596965557,949.7201409362192,1.09779175146706
25,275.7,321.1897551789077,57.536529541015625,13275,40.063954802259886,951.8564971751413,1.0841042114561745
25,281.3,321.6553333797812,58.67688751220703,14353,41.58322301957779,948.492022573678,1.1254105757657114
25,287.0,317.6862633855755,55.01987075805664,14101,40.44060704914545,953.7281043897596,0.9929450954962165
25,292.6,320.2778955336866,56.43516159057617,13210,39.58402725208175,949.7944738834217,1.0442101545468603
25,298.2,321.55433417085425,57.44194793701172,12736,40.00620288944724,951.0112280150754,1.0806782502311356
25,303.9,323.5167693360712,58.392234802246094,13149,39.68393033690775,950.289907977793,1.115099805958
25,309.5,324.4194710617095,59.366607666015625,13045,39.846301264852436,945.8727481793791,1.1503938114378245
25,315.2,320.83825999328184,55.831363677978516,11908,40.0343466577091,953.1619079610346,1.0223392182468845
26,10.1,285.77260738507914,25.090660095214844,10616,39.02081763376036,640.9246420497362,0.0
27,15.0,414.77482638888887,125.99510955810547,17280,1143.0512152777778,404.11765046296296,0.0
28,30.1,423.40248219388405,133.42601013183594,23447,1136.4517422271506,397.1285452296669,0.022706888770171185
28,55.0,422.00337253545484,131.81240844726562,23128,1135.03299031477,401.9554219993082,0.010338673930271257
28,60.1,418.5228764297769,120.34142303466797,21332,1137.1831989499344,405.20827864241517,-0.07758613016792608
28,65.1,436.20073725168953,139.0469512939453,24415,1134.0826131476551,400.2173254147041,0.06579125621982362
28,100.1,419.30920848651283,127.69114685058594,22577,1140.969703680737,422.32670416795855,-0.021250688752339562
28,120.1,422.3454283887468,124.61590576171875,18768,1150.041933077579,432.0305306905371,-0.04482233151604032
29,50.1,519.4735811448753,171.50775146484375,57194,778.508305066965,781.1896177920761,-0.22700648804063145
29,55.0,492.41348353725255,230.16990661621094,80424,838.4951755694817,761.6523177161047,0.03738660756155628
29,60.1,490.06602718236877,223.62767028808594,77771,835.2817631250723,764.2067994496663,0.007900440364138788
29,65.1,536.4381204583391,256.7281188964844,79679,834.8816250203944,761.7875977359154,0.1570857209051253
29,70.1,498.998900598984,227.34036254882812,79134,833.6146030783228,760.4697348800769,0.024633719209810966
29,75.1,536.3217452551347,257.0834655761719,79507,836.4249940256833,759.8069981259512,0.15868728512335273
29,80.0,506.7788631976996,232.37985229492188,76161,830.9223224484973,759.4990480692218,0.04734693679936549
29,85.1,538.2159339755193,260.2139892578125,79001,837.4761458715712,762.3618182048328,0.17279670276934989
29,90.1,504.32986431300225,231.48892211914062,75910,830.7307205901726,762.1792912659729,0.04333147254421843
29,95.1,539.3838814453918,256.0231018066406,78816,840.0318082622817,762.4844320950061,0.15390817568273688
29,100.1,500.74022042843836,225.24977111816406,77304,840.3493092207389,763.1799001345338,0.015211325188206464
29,105.1,538.3225321529982,252.62586975097656,77831,843.2088627924605,760.6557669823078,0.13859669083601842
29,110.1,495.9541492942181,221.19827270507812,79628,843.8052695031898,761.5308057467223,-0.0030489689400800394
29,115.0,538.2432084914342,253.45211791992188,79327,844.5157890755985,761.7856845714574,0.1423206302405529
29,120.1,500.02755157266745,224.79428100585938,79451,844.5867893418585,760.6564926810236,0.013158409803531619
29,125.1,535.6479253901789,252.3870849609375,78810,844.4084253267351,761.8747493972846,0.1375204765432049
29,130.0,495.9692985176456,221.1430206298828,80615,846.0238913353594,761.0308503380264,-0.003297992644743455
29,135.1,533.7261567993534,251.05165100097656,79184,844.7633612851081,762.7153717922813,0.1315016128015762
29,140.1,497.9771946306997,223.7518768310547,77701,843.6274694019382,759.8543133293008,0.0084602451020455
29,145.1,539.0425567167983,254.31060791015625,78460,846.2500254906959,759.320570991588,0.14618988505186828
29,150.1,499.2599816779907,223.550048828125,78594,845.1465379036567,759.9699340916609,0.007550596788987506
29,155.1,539.0404442850188,254.2267303466797,78058,845.6376924850751,759.9386481846832,0.1458118449235792
29,160.1,498.64421170749955,223.3891143798828,80205,847.7607879807993,759.0136899195811,0.006825257652537619
29,165.0,541.2754854678609,255.40072631835938,78378,842.6296920054097,759.9765367832811,0.1511031000500908
29,170.1,504.1648831480299,226.95777893066406,76721,842.7083979614447,757.764158444233,0.02290939682731281
29,175.1,539.3068244183227,248.7543487548828,78351,843.1796148102768,758.868821074396,0.12114756340105005
29,180.0,505.8709438650753,224.15435791015625,75657,842.8423939622243,757.2057575637416,0.010274246277938047
29,185.4,559.4175875245276,269.1512756347656,77464,844.4945652173913,758.0354229061242,0.21307747331705157
29,191.1,560.9883274478331,271.00799560546875,77875,843.5857078651685,758.5169695024077,0.22144579765586783
29,196.7,567.0028936014911,276.11444091796875,76721,844.2563444167829,757.6763076602234,0.24446078713607772
29,202.3,561.8986607490461,273.5721740722656,77058,843.2836953982714,759.1662513950531,0.23300267075000436
29,208.0,564.6922532256373,274.7757263183594,76264,844.4454395258575,757.6850545473618,0.2384271373970719
29,213.6,558.9304453619455,270.3106384277344,77263,844.1544853293296,758.5226952098676,0.21830277601805304
29,219.3,564.1512253832216,268.99560546875,75609,844.1848589453637,756.5717573304765,0.21237586054848592
29,224.9,568.6799456708073,279.8168640136719,75834,841.4635387820766,755.9057414879869,0.2611477823713554
29,230.5,560.8385482990723,274.06976318359375,76958,840.1486655058603,758.3370279892929,0.23524532830567238
29,236.2,562.0999315890698,267.1685485839844,77473,841.41148529165,757.0610793437713,0.20414122913479135
29,241.8,568.4361381026768,281.3502197265625,75538,840.8245121660622,756.1717546135719,0.26805868877335115
29,247.4,564.5596712689021,275.9994812011719,76050,840.5955687047995,756.3488888888888,0.2439426582791503
29,253.1,565.748695170814,282.09637451171875,75872,839.7086540489245,756.7603463728385,0.27142164352564085
29,258.8,564.9216585019898,278.3761291503906,76141,845.2144311212094,754.2615016876584,0.25465432249996084
29,264.4,572.7247961956522,310.2757568359375,73600,845.7601766304348,755.1538722826087,0.39842744659634727
29,270.0,567.5230861006164,276.3367614746094,75435,841.8159077351362,758.2454165838138,0.24546279635368223
29,275.7,568.1474565097475,280.0023498535156,74327,839.433503302972,757.3500746700391,0.26198377578585097
29,281.3,572.7980843798043,298.4086608886719,73501,843.501231275765,755.4296948340839,0.3449418863538063
29,287.0,570.2366605774736,281.2057800292969,73354,840.2167979932927,758.4578618752897,0.2674076922562719
29,292.6,571.6482062811004,302.9922180175781,72949,840.9970664436798,756.0058534044332,0.3656001941683421
29,298.2,568.4959177908994,294.00067138671875,74347,841.9135271093655,757.8062463851937,0.32507487010123054
29,303.9,570.8024302000136,281.6109313964844,73245,843.2956788859308,757.2326711720937,0.26923372854630867
29,309.5,568.9091081696864,276.878662109375,73736,842.9736085494195,756.7821688184875,0.24790516803206294
29,315.2,565.8339532125916,277.6096496582031,74208,842.492197606727,756.9137020267357,0.2511997633360137
30,50.1,499.32911392405066,47.94936752319336,79,934.379746835443,725.7215189873418,0.0
31,50.1,500.81666666666666,50.43860626220703,60,934.5166666666667,724.4666666666667,0.0
32,55.0,422.69883299798795,142.1863555908203,12425,1053.5956539235412,41.91195171026157,-0.0052521027914717595
32,65.1,447.8907378120058,130.9052734375,14543,1047.3800453826584,45.75012033280616,-0.08417551779583332
32,70.1,426.0676618529937,138.9658203125,12326,1055.6401914651956,42.819811779977286,-0.02778324287649017
32,75.1,446.59391204794935,153.67359924316406,14849,1045.499158192471,47.19502996834804,0.07511363568188069
32,80.0,427.52669039145906,148.95433044433594,12083,1058.903666308036,43.85996855085658,0.042097227781914964
32,85.1,446.63440175475836,189.9929962158203,14133,1051.301139177811,45.58607514328168,0.329207241332774
32,90.1,427.2604723081248,131.96234130859375,14228,1046.309460219286,45.01012088838909,-0.07678018061591976
32,100.1,425.65842924847664,173.5146942138672,14770,1047.0421800947868,45.77752200406229,0.21392363203075587
32,110.1,426.0987378464883,173.53111267089844,16559,1041.1240413068422,47.77456368138173,0.21403849695952756
32,115.0,453.660577274388,197.39756774902344,13685,1051.3364998173183,44.5899890390939,0.38101025669087685
32,125.1,448.4490014743332,192.93255615234375,14922,1050.147098244203,46.426216324889424,0.34977265390998413
32,130.0,426.49271751628976,172.19036865234375,15654,1045.5355819598824,47.40558323751118,0.20465853720452634
32,135.1,449.4902490601504,101.47221374511719,17024,1038.197074718045,47.553218984962406,-0.290091719218617
32,145.1,450.7336286594761,192.78819274902344,15576,1046.9982023626092,47.705187467899336,0.34876267520077514
32,150.1,428.9098894532417,161.3567352294922,16735,1035.2251568568868,49.30032865252465,0.1288655117645707
32,155.1,450.7998424473183,121.29559326171875,15233,1042.4508632574018,47.252412525438196,-0.15140566170087924
32,160.1,424.71701613356566,136.65414428710938,17789,1035.3031648771712,48.1148462533026,-0.043955925942523774
32,165.0,445.80824416342415,190.4303436279297,16448,1044.0483341439688,48.01574659533074,0.3322669612105193
32,175.1,446.4550080515298,125.71904754638672,15525,1044.2711755233495,46.52631239935588,-0.12045879742696575
32,180.0,421.74917188075085,159.3280029296875,16302,1042.0788860262544,47.88216169795117,0.11467232718758291
32,191.1,463.208338550144,205.84170532226562,15974,1043.2974208088144,49.55415049455365,0.44008616492285135
32,196.7,469.3759946506185,213.52940368652344,14955,1047.527917084587,46.36415914409896,0.49386995979151044
32,202.3,461.9734383263795,127.08091735839844,17017,1039.8298760063467,48.73232649703238,-0.11093103981519464
32,208.0,463.90466757459455,182.89862060546875,16154,1042.2445833849201,47.94843382443977,0.2795743831651912
32,213.6,467.49293489284025,146.19056701660156,14791,1046.5829896558719,46.98275978635657,0.022761702606543654
32,219.3,464.9867855539162,208.5882568359375,15589,1044.6489191096287,47.65174161267561,0.45930127407623894
32,224.9,465.59562516521277,208.86085510253906,15132,1047.4714512291832,45.71907216494845,0.4612083948499435
32,247.4,470.6438986455836,210.88523864746094,15431,1043.928261292204,47.471453567494,0.47537115516605777
32,253.1,468.20019322338004,211.0893096923828,14491,1049.0151818370023,44.873231661030985,0.47679885363947083
32,258.8,466.10259626238553,205.21153259277344,15946,1043.4689577323468,49.07644550357456,0.435677422642794
32,264.4,468.9081776298951,208.14279174804688,15628,1044.470245712823,48.31008446378296,0.45618476224486304
32,281.3,470.7627743958679,207.7078094482422,16263,1042.2688925782452,49.01881571665744,0.4531415888949613
32,287.0,475.5108000568424,212.2435760498047,14074,1045.8303254227653,45.807730567002984,0.48487419973785617
33,55.0,465.22392730943966,179.132568359375,19810,868.8634023220595,197.00535083291268,-0.041135866526502585
33,75.1,493.4003407155026,194.5023651123047,20545,884.1180822584571,191.12694086152348,0.041135866526502585
34,55.0,297.55575792698073,54.54393005371094,24158,592.4890719430416,836.2214587300273,0.0
35,65.1,311.6435716542066,34.601139068603516,9497,37.08718542697694,650.8527956196693,0.030713661020321872
35,75.1,304.5549225708096,33.975032806396484,12463,41.34445960041724,642.6790499879644,0.012062937515883086
35,115.0,312.1030512841156,36.48273468017578,12421,40.25110699621609,642.5886804605104,0.08676344300923874
35,135.1,307.2826222499332,31.196949005126953,11227,38.571123185178585,644.6568985481429,-0.07069182150376951
35,160.1,299.40190104801366,31.594539642333984,12309,39.940693801283615,643.9896011048826,-0.058848220041674615
35,165.0,315.20834702596125,38.19794845581055,12172,39.49597436740059,642.5982582977325,0.1378569710752311
35,170.1,299.8329020332717,33.107887268066406,13525,43.436968576709795,645.021146025878,-0.013767967954527635
35,175.1,311.3888668255229,47.926090240478516,15108,45.844784220280644,640.2327243844321,0.42764305626507254
35,180.0,295.5778911336331,34.47615432739258,14899,46.03214980871199,638.0368481106115,0.02699056161802228
35,185.4,315.17477981839284,44.766536712646484,14647,44.37625452311053,638.8414692428483,0.3335249124258021
35,191.1,312.60173068805403,37.24835205078125,14214,45.39060081609681,641.9675671872801,0.10956998360990818
35,196.7,313.0436641221374,38.786373138427734,13100,42.22030534351145,642.8550381679389,0.15538521942718803
35,202.3,315.59730341316236,40.157310485839844,10606,43.30284744484254,657.1293607392042,0.19622329269347527
35,208.0,312.87435964226796,38.09994125366211,11517,41.13684119128245,651.1990101588956,0.1349374902473749
35,219.3,326.4084267753993,44.989139556884766,8829,38.997168422244876,663.2649224147696,0.3401559020034419
35,224.9,314.1844002306805,34.51572799682617,13872,43.934760668973475,640.4082324106113,0.028169399159209435
35,241.8,313.35795071530225,34.490089416503906,13351,44.92322672458992,644.4431128754401,0.027405666065482916
35,258.8,316.7745294353224,39.78602600097656,9988,42.12695234281137,656.8863636363636,0.1851633102485412
35,281.3,324.84409585217975,44.3790283203125,10391,40.898951015301705,657.7495909922048,0.3219816452244897
35,298.2,315.96524687433777,40.03845977783203,9438,40.77844882390337,660.9473405382496,0.19268291651907513
35,315.2,321.3014736842105,43.88947296142578,9500,40.31894736842105,663.4415789473684,0.30739855895008134
36,125.1,283.5382577987051,14.49700927734375,3398,321.7945850500294,15.287816362566215,0.0
37,160.1,420.4845059231436,133.95321655273438,27688,1134.14970384282,432.2899812193008,0.10918555537032819
37,165.0,429.47873544631307,138.8465118408203,37104,1131.804172056921,476.84416774471754,0.14970397360159102
37,170.1,421.49578934395925,133.32125854492188,24343,1136.0729573183255,430.33233373043583,0.1039526933913082
37,180.0,418.24215749039695,54.744537353515625,24992,1134.0957106274009,428.8735995518566,-0.5466936022096485
37,185.4,436.35201615996317,142.97039794921875,39109,1131.2419903347056,470.4372395100872,0.18385137984642097
37,191.1,436.213736429433,144.44509887695312,26528,1142.5104794933654,504.9446245476478,0.19606248615375063
37,196.7,445.9552503322995,151.3484649658203,22570,1146.7335400974746,519.3734603455915,0.253225084755408
37,202.3,432.73142792969844,138.5489501953125,35618,1132.4309899489022,484.3671177494525,0.14724004561596063
37,208.0,432.4756381798002,137.8668975830078,36040,1132.375665926748,482.50158157602664,0.14159238052034023
37,213.6,434.32441014117535,138.8066864013672,40942,1127.1248595574227,466.3586781300376,0.14937420322866166
37,219.3,418.15909090909093,4.970168590545654,88,1123.7045454545455,440.17045454545456,-0.9588450404532223
38,208.0,425.75,104.89344024658203,64,817.25,184.171875,0.0
39,208.0,439.94565217391306,112.1587142944336,92,822.4891304347826,180.67391304347825,0.0
40,208.0,437.06382978723406,112.03974151611328,47,821.9148936170212,183.4468085106383,0.0
41,208.0,429.04347826086956,106.16987609863281,46,819.6304347826087,183.6086956521739,0.0
42,208.0,430.9117647058824,106.94749450683594,34,819.2058823529412,182.61764705882354,0.0
43,208.0,430.4130434782609,109.66964721679688,46,816.6521739130435,183.56521739130434,0.0
44,219.3,421.22935779816515,6.390791893005371,109,1119.7431192660551,440.20183486238534,0.0
45,219.3,422.40449438202245,6.847825527191162,89,1121.0112359550562,439.8988764044944,0.0
46,219.3,417.6792452830189,6.69516658782959,53,1120.4150943396226,441.188679245283,0.0
47,219.3,428.7469879518072,8.327352523803711,83,1127.7590361445782,436.6385542168675,0.0
48,219.3,412.3783783783784,2.606367826461792,37,1120.7297297297298,441.94594594594594,0.0
49,224.9,438.9356996092019,144.5102996826172,24821,1144.2464848313928,511.1346843398735,0.5316925962782092
49,230.5,438.0705257523982,125.46566009521484,24289,1142.4979208695295,513.5033554283832,0.32983478047630954
49,236.2,428.2972972972973,13.064449310302734,37,1121.6756756756756,454.81081081081084,-0.8615273767545186
50,236.2,409.72727272727275,7.485273838043213,77,1109.5844155844156,456.4155844155844,0.0
51,236.2,401.125,9.19895076751709,32,1104.1875,460.4375,0.0
52,236.2,416.06493506493507,9.272644996643066,77,1114.6493506493507,454.7012987012987,0.0
53,236.2,410.0120481927711,7.00883150100708,83,1113.4096385542168,458.10843373493975,0.0
54,236.2,413.3181818181818,7.484107971191406,110,1114.9,457.90909090909093,0.0
55,236.2,415.8,6.227099418640137,40,1117.45,456.95,0.0
56,241.8,440.4335446438165,134.01084899902344,37228,1128.830691952294,474.9182067261201,-0.04952765311028489
56,247.4,436.08860617609145,131.8243865966797,35686,1128.3011545143754,484.8548730594631,-0.06503514423107416
56,253.1,437.9755927232096,142.20506286621094,28639,1139.366702748001,497.1588044275289,0.008589833223367895
56,258.8,447.32695539754366,148.4732208251953,38675,1131.2248998060763,464.61031674208147,0.05304676227390126
56,264.4,445.03630507978335,148.4562225341797,27324,1146.0438442394964,482.3681379007466,0.05292620184408969
56,270.0,443.9980707846645,149.1992950439453,28509,1145.785366024764,484.9586446385352,0.05819644583956883
56,275.7,445.772494542568,148.66485595703125,25195,1150.2290930740226,488.48346894225045,0.05440593501896723
56,281.3,444.88336585532846,142.35321044921875,29211,1145.5632467221253,480.1599397487248,0.00964057039844915
56,287.0,440.4108591470108,139.43800354003906,37351,1131.5036009745388,472.366014296806,-0.011035543314234826
56,292.6,448.52925430210325,150.3424530029297,23535,1148.2065009560229,502.32228595708517,0.06630429707890732
56,298.2,442.92138069705095,140.68594360351562,29840,1144.194235924933,475.73760053619304,-0.002184524685743696
56,303.9,440.48495969023605,136.45068359375,34607,1133.708064842373,473.0891727107233,-0.032223118958058364
56,315.2,441.54669620748075,136.2088623046875,38365,1129.9930144663103,468.839436986837,-0.03393823717318739
57,264.4,293.13535781544255,27.060728073120117,4248,322.7469397363465,20.17725988700565,0.0
58,264.4,312.66371995737796,63.627376556396484,25339,607.6117842061644,831.8298275385769,0.0
