cell_id,time_seconds,mean_intensity,mean_intensity_sub,area,centroid_x,centroid_y,dF_F0
0,0.1,342.94267771591353,108.10135650634766,77230,269.67862229703485,161.77034831024213,-0.006569931622802177
0,5.1,342.77644910999544,108.05162048339844,76685,270.3730194953381,162.3028493186412,-0.007026995828803616
0,10.1,345.0808627847562,109.19002532958984,75152,270.68551735150095,162.39308335107515,0.0034347193683267243
0,15.1,344.45019003406145,109.4620132446289,76039,268.67251015926036,163.076079380318,0.005934234469408377
0,20.0,344.9379328575205,109.2763442993164,75660,269.24877081681205,163.00454665609305,0.004227973613870562
0,25.1,345.00770821583006,109.85264587402344,74466,269.71305025112133,163.0641903687589,0.009524071010515858
0,30.1,343.89865636368467,109.43412017822266,75318,268.6444143498234,163.0388220611275,0.005677902710374589
0,35.0,345.913120278276,110.85125732421875,73596,267.6749143975216,161.87174574705148,0.01870111256957834
0,40.1,345.15637419544765,109.50077056884766,74731,270.5181250083633,165.12666764796404,0.006290406607234318
0,45.1,346.5706864564007,109.95870208740234,72765,267.5239332096475,162.57430083144368,0.010498706618373812
0,50.1,345.5818903416968,110.57048797607422,73574,265.2380052736021,161.80107103052708,0.0161208978364814
0,55.1,346.1533374578951,109.81212615966797,72735,267.86892142709837,162.24491647762426,0.009151702856186415
0,60.1,344.20532426693904,109.76333618164062,74414,265.8400569785255,162.37804714166688,0.008703332615753956
0,65.1,376.37653966003774,131.8632049560547,74773,267.577200326321,164.05633049362737,0.21179675213638777
0,70.1,356.8154024556617,118.90252685546875,73300,264.49451568894955,161.42512960436562,0.09269068586862642
0,75.0,377.29775122885496,132.64007568359375,74663,266.15490939287196,163.28773287973962,0.2189360403462823
0,80.1,354.3677153517838,117.19743347167969,74506,265.8994846052667,163.86107159154966,0.0770212151830517
0,85.1,379.35964947923014,136.4276885986328,73833,262.6973710942262,161.28924735551854,0.2537434533037013
0,90.1,354.1187525843326,118.4400405883789,74971,262.2202851769351,161.85415694068374,0.08844052862002981
0,95.1,379.906470900696,135.70855712890625,73421,262.2973536181746,161.30713283665438,0.2471347774440167
0,100.0,351.8932478260296,116.00550079345703,75783,263.18958077669134,163.81287359961996,0.06606758980501844
0,105.1,375.47014984961805,131.70530700683594,75142,261.1517260653163,162.93859625775198,0.21034570123787483
0,110.1,351.54161992674784,116.376220703125,73991,261.1793731670068,162.40122447324674,0.06947443239342402
0,115.0,376.60731308821346,133.7307891845703,74059,260.8620019173902,162.87125129963948,0.2289594815210603
0,120.1,351.493770902453,116.59082794189453,75051,261.73263514143713,162.99628252788105,0.07144663043769682
0,125.1,375.3579265319391,132.97610473632812,73828,260.2930866337975,162.6908083653898,0.22202408082628344
0,130.0,352.86711626139817,117.3388671875,73696,261.1099652627008,163.4536067086409,0.07832096303561416
0,135.1,375.6379172443212,133.69017028808594,75016,259.4822837794604,163.7457742348299,0.22858620190259862
0,140.1,352.1678554637652,115.98710632324219,74445,259.7294781382229,163.4114312579757,0.06589854826480224
0,145.1,376.4923316202326,134.45526123046875,73940,259.3695834460373,162.56394373816607,0.23561723621863423
0,150.1,352.28522831173024,116.19024658203125,74372,257.9913004894315,163.1038025063196,0.06776536703286394
0,155.1,378.46089882108373,135.50474548339844,73118,260.48833392598266,162.52129434612544,0.24526178876490606
0,160.0,352.5187011243957,116.82550811767578,73017,258.8975854937891,162.40008491173288,0.07360329479980823
0,165.0,374.6352644769116,133.6569061279297,75016,258.1926389037005,162.0045057054495,0.2282805108551732
0,170.1,352.78752040279966,118.6993637084961,72294,258.2429523888566,159.29803303178687,0.09082365676268803
0,175.1,371.85711457233367,132.1002655029297,75760,257.66412354804646,161.68441129883843,0.21397529163767273
0,180.0,348.83282343518164,116.30297088623047,76159,256.0135374676663,161.28953899079556,0.06880128107545809
0,185.5,382.1456922810891,139.33653259277344,75179,255.5525612205536,160.7217441040716,0.28047515382429594
0,191.1,385.96017335524573,142.05691528320312,75452,255.9321555425966,161.56859990457508,0.30547493226839917
0,196.7,386.6508136980174,143.1978759765625,76011,253.58463906539842,160.99605320282592,0.31596013519509086
0,202.4,384.7995505263573,142.01861572265625,76089,254.69333280763317,161.31422413226616,0.3051229668881066
0,208.0,390.47159769740415,145.15536499023438,73656,255.47408222004995,159.48020527859236,0.3339490717593187
0,213.6,388.76695763594137,144.34608459472656,74922,251.71886762232722,159.91399055017217,0.326511945116061
0,219.3,391.4468277821236,145.57762145996094,72867,253.13199390670675,158.03561282885258,0.33782952513335696
0,225.0,388.63385320363375,143.6930389404297,74634,251.8430474046681,160.12492965672482,0.32051058481894507
0,230.6,392.976527160846,146.75186157226562,73617,254.38023826018446,160.23919746797614,0.34862055933272523
0,236.2,392.65346601133405,146.43630981445312,74466,252.37733999409127,160.14558321918727,0.34572070113971715
0,241.8,389.9421410688304,144.09921264648438,76289,253.75175975566594,162.83679167376687,0.3242432407783107
0,247.5,390.85010393304526,145.79632568359375,73124,251.76114545156173,157.73306985394672,0.3398393736575535
0,253.1,391.9342529171292,146.085693359375,73874,252.60412323686276,160.65116279069767,0.34249860531965237
0,258.7,392.7193432249618,147.5779571533203,73328,248.80303567532184,158.0134191577569,0.35621221420270893
0,264.4,393.0210290394433,148.0977783203125,72281,249.65243978362224,156.43456786707432,0.360989267832361
0,270.0,391.90679069262893,146.92588806152344,73748,249.2287790855345,159.01619026956664,0.35021982832166415
0,275.7,392.12351537502036,146.9852294921875,73756,244.0079857909865,157.0571207766148,0.35076516432324095
0,281.3,393.5350329851567,146.9353485107422,72760,245.99270203408466,158.8953545904343,0.35030676797735394
0,286.9,394.7044889684953,147.51072692871094,72021,246.37576540175783,158.9439469043751,0.3555943817463069
0,292.6,391.8362688688824,146.25111389160156,73865,243.95870845461315,155.80583496920056,0.34401878726696383
0,298.2,394.42772402592936,148.12423706054688,72659,247.17056386682998,156.2762355661377,0.3612324184177902
0,303.8,391.7690815448299,146.489501953125,73199,242.49843577098048,155.12698260905205,0.3462095263650956
0,309.5,398.2091509811774,142.77105712890625,69916,245.48430974312032,162.36176268665255,0.31203775447096993
0,315.1,396.5852657918473,150.79795837402344,68738,243.31291279932498,162.3235328348221,0.3858033880439912
1,0.1,247.88587731811697,33.19755935668945,8412,533.3679267712791,26.83226343319068,0.02433255352596443
1,5.1,247.39956977682172,32.63263702392578,7438,521.8068029040064,22.5790535090078,0.006901502964500417
1,10.1,245.49095860566447,31.232744216918945,9180,519.9098039215686,25.2677559912854,-0.03629311138220137
1,15.1,246.39440559440558,32.45577621459961,8580,520.6692307692308,24.326456876456877,0.0014443462353193324
1,20.0,248.4179554884949,32.52611541748047,7953,527.0114422230605,24.155161574248712,0.003614708656417407
1,25.1,245.82778598205158,31.636064529418945,8803,516.7715551516528,23.855731000795185,-0.023848397565950096
1,30.1,246.22220816997597,31.720094680786133,7907,512.9052738080183,22.130896673833313,-0.021255591914236423
1,35.0,246.85228677379482,31.675506591796875,8090,500.61001236093944,20.38726823238566,-0.02263138675988992
1,40.1,246.75668380462724,32.4478759765625,7780,517.9482005141388,23.05077120822622,0.0012005791886197223
1,45.1,249.11392203659506,31.495376586914062,6285,505.87016706443916,19.70994431185362,-0.028189416670636225
1,50.1,250.35337945715807,30.810659408569336,5637,510.0154337413518,20.23594110342381,-0.04931681607373771
1,55.1,247.45667479014352,31.226716995239258,7386,506.0048740861088,19.8747630652586,-0.036479085275868864
1,60.1,247.63491845964094,31.60405731201172,7297,500.31930930519394,19.803480882554474,-0.024836001334821695
1,65.1,277.8045007032349,52.34822082519531,9243,504.2511089473115,24.320566915503623,0.6152388232603105
1,70.1,260.1392806770099,39.1976318359375,8508,484.05829807240247,20.4579219558063,0.2094687407369847
1,75.0,278.5073231836577,53.63308334350586,10378,489.43553671227596,23.407689342840623,0.654884102305369
1,80.1,259.9059829059829,39.97474670410156,9009,480.66810966810965,20.92107892107892,0.2334471317005085
1,85.1,278.6011369888135,53.588706970214844,10906,479.13075371355217,23.302035576746746,0.653514840086993
1,90.1,252.11478011183317,35.748355865478516,13234,463.89254949372827,25.12543448692761,0.10303905942596855
1,95.1,281.7848062333402,55.2386474609375,9754,476.69315152757844,22.030244002460527,0.7044248403634821
1,100.0,257.9021886500097,39.20045852661133,10326,466.6466201820647,22.61582413325586,0.20955596013901484
1,105.1,271.29259342469857,48.97401809692383,13353,466.76035347861904,27.70351231932899,0.5111255762704187
1,110.1,257.94814159292036,39.30010986328125,11300,458.33017699115044,25.22424778761062,0.2126307677493161
1,115.0,276.8006280698929,51.56371307373047,12419,458.2588775263709,26.057250986391818,0.5910323200145541
1,120.1,255.89942230780625,37.14310073852539,13502,449.4837061176122,27.72122648496519,0.14607483088057902
1,125.1,274.8307565295707,50.11871337890625,13324,455.8829930951666,27.46344941459021,0.5464459029427439
1,130.0,256.83305761346475,37.27237319946289,13903,442.8137092713803,28.047255987916277,0.15006361778475882
1,135.1,271.77599058454297,46.544681549072266,15294,441.9198378449065,30.964430495619197,0.4361667974428025
1,140.1,256.70390290994345,36.818519592285156,14502,441.23872569300784,30.455454420079988,0.1360596658866004
1,145.1,274.2247427011132,47.25696563720703,14283,439.0182034586571,31.585801302247425,0.4581447919994408
1,150.1,256.20838022108956,36.01417541503906,15107,437.0281326537367,32.14483352088436,0.1112410966616851
1,155.1,271.1348710654876,45.38936996459961,16171,435.8583266340981,35.49112608991404,0.40051889776663135
1,160.0,256.947615019197,36.930397033691406,15367,427.26888787661875,35.36031756361034,0.1395117180090563
1,165.0,273.8899567515617,47.29592514038086,14567,430.52632662868126,33.704057115397816,0.459346913123508
1,170.1,261.93810561105687,39.70783615112305,13313,425.8218282881394,31.323668594606776,0.22521143083593823
1,175.1,274.20334356874787,48.052669525146484,14655,429.3936540429887,32.77925622654384,0.48269675940843404
1,180.0,260.2869504045023,40.22856140136719,14215,430.11600422089344,32.25459022159691,0.24127875131383794
1,185.5,286.04517156507893,54.720455169677734,13814,429.51585348197483,31.90212827566237,0.6884356760029211
1,191.1,286.0478976731528,55.31266403198242,14698,427.1712477888148,32.02170363314737,0.7067086704007165
1,196.7,287.34284116331094,56.502342224121094,14304,429.8114513422819,32.838576621923934,0.7434169743857804
1,202.4,286.4953013495372,55.827247619628906,14153,427.0363880449375,32.47947431639935,0.7225864858350689
1,208.0,291.19597620970706,58.91841506958008,13619,425.0890667449886,31.450253322564066,0.817966492942332
1,213.6,292.81414390261574,60.08849334716797,13801,424.2204912687486,31.212955582928775,0.8540700286579885
1,219.3,297.30862678763646,63.38752365112305,13006,423.8883592188221,30.337767184376442,0.9558637809968604
1,225.0,298.28993494068123,65.49932098388672,13065,422.78553386911597,31.206888633754307,1.0210246782530992
1,230.6,301.34032209055,67.95591735839844,13164,421.8753418413856,30.98161652993011,1.0968245769820748
1,236.2,302.6824243332334,69.72750091552734,13348,422.8721905903506,31.035585855558885,1.1514879541707594
1,241.8,305.3484287626998,72.18927001953125,12697,419.3460659998425,29.438056233756004,1.2274474608743002
1,247.5,305.229921875,72.17086029052734,12800,418.134375,30.28484375,1.2268794165636425
1,253.1,305.2910080141166,72.89102172851562,13601,416.3986471582972,32.1340342621866,1.2491004719370045
1,258.7,305.99654741790937,72.77027893066406,13613,414.91618306031,32.67185778300154,1.245374873403863
1,264.4,304.07098567457774,72.37686920166016,14031,413.60708431330625,33.30739077756397,1.2332359571671991
1,270.0,305.0500353857042,73.28398895263672,14130,412.23156404812454,33.76142958244869,1.2612257343941333
1,275.7,305.09062325321406,73.32910919189453,14312,409.1919368362214,34.801984348798214,1.2626179490867275
1,281.3,306.2888041594454,74.22515869140625,14425,404.05545927209704,36.46495667244368,1.2902661464152927
1,286.9,305.5361842105263,74.04335021972656,14288,406.0192469204927,35.17833146696528,1.2846563263063098
1,292.6,305.9336417291434,73.60685729980469,12538,408.4680969851651,31.295661189982454,1.2711880498449115
1,298.2,303.4723912206392,72.80816650390625,12985,413.87046592221793,30.48417404697728,1.2465439194240564
1,303.8,302.2428242972632,72.00282287597656,13483,406.624119261292,32.622561744418896,1.2216945114901911
1,309.5,307.976773187841,73.81221771240234,12830,403.4308651597818,33.06227591582229,1.2775245805991493
1,315.1,306.2211445198836,73.71524810791016,13403,402.27187942997836,35.05304782511378,1.2745325196010306
2,0.1,326.9439607055146,116.67893981933594,26874,720.6213812606981,60.77561955793704,-0.004366341556438109
2,5.1,325.36515382936943,115.17988586425781,27498,714.4791984871626,60.668412248163506,-0.017157926531496198
2,10.1,328.2944274295959,117.63977813720703,26774,715.7087099424815,60.660939717636516,0.0038325928106036885
2,15.1,326.4886172929588,116.74650573730469,27410,714.4029551258665,60.68205034658884,-0.00378979447606966
2,20.0,330.82308919617077,119.70806121826172,26324,715.4803601276402,60.03707643215317,0.021481469753400036
2,25.1,328.13042503083994,118.19210815429688,26751,715.0643714253673,59.91346117902135,0.008545682905824319
2,30.1,327.05977736549164,116.79830169677734,26950,712.6122448979592,59.271725417439704,-0.003347814109242491
2,35.0,326.9319946749501,116.52545928955078,27042,711.8940536942533,59.61996154130612,-0.00567600705054065
2,40.1,326.205712380529,116.78520202636719,26994,710.9552863599318,58.815736830406756,-0.0034595949738532215
2,45.1,329.98627853792783,117.64579010009766,25799,709.467459979069,58.523586185511064,0.0038838935219101854
2,50.1,329.31563009550433,117.29300689697266,25758,709.8848124854414,58.21441882133706,0.0008735573660568541
2,55.1,328.9576514387652,117.92488098144531,25786,709.7184906538432,57.475413014814244,0.006265405349705833
2,60.1,328.6324272219009,117.3455581665039,25935,706.1692693271641,57.585232311548104,0.0013219828730100926
2,65.1,339.12779039711756,124.24339294433594,25534,709.975640322707,57.297838176548915,0.06018193211343014
2,70.1,333.7806664365965,121.45183563232422,26079,709.7108017945474,57.471835576517506,0.03636128012930483
2,75.0,338.63683945256463,124.30316162109375,25793,708.0819989919746,57.40704842399101,0.06069194451492139
2,80.1,333.59800483204737,122.22063446044922,25662,707.9762684124386,56.351999064765025,0.04292152134368693
2,85.1,339.4816398587681,125.2481460571289,25490,706.2029423303256,55.65555119654766,0.06875559604174122
2,90.1,332.25068247406597,122.51996612548828,25642,705.0695343576944,55.31464004367834,0.04547574990637615
2,95.1,338.9407775949926,124.54903411865234,24923,706.8372186333909,55.24009950647996,0.06279000038202098
2,100.0,329.88944763413184,119.89615631103516,25255,704.7417145119779,55.38459710948327,0.02308650495206803
2,105.1,334.4423448656752,122.32281494140625,25349,702.0736518205846,55.33208410588189,0.04379343812862083
2,110.1,329.91079411525646,119.18310546875,24606,702.7972852149882,55.18523937251077,0.017001967160930307
2,115.0,333.68777672359266,121.12313842773438,25296,701.2424098671727,54.32222485768501,0.03355647233080506
2,120.1,328.78148632062397,118.43822479248047,25257,701.3932771112959,55.197846141663696,0.010645822050540422
2,125.1,331.4046628463773,119.85747528076172,25478,699.4571394928959,54.429507810660176,0.022756435654702624
2,130.0,328.54107929952744,119.38289642333984,25183,700.8356033832347,53.52158201961641,0.018706804377914114
2,135.1,334.321059972106,121.42906188964844,25095,698.8262602111975,53.97015341701534,0.03616694938913999
2,140.1,330.5193312011659,120.4722671508789,24701,700.1270393911178,53.642848467673375,0.02800251930762159
2,145.1,335.06636738655664,121.87428283691406,24726,698.299765429103,52.71519857639731,0.03996606653254347
2,150.1,330.5820301393233,120.92444610595703,24619,696.1552865672854,52.99333847841098,0.031861009863095535
2,155.1,335.77116343153546,123.18995666503906,24677,696.7978684605098,52.78449568424038,0.051192849607902366
2,160.0,330.55460729746443,121.14505004882812,24255,696.2665842094414,52.52879818594104,0.03374344649688661
2,165.0,336.9031601677671,123.94609832763672,24081,695.0401976662099,51.93393131514472,0.057645085898353654
2,170.1,329.3258002218844,120.17971801757812,24337,694.8771007108518,52.05477256851707,0.02550616680121597
2,175.1,334.9258543146568,123.14127349853516,23791,693.6575175486529,52.03564373082258,0.05077743103068567
2,180.0,330.61166772352567,121.98765563964844,23655,695.3718452758402,50.893722257450854,0.04093348857570914
2,185.5,339.43390074525746,126.1091079711914,23616,694.6337652439024,50.76943597560975,0.07610227455635492
2,191.1,340.36976412322673,127.23394775390625,23826,692.9933266179803,51.21896247796525,0.08570065066228562
2,196.7,344.77622165373106,131.17262268066406,23063,692.5765078263886,49.79386896761046,0.11930977783484796
2,202.4,344.3311005633678,131.1591796875,22543,693.7074923479572,49.128997915095596,0.11919506736108901
2,208.0,344.54015532609657,130.933837890625,22662,693.4767893389816,48.96875827376225,0.11727220212105259
2,213.6,345.26618577687304,131.57704162597656,22597,691.6989865911404,49.420365535248045,0.12276072720659262
2,219.3,346.46439475574715,132.2720947265625,22272,691.856725933908,49.03789511494253,0.12869168837593845
2,225.0,343.37922066472714,130.2556915283203,22686,690.7022833465574,49.17733403861412,0.11148550792664993
2,230.6,345.8625560836924,132.2938995361328,22511,690.7086757585181,48.48225312069655,0.12887775110806277
2,236.2,346.98267046739966,132.80337524414062,22101,689.7976109678295,48.501651508981496,0.1332251608791608
2,241.8,344.12068733455965,130.88380432128906,22289,690.9642873166135,48.35039705684418,0.11684526041451959
2,247.5,343.07015697222096,129.6645050048828,21851,689.3197565328818,48.08164386069287,0.10644085117827702
2,253.1,342.33828442437925,129.40150451660156,22150,689.7599548532731,48.189435665914225,0.10419664036589432
2,258.7,343.43809264552425,130.31494140625,22041,688.9459189691938,47.52887800009074,0.11199109336320609
2,264.4,344.02851211072664,131.06137084960938,21675,688.1143252595156,47.976931949250286,0.1183604542659757
2,270.0,345.0204784425364,132.11703491210938,21779,686.9544056200928,47.17057716148584,0.1273685466797541
2,275.7,345.604722506275,132.489013671875,21514,685.3041740262155,46.81960583805894,0.13054268053820534
2,281.3,345.46681900853423,132.3453826904297,21443,685.3322296320478,47.19969220724712,0.1293170622754438
2,286.9,345.3445067788686,132.41293334960938,21390,684.3327255726975,46.65063113604488,0.1298934791509612
2,292.6,341.6895711724962,129.25555419921875,21757,685.695959920945,47.12952153329963,0.10295123096577594
2,298.2,343.58884326773324,131.02395629882812,21189,684.3625466043702,46.28906508093822,0.11804119197124592
2,303.8,340.79484536082475,128.8711395263672,21340,683.8356607310216,46.29095595126523,0.09967098015373385
2,309.5,344.0801616389437,130.43243408203125,21282,685.3117188234188,46.36871534630204,0.11299367071615032
2,315.1,341.75733358405415,128.87417602539062,21272,685.1982888303874,46.3187758555848,0.09969689091908916
3,0.1,228.58315617334424,22.054237365722656,12230,1088.8606704824203,40.02191332788226,-0.077752919943036
3,5.1,227.97002745576572,22.448806762695312,13112,1088.1084502745578,40.09640024405125,-0.06125312136902415
3,10.1,231.9655764365739,25.095029830932617,11068,1087.2636429345862,33.971087820744486,0.04940459294642467
3,15.1,231.4736483029166,25.070375442504883,11726,1086.0949172778442,36.36252771618625,0.04837361475565724
3,20.0,231.0532025205392,24.899494171142578,12537,1084.152109755125,38.035734226689,0.04122783360997838
3,25.1,230.8108934169279,25.637453079223633,12760,1083.4537617554859,37.432993730407524,0.07208722978377473
3,30.1,231.30573951434877,25.87465476989746,12684,1082.2375433617156,38.012850835698515,0.08200634704821998
3,35.0,230.12039709920438,25.761764526367188,14203,1078.4486376117723,43.25994508202493,0.07728558995577436
3,40.1,233.7871836112757,26.431278228759766,11813,1077.6701938542285,38.54363836451367,0.10528279733367954
3,45.1,234.4900735923327,26.862802505493164,11686,1082.4270066746535,33.258086599349646,0.12332794655337598
3,55.1,236.95810598353833,27.919998168945312,10813,1080.9026172200129,30.81549986127809,0.16753693902495403
3,60.1,236.07443218097237,25.686180114746094,10963,1077.058925476603,33.54610964152148,0.07412485935514526
3,65.1,251.23937430873755,35.77520751953125,12658,1073.6170011060199,39.29404329277927,0.4960200221930698
3,70.1,237.67175736717573,27.75066566467285,13947,1077.2242776224277,41.248583924858394,0.16045592302633563
3,75.0,255.41802732422525,40.28984451293945,12004,1077.439770076641,33.61004665111629,0.6848096282738981
3,80.1,240.971833202203,31.376121520996094,12710,1075.005114083399,37.385129819040124,0.3120624384511763
3,85.1,252.35037006004748,39.80512619018555,14322,1075.9597821533305,40.43939393939394,0.6645400514847826
3,90.1,243.05852897717944,33.30274200439453,12182,1077.32917419143,33.82605483500246,0.3926283671535549
3,95.1,255.93112085159675,41.648841857910156,12776,1070.0993268628679,39.524812147777084,0.7416391305786282
3,100.0,242.76381621975148,32.176841735839844,12232,1075.9716317854807,35.663914323086985,0.34554633852155336
3,105.1,253.8247203349118,40.478763580322266,14571,1074.4505524672295,42.55706540388443,0.6927097000547378
3,110.1,244.01741970604246,33.759178161621094,12859,1077.7443036005911,36.14736760245742,0.4117152621685177
3,115.0,254.1276374732195,37.967308044433594,15403,1075.440953061092,44.276050120106476,0.5876875904139798
3,120.1,243.15076322071909,32.394630432128906,13823,1072.5109599942125,41.77797873110034,0.3546536581668101
3,125.1,254.29089982805834,41.14934539794922,15703,1070.7876838820607,49.919187416417245,0.7207515730513053
3,130.0,243.1551220175379,33.68283462524414,14711,1074.418870233159,43.529603697913124,0.408522787074625
3,135.1,254.80529960855165,41.51505661010742,16605,1069.4928635953027,54.14345076784101,0.7360446023210999
3,140.1,243.19902818270165,31.032621383666992,15435,1072.8975704567542,49.281373501781665,0.2976982147694589
3,145.1,256.01682220039294,42.372623443603516,16288,1067.9416748526523,56.36075638506876,0.7719056704247149
3,150.1,244.4134038110154,34.37379455566406,15324,1068.5065909684156,52.605586008874965,0.4374168162672439
3,155.1,258.5694375619425,43.787410736083984,16144,1069.9862487611497,56.30816402378593,0.8310681537042203
3,160.0,242.77687798392458,32.78667068481445,16547,1068.9421647428537,55.15924336737777,0.37104769493663214
3,165.0,251.22399163082645,30.259769439697266,43015,1109.0004882017902,111.81671509938394,0.265379688546003
3,170.1,242.61802381071985,26.80205535888672,39814,1106.5602300698247,112.59770432511176,0.12078766925198715
3,180.0,243.84921494315105,31.83958625793457,14776,1063.761505143476,52.677179209528965,0.3314432491889442
3,185.5,264.62010361384887,47.16200256347656,15828,1064.848243618903,54.33927217589083,0.9721842307459041
3,191.1,264.6971835545484,44.37348175048828,15445,1058.9261249595338,57.27944318549692,0.8555760191441947
3,196.7,259.9933401275093,33.02467346191406,42193,1104.3641362311284,106.41528215580783,0.3810003114150742
3,202.4,268.92028235866854,49.10661315917969,16433,1062.8548043570863,57.02488894298059,1.0535024560826103
3,208.0,267.79296808329065,47.15928268432617,17577,1064.8616942595438,55.324344313591624,0.9720704929383817
3,213.6,262.2242595551186,35.82294464111328,40685,1102.1510384662652,100.57778050878703,0.4980162563071443
3,219.3,262.88039787095687,37.2869987487793,41521,1103.420100671949,103.5406420847282,0.5592389412474514
3,225.0,262.85397895148094,36.86598587036133,40953,1099.9312138304886,99.20503992381511,0.5416333495714127
3,230.6,245.28571428571428,16.47670555114746,28,1074.7142857142858,176.07142857142858,-0.3109898414750195
4,0.1,274.81830115582875,39.657196044921875,31233,1146.0220600006403,251.53148913008675,-0.12248574689799702
4,5.1,311.13954434499595,50.72810745239258,14748,1147.317873609981,325.67351505288855,0.12248574689799702
5,0.1,323.2094298245614,83.42642974853516,10944,49.1015168128655,232.51745248538012,0.04314590932800363
5,5.1,321.13937924345294,81.07354736328125,10310,44.98137730358875,230.59156159068866,0.01372598038335616
5,10.1,322.50730816077953,80.7417984008789,9852,44.65205034510759,230.21853430775477,0.00957786360433397
5,15.1,317.8291094056755,77.12459564208984,11206,45.41049437801178,235.29805461359985,-0.0356508519527648
5,20.0,318.2533357213218,77.51263427734375,11167,43.31799050774604,236.4053908838542,-0.0307989013629286
5,25.1,313.7196575970651,73.22013854980469,13084,43.024610210944665,247.38069397737695,-0.0844713331388902
5,30.1,313.42614173228344,73.56581115722656,12700,42.88692913385827,245.39590551181104,-0.08014911813477509
5,35.0,311.41028848409036,70.58094787597656,12791,42.54397623328903,247.2768352748026,-0.11747119857288674
5,40.1,312.76279681209434,72.2463607788086,12171,41.63790978555583,245.85506531920137,-0.09664723832230664
5,45.1,312.21602699283005,71.78510284423828,11855,40.53445803458456,246.10704344158583,-0.1024147070854123
5,50.1,313.7284926319256,73.26531982421875,12147,41.50061743640405,248.42825388984934,-0.08390639632299964
5,55.1,312.9493818910792,73.80756378173828,11972,41.10841964584029,246.92933511526897,-0.07712629596572336
5,60.1,312.7720123236582,73.70272064208984,12334,40.81660450786444,248.66872060969678,-0.07843723175160112
5,65.1,323.50849187935034,75.75531768798828,10775,41.26784222737819,241.9676102088167,-0.05277200529540971
5,70.1,317.6401853122855,75.2396469116211,11656,39.829958819492106,248.7649279341112,-0.05921984038254973
5,75.0,323.32044139704306,76.63839721679688,9334,40.307263766873795,238.29987143775443,-0.04173017118043417
5,80.1,315.6861682918021,75.13404846191406,11076,40.2887323943662,248.60283495846875,-0.06054022040091199
5,85.1,320.7258867454885,74.14007568359375,9642,40.020846297448664,238.35739473138352,-0.07296863955792895
5,90.1,315.1384291853342,75.31952667236328,10937,37.44610039316083,250.69927768126544,-0.05822104125009884
5,95.1,326.17255198487715,74.63285064697266,13225,38.257542533081285,265.3134215500945,-0.0668070887302431
5,100.0,316.0420080544369,73.45536804199219,14402,39.7394806276906,272.04124427162895,-0.08153007479584091
5,105.1,318.2466939168069,74.51941680908203,8318,38.05602308247175,238.2269776388555,-0.068225440736096
5,110.1,309.8488718075874,73.71441650390625,8066,37.354450781056286,236.04773121745598,-0.07829098924252308
5,115.0,323.3340488527017,72.75269317626953,13510,38.89866765358993,272.95018504811253,-0.09031616829133852
5,120.1,311.2249825052484,73.89151763916016,8574,37.11628178213203,242.78831350594822,-0.07607655521562884
5,125.1,316.62143717382577,71.5669174194336,9964,34.93376154154958,254.24106784423927,-0.1051428501216903
5,130.0,311.2677276171917,73.28132629394531,9237,35.727400671213594,248.85644689834362,-0.08370625491135857
5,135.1,317.9175901909927,74.53377532958984,8482,34.76184862060835,246.91358170242867,-0.06804590492260293
5,140.1,312.73652450460736,71.03144836425781,12263,36.51129413683438,269.22808448177443,-0.1118382385754693
5,145.1,316.3277751865672,72.33065032958984,8576,35.02810167910448,246.22819496268656,-0.09559330013555234
5,150.1,311.41751061744526,75.49503326416016,9183,33.243057824240445,254.3115539584014,-0.056026545047338526
5,155.1,316.7994692949204,74.0197982788086,7914,33.829668941117006,244.9033358605004,-0.07447256203386864
5,160.0,309.1990679094541,73.4209976196289,9012,33.094540612516646,252.70328450954284,-0.08195983507202918
5,165.0,314.413625,74.64634704589844,8000,33.6715,246.02825,-0.06663833269726262
5,170.1,306.33494916055804,72.51729583740234,8458,34.480964767084416,249.0647907306692,-0.0932595253527177
5,180.0,307.1281851274051,73.45716094970703,7692,32.8701248049922,247.30083203328132,-0.08150765666822621
5,185.5,313.87708033023193,71.62120819091797,7631,33.37098676451317,244.32865941554186,-0.1044640101382595
6,0.1,326.37502704456944,78.72872161865234,36976,175.06652964084813,334.6766010385115,-0.003938634750121502
6,5.1,325.47032294435047,78.51261901855469,37251,171.89707658854795,334.6313924458404,-0.006672725263237656
6,10.1,327.1478992053989,78.82527160644531,36748,169.45874605420704,333.4989931424839,-0.0027171019895395098
6,15.1,327.64627919305786,79.45759582519531,35839,175.43885153045565,336.84712185049807,0.005282948203825603
6,20.0,327.75424362417965,79.67594909667969,36113,176.52020048182095,336.1450447207377,0.008045513799073064
6,25.1,328.44356516896744,81.3553466796875,34119,183.27380638353998,338.1478062076849,0.029292944405539225
6,30.1,327.7151940426751,80.7213363647461,34915,181.4983817843334,338.5423170557067,0.021271562032001166
6,35.0,327.6036585365854,80.30630493164062,34604,182.58198474164837,338.140706276731,0.016020660361286052
6,40.1,328.19152957854635,80.57244110107422,33859,179.69095366076965,337.3228979001152,0.019387766429036477
6,45.1,327.6456674609171,80.02046966552734,34414,177.54222118905096,337.07130818852795,0.012404324930610085
6,50.1,329.22281387546553,82.23418426513672,32489,179.124442118871,337.3978269568162,0.04041183656075062
6,55.1,326.25389477432566,80.15911102294922,33699,181.7891628831716,337.93225318258703,0.014158389989898585
6,60.1,328.0580200501253,82.22200775146484,31920,178.8920739348371,336.34783834586466,0.040257781540135144
6,65.1,368.55063201651444,107.68052673339844,35363,173.30121878799875,339.103950456692,0.362354300485476
6,70.1,341.65784095957355,90.7974624633789,33765,179.2578705760403,340.91280912187176,0.14875286379692537
6,75.0,369.4195664498016,108.68083190917969,37043,171.4506654428637,339.46896849607214,0.3750099783444587
6,80.1,339.9474903698555,89.5097427368164,34527,180.6648709705448,341.32342804182235,0.13246086968692372
6,85.1,370.993779891079,108.74151611328125,36173,170.47728969120615,340.3630332015592,0.37577774377928047
6,90.1,336.2601503354258,86.51215362548828,37117,185.11113505940673,341.9327531858717,0.09453592131610865
6,95.1,372.0358262427228,110.72452545166016,33495,190.5510076130766,343.8228392297358,0.40086641470240886
6,100.0,339.82923201293454,90.11744689941406,30925,189.26147130153598,343.6353759094584,0.14014943143948297
6,105.1,367.79624715693706,108.12306213378906,36932,163.6404202317773,341.82562547384384,0.3679531773124059
6,110.1,334.65257821395653,86.13750457763672,36886,164.51922138480725,340.49341213468523,0.08979593018682067
6,115.0,372.5543919237664,111.50873565673828,31797,185.43576438028745,346.812969777023,0.4107880985739775
6,120.1,335.09969088098916,85.59402465820312,37526,170.65940947609658,344.11975696850186,0.08291992179487613
6,125.1,369.61221952347904,110.79808807373047,34584,172.94052162849871,344.6019835762202,0.40179711552244296
6,130.0,337.4323261117446,87.8167495727539,35080,165.07927594070696,343.87462941847207,0.11104143027924403
6,135.1,366.9231913455037,108.47840118408203,36975,163.85268424611223,345.97100743745773,0.3724488618895775
6,140.1,339.000700152207,88.67123413085938,32850,182.39914764079148,348.26925418569255,0.12185221239322447
6,145.1,371.1169141491722,108.95043182373047,35154,161.21954827331172,344.31575354156,0.3784209070809807
6,150.1,338.5764430577223,90.49398803710938,34614,166.69269659675277,345.5579245392038,0.14491336094290166
6,155.1,370.62350514314386,110.04705047607422,35873,159.96986591586986,345.93228890809246,0.3922951254037791
6,160.0,337.9483016695452,89.05132293701172,34740,166.95975820379965,346.7027058146229,0.12666102634813828
6,165.0,368.72204305521103,110.52568817138672,36279,163.9222415171311,345.7957220430552,0.3983507618532356
6,170.1,337.511589690365,90.37174987792969,34686,159.46782563570318,346.74021218935593,0.14336682614321422
6,175.1,368.4405056334158,100.71794891357422,36390,156.02816707886782,345.2904094531465,0.2742650412381931
6,180.0,339.4481857679662,91.71342468261719,34064,157.72692578675435,346.87074330671675,0.1603414500187501
6,185.5,383.40224112404564,120.19305419921875,34447,158.9824948471565,347.10781780706594,0.5206605060746038
6,191.1,376.2473494910553,116.88672637939453,42539,138.55901643198007,329.3321892851266,0.4788294521152884
6,196.7,317.70772313858487,75.62794494628906,6487,31.777092646832127,243.33867735470943,-0.04316909324238038
6,202.4,317.79604550379196,74.57001495361328,7384,31.015438786565547,248.0415763813651,-0.056553829729626685
6,208.0,317.32050569602666,73.33647918701172,7198,31.02848013337038,247.06640733537094,-0.07216029830302989
6,213.6,317.2692140686062,74.75515747070312,6909,30.80662903459256,247.52178318135765,-0.05421144051579474
6,219.3,314.24183006535947,70.23776245117188,6885,29.92984749455338,245.2323892519971,-0.11136469485571096
6,225.0,315.7287954926146,71.70391082763672,6567,29.09395462159281,247.75985990558854,-0.09281525414976059
6,230.6,317.75676052411484,72.93246459960938,7174,28.935600780596598,253.4863395595205,-0.07727181685985482
6,236.2,313.68468736076045,68.82167053222656,6733,28.45314124461607,247.8173176889945,-0.12928083042992064
6,241.8,311.2146133164637,65.9989242553711,6323,27.361853550529812,245.90447572354896,-0.16499369928479282
6,247.5,306.09242400864065,62.95608901977539,6481,28.765159697577534,243.51812991822248,-0.2034910933321493
6,253.1,307.0211838006231,62.58207321166992,6420,28.33613707165109,246.5095015576324,-0.20822307282815963
6,258.7,304.271867219917,60.323585510253906,6025,28.451784232365146,239.61892116182574,-0.2367970455413089
6,264.4,303.7281821317696,59.75077438354492,5798,27.412728527078304,240.54156605726112,-0.24404414699513077
6,270.0,298.7852233676976,56.69557571411133,5820,28.525085910652923,240.00154639175258,-0.28269796094280514
6,275.7,300.25370834136004,58.04856491088867,5191,28.33076478520516,235.48468503178577,-0.2655801894509956
6,281.3,300.15028901734104,57.11431121826172,5017,26.060593980466415,235.1050428542954,-0.27740019604370103
6,286.9,298.9167521017019,56.710079193115234,4877,26.86159524297724,233.16013942997745,-0.28251446558303694
6,292.6,296.3093555093555,54.593528747558594,4810,27.516216216216215,232.32432432432432,-0.30929267413357325
6,298.2,298.96354288385135,56.206138610839844,4279,25.204954428604815,229.62865155410142,-0.28889022952364085
6,303.8,292.85707954797255,53.357147216796875,4513,25.92444050520718,228.69399512519388,-0.3249351467938747
6,309.5,297.7327607361963,55.287288665771484,4075,25.204662576687117,228.31411042944785,-0.3005153507237256
6,315.1,293.02286135693214,52.39838409423828,4068,24.858407079646017,228.0484267453294,-0.33706524220470496
7,0.1,504.87616254171417,239.17510986328125,123759,511.78263399025525,493.12541310126943,0.0047087393426871
7,5.1,503.66766524777125,239.1960906982422,124510,506.81986185848524,493.7287848365593,0.004796874049747589
7,10.1,503.34149057178104,233.6048583984375,124838,507.4084974126468,492.76163507906244,-0.01869035235320055
7,15.1,502.91770683662577,238.4868927001953,124579,506.64323039998715,491.4896491382978,0.0018177286571967575
7,20.0,506.3161922946231,239.80792236328125,123602,503.828675911393,492.56707820261806,0.007367010303568982
7,25.1,499.2362760986201,235.83212280273438,127114,502.7765470365184,492.0114306842677,-0.009334228243534155
7,30.1,500.47638216641906,236.89170837402344,125202,503.9008482292615,488.96226897333906,-0.004883201194088776
7,35.0,497.9089046892177,235.68414306640625,126439,502.7339982125768,486.31394585531365,-0.009955850344677877
7,40.1,498.8729871941169,235.80455017089844,126192,503.8288322556105,489.2548497527577,-0.00945005327310383
7,45.1,500.69245834269753,235.86814880371094,124588,502.37287700260055,486.677513083122,-0.009182892939265198
7,50.1,496.74581886905844,233.64779663085938,126461,500.86766671147626,484.2578660614735,-0.01850998066907821
7,55.1,497.37690948768574,234.11473083496094,125099,500.3227283991079,484.21964204350155,-0.016548518726708743
7,60.1,496.7500514134751,225.15463256835938,126426,497.5893249806211,485.8117238542705,-0.0541874228709142
7,65.1,572.841799847793,299.5248107910156,126144,501.9548373287671,482.31354642313545,0.25822120547460237
7,70.1,510.45236550168414,247.9343719482422,129444,498.7405132721486,482.18426501035196,0.04150398602192517
7,75.0,573.5410434319546,298.8243713378906,127694,499.23306498347614,482.1373674565759,0.25527885231612624
7,80.1,509.91451187335093,248.1518096923828,128860,496.1946453515443,482.46433338506904,0.04241738207691569
7,85.1,566.1062573431874,293.777099609375,131925,493.01205230244454,477.4272200113701,0.2340766544019049
7,90.1,511.2505844945291,249.7259521484375,128316,493.4698790485988,480.4621013747311,0.049029920829265654
7,95.1,570.0759042126571,297.16204833984375,130915,491.414299354543,479.3314135125845,0.24829589140224714
7,100.0,508.0818780953866,246.89573669433594,128215,491.2609601060718,478.85487657450375,0.03714096548360274
7,105.1,566.4721365191893,294.781494140625,130619,487.8902150529402,478.81813518707077,0.23829583909830462
7,110.1,503.3141969555763,243.2534637451172,128760,487.4534560422492,476.80153774464117,0.021840780337901905
7,115.0,566.6029262234641,294.8348388671875,128835,486.4322893623627,477.0151899716692,0.23851992559712895
7,120.1,507.19546536585364,244.92274475097656,128125,484.1940370731707,478.22062829268293,0.0288529699255407
7,125.1,565.2527915150384,293.077392578125,128604,483.2333597710802,476.29945413828494,0.23113737794592978
7,130.0,503.3589898100293,243.3265838623047,129441,481.51579484089274,475.15927719965083,0.022147937804253805
7,135.1,565.3934785821517,293.7071228027344,128561,480.6964087087064,473.7878827949378,0.23378270111711988
7,140.1,507.5937063048176,245.29147338867188,125872,479.90510200838946,475.3351420490657,0.030401897340898303
7,145.1,564.7635341867,293.0754089355469,128120,477.3725803933812,471.6469950046831,0.23112904520998953
7,150.1,507.8196482332435,245.60006713867188,126220,477.30229757566156,474.57939312311834,0.031698214661328356
7,155.1,567.6401477371899,293.17547607421875,128336,475.96162417404315,472.446881623239,0.23154939968919147
7,160.0,504.676022094231,243.95042419433594,127092,476.138120416706,473.507144430806,0.02476851915949818
7,165.0,567.6105517741224,294.28271484375,126936,475.13673032079157,472.2729091825802,0.23620060469510953
7,170.1,500.1486228121988,241.2882537841797,128668,471.0086501694283,469.03365250101035,0.013585474743913207
7,175.1,564.1186438015036,294.38861083984375,127297,471.8204592409876,469.54851253368105,0.2366454445983821
7,180.0,504.24715954171825,243.2131805419922,126036,471.26551937541655,468.07905677742866,0.021671561700345766
7,185.5,590.7334360797018,315.76226806640625,127174,470.80203500715555,468.87831632251874,0.32643028976691824
7,191.1,606.0818217586459,326.7355651855469,124539,471.7532580155614,469.0807056424092,0.372526087616898
7,196.7,606.9205954742049,328.27001953125,125547,468.2967972153855,467.78108596780487,0.3789719075524739
7,202.4,605.194912101952,327.8934020996094,123666,470.23527889638217,470.3363010043181,0.37738984148726157
7,208.0,609.7131519642018,332.7043151855469,123358,468.8030042640121,470.624004928744,0.397599161865216
7,213.6,603.4283587910819,322.7912902832031,125633,465.99161048450645,467.5270112152062,0.35595727547327627
7,219.3,606.3234212707072,327.4017333984375,124293,466.2059810286983,468.1178505627831,0.37532447673751385
7,225.0,604.1219561150675,329.22003173828125,124553,466.7742647708205,470.66782012476614,0.38296264708817285
7,230.6,611.4961047463175,335.6588439941406,122200,467.0833715220949,469.5806955810147,0.4100103233624584
7,236.2,611.0588282992094,334.2657775878906,123325,465.13456314615854,468.478329616866,0.40415843520551703
7,241.8,608.7954573277726,334.3098449707031,122527,466.7852718176402,469.6288328286827,0.40434355013932843
7,247.5,600.3250271974335,326.01092529296875,125931,462.0343759677919,464.3423620871747,0.3694820750799506
7,253.1,602.9502388757288,329.5743103027344,125379,463.09136298742214,465.4901059986122,0.38445087372710407
7,258.7,600.0982107762212,326.72235107421875,127206,460.7567095891703,461.5486612266717,0.3724705787759421
7,264.4,599.4046741729065,325.7904968261719,126739,460.1237977260354,460.13119087258065,0.36855611582308095
7,270.0,600.5006454269717,326.2549133300781,126273,458.83100108495086,461.50367853777135,0.3705070016006032
7,275.7,597.9853090691278,324.5511474609375,126881,458.87939880675594,460.36753335802837,0.3633499506035413
7,281.3,602.892258483442,325.6908874511719,124743,455.8626536158342,461.4629197630328,0.36813768428294213
7,286.9,598.8714056874594,322.3612060546875,126102,455.28074891754295,460.0331477692661,0.35415061012548943
7,292.6,599.6001886538203,322.45001220703125,126157,452.3733918847151,458.90969981848014,0.3545236603037382
7,298.2,596.9321089346944,322.2889099121094,126865,451.7067118590628,459.4896070626256,0.35384691394945117
7,303.8,593.8581689997733,321.0259094238281,127941,451.8319694234061,457.30351490139986,0.3485413968783161
7,309.5,600.3798447185524,324.4687194824219,127768,447.67206968881095,456.90811470790806,0.36300369337623895
7,315.1,597.123054750504,321.0671081542969,126976,448.3285424017137,455.27679246471774,0.3487144613939985
8,0.1,693.8519689406545,427.5393981933594,54090,1039.7074135699759,436.31846921797006,-0.001671679848695739
8,5.1,695.4650404697079,428.953857421875,53991,1038.5357189161157,437.11744550017596,0.0016311612730665142
8,10.1,693.7825006443062,428.9272155761719,54322,1038.804977725415,437.1513199072199,0.0015689510786869494
8,15.1,694.940008167205,430.3079833984375,53874,1037.8957382039573,435.60964472658424,0.004793120889343774
8,20.0,690.929008121179,425.5480651855469,54795,1037.7229856738754,437.4415183867141,-0.006321553392401764
8,25.1,688.4062970442445,426.48223876953125,54470,1035.6993758031945,437.78646961630255,-0.004140206015365273
8,30.1,686.251132909895,424.46685791015625,54947,1035.98640508126,437.19256738311464,-0.008846232632577708
8,35.0,687.5065336749634,426.3988952636719,54640,1035.5093155197658,438.206789897511,-0.004334817746007416
8,40.1,686.647394914756,424.4659118652344,54432,1033.967390505585,437.33737507348616,-0.00884844170019027
8,45.1,688.0308193942967,427.79876708984375,54284,1034.8847726770318,437.02671136983275,-0.0010660390216259555
8,50.1,689.4466638334042,404.98443603515625,54119,1033.4364825661967,437.06347123930595,-0.05433877340223881
8,55.1,687.3376637715295,427.218017578125,54344,1032.9060061828352,437.54436552333283,-0.002422121494756674
8,60.1,689.9577597865757,429.5965270996094,53977,1032.3504270337367,438.0706967782574,0.003131830784451685
8,65.1,701.3015109121433,405.72064208984375,53610,1031.8127588136542,438.9108375303115,-0.05261969123819228
8,70.1,696.0039002569364,434.4945983886719,54099,1031.5288082959019,438.43904693247566,0.01456910019787682
8,75.0,697.263545802088,428.062255859375,54408,1031.3645603587709,438.8647441552713,-0.0004507780614046931
8,80.1,695.3396849688328,433.260009765625,53582,1031.709025418984,439.3235414878131,0.011686266963483589
8,85.1,698.6616719677888,429.2926025390625,54391,1030.851059918001,439.01913919582285,0.0024221499988547946
8,90.1,690.9445635583982,427.4485778808594,55036,1030.0372665164618,438.76608038374883,-0.0018837503395016779
8,95.1,699.0876227176806,429.43896484375,54495,1029.8562069914672,438.584824295807,0.002763914136591785
8,100.0,692.0489809457118,428.22784423828125,54266,1029.6601002469317,438.02568827626874,-6.411996896080036e-05
8,105.1,701.3725261501435,409.09393310546875,54015,1030.2181616217717,439.1904285846524,-0.04474286873425234
8,110.1,690.2809902222873,429.083740234375,54614,1028.85750906361,439.719888673234,0.0019344448781975882
8,115.0,698.1443433029909,406.569580078125,54599,1028.9340464111065,441.43731570175277,-0.05063737372702306
8,120.1,693.7446932778478,432.7337951660156,54789,1027.4730146562267,441.2365255799522,0.010457526549180226
8,125.1,695.4856693431858,429.4582214355469,54673,1027.9424213048487,440.8490845572769,0.002808879351544254
8,130.0,691.4512976988321,429.3839111328125,55059,1026.4894022775568,441.2588132730344,0.002635360653589798
8,135.1,696.4404266106544,428.6717224121094,55226,1027.2382030203164,441.0012131966827,0.0009723603028041131
8,140.1,691.2327226555415,427.7023010253906,55130,1025.9697623798295,441.69629965536006,-0.0012912926578616992
8,145.1,696.7471393802899,430.7114562988281,55058,1027.7437247993025,440.35041229249157,0.0057352525959786255
8,150.1,694.5122919474087,431.5479431152344,54914,1026.5527370069562,441.4942819681684,0.007688495926956713
8,155.1,698.582704186685,433.81060791015625,55366,1025.051186648846,441.28934725282664,0.012971944313994593
8,160.0,692.3728002920774,433.9214782714844,54780,1025.0290617013509,440.67316538882807,0.013230832786137731
8,165.0,703.4665416813617,438.16229248046875,53873,1026.253782042953,441.36444972435174,0.023133370290796904
8,170.1,685.9522820090277,426.70074462890625,55828,1023.5286415418786,440.1199756394641,-0.0036299826571090485
8,175.1,704.8388058023164,441.32891845703125,53358,1024.8852655646763,440.1971962967128,0.030527618411760427
8,180.0,694.5475851494907,434.9154052734375,54786,1022.9257839594056,440.9216588179462,0.015551707723993452
8,185.5,704.4666445525579,437.0353088378906,54264,1022.4093690107622,441.0875534424296,0.02050180068227119
8,191.1,704.4816832134075,435.06732177734375,54895,1021.9151106658165,440.613389197559,0.015906441226423547
8,196.7,712.4514269777819,441.0420837402344,53785,1022.5100306776983,440.90733475876175,0.029857843363680785
8,202.4,701.0683957944096,432.78765869140625,54594,1020.0542000952486,439.7151884822508,0.01058330088260512
8,208.0,709.7542694497154,440.9957275390625,53754,1019.945455221937,439.97235554563383,0.02974959905066525
8,213.6,710.3854898027415,440.033447265625,53838,1019.5615364612355,440.3984360488874,0.027502620987462003
8,219.3,715.2386849088206,444.2315673828125,53137,1018.7236953535202,441.1589099873911,0.03730546540857363
8,225.0,708.7396306107704,437.6085510253906,53981,1016.8526148089143,441.08058390915323,0.021840353134992548
8,230.6,717.3241159962582,445.7493591308594,53450,1017.0502525724977,441.3661178671656,0.04084959372182409
8,236.2,718.3866443763351,448.5372009277344,53835,1015.1314015045974,440.88074672610753,0.04735935967481607
8,241.8,713.4883407492199,443.34576416015625,54163,1014.7748832228643,440.86012591621585,0.03523706552076006
8,247.5,717.9487690283781,447.532958984375,53210,1014.5800789325315,439.5807367036271,0.045014398773958866
8,253.1,715.2252928696614,445.19000244140625,54205,1012.6804353841896,441.0141130891984,0.03954346468083549
8,258.7,720.9095413732722,451.3110046386719,53682,1015.2678178905406,440.0277001602027,0.053836345914847455
8,264.4,715.1344903581268,447.7057189941406,54450,1013.4587144168962,439.10741965105603,0.045417803024110893
8,270.0,718.5179453165304,449.4236145019531,54276,1013.3418638072076,440.47884884663574,0.04942918476754097
8,275.7,717.6190476190476,451.1412353515625,54411,1011.2802558306225,439.7387476796971,0.05343992516876095
8,281.3,719.219842122818,450.6640625,53966,1010.9929770596301,439.23021902679466,0.05232569996908298
8,286.9,719.4236503379942,450.7200927734375,53995,1011.6777664598574,439.83261413093805,0.05245653377994309
8,292.6,716.2516085274871,449.7271423339844,54553,1008.3881729694059,438.91754807251664,0.050137939169945495
8,298.2,716.4376557232889,446.8740539550781,54584,1010.9349076652499,439.03174923054377,0.04347581881193231
8,303.8,714.4247837464563,447.0730895996094,55028,1009.448208184924,438.9227847641201,0.0439405781335171
8,309.5,725.1170047656435,454.34674072265625,54767,1008.5133748425146,439.52935161684957,0.06092495884257621
8,315.1,720.2762065953265,452.24029541015625,54948,1007.5141952391352,440.4871514886802,0.056006291652593305
9,0.1,346.94785617924805,74.08795928955078,51147,140.1038575087493,525.4737521262244,0.11642564060592386
9,5.1,343.45764781233737,74.05724334716797,49962,137.3813298106561,521.1757135422921,0.11596278448219767
9,10.1,343.9171211134625,41.84392166137695,49144,138.4769453035976,521.2610491616474,-0.3694572303754149
9,15.1,343.8318811074919,70.21446228027344,49120,136.30649429967426,520.9361970684039,0.05805621834843292
9,20.0,343.1612214609551,71.60516357421875,49187,136.92052778173095,519.7653241710208,0.07901258693886
9,25.1,342.8606892641639,69.20586395263672,49386,136.38012797148988,522.1177459198964,0.042857729351791066
9,30.1,341.9933118652465,71.29730224609375,48444,134.43786640244406,519.9387540252662,0.07437344876086704
9,35.0,341.48865298699246,72.25704956054688,50586,135.82340963903056,524.3441268335113,0.08883580567598409
9,40.1,339.87598713669297,69.33132934570312,49132,132.64855898396158,520.0062891801678,0.044748357507448634
9,45.1,339.15832684984235,69.98167419433594,48842,133.7797182752549,521.8297367020187,0.05454835296166345
9,50.1,338.36859246392834,72.26982879638672,50663,131.92337603379193,521.1935732191146,0.08902837497733565
9,55.1,338.6222851930206,73.54300689697266,51523,129.68777051025756,523.254934689362,0.10821379579581082
9,60.1,337.2136904186406,73.04557800292969,51715,131.3816687614812,522.3248187179735,0.10071807885323143
9,65.1,402.17047220561864,117.74113464355469,50190,130.37668858338316,528.6205618649134,0.7742319120488748
9,70.1,353.919178871644,83.25914764404297,50321,130.07442220941556,524.2737028278452,0.25462555773099455
9,75.0,402.17329306827725,119.4355239868164,50002,129.09777608895644,529.0898364065438,0.7997645320066445
9,80.1,353.3333400325582,84.97813415527344,49757,127.93848101774624,524.6348654460679,0.28052883048133587
9,85.1,402.7303538555942,118.67138671875,48890,127.06283493556964,529.4018817754142,0.7882498075197977
9,90.1,356.4534776985021,82.44881439208984,47934,127.23327909208496,528.5954437351359,0.24241470959060527
9,95.1,405.0766755706654,119.21524047851562,49416,126.69544277157196,532.8768819815444,0.7964450971183319
9,100.0,354.2574468085106,87.0929946899414,48880,127.94828150572832,529.0207037643208,0.31239749780393383
9,105.1,401.66518891687656,124.21541595458984,49625,126.27858942065491,532.2693198992444,0.8717923487169531
9,110.1,352.613257005122,84.90251922607422,49785,124.4248669277895,528.4189414482274,0.27938939505107
9,115.0,402.1042969376303,121.83602142333984,49896,125.04433221099887,534.4511984928652,0.8359374393730044
9,120.1,355.03871043883635,88.20014190673828,50839,125.19400460276559,533.3828950215386,0.32908101227255065
9,125.1,398.0560585962282,118.90534973144531,52017,122.22156218159448,530.4284368571813,0.7917753777856168
9,130.0,356.0444338270425,91.9435806274414,50232,120.33305462653288,529.9721691352127,0.38549059639264455
9,135.1,402.86176841696596,127.49482727050781,51515,119.86572842861302,533.8310589148791,0.9212095403131644
9,140.1,355.864465819578,92.25308990478516,50526,119.26321102006888,531.117662193722,0.39015456738800586
9,145.1,404.2004827544934,121.46646881103516,50129,119.0294041373257,533.6173272955774,0.8303686800781583
9,150.1,356.80197730766986,93.71504211425781,51383,117.03016561897904,528.4608333495514,0.4121846104293716
9,155.1,405.1194427292374,121.87958526611328,51824,118.24697051559123,533.7857942266131,0.8365938994988058
9,160.0,358.74309264881066,89.95721435546875,52046,115.43868885216924,533.4683549168044,0.3555581990242932
9,165.0,405.12989781807005,125.36038208007812,52064,113.78664720344192,534.5290411800861,0.8890457533508235
9,170.1,356.2014649129716,87.94384765625,50788,113.79400645821848,532.2145585571395,0.32521893433804144
9,175.1,405.3140397221407,127.60899353027344,51105,109.78960962723804,531.9501809999022,0.9229299027164031
9,180.0,360.63866682114855,95.46344757080078,51786,111.79486733866295,535.0636465453983,0.4385311949564363
9,185.5,446.78083823133954,157.49070739746094,52062,109.14064000614651,536.6382966463063,1.3732151024503747
9,191.1,450.9670846093103,158.51214599609375,51921,108.13431944685195,536.0386548795285,1.3886070804823447
9,196.7,453.0124440309356,161.33758544921875,51591,106.77561977864356,536.130429726115,1.431183405727319
9,202.4,449.35015877345074,159.21438598632812,51331,107.13559057879255,535.9056710369952,1.3991890797501674
9,208.0,452.85733796386626,160.86520385742188,51254,106.46445155500058,536.0129550864323,1.4240651246153886
9,213.6,453.6264540228773,162.42352294921875,51667,106.32080438190721,538.1470764704744,1.4475473126390657
9,219.3,454.18710313547626,161.7487030029297,50710,105.61676197988562,536.9018536777755,1.4373785038602325
9,225.0,451.2137488255559,161.29934692382812,51088,103.84362276855622,537.8377896962105,1.4306071923909762
9,230.6,452.4336308611707,166.21975708007812,52208,104.38710542445602,538.6218970272755,1.5047524666489225
9,236.2,454.16466779773396,164.53073120117188,51279,103.52697985530139,537.9126543029311,1.4793006683143468
9,241.8,451.53681949255866,163.0430450439453,51671,104.05931760562018,537.5356970060576,1.4568828424350952
9,247.5,451.3092346250241,163.32684326171875,51870,103.85278581068054,539.9152111046848,1.4611593754928118
9,253.1,453.72790955614795,162.7054901123047,51391,102.74620069662004,540.8579128641202,1.4517962536774842
9,258.7,453.1944198666903,163.34825134277344,50859,102.06272242867536,539.4645588784679,1.461481972185106
9,264.4,451.50575161611624,162.04490661621094,51203,102.52701990117767,540.9577368513563,1.441841972848694
9,270.0,452.4438799715347,163.24070739746094,50588,100.8192852059777,539.0616154028623,1.4598614009183288
9,275.7,450.1094852573713,160.96127319335938,50025,100.70944527736133,537.1609795102448,1.425512785894564
9,281.3,449.1137711614753,160.55392456054688,50918,99.91498094976237,537.8260143760556,1.4193744813347058
9,286.9,450.366633629321,161.1157989501953,49439,98.96672667327414,538.6372903982685,1.4278413223898325
9,292.6,449.8467076524834,160.91339111328125,49448,97.84792104837405,537.1438278595697,1.4247912545899177
9,298.2,448.19068794671864,158.53721618652344,49248,97.18676900584795,538.726892462638,1.388984861213235
9,303.8,448.06311503223617,160.90472412109375,50099,96.14471346733468,540.5501507016108,1.42466065236524
9,309.5,453.01933845292376,161.26321411132812,50004,95.1506879449644,542.7255619550436,1.4300627098768264
9,315.1,451.8879672278156,160.52821350097656,49066,94.36876859739942,542.5483022867159,1.418987043397061
10,0.1,750.7762268847795,429.29595947265625,22496,38.089838193456615,631.1685633001423,0.082690793449676
10,5.1,713.8947496650019,392.6194152832031,24627,44.106915174402076,644.5421691639258,-0.009807996378790507
10,10.1,724.0677041142613,310.39471435546875,23455,41.80520144958431,638.3387763803028,-0.21717991480534016
10,15.1,750.008647724033,423.9263610839844,21046,36.461512876556114,630.8800722227502,0.06914858646715828
10,20.0,742.7520852641335,426.3053894042969,21580,37.820250231696015,634.6715477293791,0.07514853126729668
10,25.1,741.9425462148934,420.44110107421875,21043,36.8324383405408,631.4758351946016,0.06035870889647986
10,30.1,710.8394818962938,393.448974609375,23393,42.49412217329971,645.2024109776429,-0.0077158354225823605
10,35.0,722.1648569976436,398.18536376953125,21643,38.51855103266645,637.7475396202005,0.004229408469755375
10,40.1,723.107494646681,440.6070861816406,21015,37.364787056864145,635.925767309065,0.11121762320694546
10,45.1,714.218459091547,372.5110778808594,21377,37.152219675352015,637.7940777471114,-0.06052152231982385
10,50.1,718.179492197055,386.0148620605469,20441,35.89790127684556,634.1259233892666,-0.026464777816477828
10,55.1,696.8180477463361,447.8578186035156,21698,38.53060189879252,644.2804866808001,0.1295040781937904
10,60.1,684.4217930793429,435.2565612792969,22888,40.80216707444949,649.966270534778,0.09772351984057129
10,65.1,755.2343127710417,479.68121337890625,22598,41.21059385786353,654.1159837153731,0.20976315303333481
10,70.1,711.3797356005045,453.2085876464844,21407,37.80300836175083,647.4497127107956,0.1429987972864512
10,75.0,755.36455911286,486.44244384765625,22364,39.67411912001431,654.6064210338043,0.22681507681547172
10,80.1,674.6476158268515,416.1937255859375,23656,41.25663679404802,660.7848326006088,0.04964676475627689
10,85.1,736.8743729746526,464.2468566894531,22527,39.96932569805123,658.6908598570604,0.17083747595261753
10,90.1,674.6662274344446,393.7526550292969,22767,39.23608731936575,659.6552466288927,-0.006949948887791231
10,95.1,743.7853950702603,471.44140625,21705,37.5022805805114,655.0924671734623,0.18898223692775
10,100.0,672.0893432355047,435.5255126953125,22352,38.949311023622045,653.3585808876163,0.09840181931108824
10,105.1,735.2044000186837,507.1327819824219,21409,37.319398383857255,654.9623989910785,0.27899641725806285
10,110.1,673.6213875598086,458.4210510253906,20900,37.36425837320574,655.5451674641148,0.15614470743773193
10,115.0,731.8090249013206,501.6468505859375,20521,35.67949904975391,654.0258272014034,0.2651608166999624
10,120.1,671.8274258298247,456.60516357421875,20426,35.53622833643396,653.3159698423577,0.15156501228350858
10,125.1,734.3912076545125,500.1574401855469,19335,35.44396172743729,659.9362296353762,0.26140450152254496
10,130.0,675.719860916498,468.3812255859375,19269,36.86766308578546,663.5001297420728,0.1812644157878932
10,135.1,737.154145645975,540.9332275390625,18236,34.766615485852164,666.1317174819039,0.36424164356679717
10,140.1,668.7949553786138,481.8852233886719,18713,34.90311548121627,665.0681878907711,0.21532169905174003
10,145.1,728.5820994475138,372.7715759277344,18100,33.946795580110496,666.1886740331491,-0.059864542371981716
10,150.1,670.6417690695962,344.8670349121094,17659,34.56062064669574,668.2734582932216,-0.13024020975577966
10,155.1,742.2547617617016,388.3609924316406,16643,31.80231929339662,668.12629934507,-0.02054780213346382
10,160.0,682.610550227158,357.1029968261719,15848,30.719964664310954,667.5899798081776,-0.0993809318589418
10,165.0,739.007253819489,407.6398620605469,15578,30.42681987418154,669.9447939401721,0.028073793748718868
10,170.1,665.8092515258593,348.0555725097656,15565,29.595631223899776,665.1605525216833,-0.12219867052072321
10,175.1,731.7668660453471,398.0951843261719,14378,29.422381416052303,673.4269022117123,0.0040019745726286755
10,180.0,668.2491220961642,353.06268310546875,14808,29.73102377093463,675.8766882766072,-0.1095706631422904
10,185.5,755.7484671125975,408.1337585449219,14352,28.758152173913043,679.9092112597548,0.02931940802658638
10,191.1,758.7210831447964,398.3194274902344,14144,28.64076640271493,683.3320842760181,0.004567519166905151
10,196.7,758.4068759560056,403.03924560546875,13729,27.99140505499308,684.4137956151213,0.01647097063753737
10,202.4,744.6197141594224,392.3960266113281,13574,27.491012229261823,684.2827464269927,-0.01037138593106375
10,208.0,741.7254326991847,389.4639587402344,13982,28.52653411529109,686.8993706193678,-0.017766104702007585
10,213.6,742.4080800593032,393.5180969238281,13490,28.214603409933282,689.3004447739066,-0.007541507917678139
10,219.3,745.2617444699267,396.0443420410156,13517,27.854997410668048,688.5009247614115,-0.0011702801666973674
10,225.0,738.5857565864399,395.71087646484375,13171,26.680206514311745,689.5564497760231,-0.0020112853084582626
10,230.6,733.8821678053274,396.0337829589844,13027,27.0628694250403,694.0537345513166,-0.0011969103285944362
10,236.2,735.1651390399254,394.8716735839844,12874,26.78817772254156,693.0758893894672,-0.004127767452988587
10,241.8,715.3558652556268,378.5028991699219,13418,28.36145476225965,699.8600387539127,-0.04541005993002481
10,247.5,724.1727384995369,381.1758117675781,12956,27.173433158382217,699.9523772769373,-0.0386689346123466
10,253.1,724.6579814785748,379.0793151855469,12742,26.880003139224613,701.9552660492858,-0.04395633016727384
10,258.7,713.4843131282364,373.4720458984375,13132,27.707051477307342,704.8238653670423,-0.05809794668983311
10,264.4,709.1580885233059,371.49609375,12765,27.15127301214258,704.9335683509596,-0.06308132739073312
10,270.0,701.6730432010203,360.9251403808594,12546,26.957356926510442,710.0513311015463,-0.08974142897848957
10,275.7,699.9847489251238,356.84881591796875,12327,26.00681431005111,707.6820799870204,-0.1000219798891172
10,281.3,692.1538271604938,351.4623718261719,12150,26.032674897119342,710.761316872428,-0.1136066719854129
10,286.9,685.4720880982635,345.04595947265625,11805,25.323676408301566,710.0249894112665,-0.12978895935346027
10,292.6,676.8503514938488,335.27996826171875,11380,25.380052724077327,712.1153778558876,-0.15441893440838728
10,298.2,671.7456957132817,332.7837219238281,11384,24.878425860857345,712.2456957132817,-0.16071450479189747
10,303.8,653.6798218262807,319.5506591796875,11225,25.912249443207127,718.1114476614699,-0.19408848580914842
10,309.5,659.9050673508659,319.0751037597656,10913,25.043984238981032,719.1300284064877,-0.19528784364973228
10,315.1,659.6319257540604,321.480224609375,10775,24.667192575406034,718.1298375870069,-0.18922209310270952
11,0.1,408.6407853955118,165.63694763183594,126153,1011.6643044557006,698.4209253842556,0.11445430358549898
11,5.1,409.4802636263658,166.2965850830078,126391,1009.063026639555,699.8479480342746,0.11889253917710542
11,10.1,407.9744338252991,72.00035095214844,128803,1006.6606600777932,701.0550685931229,-0.5155603739049733
11,15.1,409.0947384588025,169.156982421875,123709,1003.2744505250224,686.7651181401515,0.1381381372748836
11,20.0,410.01866686446124,170.03941345214844,121338,1004.5362293757933,688.2843791722296,0.14407539386748577
11,25.1,407.4435705125083,168.01519775390625,123198,1003.3653468400461,688.5634020032793,0.1304558728092642
11,30.1,408.32467225410903,169.19424438476562,122656,1004.3003685103052,688.9103916644925,0.13838884676631785
11,35.0,409.3746439679162,168.78704833984375,122180,1005.0623833688002,689.7250695694877,0.13564911151307685
11,40.1,409.2577114831178,168.290283203125,123355,1005.1958412711281,692.8265331766041,0.13230672895651105
11,45.1,408.70772518639046,169.26148986816406,123531,1002.8980741676179,689.5246618257765,0.13884129423918876
11,50.1,407.8729775998843,167.6546173095703,124419,1000.3251513032575,689.7050611241049,0.12802978108441454
11,55.1,405.1294382596751,167.7469940185547,125218,1003.9686546662621,691.8346244150202,0.12865131886539036
11,60.1,407.83877902325094,168.31602478027344,123737,1001.7160428974357,692.9443658727786,0.13247992589019228
11,65.1,444.870912934232,198.4918212890625,125365,1003.8627527619351,693.4813624217286,0.3355115970490282
11,70.1,416.9730407722596,176.44845581054688,125968,1002.3496999237901,693.656928743808,0.1871973237285385
11,75.0,445.8326816890619,198.75421142578125,125324,1002.5463518559893,696.0270498866937,0.33727703538428766
11,80.1,416.02322917983065,174.77560424804688,126608,1000.8069711234677,698.3769193099962,0.1759418843489642
11,85.1,444.080375195249,198.91485595703125,126121,998.69169289809,694.3598924842016,0.33835789923597476
11,90.1,414.98675268196007,174.54656982421875,124629,997.0719254748092,692.9276332153833,0.1744008731014506
11,95.1,444.6544659885569,198.92214965820312,125840,1000.7983630006357,694.1655912269549,0.33840697341161174
11,100.0,415.1596827164379,174.98287963867188,123927,996.2381886110371,690.4180606324691,0.17733649439468205
11,105.1,444.6953875362966,199.29025268554688,125356,997.1069274705638,692.0337678292224,0.34088367929668956
11,110.1,415.3168609437255,171.61520385742188,121476,992.4905495735783,689.1911159405973,0.15467777711478597
11,115.0,446.1602578511335,192.09339904785156,124568,994.6791230492582,698.8613126966798,0.29246112247300343
11,120.1,417.66578510513637,175.4159393310547,122888,994.5724155328429,696.4723406679252,0.18025024790671956
11,125.1,442.01092272833813,197.31129455566406,127990,994.8740526603641,701.9343698726464,0.32756866452495204
11,130.0,416.21214014514345,175.36038208007812,124842,992.4609987023598,699.6372134377854,0.17987644231363517
11,135.1,447.28088133928077,199.84426879882812,126217,991.2182590300831,702.5215858402593,0.344611263332314
11,140.1,417.76755028860566,172.28298950195312,120753,989.0178960357092,691.3180790539366,0.15917083615783628
11,145.1,445.5848603563756,199.15150451660156,126608,988.5574450271705,700.253096170858,0.3399501406375529
11,150.1,416.1560843828215,175.6493682861328,125855,989.9778236859878,702.1268920583211,0.18182082685838266
11,155.1,449.3435439040837,201.77239990234375,121606,987.5074831833956,691.5969771228393,0.35758429885918364
11,160.0,414.5760673530292,170.40431213378906,123647,987.9730280556746,694.2144168479623,0.1465305399682879
11,165.0,447.16613814859846,199.14833068847656,121724,985.9041191548092,691.105919950051,0.339928786184556
11,170.1,414.51501166195226,175.89776611328125,120906,985.4519957653052,689.814699022381,0.18349212080230495
11,175.1,447.05689574411133,199.9977264404297,119552,983.3270543361884,684.5913911937902,0.34564377166783994
11,180.0,419.47213388248787,96.23847961425781,115086,983.1450567401769,681.4510713727126,-0.35247908567459924
11,185.5,460.0243686686116,209.59228515625,117569,979.9844006498312,682.1706572310728,0.41019879640553647
11,191.1,465.6009065437377,207.29214477539062,116707,980.3882286409555,681.2741052379034,0.39472277258990063
11,196.7,465.7448695421543,205.0465087890625,120652,983.184083148228,689.0469863740344,0.37961347043823
11,202.4,465.9516927663366,205.5059814453125,116732,977.5594095877738,681.1856474659904,0.38270493817208273
11,208.0,462.33770786233623,205.67196655273438,126947,985.5122216358008,703.1547890064357,0.3838217349975626
11,213.6,464.2788310785692,216.23568725585938,123738,982.2902988572629,696.83124020107,0.45489756782225615
11,219.3,465.94551897239035,205.78952026367188,121914,979.8338008760273,691.683768886264,0.3846126710835616
11,225.0,461.48856838547965,211.4842071533203,124873,981.0525173576353,697.2969416927598,0.42292820637009093
11,230.6,463.21694500375065,215.3335418701172,126645,979.31473015121,700.0342611236133,0.4488276672235389
11,236.2,468.8880778989686,218.95762634277344,121388,976.768766270142,689.9623191748773,0.47321157790804647
11,241.8,465.2672997215206,213.4713897705078,123528,976.4196376530017,694.0483938864063,0.4362985579214694
11,247.5,468.245793198514,219.21405029296875,118974,972.7293862524585,682.6728444870308,0.4749368739782973
11,253.1,469.9612428689926,218.4670867919922,118146,973.874485805698,683.9914766475378,0.4699110829323591
11,258.7,469.9953550602075,217.3921661376953,118839,973.0545527983238,682.3902759195214,0.46267869929862543
11,264.4,468.59030127275656,217.16921997070312,117933,971.4256399820237,679.5480230300255,0.4611786516412356
11,270.0,469.04440947560926,215.02252197265625,117565,969.5357802066942,681.1072683196529,0.44673503349548627
11,275.7,467.3333475203868,205.17144775390625,117478,969.9204106300754,679.3570200377943,0.38045409669370245
11,281.3,467.55090842683745,214.62059020996094,117731,967.0658365256389,678.4495757277183,0.44403071788784104
11,286.9,469.5322995863868,215.6500244140625,116534,967.8433161137522,679.0284981207201,0.45095705525049956
11,292.6,467.02475335714223,216.63479614257812,117883,968.3234817573357,679.7454085830866,0.457582890286611
11,298.2,466.1206225680934,220.0587158203125,117963,964.3852140077821,677.9732119393369,0.48062003311336476
11,303.8,469.63451182392885,213.53749084472656,115317,965.6804894334747,678.5922110356669,0.4367433054713847
11,309.5,473.3795508028793,208.14697265625,115584,964.289944975083,678.9045110049834,0.40047430704081377
11,315.1,470.0052970762555,206.23826599121094,115913,965.3388834729495,680.046215696255,0.3876319648729105
12,0.1,288.8863780892563,32.257781982421875,114793,635.6232697115678,812.6305436742658,-0.1863509649452531
12,5.1,288.11332091781156,59.07352828979492,113836,632.7705119645806,815.5532608313714,0.4900317485084032
12,10.1,288.022340972333,10.772492408752441,112842,628.9278548767303,816.5119281827689,-0.7282817504845092
12,15.1,288.3654678419388,52.38768005371094,113222,628.7821889738743,817.1821554114924,0.32139231853220146
12,20.0,287.0449036844719,43.73760986328125,114779,629.3598132062485,813.1806428005123,0.10320864838915798
12,25.1,276.5423956736748,49.390628814697266,69158,684.9641690043089,842.7096359061858,0.24579667311671888
12,30.1,286.89446143511236,79.6585922241211,113134,625.8149716265667,816.0687856877685,1.0092558357637436
12,35.0,286.62608134736547,27.561670303344727,113169,624.9794908499678,820.0269596797709,-0.3048025912310469
12,40.1,285.79228159753796,39.70238494873047,114376,624.499589074631,815.2931908792054,0.0014267943316703697
12,45.1,285.9407435315558,77.3169937133789,114131,623.0384558095521,816.2994979453435,0.9501928980270687
12,50.1,286.42755941499087,82.69181823730469,113776,620.7643967093236,818.9864558430601,1.0857639298439459
12,55.1,284.76755317787394,47.27328109741211,117201,621.4863013114223,813.0134640489416,0.19239008961438053
12,60.1,275.7820486782893,29.381654739379883,93553,654.6067576667771,817.7221040479728,-0.25889650317447793
12,65.1,297.57962288335693,94.05398559570312,118584,620.6525163597113,811.5357468123862,1.3723557516973262
12,70.1,288.4078365604513,92.17364501953125,118062,620.2419322051126,811.5182954718707,1.3249272801362548
12,75.0,296.8948254459503,49.59869384765625,117614,618.9624279422518,813.8945448671077,0.2510447683945642
12,80.1,310.27369375309047,39.38481521606445,36402,512.3376737541894,772.9792868523707,-0.0065833753286956564
13,0.1,801.3219663569151,491.4038391113281,58972,299.40909245065455,776.664383097063,-0.02760473784137628
13,5.1,856.3535801374418,548.3017578125,45110,341.64637552649083,797.5987807581467,0.0849854826008609
13,10.1,828.6944302604187,378.7479553222656,50918,327.5436584312031,809.8266035586629,-0.250529426115859
13,15.1,856.7292621784593,556.2783203125,44279,338.8527744529009,799.5322387587796,0.10076959124221592
13,20.0,852.0378711029958,552.0381469726562,44361,341.4733887874484,800.3617366605803,0.09237909011415844
13,25.1,854.048685581934,554.1015014648438,43175,339.3015402431963,799.6320787492762,0.09646207842777292
13,30.1,830.0757329162351,529.2330932617188,47311,334.3417809811672,810.7871108198939,0.047252201765277085
13,35.0,844.8784379923475,548.4609375,44430,337.3019806437092,802.2692099932478,0.08530046909798882
13,40.1,850.3848673066065,550.1473388671875,44275,334.3599774138905,799.1968831168831,0.08863753846748441
13,45.1,852.3361798375184,548.8594360351562,43328,337.38432422451996,800.6907080871492,0.08608902233408859
13,50.1,854.540658005421,499.072998046875,42796,334.7540891672119,800.1645480886065,-0.012428922717193334
13,55.1,864.2460936562418,564.4637451171875,41663,332.06331757194636,795.7443054988839,0.11696699888402023
13,60.1,853.7497927375229,532.0111083984375,42217,335.3714854205652,799.962811189805,0.05274936833612731
13,65.1,907.1658707047176,589.7415161132812,42925,333.34679091438556,802.4739895165987,0.16698692709415294
13,70.1,864.1814306239254,558.918701171875,42457,335.9951951386108,802.3425819063995,0.1059944056079191
13,75.0,894.12650630223,581.0298461914062,43318,334.1013897225172,804.2745740800591,0.14974817989014122
13,80.1,851.5670564121675,552.169189453125,42934,331.74039222993434,803.9807145851772,0.09263839839994589
13,85.1,897.5300764065756,495.51605224609375,43190,327.8222505209539,809.2732345450336,-0.01946744575903533
13,90.1,848.1582885693509,546.5169677734375,42631,331.7030564612606,803.7492200511365,0.0814537206572203
13,95.1,874.369778650482,555.7182006835938,44816,328.1659451981435,811.5169359157444,0.09966122042774393
13,100.0,844.5521342610003,546.5177612304688,42544,330.77131910492665,800.973274727341,0.08145529075862469
13,105.1,897.893937910097,585.5062866210938,40844,333.531632553129,800.4075261972383,0.15860620890561516
13,110.1,844.4135252347138,550.7132568359375,41966,330.3281465948625,801.347066673021,0.08975738309991159
13,115.0,899.8835237106265,583.4126586914062,40446,330.58280176037186,801.4131681748504,0.15446331518457146
13,120.1,840.0496828491745,487.4359436035156,40517,334.73848014413704,803.2723794950268,-0.03545645263366394
13,125.1,859.9575547064953,542.8746337890625,43185,327.3808729883061,814.0330438809772,0.07424623054885914
13,130.0,835.0498247184306,541.5948486328125,40221,334.5948882424604,802.7172124014818,0.0717137777606006
13,135.1,890.7442915582001,574.7554931640625,40335,328.98162885831164,801.4073881244576,0.13733242186933858
13,140.1,847.7292827895918,545.6281127929688,37855,335.3413287544578,799.4373530577202,0.07969484475320421
13,145.1,888.6991530877546,569.5651245117188,38847,332.923674929853,799.8327798800423,0.12706166392100215
13,150.1,844.0308789188653,545.4410400390625,40254,327.89280568390717,801.0308540766135,0.07932466315286024
13,155.1,937.0697113209254,612.8818969726562,33151,343.5321106452294,788.5711441585472,0.21277736445193798
13,160.0,825.8505990133897,522.9554443359375,41151,328.26448931982213,802.6834341814293,0.03482992178479465
13,165.0,882.5526094067502,567.6743774414062,40354,326.5401447192348,801.2208455171731,0.12332023305135922
13,170.1,832.8353884406556,534.470458984375,39414,328.42068808037754,799.9513370883442,0.05761595802756615
13,175.1,882.3187864131032,571.001220703125,36388,333.9531438935913,799.4826316368034,0.12990342668592658
13,180.0,870.2653238801161,573.3884887695312,31030,348.14740573638414,786.0130518852723,0.13462737870362765
13,185.5,944.1239688136909,617.9046020507812,30911,345.8326162207628,787.5799230047556,0.22271634789582256
13,191.1,947.5671812101809,612.6753540039062,31549,343.9923610890995,787.9108054138007,0.21236865497867077
13,196.7,922.844075592995,589.1848754882812,36088,331.36660385723786,797.72816448681,0.16588544057045407
13,202.4,946.681218778119,617.9349975585938,32229,337.37087716032147,788.3319991312172,0.22277649485731402
13,208.0,909.5259666675879,574.9243774414062,36181,330.5038279760095,800.1476465548216,0.13766661191441257
13,213.6,936.2489429499357,603.8008422851562,32638,338.05919480360313,790.8885348366935,0.19480767465566468
13,219.3,947.0265622552859,611.6724853515625,31925,336.51414252153484,789.8008457321848,0.2103841675805462
13,225.0,900.7344119444223,570.0294189453125,37641,322.97037804521665,801.6764963736351,0.12798041479663563
13,230.6,945.2017727128838,617.5245361328125,31590,336.67033871478316,790.3655270655271,0.22196426932311722
13,236.2,945.737097695677,617.4044799804688,31506,336.18463149876214,790.9102710594807,0.2217267009029291
13,241.8,930.1041896526018,596.2837524414062,33535,330.0581780229611,793.8129417026987,0.17993277550448566
13,247.5,938.0705774807717,592.20263671875,31724,332.44086496028245,790.8950951960661,0.1718570193194939
13,253.1,889.4352928303745,529.5991821289062,36557,324.0620401017589,803.8903082856908,0.04797662239785887
13,258.7,917.24800472953,571.9161376953125,33830,327.61226721844514,796.881584392551,0.13171387438222548
13,264.4,887.9400246402265,553.9810180664062,38149,317.4945345880626,802.7461532412383,0.09622366456836705
13,270.0,917.1029576204853,584.0037231445312,35772,317.60273398188525,795.8210891199822,0.15563291995381487
13,275.7,924.7649250394921,580.4495239257812,33551,323.72248219129085,788.6386694882418,0.1485998318783727
13,281.3,933.5494533354461,602.49560546875,31555,326.26550467437806,788.5941689114245,0.1922248578454344
13,286.9,917.1612374830016,575.7499389648438,32356,324.5965199653851,790.3456236864878,0.13930024203717034
13,292.6,922.6306825540734,508.3752746582031,30884,326.46830073824634,789.5484717005569,0.0059785234283284945
13,298.2,912.9901966886592,541.2318115234375,32132,322.42717540146896,791.0918399103697,0.07099539597957419
13,303.8,912.4425719299408,578.4606323242188,30203,328.18405456411614,788.1878621329007,0.14466419154270918
13,309.5,923.4600836218724,535.96533203125,30614,326.2180048343895,788.5127719344091,0.06057402907344693
13,315.1,912.5767216678194,559.183349609375,30363,326.0842143398215,789.1312782004413,0.1065180948148005
14,0.1,591.0241932664405,304.73565673828125,57206,906.5831730937314,881.0795021501241,-0.0847668055730287
14,5.1,590.1611202005082,318.8585510253906,57454,902.4075260208167,880.1932502523758,-0.042350562619068555
14,15.1,569.9605713104194,346.3735656738281,62873,917.5722170088909,889.0018608941836,0.04028714056583376
14,20.0,568.1280486846036,350.7462158203125,63593,916.8513358388502,888.0266224269967,0.0534198162904718
14,25.1,570.6859056070996,344.0838928222656,61975,914.2345300524405,884.6804679306172,0.033410411335791514
14,30.1,566.3718993901475,346.42340087890625,63294,915.6521787215218,886.9760798811893,0.04043681400551839
14,35.0,568.1230959176474,338.24078369140625,62366,912.024308116602,882.154892088638,0.015861406757654028
14,40.1,569.7826546199096,344.8963623046875,61538,910.2736358022685,884.7239591796938,0.03585055584572667
14,45.1,568.9656983980732,348.8123474121094,61863,910.0493671499927,881.6862745098039,0.04761169859336476
14,50.1,568.8106054442799,341.6027526855469,61459,910.256561284759,883.5282708797735,0.025958635467303814
14,55.1,567.3586155394655,344.24896240234375,61598,910.2622487743108,883.2224747556738,0.03390617596240156
14,60.1,564.7664806644174,344.50091552734375,61648,907.7750616402803,881.4883532312484,0.03466288381178084
14,65.1,602.5647791943535,365.3662109375,62906,910.8873557371315,886.0817251136616,0.09732903576557282
14,70.1,576.1117036749733,350.7195129394531,61878,908.4487863214713,883.3598209379747,0.05333961772358628
14,75.0,611.1528481687415,377.4185485839844,60969,904.0510423329889,878.3062047925995,0.13352663601547707
14,80.1,580.8305549020267,359.7529602050781,59506,903.4142607468154,881.6183746176856,0.08047038045118592
14,85.1,601.0518785222292,371.5361633300781,63880,912.0163901064496,890.9740607388854,0.1158596708023891
14,90.1,561.6691197890315,300.78033447265625,65223,912.3434524630882,890.9716511046717,-0.09664609226662729
14,95.1,598.6835953935579,374.7081298828125,64171,911.0441632513129,889.5713951785074,0.12538625233783401
14,100.0,554.1859171490594,338.1562805175781,66336,915.2488392426435,893.431093222383,0.015607612664275732
14,105.1,589.6276345545002,376.31524658203125,66330,915.5111563395145,895.764601236243,0.1302130145427773
14,110.1,547.5548709137499,278.409912109375,67513,916.4629330647431,895.3313139691614,-0.16383269372761236
14,115.0,594.5403547602718,309.1626892089844,64156,906.0465428019203,891.3946006608891,-0.07147079973845921
14,120.1,553.9332181042263,338.68658447265625,65377,910.0018202120011,895.7773528916897,0.017200310374869698
14,125.1,596.9240008417372,371.9091491699219,61777,899.6570082716869,887.1011541512213,0.11697988438464607
14,130.0,559.195635279377,343.6517639160156,63051,903.1325117761812,890.6563258314698,0.03211256938482123
14,135.1,601.6225088501377,380.54241943359375,61016,896.1170676543858,885.903435164547,0.142908768475023
14,140.1,548.2238686484201,272.9974060058594,66204,909.9834753187118,895.7190804181016,-0.18008843913003017
14,145.1,597.2688736570901,375.84112548828125,61713,898.587266864356,889.6093205645489,0.12878905461691048
14,150.1,563.0464432686655,347.6521301269531,61236,898.7346822130772,889.187112156248,0.044127139603817575
14,155.1,582.9397632259332,357.65008544921875,66139,910.3870787281331,897.1730144090476,0.07415467456732228
14,160.0,548.9283628667213,270.2520446777344,64729,906.0785119498215,894.9004001297718,-0.18833376836091198
14,165.0,580.675545199805,355.30560302734375,65664,910.3449226364522,897.7243542884991,0.06711333205027843
14,170.1,539.0518041734024,327.7513732910156,67427,912.0490159728299,899.6744627523099,-0.01564214845856433
14,175.1,570.854244753307,346.20361328125,68567,915.9408315953739,899.3692300961104,0.03977671105842179
14,180.0,609.9955914768552,43.53119659423828,20415,802.0908155767818,758.389958363948,-0.8692598150718203
14,185.5,583.5211119133573,355.8411560058594,69250,918.5799566787003,900.3189747292419,0.06872179450773447
14,191.1,585.0048308496363,298.52447509765625,70795,919.523610424465,899.7818348753443,-0.10342126719711621
14,196.7,643.7242795362866,297.1817932128906,55034,889.8788748773485,870.2719773231094,-0.1074538344511303
14,202.4,626.7607868576538,289.1283874511719,57037,900.5732068657187,871.2452092501359,-0.13164117229077374
14,208.0,647.4173237049591,306.8155517578125,54284,882.6562707243387,872.0307088644904,-0.07852011628443911
14,213.6,609.2758954041204,380.08349609375,63100,898.0639936608558,894.235118858954,0.14153045299065217
14,219.3,643.9229548274101,346.5772399902344,54812,890.038020871342,873.8163723272277,0.040898849406284014
14,225.0,612.2685855209787,376.33929443359375,61634,895.6425349644677,893.6163967939774,0.13028523908072678
14,230.6,657.1849189354542,436.4442443847656,52304,880.344562557357,870.4539614561028,0.3108024976565062
14,236.2,649.0970247718868,407.6126403808594,53811,887.4980766014384,872.7704744383119,0.22421059267437507
14,241.8,652.2765409662275,432.6015319824219,52824,883.8888005452068,870.8495759503256,0.29926141977640197
14,247.5,627.5207815091211,400.89739990234375,57888,900.87271973466,881.5461580983969,0.20404225707400392
14,253.1,629.4684974093265,391.7977294921875,57900,897.8133678756477,879.1733506044905,0.17671260190052818
14,258.7,630.1201710816777,405.5596008300781,57984,896.8252448951434,877.397040562914,0.21804456023019606
14,264.4,628.586442149119,325.42840576171875,57605,901.166148771808,877.4759482683795,-0.022618873844574696
14,270.0,639.6504002911208,418.7936096191406,54960,889.0627001455604,870.5823144104803,0.25779115328967095
14,275.7,630.4192655891572,336.17889404296875,57107,891.9300085803842,872.7173201183742,0.009668794217021541
14,281.3,639.7168640619012,417.5936584472656,54797,886.8926401080352,869.9916783765534,0.2541872588325981
14,286.9,648.3270403553681,429.9256286621094,53128,880.4549013702756,866.3666616473423,0.2912246984749275
14,292.6,635.4078247317414,416.35064697265625,55823,890.6611969976533,871.5531232646042,0.2504540384579533
14,298.2,634.1197953012329,424.7515563964844,55887,887.462486803729,870.2539230948163,0.2756850575331687
14,303.8,635.2002419951962,418.40802001953125,55373,886.6349484405757,868.458364184711,0.256633085983844
14,309.5,640.306126109965,342.2706298828125,55745,887.7822046820343,871.3829760516638,0.027964516194491994
14,315.1,640.4442128359847,343.2936096191406,54690,883.3501919912233,868.6269519107698,0.0310369003780001
15,0.1,517.4139985906431,203.14366149902344,65278,116.47741965133736,910.828870369803,0.07600748150915383
15,5.1,520.1915526183975,204.07257080078125,61889,114.85708284186204,918.7647239412497,0.08092771062661343
15,10.1,519.1147355874788,129.0199737548828,63764,114.89417226020953,916.2396806975723,-0.31660945756343006
15,15.1,516.1717013286682,200.35830688476562,66307,114.01569969988086,908.7172093444132,0.061254068178500355
15,20.0,516.7957040720208,207.3750457763672,64759,113.72440896246081,911.9498756929539,0.09842019724916212
15,25.1,513.8634593950868,200.89776611328125,65497,112.99809151564193,910.8646197535764,0.0641114655571272
15,30.1,517.1153501758874,203.70411682128906,62540,112.78564118963862,917.7035017588743,0.07897609059771422
15,35.0,515.9357125900135,199.63479614257812,63185,111.34637967872122,913.6740365593099,0.057421790243755474
15,40.1,515.985141813832,209.90843200683594,63534,110.98282809204521,909.5558913337741,0.11183898923814944
15,45.1,517.0821681366882,189.98106384277344,63151,112.24883216417793,911.6562049690425,0.006288084656163964
15,50.1,516.2062178625109,127.26842498779297,63205,110.50320386045408,908.1169053081244,-0.3258870277505061
15,55.1,518.1598451510439,214.5065460205078,60446,111.74914799986765,915.3432485193396,0.1361941920686685
15,60.1,518.7833680042947,216.08424377441406,59608,111.9813951147497,917.2657025902563,0.1445509115165528
15,65.1,630.469228824273,297.24609375,59325,111.43366203118416,918.6588453434471,0.5744474543987131
15,70.1,545.3718112139321,232.76377868652344,60407,111.72496564967636,914.2790405085503,0.2328987547181931
15,75.0,632.6534845319135,300.1976013183594,59348,111.798426231718,917.2933544517085,0.5900809435356649
15,80.1,546.4098719096481,235.00473022460938,58084,112.58301769850561,919.801855932787,0.24476858419200861
15,85.1,635.7832941501867,267.48052978515625,57848,111.1340927949108,920.5684206887014,0.4167857814665006
15,90.1,547.3953329718194,240.17430114746094,57167,110.94190704427379,920.4890408802281,0.27215066910735414
15,95.1,638.2914525432617,303.47393798828125,57210,109.40384548155917,918.6539241391365,0.607434981278042
15,100.0,548.5263390255532,247.5999298095703,56627,108.53681106186094,917.2846875165557,0.3114825977354935
15,105.1,636.3048448936912,306.90863037109375,57380,108.64234925060997,918.8781282676891,0.6256277945478103
15,110.1,544.2152909785319,243.65599060058594,57341,107.61176121797666,917.8188032995588,0.29059241556505505
15,115.0,634.5658014095318,307.83929443359375,57324,107.71031330681738,919.2103656409183,0.6305573182485855
15,120.1,545.6871507410364,163.76290893554688,57622,107.46772066224706,918.4594252195342,-0.13258373946756008
15,125.1,633.3803549086296,306.82891845703125,56747,106.53056549244894,918.2382328581247,0.6252055779978881
15,130.0,546.2560703688748,240.2583465576172,56957,107.14932317362221,916.877767438594,0.27259583923694275
15,135.1,636.2970825110673,313.01318359375,56247,105.77259231603463,918.2900776930326,0.6579622759211339
15,140.1,545.731802690583,254.14549255371094,55750,105.07221524663677,918.7478744394618,0.34615300995220327
15,145.1,637.3798179141907,302.06280517578125,55029,104.79590761234985,917.836104599393,0.5999605198429735
15,150.1,545.2728540273855,237.8739776611328,55942,104.55071323871152,919.0963497908548,0.2599663594276146
15,155.1,637.826362849726,302.1200256347656,55472,105.10324127487742,917.5116635419671,0.6002636040815279
15,160.0,544.0485564068977,236.1354522705078,55729,104.14450286206464,915.9986362576037,0.2507577712132335
15,165.0,631.8627500224235,308.50616455078125,55745,104.7357969324603,916.1538792716835,0.6340895831983934
15,170.1,542.3580649814287,240.73255920410156,55462,103.7139843496448,915.7832930655223,0.27510763976115404
15,175.1,633.5165144444646,310.5047912597656,55073,103.45644871352569,915.6366822217784,0.6446758711275471
15,180.0,545.6430752912346,244.4656524658203,54681,104.05800918051975,917.2011484793621,0.2948810171293674
15,185.5,689.342415206858,354.9122619628906,53660,102.98140141632501,918.0912970555348,0.8798925171152476
15,191.1,702.1374662563948,361.3248596191406,52973,102.72867309761577,919.1560606346629,0.9138586423840207
15,196.7,704.5435143914784,364.5339050292969,52948,102.58621666540758,918.7907003097379,0.9308562530618579
15,202.4,700.2358599019007,364.5648498535156,52192,101.35037936848559,918.6687040159411,0.9310201610180681
15,208.0,704.8807344719307,366.61322021484375,52228,101.97219882055602,919.3057938270659,0.9418699301786051
15,213.6,703.802373829972,367.3137512207031,51815,101.35447264305704,919.4156711377015,0.9455804894831465
15,219.3,706.1774470744473,366.5186462402344,51204,100.19430122646668,918.7334973830169,0.9413689925491224
15,225.0,701.6088304698013,367.3755798339844,51277,100.73385728494257,919.0106870526747,0.9459079821057125
15,230.6,709.5848225796855,376.4231262207031,50417,100.35930340956423,919.6138604042287,0.993830853681291
15,236.2,711.2099210778061,375.3828125,50176,99.83045679209184,919.1602359693877,0.988320539756982
15,241.8,713.7909920276156,377.9747619628906,48668,99.76878030738884,922.8655379304677,1.0020495283613218
15,247.5,710.235908484662,367.770263671875,48735,98.97268903252282,922.8708115317534,0.947998535949565
15,253.1,716.4550053527572,372.57574462890625,47639,98.1399063792271,924.3884212514956,0.973452116060605
15,258.7,717.9705066801109,381.6548156738281,47604,98.96586421309134,924.64973531636,1.021541966846011
15,264.4,718.816015191602,384.3092041015625,46868,97.56842621831527,925.0953955790732,1.0356016809714612
15,270.0,722.990267324163,386.17852783203125,46236,97.35740548490354,926.4183969201488,1.045503079343946
15,275.7,722.8619674062438,384.88836669921875,45837,96.67554595632349,925.5729432554486,1.038669378400413
15,281.3,718.9308191001314,386.0715637207031,46429,97.96125266536,926.3454091193005,1.0449365138740083
15,286.9,721.0724171859626,386.36138916015625,45735,96.03126708210343,926.7341423417514,1.046471655747902
15,292.6,722.754031991903,364.24456787109375,45449,95.83812625140267,926.2381570551607,0.9293236975067999
15,298.2,725.8339136099194,377.9844970703125,44519,94.83757496799119,926.7027785889171,1.0021010930931078
15,303.8,722.1749781864555,391.2119445800781,44697,94.92997292883192,927.2696377832964,1.0721639854164593
15,309.5,731.4212027896024,379.0413513183594,44164,94.263314011412,927.8525043021466,1.0076990185679748
15,315.1,725.8828479256435,375.4775085449219,44327,94.21826426331582,928.3369052721818,0.9888221239661735
16,0.1,389.41058279269663,114.3796157836914,36531,466.0659166187622,974.084640442364,0.00127685805213737
16,5.1,386.78314700175554,118.93354797363281,32469,457.4915765807385,977.4976439064955,0.0411418889292315
16,10.1,388.22172244589837,114.94119262695312,31792,451.683662556618,976.7822093608455,0.006192890452869608
16,15.1,384.951187215986,113.57456970214844,33229,457.26290288603326,978.6955370309067,-0.005770499167867044
16,20.0,383.4021244772748,109.33985137939453,32761,456.1229205457709,982.2465431458136,-0.042841138266371676
16,25.1,384.879237743968,111.64514923095703,32535,453.91261718149684,979.6403565391117,-0.022660607199961515
16,30.1,383.1197063631597,118.5274887084961,32421,452.02159094414117,980.9320810585732,0.03758725428219831
16,35.0,383.4197302962986,110.70056915283203,31961,447.90188041675793,980.2102562498045,-0.030929442222036276
16,40.1,380.40950962210803,107.91534423828125,32893,450.5761712218405,981.8342808500289,-0.05531124515346011
16,45.1,379.6531854415127,115.1317367553711,32366,447.2202620033368,982.5711858122721,0.007860909923956428
16,50.1,381.9086689248526,106.38916015625,31884,443.3428992598168,979.7939405344373,-0.06867142993809305
16,55.1,381.5967817850209,118.45057678222656,33994,443.2847267164794,978.3790374772019,0.03691396882522028
16,60.1,381.0547262101385,100.19660949707031,31484,438.597541608436,979.4539130987168,-0.12288089396600256
16,65.1,431.727009942505,153.40811157226562,31481,439.49979352625394,981.2121279501922,0.34293152588724807
16,70.1,393.206586270872,125.07856750488281,32340,440.7031539888683,985.1055040197897,0.09493526641840744
16,75.0,434.00303396078687,156.33572387695312,30653,437.30949662349525,982.9221609630379,0.3685597851705795
16,80.1,392.82470423610226,127.37494659423828,31444,432.423101386592,985.4700419793919,0.11503772281968444
16,85.1,430.25110118298517,132.63729858398438,31784,431.46926126352884,983.8078593002768,0.1611042463882018
16,90.1,394.4467580727832,124.97606658935547,31216,434.2732573039467,983.6907675550999,0.09403797546369065
16,95.1,434.23330006760455,155.12582397460938,31063,430.5671699449506,982.0155490454882,0.3579683457390347
16,100.0,395.7612308102168,130.36854553222656,30029,427.5871657397849,979.8589030603749,0.141243627764895
16,105.1,437.03286464509574,157.68251037597656,29515,420.82547857021854,979.5621548365237,0.3803495271186505
16,110.1,391.2527596943108,127.02198028564453,31797,428.33767336541183,983.1781300122653,0.11194786284729763
16,115.0,429.7141077545936,150.38299560546875,32110,427.7972594207412,983.2128620367487,0.3164497215051983
16,120.1,397.7703623968425,117.98774719238281,27870,413.72081090778613,983.4001076426265,0.03286236789653115
16,125.1,438.80546354534965,157.7523956298828,26869,409.1385239495329,981.6089917749078,0.380961301226965
16,130.0,394.22823082239114,128.951904296875,28940,412.639599170698,984.6478576364893,0.12884237885877514
16,135.1,437.6078106423605,157.1197967529297,27757,405.63789314407177,981.5776560867529,0.37542354337052314
16,140.1,393.8404549319728,125.46949768066406,28224,401.93806689342404,981.0878330498866,0.09835746132124983
16,145.1,430.4620564880893,149.1075439453125,29847,408.3920997085134,981.6756457935471,0.3052844433030597
16,150.1,393.17303485987696,125.05401611328125,29260,406.1568010936432,982.2673274094327,0.09472034402970043
16,155.1,434.09593333562896,153.1878662109375,29041,407.1100513067732,983.0032712372164,0.34100350242012756
16,160.0,384.2654427580357,120.1992416381836,33009,424.25956557302555,989.5137083825623,0.052221745833931806
16,165.0,423.7414340682831,146.02313232421875,32746,420.4328162218286,985.493098393697,0.2782835659548723
16,170.1,390.6875901150119,124.28630065917969,29823,407.26948999094657,984.1345605740536,0.08799977837213957
16,175.1,430.3543389475816,151.1949462890625,29627,404.50474229587877,983.0151213420191,0.32355752147280364
16,180.0,389.2499839238634,122.18424987792969,31102,414.3929972349045,986.5128287569931,0.06959846807488869
16,185.5,442.9878304657994,157.83905029296875,30979,412.42206010523256,984.9272087543175,0.38171987440624844
16,191.1,451.14799850609444,162.60482788085938,29453,401.94336739890673,981.991477947917,0.4234393956398458
16,196.7,443.6577269993987,156.5818328857422,33260,413.9750450992183,987.1394768490679,0.37071421848782954
16,202.4,441.82707180631553,156.5566864013672,32713,415.69495307675845,986.0017424265583,0.37049408666894257
16,208.0,451.8528227137669,162.1344757080078,30290,409.93400462198747,985.0968966655662,0.41932194217067653
16,213.6,442.9507182520521,155.79771423339844,33136,417.38951593433126,987.0272513278609,0.3638500595624874
16,219.3,443.733365815037,153.48878479003906,32839,417.21617588842537,988.6147263923992,0.34363773761446614
16,225.0,438.9566723436192,151.56918334960938,34643,416.1027335969749,989.1128655139566,0.32683358518034117
16,230.6,416.6172515785278,130.66632080078125,47671,463.0225713746303,1016.9074489731703,0.14385034648187273
16,236.2,445.5115508569019,157.00054931640625,33201,413.7734104394446,988.2532755037499,0.3743796537075367
16,241.8,442.371580057414,154.17562866210938,34138,417.58673618841175,990.4168961274826,0.34965035506808223
16,247.5,442.6865053149961,154.62222290039062,33302,412.34148099213263,990.08158669149,0.35355983205545116
16,253.1,445.6833765837277,152.1549072265625,32755,410.1075866279957,992.8290642649977,0.3319610002287607
16,258.7,441.9959044963402,152.36795043945312,34428,414.83217148832347,991.5135064482398,0.33382597623319027
16,264.4,443.3600253922191,155.31471252441406,33081,412.5883437622805,987.8892113297663,0.3596218723082106
16,270.0,442.58157086179637,153.44261169433594,33523,410.98487605524565,988.9489604152373,0.3432335392625535
16,275.7,443.9869982868331,154.26971435546875,32688,411.9654613313754,989.4085903083701,0.35047397933704894
16,281.3,439.9295138685275,150.5389862060547,34106,414.5072421274849,987.9838738051956,0.31781526008801475
16,286.9,438.2390710382514,148.4617462158203,33672,418.649857448325,990.0319553338085,0.29963114295672877
16,292.6,442.9132169269954,130.29360961914062,32587,409.29014637738976,986.0487617761684,0.14058764028761714
16,298.2,441.4778162175285,152.01011657714844,32952,406.54515659140566,986.1887897547948,0.33069350579343393
16,303.8,439.75425193269666,151.111083984375,32985,408.17304835531303,986.4137031984235,0.3228233925428262
16,309.5,445.4871848054757,138.18138122558594,33749,406.62784082491333,984.312305549794,0.20963703442153694
16,315.1,442.769998327666,145.08641052246094,35878,403.08063437203856,982.0838118066782,0.27008352212619974
17,0.1,415.6270620288124,124.37637329101562,53588,795.6023736657461,1068.0265544524893,0.11226172925489614
17,5.1,406.5778630510787,118.22979736328125,58635,778.5275688581905,1070.2486569455104,0.05729468857441187
17,10.1,414.49071919377,67.16193389892578,54575,792.3541365093907,1066.350105359597,-0.39939036038833975
17,15.1,412.3985592075642,123.95097351074219,55525,790.1537865826205,1066.604340387213,0.10845750275502468
17,20.0,413.8436390774888,125.3956069946289,54937,793.4130549538562,1065.810928882174,0.12137643980400709
17,25.1,411.8913720660678,122.38072967529297,55216,791.1543393219357,1065.4831751666184,0.09441526886803009
17,30.1,413.4931778532733,132.2079315185547,54455,795.0540813515747,1064.5336700027547,0.18229707653537702
17,35.0,411.9348461999673,125.9957504272461,55039,792.4060756917822,1065.645215211032,0.12674334795948053
17,40.1,411.1333067613595,122.91595458984375,55196,791.1842887165736,1063.489401405899,0.0992016295991446
17,45.1,411.52367515610496,130.36135864257812,54931,789.4784911980485,1063.5035043964247,0.1657837124141767
17,50.1,411.415995017585,131.34185791015625,54592,789.5633609320047,1064.0168156506447,0.17455203216842685
17,55.1,411.7122150918345,131.39236450195312,54228,791.0666445378771,1063.316220402744,0.1750036979281232
17,60.1,409.6978806580638,128.2709197998047,55253,790.8395743217562,1062.8971458563335,0.14708952588467814
17,65.1,442.0780192311201,151.3795928955078,54807,792.5982812414472,1061.412410823435,0.35374366780979494
17,70.1,421.6299731864628,143.7754669189453,55196,790.9520798608595,1062.6510616711355,0.2857421809970706
17,75.0,443.65932777726897,153.82553100585938,54595,791.88951369173,1063.004744024178,0.3756169808859417
17,80.1,424.3144752095171,149.24156188964844,52621,793.0605841774196,1064.877178312841,0.3346238784088484
17,85.1,444.34491328740336,155.34007263183594,54721,789.0409531989548,1062.0144003216315,0.3891610861156035
17,90.1,421.3450887617371,144.0047149658203,54528,787.7101489143192,1063.2762617370893,0.2877922795993902
17,95.1,444.13593574415563,157.0211181640625,54283,788.7222519020688,1062.3902879354494,0.40419418734822804
17,100.0,421.45181013975616,149.89974975585938,53808,790.5036611656259,1062.3980077311924,0.3405098610506919
17,105.1,440.72230383375137,156.9330596923828,55820,785.635524901469,1061.8404693658188,0.40340670604937373
17,110.1,415.8318943899119,139.896240234375,55828,784.0681557641327,1062.5392992763489,0.25105138509923275
17,115.0,441.9773007917484,154.23854064941406,55068,783.2646001307475,1063.154445412944,0.37931040599702964
17,120.1,419.04352829069205,142.13937377929688,55619,781.8086984663514,1063.6552796706162,0.27111107593606704
17,125.1,440.70845792783484,153.50967407226562,55179,782.400387828703,1063.4539589336523,0.37279236420143586
17,130.0,419.53066007739966,140.82754516601562,55039,780.9014698668217,1063.1652101237305,0.2593797742162439
17,135.1,442.7056076471232,153.3686065673828,54818,782.9846765660915,1061.3072530920501,0.3715308385372688
17,140.1,419.70759775313684,137.3780517578125,54832,780.8315582141815,1063.3991647213306,0.2285319580133693
17,145.1,440.837927032712,152.72889709472656,55148,781.5323311815479,1063.7704177848698,0.36581010279421455
17,150.1,418.19997488879324,129.82716369628906,55752,778.4109807719902,1061.9479659922515,0.1610065623896421
17,155.1,442.48934145761285,147.9436798095703,54651,782.0333388227114,1063.2571224680244,0.32301729647886285
17,160.0,416.31407678895494,130.3165740966797,56206,777.5292139629221,1062.8777354730812,0.16538321724659094
17,165.0,440.99759936960544,152.95680236816406,54569,780.8545511187671,1062.5843427587092,0.3678481933642522
17,170.1,414.1363908872902,136.08685302734375,56712,775.545193257159,1061.7370397799407,0.21698514333496896
17,175.1,437.521999077458,150.11428833007812,56366,777.5460738743215,1060.5151332363482,0.34242841711755917
17,180.0,416.56076781863226,66.31995391845703,56107,776.9557274493379,1060.9454613506336,-0.4069199424487762
17,185.5,449.43252582569477,153.8529815673828,54984,779.7231922013676,1059.6223446820893,0.37586246327316036
17,191.1,450.6541873322312,155.38555908203125,56253,774.4387321565072,1061.3758555099284,0.3895678582091548
17,196.7,451.54192130374184,125.14863586425781,55962,774.6356813552053,1059.6421321611094,0.11916784882105685
17,202.4,445.1424468196219,119.25492858886719,57446,770.0939316923719,1060.0930439020995,0.06646213894712481
17,208.0,451.61771648652007,130.78147888183594,56343,772.8590951848499,1058.8642777274906,0.16954072551439409
17,213.6,450.95678967983037,157.89842224121094,55658,773.0211829386611,1059.322810737001,0.4120396625306273
17,219.3,452.7109591034784,154.05113220214844,54968,771.817621161403,1060.5241413185854,0.37763446676422285
17,225.0,448.70035889417954,153.93927001953125,56284,769.7024909388103,1059.1893966313694,0.3766341158021884
17,230.6,452.47418826545146,155.16099548339844,56176,769.8103816576474,1060.9436236115066,0.38755965126490977
17,236.2,452.86019400195784,150.65370178222656,56185,769.7322417015217,1060.298940998487,0.34725223472209865
17,241.8,452.11575608794595,150.11546325683594,55807,770.8540864049313,1058.8907126346157,0.3424389241458059
17,247.5,452.61534266497,149.83094787597656,55010,769.1353390292674,1060.3985820759863,0.3398945858511539
17,253.1,455.388461325508,153.6106414794922,54183,770.7778085377332,1059.4971854640755,0.37369528635609167
17,258.7,456.1248634739629,155.14451599121094,54019,769.8386308521076,1059.9343379181398,0.3874122799596312
17,264.4,453.6205804456133,149.76161193847656,53993,769.1838756875891,1058.2138610560628,0.33927453472968555
17,270.0,451.44796894746344,152.39451599121094,55390,766.6170608413071,1059.6448817476078,0.36281982984618255
17,275.7,450.8051922350359,149.8399200439453,55583,764.711530503931,1061.101865678355,0.33997482133958334
17,281.3,452.4315921986463,149.94052124023438,54811,766.5901917498312,1061.3115980368905,0.34087446857634407
17,286.9,450.39828532481977,156.77880859375,55754,765.0203752197152,1060.0070129497435,0.4020272833409839
17,292.6,450.6005325752532,156.58370971679688,55579,764.8771118587956,1058.8170352111408,0.40028257083238045
17,298.2,450.4513590585857,155.60777282714844,55406,763.5511857921525,1060.5336967115475,0.39155505109690647
17,303.8,448.11273745392685,158.26846313476562,56432,763.9555925715906,1058.7271051885455,0.4153488306086926
17,309.5,454.8521269290542,157.2932891845703,55338,763.9484260363583,1060.7411001481803,0.4066281336188334
17,315.1,452.54844071838977,151.47677612304688,55346,763.384056661728,1061.0208325804936,0.3546127491462016
18,0.1,429.5081824062096,156.74737548828125,30920,222.020957309185,1084.6574708926262,0.018427693201784803
18,5.1,430.26176860198376,157.08551025390625,30951,220.3921682659688,1082.624309392265,0.020624641050347284
18,10.1,417.2883431085044,145.46408081054688,27280,213.44050586510264,1101.0217741935485,-0.05488275129251617
18,15.1,427.33248978002723,154.7382354736328,30822,218.58987087145545,1085.0793264551294,0.005373797887341189
18,20.0,429.1458333333333,155.52053833007812,31152,219.68547765793528,1081.7088790446842,0.010456619153042896
18,25.1,426.7512810533826,154.51556396484375,30834,218.87617565025622,1082.3207173898943,0.003927044279305436
18,30.1,417.57626506893814,145.27357482910156,27706,211.5844582400924,1095.743990471378,-0.05612051726225004
18,35.0,426.25662394581315,153.7819366455078,30118,216.27737565575404,1082.2304269871838,-0.0008395196020589843
18,40.1,429.2537550174803,155.9756622314453,30892,218.28347144891882,1077.6404570762656,0.013413675266719481
18,45.1,427.85157253416764,153.81285095214844,30365,215.6714309237609,1081.1528404412975,-0.0006386614639187502
18,50.1,413.391365965333,109.35425567626953,27519,206.12057124168757,1097.0487299683855,-0.2894974987411667
18,55.1,422.68004870077857,149.76748657226562,31211,214.556470475153,1082.141520617731,-0.026922426029231897
18,60.1,422.81910770906063,151.10084533691406,31223,215.33552189091375,1080.861031931589,-0.018259253924045288
18,65.1,482.49190843671647,188.03614807128906,30711,215.16345934681385,1080.9592328481651,0.22171883211600676
18,70.1,440.6398597896845,161.05516052246094,29955,215.10482390252045,1080.416024036054,0.046416471715634844
18,75.0,482.3019545799136,187.56626892089844,30339,213.87382576881242,1080.7341375786941,0.21866590738457026
18,80.1,435.0246295814921,158.50477600097656,30776,214.3496880686249,1081.1644138289575,0.029845972739803155
18,85.1,468.0990363829553,171.9356231689453,27293,206.79434287179862,1097.6190964716227,0.1171096137188686
18,90.1,433.92467523860023,156.87191772460938,30176,210.4164567868505,1080.2077478791093,0.019236875888606415
18,95.1,469.72036173519854,175.52682495117188,28308,209.29546417973717,1091.8825420375865,0.14044256800599522
18,100.0,430.24660467197134,154.9792938232422,31293,211.6535327389512,1078.244303837919,0.00694001549165482
18,105.1,474.19130378809825,181.11788940429688,31071,212.04502590840335,1077.0550674262174,0.1767691403380742
18,110.1,427.8078016016533,151.455322265625,30968,211.32091190906743,1077.6288103849135,-0.01595612687215201
18,115.0,473.0225903129129,180.5374755859375,31031,210.23576423576424,1077.225903129129,0.17299804366552818
18,120.1,417.2621861152142,114.43321990966797,28434,203.94429204473516,1091.1916719420412,-0.25649817220085697
18,125.1,461.53709694250233,169.81446838378906,28749,205.08539427458345,1088.901700928728,0.10332792985946573
18,130.0,427.852444560567,151.2556610107422,30619,209.35079525784644,1074.576831379209,-0.017253376989410138
18,135.1,468.5561315863889,176.35906982421875,31827,207.42231438715555,1076.1882992427813,0.14584987529644172
18,140.1,423.9221045439016,148.0815887451172,32197,209.51368139888808,1074.1081467217443,-0.037876134375085815
18,145.1,465.55852307692305,174.7523956298828,32500,210.46307692307693,1074.3807692307691,0.13541090310716436
18,150.1,420.62023181650926,147.1188507080078,32612,211.07276462651785,1076.218263215994,-0.04413128904824472
18,155.1,465.2228889029243,173.05506896972656,31666,210.2459735994442,1074.9852839007137,0.12438293871715099
18,160.0,419.4820962040879,145.639892578125,32535,210.5435992008606,1074.1866912555708,-0.05374045737955873
18,165.0,461.0504293473314,171.8654022216797,32957,210.23515489880754,1075.9371605425251,0.11665337030735756
18,170.1,416.31215987153183,144.51658630371094,33627,210.02875665387933,1074.9633627739613,-0.061038864860047184
18,175.1,461.24649586221636,171.59312438964844,32747,208.86496472959354,1075.4201911625491,0.11488431175998623
18,180.0,417.37470782139644,144.0593719482422,33370,211.14405154330237,1074.5863350314653,-0.06400950318740847
18,185.5,475.81773066306454,179.1730499267578,34054,211.8884418864157,1075.4356903741118,0.16413302201974259
18,191.1,483.0678778553675,183.108642578125,33796,210.3552787312108,1074.7224819505268,0.1897035716562399
18,196.7,488.48517893722135,187.47402954101562,33196,209.33154596939391,1073.394083624533,0.2180666045982634
18,202.4,480.1155147973501,182.69924926757812,34567,211.73844996673128,1073.590852547227,0.187043638859447
18,208.0,484.468224136934,183.98550415039062,34586,213.69481871277395,1073.1566240675418,0.19540076502562131
18,213.6,480.4853872937953,182.30194091796875,35038,213.63131457274957,1072.8748501626806,0.18446222513738608
18,219.3,486.18829700904246,183.6604461669922,34504,213.29495130999305,1069.9835091583584,0.19328878036777264
18,225.0,483.7776423118233,183.9913787841797,34449,212.57360155592326,1070.8588928561062,0.1954389340202827
18,230.6,485.9226409582238,185.61697387695312,34230,211.25910020449896,1070.9423897166228,0.20600084011444353
18,236.2,486.4175767477857,185.67071533203125,34887,211.81537535471665,1069.4929056668673,0.2063500120604109
18,241.8,486.577775223426,185.4259033203125,34799,212.456220006322,1067.5881778212017,0.20475940595561234
18,247.5,486.9861090887912,184.4496307373047,34339,211.44983837619034,1067.5739829348554,0.1984163138843634
18,253.1,490.0659350307287,185.113525390625,34170,208.99048873280657,1067.1225636523266,0.20272980684208475
18,258.7,487.9424235598851,185.9232940673828,35518,211.703868461062,1063.9577115828595,0.20799108055035923
18,264.4,483.2869177126918,183.1806640625,35850,213.08641562064156,1066.1131938633193,0.19017151361676407
18,270.0,488.16775261696216,184.16049194335938,37448,215.52216406750694,1055.1287385174107,0.19653770536530157
18,275.7,484.3899372799296,182.9236602783203,36352,213.01559749119718,1063.8813820422536,0.18850169445551235
18,281.3,481.75788924866913,182.0499267578125,36442,214.24035453597497,1066.5930245321333,0.1828248248365351
18,286.9,483.6035710652152,179.369140625,39316,216.68979550310306,1054.1990283853902,0.16540707331946625
18,292.6,481.7355134358307,161.66127014160156,36879,212.6668293608829,1065.4244149787141,0.05035452056223227
18,298.2,479.3973518480281,177.58053588867188,38744,216.09485339665497,1059.415522403469,0.15378605197863607
18,303.8,479.18830314398497,180.92320251464844,35719,209.8523474901313,1068.5312018813518,0.1755042099409709
18,309.5,484.150912106136,172.66481018066406,36180,212.49063018242123,1066.402985074627,0.12184732778868376
18,315.1,479.3883050242845,176.90658569335938,36443,212.76991466125182,1067.4441456521142,0.14940722559888392
19,0.1,349.21087609431913,83.01786804199219,15649,48.06025944149786,1106.0718895776088,0.03298571308875684
19,5.1,347.46644407345576,80.8663330078125,14975,47.862771285475795,1107.95652754591,0.006214308282343875
19,10.1,349.1839241839242,80.66426086425781,14245,46.26816426816427,1109.3797121797122,0.003699938277086349
19,15.1,346.1009988126004,78.53553771972656,14317,46.32688412376895,1109.7723685129565,-0.02278761973042456
19,20.0,345.561153054221,78.75054168701172,14570,47.32621825669183,1110.4302676733014,-0.02011233991776269
19,25.1,343.92526915769474,77.27510070800781,14211,46.14101752163817,1111.8779114770248,-0.038471152156181014
19,30.1,343.6963516230968,76.04660034179688,13924,46.17358517667337,1113.0142200517093,-0.053757299063474574
19,35.0,341.85959339263025,74.03162384033203,14166,45.93639700691797,1112.9119017365524,-0.07882951529010561
19,40.1,342.56500667275407,74.44685363769531,14237,45.93636299782258,1112.0438294584533,-0.07366283902580972
19,45.1,341.76498287671234,72.78970336914062,14016,45.07626997716895,1112.6689497716895,-0.09428264765534858
19,50.1,342.38094889442084,73.77452087402344,13658,44.32911114365207,1111.6267389076,-0.08202863009819944
19,55.1,341.9996310235407,72.34977722167969,13551,43.33717068851007,1110.9340270090768,-0.09975661893236887
19,60.1,339.2556864488405,69.84290313720703,13497,44.39971845595318,1114.4975920574943,-0.1309494834909101
19,65.1,384.46137437147644,92.0439453125,13126,44.094773731525216,1115.1711869571843,0.14529658164724057
19,70.1,354.2336129463292,78.51995086669922,13471,44.03696830227897,1113.4296637220696,-0.022981565887667674
19,75.0,384.974253503961,91.67737579345703,13128,43.05461608775137,1115.384293113955,0.14073538193257593
19,80.1,353.53905053598777,79.07054901123047,13060,42.54977029096478,1113.2320826952528,-0.016130510441793432
19,85.1,387.9714667505109,95.24142456054688,12722,42.301524917465805,1114.0357648168526,0.1850825995134125
19,90.1,351.9267548321465,77.188720703125,12779,42.37358165740668,1115.2780342749825,-0.03954597271041818
19,95.1,382.8433346441211,89.13187408447266,12715,43.27935509241054,1116.6808493904837,0.10906187645669652
19,100.0,348.5305282414818,73.78727722167969,13119,41.16571385014102,1115.027974693193,-0.08186990372770973
19,105.1,378.4869847298046,84.41078186035156,12639,41.9511828467442,1119.5903156895324,0.050317645453020116
19,110.1,345.5909614751399,70.34516143798828,12148,41.56091537701679,1117.3650806717155,-0.12469991744899689
19,115.0,372.909963399756,79.01223754882812,12295,40.529076860512404,1119.3032126880846,-0.01685607602172937
19,120.1,342.6481233243968,67.31893157958984,11936,41.30244638069705,1119.2014912868633,-0.16235509075056825
19,125.1,370.7521721141911,76.9378890991211,12085,40.18626396359123,1119.1576334298718,-0.042667053381823895
19,130.0,341.4582532386126,65.0338363647461,11965,39.663184287505224,1118.1772670288342,-0.1907883758451349
19,135.1,368.91278195488724,80.62115478515625,11970,39.36900584795322,1119.3781954887218,0.003163572252405196
19,140.1,337.03777219430486,69.34638977050781,11940,40.31850921273032,1119.3493299832496,-0.1371275657068791
19,145.1,363.46209033099626,80.07952117919922,12266,39.67870536442198,1118.3955649763575,-0.0035759380467433187
19,150.1,332.62645336851654,70.71298217773438,12127,41.14842912509277,1118.3667848602292,-0.1201231488798105
19,155.1,360.3175878581284,79.52664947509766,12321,40.881990098206316,1117.8978978978978,-0.010455283240467999
19,160.0,334.172093837535,68.18699645996094,11424,38.679621848739494,1117.967699579832,-0.151553818197967
19,165.0,359.6502590673575,80.53330993652344,11966,39.829684104964066,1117.899715861608,0.0020705247465328423
19,170.1,330.6097871257739,66.78583526611328,11791,39.10109405478755,1118.9659910100925,-0.16898837209721795
19,175.1,361.23907186929694,78.82017517089844,11507,37.71556443903711,1119.1867558877204,-0.01924589519081315
19,180.0,332.18818740798474,67.82474517822266,11547,38.42599809474322,1118.935827487659,-0.1560612863781238
19,185.5,367.3131271590722,80.22760009765625,12158,40.04844546800461,1119.1186050337226,-0.0017334020869138492
19,191.1,370.35665049782995,83.56770324707031,11751,38.3936686239469,1119.9508126967917,0.03982727533065443
19,196.7,366.92571662571663,79.6728515625,12210,40.1986895986896,1120.2900900900902,-0.008636100562421107
19,202.4,365.7412533967391,81.59635925292969,11776,38.51486073369565,1119.6576086956522,0.015297975439448445
19,208.0,370.6871187656979,85.52873229980469,11148,36.26291711517761,1119.443397918909,0.064228227104096
19,213.6,367.60845958490233,86.84160614013672,11419,37.88816884140468,1117.1845170330153,0.08056422743916813
19,219.3,365.2523406152474,79.95291900634766,11215,36.741328577797596,1121.6769505127063,-0.005151240314629877
19,225.0,366.2154307677885,81.62452697753906,10667,34.78897534452048,1120.3803318646292,0.015648464530266644
19,230.6,362.94396661841097,79.37313079833984,11743,38.956144085838375,1118.8188708166567,-0.012365505744651038
19,236.2,362.8548675581296,79.4890365600586,11741,38.46111915509752,1119.6024188740312,-0.010923298196517217
19,241.8,362.6593893768298,82.57617950439453,11955,40.96771225428691,1115.9633626097866,0.027489812510550472
19,247.5,366.48947219337174,81.7134017944336,10591,35.427816070248326,1121.0959305070344,0.016754327861507483
19,253.1,363.59300422159043,81.58492279052734,11607,38.544929783751186,1118.55164986646,0.015155672311838349
19,258.7,362.97435684647303,83.29015350341797,12050,41.36232365145228,1116.0340248962655,0.03637374265598617
19,264.4,363.29068550497124,83.10906219482422,11466,38.17983603697889,1118.6496598639455,0.03412043576008673
19,270.0,364.08937709546495,81.4542465209961,11334,37.88318334215634,1118.168431268749,0.013529676334716438
19,275.7,359.06825799068093,78.86909484863281,12233,41.589634594948095,1116.626829068912,-0.018637190951829866
19,281.3,365.27738927738926,81.96869659423828,11154,38.61000537923615,1114.953828223059,0.019930943776176643
19,286.9,358.19525109621907,79.31900024414062,12087,41.65276743608836,1117.179448994788,-0.013039048566794892
19,292.6,360.80820417789755,80.85151672363281,11872,40.95064016172507,1114.3359164420485,0.006029950261117185
19,298.2,356.30684973773526,78.5677719116211,12964,44.06618327676643,1116.5391854365937,-0.022386531862410776
19,303.8,363.1819056785371,83.42774200439453,11429,39.756846618251814,1115.3606614751948,0.0380857470611366
19,309.5,367.6056204063986,85.86833953857422,11565,40.77838305231301,1113.2159965412884,0.06845393699022559
19,315.1,363.93192095126443,84.77079010009766,11942,40.88586501423547,1117.5844917099314,0.05479720361348553
20,0.1,403.4954170871174,142.48719787597656,23784,1116.4268415741676,1091.3524217961656,0.0073343282648896235
20,5.1,406.6895995817176,145.04002380371094,22951,1117.179905015032,1094.677399677574,0.02538190888564001
20,10.1,406.6894409937888,123.4156494140625,23184,1115.2086783988957,1094.9763630089717,-0.12749480547648315
20,15.1,405.12995011928,149.39659118652344,23055,1114.8529603122968,1095.7476903057905,0.056181306610662334
20,20.0,405.6228475249234,146.90933227539062,23171,1113.8370808338009,1096.7610375037764,0.03859726171529099
20,25.1,404.4559551157448,143.51173400878906,22636,1114.3913235553985,1097.28728573953,0.014577438049588335
20,30.1,405.41450502911596,155.14552307128906,22668,1114.6524175048526,1099.915254985001,0.0968242312011344
20,35.0,398.30411314280934,150.50421142578125,23899,1110.675551278296,1098.9854805640402,0.06401179177927747
20,40.1,399.0541092615933,155.3785858154297,23009,1114.0465904646007,1100.6949454561259,0.0984719027555769
20,45.1,398.50401589083685,156.18783569335938,23158,1111.3907073149667,1098.1011745401158,0.1041930145069098
20,50.1,395.41915476088633,148.8340606689453,23378,1111.6274274959364,1099.0801180597143,0.05220441388275362
20,55.1,394.01370271075365,145.14010620117188,23499,1111.1913698455253,1099.7531384314227,0.02608945620301519
20,60.1,393.2234692122463,149.55282592773438,23256,1112.1775455796353,1100.467148262814,0.05728583123066606
20,65.1,465.87742324459697,207.22161865234375,21562,1121.4935534737037,1106.0308412948707,0.4649838942640598
20,70.1,412.1192566054635,161.5612030029297,22330,1116.7395432154053,1103.7618450515001,0.1421808297632524
20,75.0,461.76108448819235,205.9811553955078,23163,1111.1748478176403,1100.4565902516945,0.4562142557267805
20,80.1,408.84742574690523,163.95436096191406,22861,1113.2541008704782,1103.1025764402257,0.15909961405391987
20,85.1,469.76281035393555,216.03578186035156,20823,1126.8112183643086,1110.6786245978005,0.5272969252360348
20,90.1,412.26095201050225,169.5948486328125,20567,1129.10011182963,1112.3556668449457,0.19897587622869056
20,95.1,464.6051826353031,212.53164672851562,20916,1125.1582520558425,1108.2505259131765,0.5025239234380081
20,100.0,407.8560228427624,167.406982421875,20663,1128.4619367952378,1112.3138944006196,0.1835084323264917
20,105.1,464.7011329342502,218.40345764160156,20213,1132.157522386583,1112.990501162618,0.5440355595007811
20,110.1,405.2059223961879,166.34251403808594,20566,1130.2935913643878,1112.8642419527375,0.17598301558500523
20,115.0,462.0719834032904,211.9405059814453,20727,1130.5780383075216,1113.6112317267332,0.4983447664594394
20,120.1,408.44585643491484,170.92132568359375,20381,1133.0457288651194,1114.9698739021637,0.20835360200915387
20,125.1,457.23929017052546,207.12969970703125,21639,1129.0794399001802,1112.3970146494755,0.46433405967953956
20,130.0,405.93931731984827,168.46160888671875,21357,1130.9160930842347,1113.9286416631548,0.19096427016575113
20,135.1,458.21304665388476,212.20851135253906,21906,1129.2913357071122,1111.6936455765544,0.5002394700853546
20,140.1,403.6720025833833,168.72994995117188,21677,1130.6443696083406,1112.4854915348064,0.19286134702554072
20,145.1,455.3365646638374,200.54795837402344,22385,1129.7257985257986,1111.8735760553943,0.41780346546945785
20,150.1,403.82119235095615,159.1167449951172,22225,1130.3725534308212,1113.5144656917885,0.12489937218686831
20,155.1,459.74832972192127,215.5400390625,22152,1131.0019411339833,1112.152266161069,0.5237921981748666
20,160.0,403.739943997511,169.39361572265625,22499,1128.695230899151,1111.793013022801,0.19755323039524889
20,165.0,459.1013686534216,201.58529663085938,22650,1129.5254746136866,1111.309624724062,0.4251370817641852
20,170.1,407.7617600362894,174.42739868164062,22045,1131.0244046268995,1113.0014969380811,0.23314030383909193
20,175.1,461.22467991169975,215.60719299316406,22650,1130.0161589403974,1111.8952317880794,0.5242669528240156
20,180.0,406.0679607357623,131.46925354003906,22616,1131.207110010612,1111.4499027237355,-0.07055865946978464
20,185.5,482.3178158907945,231.07131958007812,22856,1129.1004550227512,1110.7918270913547,0.6335928838539125
20,191.1,487.10814073818557,239.47085571289062,23192,1129.7138668506382,1109.920015522594,0.6929746473681904
20,196.7,487.6430843618781,197.59771728515625,23577,1128.1228315731432,1109.4509055435383,0.39694629956420735
20,202.4,487.69996977677994,196.16993713378906,23161,1130.4508872673891,1111.2677777298045,0.38685239652500736
20,208.0,482.84393747704365,222.9346160888672,24503,1124.4481492062196,1108.1765498102272,0.5760692545890306
20,213.6,482.5319166597493,236.68312072753906,24094,1126.655806424836,1110.5019921972275,0.6732663424066883
20,219.3,453.4048801870251,179.38790893554688,34220,1081.8901227352426,1086.7419053185272,0.26820936505271153
20,225.0,482.0242261642574,233.70947265625,24973,1122.4088815921195,1108.749008929644,0.6522436973758311
20,230.6,463.8829706285193,185.64132690429688,32855,1085.053173033024,1089.5156901537057,0.31241882865935344
20,236.2,463.2202623118723,185.38584899902344,35149,1079.7139890181797,1084.5479245497738,0.31061268980666057
20,241.8,463.68826353157607,188.75991821289062,34789,1080.3652591336343,1086.4822213918192,0.33446617135262047
20,247.5,463.1900276202936,191.42227172851562,34395,1080.7357755487717,1087.3977903765083,0.35328807346203056
20,253.1,464.15861296253735,184.5561981201172,34808,1080.7021087106411,1086.5081015858423,0.3047473501603238
20,258.7,461.4072581773413,187.09661865234375,35739,1078.6515851031086,1085.3476034584069,0.322707229001988
20,264.4,457.0156110615522,154.09344482421875,35872,1075.7269736842106,1087.5458853702053,0.08938640836446707
20,270.0,454.4989759216705,179.9544219970703,40036,1075.3191627535218,1078.0307972824457,0.2722144129643121
20,275.7,455.1746550196227,180.17100524902344,39495,1075.863071274845,1079.6312444613243,0.2737455803103745
20,281.3,452.14888119728954,181.6910400390625,41026,1074.2514990493833,1074.6305513576756,0.2844916911679691
20,286.9,481.35774795711825,213.5362091064453,26678,1116.2056376040182,1108.1638428667816,0.5096258258071794
20,292.6,450.05973292371726,187.70957946777344,40363,1071.9069692540197,1078.7037881227857,0.32704064618239326
20,298.2,448.0839859376894,188.2528839111328,41245,1071.3867862771244,1078.0377985210328,0.3308816173338585
20,303.8,447.86935666594354,186.7501678466797,41487,1070.2609251090703,1077.6223636319812,0.3202579437693301
20,309.5,454.68340196779525,192.2877655029297,40553,1071.2560353118142,1079.7692895716716,0.35940680976159417
20,315.1,449.91393248865353,188.3181915283203,42304,1070.3125709152798,1077.2613464447807,0.33134331919669824
21,0.1,352.9279069034028,75.34449005126953,31709,528.9404900816803,1139.52880885553,-0.03144239564599324
21,5.1,351.9653245942572,87.28987121582031,32040,529.9716916354557,1139.2188826466916,0.12211614268852738
21,10.1,353.4829846626729,73.95453643798828,31883,527.8717184706584,1138.7010005331995,-0.04931032654481282
21,15.1,353.5281585891742,76.4864501953125,31074,526.9769260474995,1140.4489605457939,-0.016762434568157566
21,20.0,354.5854599406528,75.8766860961914,30330,523.2754368611935,1141.3294757665678,-0.02460098592956338
21,25.1,353.23649432697266,75.6511001586914,31024,520.509895564724,1138.1688370293966,-0.027500905685504062
21,30.1,344.9384013443355,76.75662994384766,39871,549.0511148453763,1129.622833638484,-0.01328925889455342
21,35.0,351.954213255044,72.29852294921875,32018,526.6140296083453,1139.0357299019302,-0.07059847192039509
21,40.1,351.67713819914724,72.78873443603516,31896,525.8803925257085,1140.2753636819664,-0.06429677603029578
21,45.1,344.8126961890679,78.04856872558594,38547,545.1378317378784,1131.6103976963188,0.0033186859008919028
21,50.1,342.93441595869984,80.36788177490234,39903,544.8518407137308,1130.0247600431046,0.03313358396794749
21,55.1,344.0052606408417,82.73884582519531,39729,546.1977396863751,1130.2207958921695,0.06361245852133013
21,60.1,343.8849769312378,80.80926513671875,40531,546.0544521477387,1126.8813747501913,0.03880759159918519
21,65.1,360.2916523278108,91.99121856689453,40682,548.151197089622,1128.4707733149796,0.1825522240064044
21,70.1,351.69429045855156,92.74861145019531,39145,548.8521139353685,1130.849303870226,0.19228855158796213
21,75.0,361.06227967097533,93.6060791015625,40848,547.466901684293,1127.8404573051312,0.20331134587131486
21,80.1,350.2844127837949,90.03607940673828,41271,552.0381866201449,1125.701776065518,0.15741880151126156
21,85.1,361.34583271941455,92.23551177978516,40722,545.1061588330632,1128.115441284809,0.18569262682652143
21,90.1,351.5389019450973,91.14788055419922,39998,544.8723686184309,1127.2189109455473,0.17171106701295974
21,95.1,361.76709276128906,94.73212432861328,40836,545.4632432167696,1126.4556518757959,0.21778671980727782
21,100.0,349.53174751826185,92.85786437988281,42712,548.7105731410377,1122.3962352500469,0.193693004067165
21,105.1,363.0620870275595,93.73662567138672,41619,542.1707393257888,1122.8214517407914,0.20498952927715566
21,110.1,349.0686343523733,90.9906234741211,39776,541.7794901448109,1128.3043795253418,0.16968951851426356
21,115.0,362.3056367954006,95.07252502441406,40005,541.4343207099113,1128.389951256093,0.22216258965815733
21,120.1,351.65548050205996,93.17182922363281,41748,539.3690476190476,1120.0187314362365,0.19772903957164523
21,125.1,361.90361996117394,91.20325469970703,43785,539.8018271097408,1116.4561379467855,0.172422904729025
21,130.0,350.9220732754508,90.82527923583984,41924,539.4220255700792,1121.3136628184334,0.1675640091476934
21,135.1,379.1723407133517,117.98160552978516,22177,501.24466789917483,1158.031474049691,0.5166600919590761
21,140.1,370.12573422249704,111.96113586425781,22643,500.94925584065714,1156.512387934461,0.43926662002289074
21,145.1,363.4921623512946,90.98767852783203,42870,538.1234429671099,1119.7102869139258,0.16965166106615095
21,150.1,352.2246585700109,81.55804443359375,42322,535.1398563394924,1120.0871178110676,0.04843319104882812
21,155.1,362.91716760759755,83.48739624023438,43751,539.0215766496766,1117.182098694887,0.07323511568225965
21,160.0,352.9226626228822,84.8328857421875,38248,533.2803806734993,1131.3409851495503,0.09053145796035336
21,165.0,362.6470530716014,86.94711303710938,40907,536.9210893001198,1125.5542572175912,0.1177099672638997
21,170.1,351.5386370116909,86.13211059570312,42084,532.2391407660868,1121.012879003897,0.1072330656131757
21,175.1,362.730354850541,94.07231140136719,43624,531.9467953420136,1118.700600586833,0.20930478798053884
21,180.0,352.5008878402374,93.04454040527344,41111,530.4439444430931,1126.9008537860914,0.19609273474182534
21,185.5,369.16705243268774,95.41071319580078,42340,533.1603920642418,1125.0230987246102,0.2265100173848072
21,191.1,371.71571937944225,100.97486114501953,42349,527.0914307303597,1121.5091029304115,0.29803744831305945
21,196.7,372.1921807819218,100.760498046875,40004,527.8373662633736,1129.9758524147585,0.2952817987803665
21,202.4,370.9615314541527,100.2419204711914,38421,523.357096379584,1129.95320267562,0.28861545524238474
21,208.0,372.9469546707948,97.74508666992188,41342,525.8822021189105,1126.8512892458034,0.2565185180492054
21,213.6,372.01407604067526,101.87137603759766,39926,528.0683764965186,1131.6654560937734,0.3095621970509206
21,219.3,372.6352803381372,100.38082122802734,39274,527.6222691857208,1130.5845597596374,0.2904010321862652
21,225.0,371.72687545520756,100.42630767822266,38444,524.6885599833524,1132.5326188742067,0.29098576302991097
21,230.6,385.34530734161297,112.27912139892578,25444,491.11928155950324,1151.9516978462507,0.4433543417324366
21,236.2,375.4419910755501,91.17073059082031,38994,523.4662768631072,1129.945401856696,0.17200480550284888
21,241.8,374.43082126352203,95.06778717041016,38733,523.2320760075388,1132.3774559161438,0.22210168428178967
21,247.5,374.9118629485298,99.34921264648438,39518,523.926919378511,1129.186117718508,0.27713964657345674
21,253.1,375.8375179162754,102.56168365478516,40466,527.2936292195917,1128.7180596055948,0.3184361398105767
21,258.7,376.27832549673894,103.70027923583984,39558,524.1572627534254,1130.560013145255,0.33307284924432523
21,264.4,374.7028478916771,99.75911712646484,40767,523.7469276620797,1129.2402678637134,0.2824089914303096
21,270.0,376.1837036665496,101.15607452392578,39874,521.3618397953554,1129.5084516226111,0.30036695636375965
21,275.7,376.2995917539367,101.06704711914062,39437,516.7507416892765,1130.0455409894262,0.2992225041305321
21,281.3,375.9731428858824,99.44657135009766,39766,518.0554996730875,1131.583614142735,0.27839119811585256
21,286.9,376.10565656565655,102.06121063232422,39600,516.2706818181819,1131.011287878788,0.312002531309826
21,292.6,375.22743841279936,100.40202331542969,40877,516.1052914842087,1128.5781246177557,0.29067358619741773
21,298.2,373.730487656573,102.13101959228516,41115,516.3076249543963,1128.0419068466497,0.31289992936741723
21,303.8,373.4880955270247,101.9646987915039,41203,514.9740067470815,1128.6044462781836,0.31076186623566987
21,309.5,377.79040453872716,101.49982452392578,40540,513.238283177109,1128.971756290084,0.30478588170614546
21,315.1,375.23156392974863,100.1253890991211,40654,510.88168445909383,1129.9673832833178,0.2871174379820953
22,0.1,351.16527277762395,71.58438110351562,18055,1002.9508169482137,1157.3918582110218,0.10088115120060019
22,5.1,349.26215678899575,68.31290435791016,18611,1003.0128955993767,1155.8359572295954,0.05056979793737745
22,10.1,354.14792598041987,39.96586227416992,17671,1002.000056589893,1157.9627638503764,-0.3853734042138415
22,15.1,350.1668608345689,70.29676818847656,18884,1004.1803113747087,1154.7772188095742,0.08107922281402723
22,20.0,353.83867427568043,74.96319580078125,18224,1001.0645302897278,1156.540825285338,0.1528432322618362
22,25.1,349.1520962970519,69.45162200927734,19606,1001.471029276752,1153.864633275528,0.06808189735913228
22,30.1,348.4217824788704,75.60894775390625,19759,1001.7240751050155,1151.013614049294,0.16277411582312987
22,35.0,346.479644337879,77.2826919555664,20019,996.5796493331335,1151.339827164194,0.18851427610857613
22,40.1,346.363179916318,80.0701675415039,20315,998.7090819591435,1150.9396505045534,0.23138227726588076
22,45.1,344.4951265229616,81.47003936767578,21340,999.6996251171508,1148.923289597001,0.25291061185189695
22,50.1,347.75360136525626,76.25718688964844,19923,998.2367615318979,1152.8363700245948,0.1727432492431308
22,55.1,350.18215477680434,75.64203643798828,19176,997.4491030454735,1154.2424384647477,0.16328297974096223
22,60.1,348.4894626728581,78.13826751708984,19597,999.0956268816656,1152.484053681686,0.2016719928421607
22,65.1,396.2467232074017,106.27411651611328,19455,998.1240298123876,1153.348033924441,0.6343673009326288
22,70.1,361.49720096553847,83.78722381591797,19471,998.2257716604181,1153.2912023008578,0.28854610444959305
22,75.0,393.6778634094324,110.95950317382812,20631,998.453734671126,1149.9887547864864,0.7064228775549394
22,80.1,358.7067033615097,87.60796356201172,20348,996.9683015529782,1150.8317279339492,0.34730445795180703
22,85.1,400.1518118502069,113.39411163330078,19814,995.6150196830524,1151.3925002523467,0.7438642093408664
22,90.1,362.89617072801576,88.53573608398438,19821,992.5508803793956,1152.3217799303768,0.3615724765655962
22,95.1,395.52073193560466,118.46665954589844,21368,995.0106701609884,1149.3903500561587,0.8218738575274659
22,100.0,361.56203800168674,92.44757080078125,20157,992.0604256585801,1151.41712556432,0.421731760475677
22,105.1,393.5125483074917,124.81394958496094,21477,991.3151278111468,1148.2528751687853,0.919487496948371
22,110.1,358.029808829326,92.45635986328125,20296,990.7764584154513,1151.3889929050058,0.4218669256205566
22,115.0,400.0316233667192,117.9798812866211,19669,990.3331638619147,1152.137729421933,0.8143877969903531
22,120.1,362.0480701754386,94.28961181640625,19950,988.0793483709273,1152.222857142857,0.45006012209002894
22,125.1,401.2655161818927,119.38489532470703,19528,986.7412433428923,1152.835313396149,0.8359952125725922
22,130.0,365.21679146579135,94.31393432617188,19498,984.8409067596676,1153.2736178069545,0.4504341728555465
22,135.1,401.94617776886037,122.73605346679688,19936,986.4108647672552,1151.4662921348315,0.8875319692847062
22,140.1,360.170695970696,94.52648162841797,20475,985.219242979243,1150.2051282051282,0.45370289314304746
22,145.1,403.7215932272542,119.25645446777344,19608,984.0556915544676,1151.3959098327214,0.8340199476298421
22,150.1,366.04831677144597,90.41307830810547,19724,980.6370918677753,1151.988288379639,0.3904437280457103
22,155.1,408.6782729805014,121.48172760009766,19386,984.1565562777262,1152.758949757557,0.8682419554181938
22,160.0,367.1151557930826,97.90763092041016,19834,983.1972370676616,1151.4225572249672,0.5057008774458921
22,165.0,409.6390484830158,126.06163787841797,19842,981.5575042838424,1152.1861707489165,0.9386754329710941
22,170.1,366.3573516515639,99.7519760131836,20526,981.0013154048523,1150.672902660041,0.534064672978433
22,175.1,410.6390529557272,124.1144027709961,19809,979.4090060073704,1152.9873289918723,0.9087293135289642
22,180.0,368.12410276718975,44.75270462036133,20201,980.194396317014,1151.4698282263255,-0.3117575618826689
22,185.5,425.2990875636437,133.1311492919922,19837,980.4914049503453,1153.014972021979,1.0473959631122585
22,191.1,429.038246499431,138.8201446533203,20211,977.9359259809015,1152.9180644203652,1.1348858270463646
22,196.7,433.2817822384428,112.62931060791016,19728,977.8880778588808,1153.8255778588807,0.7321024951192416
22,202.4,429.82135065450217,105.71678924560547,20168,975.8852637842126,1152.4261205870687,0.6257962819799764
22,208.0,437.44529068291445,128.42111206054688,19695,976.157603452653,1153.7354658542777,0.9749612904976684
22,213.6,437.8383896103896,146.4785614013672,19250,975.9927792207792,1153.3287272727273,1.2526630085487376
22,219.3,443.95527408419616,145.6816864013672,19027,973.0655384453671,1155.9267882482789,1.2404080354129863
22,225.0,441.01538780374074,147.41551208496094,19301,973.2854774364023,1155.114916325579,1.267072176181008
22,230.6,445.83348339600656,147.16612243652344,18881,972.7618770192257,1156.6003919283937,1.263236865195049
22,236.2,442.7339270088022,144.34912109375,19427,971.98677098883,1155.0495187110723,1.2199147936291643
22,241.8,440.95104317289815,142.92225646972656,19364,969.3535942986986,1155.476812642016,1.197971342478405
22,247.5,437.42826343616855,141.3586883544922,19481,968.9994353472614,1154.9169447153638,1.1739255570690061
22,253.1,443.5563841201717,145.28807067871094,18640,967.7195278969957,1157.7965128755366,1.2343547019454264
22,258.7,442.64504303474655,145.32684326171875,18822,965.797789820423,1157.9433110190203,1.2349509773501817
22,264.4,439.02571384313524,136.29837036132812,19367,961.7669231166417,1157.1328548561987,1.0961039902428598
22,270.0,442.3525487056312,147.30247497558594,18735,963.7933279957299,1158.174699759808,1.2653338022343619
22,275.7,443.52655889145495,147.31158447265625,18619,963.5534668886621,1158.1640259949513,1.2654738952751485
22,281.3,443.948128052089,147.04295349121094,18430,967.9573521432447,1158.173738469886,1.2613426758730555
22,286.9,440.858303868278,148.83572387695312,18949,963.9097577708586,1157.1520396854714,1.2889133148262681
22,292.6,442.87685452162515,149.69122314453125,19075,961.7853211009175,1158.4526867627785,1.3020698582513033
22,298.2,441.779883843717,149.46131896972656,18940,961.9569165786695,1157.7366420274552,1.2985342102688362
22,303.8,442.7856573705179,150.01023864746094,18825,962.5860823373174,1157.6618857901726,1.3069759306193556
22,309.5,448.5732170563373,153.51409912109375,18691,961.5945642287732,1158.2316622973624,1.3608610643928978
22,315.1,448.30521522281254,152.82357788085938,18446,958.8214246991217,1158.2515450504175,1.3502416833748736
23,0.1,420.10017626321974,158.9384002685547,10212,307.4268507638073,1167.246768507638,-0.0009874279363863284
23,5.1,417.3273218246697,159.1358642578125,10369,304.9742501687723,1167.4019674028355,0.00025373849957293623
23,10.1,421.35159312493715,162.38058471679688,9949,305.0683485777465,1168.9159714544176,0.02064853626952841
23,15.1,418.03700779630907,157.9730224609375,10133,301.1512878713116,1168.768577913747,-0.007055342077784582
23,20.0,418.0632824726135,157.0496063232422,10224,301.88839984350545,1167.4414123630672,-0.012859504754930615
23,25.1,416.21324245374876,157.35714721679688,10270,299.7905550146057,1168.0369036027264,-0.010926446296020255
23,30.1,414.851490881019,155.13284301757812,10363,298.7796005017852,1166.3799092926758,-0.024907383913101926
23,35.0,411.2709629492061,150.8905792236328,10769,294.6957934812889,1166.6519639706564,-0.0515722733105079
23,40.1,410.48845043310877,150.8000030517578,10390,296.05784408084696,1165.9375360923966,-0.05214159283479924
23,45.1,407.0509132204031,148.9088134765625,10567,294.5598561559572,1166.1652313807135,-0.06402872746421175
23,50.1,409.19986403806934,149.37608337402344,10297,292.8870544818879,1166.6628144119647,-0.06109168706792238
23,55.1,408.7769283544056,150.3355255126953,10203,294.12809957855535,1167.9942173870431,-0.0550610817700129
23,60.1,409.79804849201656,149.9821014404297,10146,291.8579735856495,1169.1204415533216,-0.05728254046638014
23,65.1,445.0552087397581,169.2567901611328,10252,291.95405774483027,1168.1572376121733,0.06386915303285791
23,70.1,414.91198362486045,151.56192016601562,10748,291.4505024190547,1165.2555824339413,-0.04735253761134248
23,75.0,446.17701478302337,170.5985870361328,10485,288.45922746781116,1167.0428230805912,0.07230306167303362
23,80.1,417.82757602598167,155.9355926513672,10161,289.81350260801105,1167.685857691172,-0.01986167453752191
23,85.1,448.7336961999798,174.4769287109375,9921,288.9254107448846,1168.521419211773,0.09668050655319761
23,90.1,414.41449583554845,152.68531799316406,11286,287.82899167109696,1163.5023037391459,-0.04029138341038204
23,95.1,448.9612779294308,172.73602294921875,9891,288.3706399757355,1169.7768678596703,0.08573798580430152
23,100.0,411.341769863509,151.7384796142578,11063,288.867938172286,1164.3506282201934,-0.0462427673593925
23,105.1,443.06688872884405,169.86520385742188,11108,284.3129276197335,1164.8834173568598,0.06769335744526837
23,110.1,412.1981007897706,150.5090789794922,10636,285.21502444528016,1164.6630312147424,-0.05397020571386572
23,115.0,441.79451927542965,167.57362365722656,10765,282.11992568509055,1165.1425917324664,0.053289554298772863
23,120.1,412.45630166248725,150.96429443359375,10767,283.4996749326646,1165.5664530509891,-0.05110893392003427
23,125.1,443.01354206684596,167.50201416015625,10412,281.3506530925855,1166.645024971187,0.05283945043632353
23,130.0,409.72026757015027,148.21131896972656,11511,279.19633394144734,1162.891842585353,-0.06841285225782383
23,135.1,439.96928110515313,167.11492919921875,11003,279.1807688812142,1164.9700081795875,0.050406415110814326
23,140.1,413.0941900587522,152.23794555664062,10723,278.49939382635455,1165.9147626597035,-0.04310335765780417
23,145.1,442.06490544521523,169.43858337402344,10523,277.7073078019576,1166.256105673287,0.06501182028562189
23,150.1,414.9271773958637,154.3187255859375,10299,277.64715020875815,1167.3655694727643,-0.03002454595808845
23,155.1,441.4089592760181,166.5237579345703,11050,274.87683257918553,1164.732036199095,0.04669058857280569
23,160.0,412.1347524381095,150.71669006347656,10664,274.99793698424605,1165.7714741185296,-0.0526652593783691
23,165.0,441.01561585008784,166.96865844726562,10246,277.05592426312705,1166.6291235604137,0.04948702546124277
23,170.1,408.97989518818486,149.77304077148438,10495,274.6860409718914,1167.27365412101,-0.058596598216096384
23,175.1,435.9013145713757,164.1249237060547,10802,273.12053323458616,1165.6304388076283,0.03161263668368151
23,180.0,409.97225664982363,148.75985717773438,10489,272.10105825150157,1167.6509676804271,-0.06496499720749543
23,185.5,451.7050595238095,173.77301025390625,10080,271.82242063492066,1168.4281746031745,0.0922560038081491
23,191.1,453.8801436335404,173.73757934570312,10304,271.0009704968944,1167.5256211180124,0.09203330166269687
23,196.7,452.2364279728094,171.9281768798828,10739,269.4485520067045,1166.5142936958748,0.08066024261451778
23,202.4,457.1810794542536,177.4369659423828,9968,270.553772070626,1168.6042335473514,0.11528591848004266
23,208.0,460.02282790514613,181.4987030029297,10163,270.4043097510578,1167.598937321657,0.1408161011234239
23,213.6,458.7103948270795,178.1337127685547,10207,268.04379347506614,1168.4380327226413,0.11966534370210989
23,219.3,457.78818067511367,176.08648681640625,10339,265.9223329142083,1169.3768256117612,0.10679743726417258
23,225.0,458.1766002203746,178.05567932128906,9983,266.29249724531707,1169.6081338275067,0.11917486188822413
23,230.6,455.4891406103726,174.22723388671875,10682,266.6494102228047,1167.432971353679,0.09511104147646186
23,236.2,458.80923907802105,175.73287963867188,10369,264.98321921111005,1168.940206384415,0.10457482765232497
23,241.8,458.0973096737264,175.35040283203125,10482,263.82608280862434,1168.9289257775233,0.10217075703307182
23,247.5,462.5577610162763,174.84738159179688,10076,266.52788805081383,1168.7977371973004,0.09900900038923957
23,253.1,460.5866388308977,177.38739013671875,10538,267.510628202695,1167.7349591952932,0.11497430811373159
23,258.7,460.0676634806473,177.78627014160156,10567,264.33793886628183,1168.6408630642566,0.11748148157810151
23,264.4,456.94675115861156,179.1426239013672,10573,262.6193133453135,1169.0994987231627,0.1260068879989669
23,270.0,459.80067665538905,175.46435546875,10345,262.8494925084582,1168.8320927984535,0.10288701010035749
23,275.7,458.1644148430067,179.4753875732422,10510,259.7078972407231,1168.7426260704092,0.1280984850652987
23,281.3,458.0564774090364,179.4391326904297,10004,260.3403638544582,1169.9796081567374,0.12787060380018478
23,286.9,457.16939782823295,172.90542602539062,10130,260.0563672260612,1169.6723593287265,0.08680277444289357
23,292.6,459.1456359102244,175.92031860351562,10025,258.83820448877805,1169.12927680798,0.1057529814657338
23,298.2,460.19630579784507,179.22592163085938,9745,259.2605438686506,1170.7501282709081,0.1265304586329134
23,303.8,450.7665325975119,173.3175048828125,10691,259.7453933214854,1167.3867739219904,0.08939290973147374
23,309.5,457.05456282847587,177.1148223876953,10465,256.42159579550884,1168.7694218824654,0.11326107451157252
23,315.1,457.8347123915861,177.92471313476562,10031,255.3785265676403,1169.5153025620575,0.11835166959088711
24,5.1,243.54283365627384,29.731611251831055,17031,1144.2428512712113,182.63507721214256,-0.21504512549854657
24,10.1,274.43135264809007,39.48825454711914,32514,1144.3815279571877,249.10210986036785,0.04254349452407827
24,15.1,275.81721753953974,39.0579719543457,31677,1146.6270795845567,251.08687691384915,0.031183450302128046
24,20.0,274.9645478681868,38.73503875732422,32015,1145.6246134624396,250.22055286584413,0.022657575771034777
24,25.1,278.68858576356223,42.37133026123047,31890,1145.6370021950454,254.67754782063344,0.11866060490130585
24,30.1,274.5045017455748,39.60675048828125,32654,1144.8040668830772,249.91755987015372,0.045671948136497505
24,35.0,271.6919674743146,38.39383316040039,36402,1139.485522773474,247.76822702049338,0.013649285092000613
24,40.1,278.02304866850324,41.05189895629883,32670,1142.4991429445975,256.6809917355372,0.08382582835309169
24,45.1,280.16322790609496,42.380516052246094,31649,1144.0226863408006,264.386678884009,0.11890312224665901
24,60.1,244.4047619047619,8.16090202331543,84,1144.2619047619048,201.23809523809524,-0.7845411145305586
25,5.1,594.9298935019078,290.1222839355469,17559,191.17290278489662,724.5900677715132,0.0035139725837219186
25,15.1,597.5310952717775,288.1832580566406,18379,197.83350563142716,721.9877033570923,-0.0031929908948785
25,20.0,596.4597771332622,290.76519775390625,19653,194.42558388032361,721.7211112807205,0.005737769360511793
25,25.1,612.9458011996572,298.3147888183594,18672,193.16998714652956,726.6242502142245,0.03185131023610694
25,30.1,591.3988272709203,278.1463317871094,20124,196.57428940568477,719.8096302921884,-0.037910061285461955
25,35.0,599.9319468804811,295.735107421875,19955,198.64009020295666,722.6458531696317,0.022928361295164956
25,40.1,591.3387122628907,272.51702880859375,18715,192.9756345177665,717.8522041143468,-0.05738145148071695
25,45.1,591.0478503414447,281.71881103515625,20794,195.34255073578916,718.4062229489276,-0.02555308961975953
25,50.1,599.5603016321874,276.6160583496094,20157,196.56223644391525,720.3557573051545,-0.04320317684891909
25,55.1,598.7365713720448,295.5584716796875,20218,192.76961123751113,723.6867148085864,0.022317389835343444
25,60.1,607.2892557885864,306.9408874511719,20169,191.5222370965343,724.362040755615,0.06168842026256661
25,65.1,639.2185111251765,314.34442138671875,20539,198.0953308340231,719.6694581040947,0.08729675909830244
25,70.1,623.3131764134919,314.9061279296875,20605,191.56452317398688,722.7566610046106,0.08923966522986339
25,75.0,662.2005373346175,339.32177734375,19727,193.8914685456481,722.8523850560146,0.173691796946021
25,80.1,633.7621221662469,322.8698425292969,19056,188.36224811083125,722.0773509655752,0.11678563228199237
25,85.1,665.1373664424218,317.4870300292969,20216,188.92347645429362,722.1126335575782,0.09816683650293959
25,90.1,639.6333701435599,318.6279602050781,19922,184.8912759763076,725.833299869491,0.10211323923218753
25,95.1,683.6983318349816,346.3989562988281,20022,186.96563779842174,726.164169413645,0.19817129528567332
25,100.0,639.6061661814538,325.82513427734375,20953,187.47826086956522,723.3786569942251,0.1270077928206336
25,105.1,686.7630221643975,372.7652893066406,21521,187.7404860368942,726.5314808791413,0.28937071375231316
25,110.1,624.7161568134924,327.0387878417969,22294,190.21620166861038,718.8508567327532,0.13120574098677765
25,115.0,680.6381207931599,354.4538879394531,21988,187.26368928506457,725.7044751682736,0.22603277610653186
25,120.1,666.6990114000713,320.5296325683594,22456,188.07138403990024,731.104114713217,0.10869099934748083
25,125.1,694.8493997653218,363.9561462402344,22158,184.32024550952252,731.0687787706472,0.25890046502232733
25,130.0,660.2153087679035,361.4822998046875,23529,188.50061626078457,728.2842024735432,0.25034359227742214
25,135.1,688.8695883841748,360.4695739746094,22521,185.13169930287287,728.7441499045335,0.24684063998057057
25,140.1,667.0026023942027,353.7644958496094,24977,186.30728270008407,735.8046202506306,0.22364821403373158
25,145.1,699.4846360746598,352.83135986328125,24538,184.72809519928273,734.4507294808053,0.2204205577920311
25,150.1,649.0395642443947,328.3093566894531,23683,181.27627412067727,728.0692479837859,0.13560055538867966
25,155.1,681.7341168788769,340.110107421875,30630,201.29931439764937,761.7565785177931,0.17641857903829972
25,160.0,658.6798096236137,332.6073303222656,22902,183.79316216924286,729.158763426775,0.15046696460005188
25,165.0,686.2047116521435,357.2750244140625,22837,183.89727197092438,726.8541839996496,0.23579090234362238
25,170.1,653.1223248929957,343.926025390625,24999,184.26341053642145,727.1091643665746,0.1896175892898688
25,175.1,693.987137145837,370.9063720703125,28765,191.64595863027986,734.8754041369721,0.28294084082002086
25,180.0,659.4272745670589,355.4636535644531,34589,206.14837086935154,759.5704992916824,0.22952548924795793
25,185.5,713.0554994054697,377.4332275390625,33640,205.64334126040427,762.0004458977407,0.30551680627526384
25,191.1,724.8688874653001,378.5341491699219,32781,201.39004301272078,759.808700161679,0.30932482206881273
25,196.7,725.5572853580335,382.0728454589844,28070,188.49853936587104,738.5593872461703,0.32156494069270064
25,202.4,708.0101491619253,369.79071044921875,32515,197.60086114101185,755.8309703213902,0.27908184036595124
25,208.0,733.1833491544493,391.846923828125,28443,188.99483176880076,736.8654853566783,0.3553728374164834
25,213.6,721.0179902098338,381.3945617675781,32073,197.69307517226326,754.7210114426465,0.31921880184232176
25,219.3,715.454052231486,376.8350524902344,32624,197.67297081902893,755.806829328102,0.3034477579711931
25,225.0,727.9269617473709,390.8805847167969,25959,182.50622134905043,728.932431911861,0.3520303337407321
25,230.6,721.186273314641,390.41180419921875,32812,197.71150798488358,758.3826953553578,0.3504088526428886
25,236.2,722.0857738059296,389.43975830078125,33122,196.45459211400276,756.0393696032849,0.3470466095644099
25,241.8,715.7718946127625,378.5828857421875,31389,189.60642263213228,750.0903501226544,0.30949339867927145
25,247.5,720.8315518667116,375.48797607421875,32651,194.84796790297386,757.2750911151267,0.2987883089027789
25,253.1,741.943091130859,393.9147644042969,28695,182.58734971249348,737.0262415054888,0.3625253624935473
25,258.7,733.7494034193063,395.1659851074219,30591,184.65172763231016,741.3991696904318,0.3668532529311219
25,264.4,734.1897584756802,397.9457092285156,26871,176.1895724014737,730.0704476945406,0.37646813655055905
25,270.0,726.9050713326315,391.2960510253906,27547,173.86495807165934,728.2366863905326,0.35346740448261366
25,275.7,710.7765751954622,371.9090881347656,32615,183.41529970872298,752.2310286677908,0.28640916999337185
25,281.3,721.0916738760777,386.133056640625,33521,186.6909698398019,754.2624921690881,0.33560894516263035
25,286.9,739.8552631578947,402.5341491699219,31464,176.59677726926012,741.445938215103,0.3923392496932687
25,292.6,738.0367169980565,373.16094970703125,33445,178.70769920765437,744.8151592166244,0.29073927715531694
25,298.2,735.7167125661416,383.3960876464844,32317,176.43351796268217,744.1901166568679,0.32614194872619423
25,303.8,723.7635679008977,392.5522155761719,36649,188.48282354225216,761.0022101558023,0.3578123953653318
25,309.5,741.1358366193867,378.5394592285156,33982,183.01082926255077,752.839297275028,0.3093431892135966
25,315.1,745.5328063241107,389.812255859375,34155,181.7004538134973,749.7242570633875,0.3483350542151669
26,25.1,305.6827234722157,37.96631622314453,42578,530.2532763398939,783.5186481281413,0.0
27,55.1,275.83941605839414,40.21915817260742,34250,1142.246306569343,254.17372262773722,0.648668734068081
27,60.1,244.50526315789475,8.570701599121094,95,1142.7263157894736,200.41052631578947,-0.648668734068081
28,60.1,295.34351416141345,42.1669807434082,22526,1144.7450501642547,306.560330285004,-0.2221618775320698
28,70.1,315.27257002566677,57.96632766723633,17922,1142.460328088383,329.4501171744225,0.06928261602159967
28,75.0,319.8653759313615,56.11967849731445,17716,1145.7546285843305,326.79600361255365,0.03521818698577076
28,80.1,313.91778232792564,58.983055114746094,19047,1142.4232687562346,327.8246968026461,0.0880377973243596
28,85.1,320.0945499810575,55.816375732421875,18477,1146.9887968826108,325.0645126373329,0.029623277200339766
28,90.1,280.8843971631206,43.35835647583008,35250,1142.4174184397164,252.08110638297873,-0.20018502629626597
28,95.1,321.9346968672526,56.673954010009766,17748,1146.6811471715123,328.5535271579896,0.04544269480027131
28,100.0,309.31032229965155,50.725929260253906,18368,1146.1864111498257,325.9786585365854,-0.06427823665309428
29,70.1,247.6338721764265,31.988344192504883,18682,1137.7248153302644,176.5537950968847,-0.04572965070623696
29,75.0,256.3176287051482,34.93545913696289,16025,1138.25872074883,180.88536661466458,0.04218813555153896
29,80.1,249.5296269641358,33.50083923339844,16674,1141.054276118508,176.93912678421495,-0.0006091792528642671
29,85.1,252.72402053800647,33.72878646850586,17918,1134.0559772296015,171.70777988614802,0.00619090037481069
29,120.1,250.8632703850095,33.4528694152832,13662,1141.5015371102327,170.3859610598741,-0.0020402059672482114
29,130.0,252.5490306265805,34.79141616821289,14236,1144.984194998595,176.8686428772127,0.037891072431448486
29,160.0,251.29587473652515,33.26105880737305,16605,1137.8567299006324,181.5445347786811,-0.0077622644366441155
29,180.0,254.6722730953716,34.460479736328125,16053,1138.6099171494425,182.62106771320003,0.02801863819264528
30,80.1,278.170124037639,51.875274658203125,84168,666.4105717137154,827.443375154453,0.3262731751593222
30,85.1,297.43801157241205,41.786399841308594,118385,617.5681463023187,811.1019301431769,0.06833518590818022
30,90.1,306.95780409585615,29.641233444213867,39601,518.4621095426883,766.9579051034065,-0.24217513922155812
30,115.0,322.2746179851251,38.35276412963867,36975,508.48137931034483,769.3863150777553,-0.019451123998841822
30,125.1,319.6217404963871,33.91216278076172,38196,508.66221593884177,769.7883809823018,-0.13298209784710263
30,140.1,305.0170078497768,32.42167282104492,38982,507.87396747216667,766.9445898106818,-0.17108882334285078
30,145.1,313.4410446921085,29.64360237121582,44415,525.225757064055,739.6398063717213,-0.24211457386826984
31,90.1,278.4647444465661,31.435436248779297,78555,667.5902234103494,828.7733944370186,-0.2006071869514465
31,95.1,296.82495739983716,46.18947219848633,119131,617.4680729616977,811.2570615540875,0.17458309856952464
31,100.0,287.28031284121784,45.055416107177734,118143,616.5789593966633,810.624582074266,0.1457444248571079
31,105.1,296.80674471577396,47.60708236694336,119412,614.964006967474,810.1081298361973,0.21063245927827273
31,110.1,286.09620310571006,26.333301544189453,119071,614.6041857379211,805.7492840406144,-0.3303527957534591
31,115.0,286.3849218844617,25.236610412597656,82570,660.2489039602762,827.4368293569092,-0.35824129081967954
31,120.1,286.97220942856205,88.16909790039062,121588,613.729537454354,811.1486166398,1.2421111842302976
31,125.1,284.82225333252177,46.63996124267578,82145,659.785075171952,825.8899993913202,0.18603888691717785
31,130.0,285.5349335972944,93.7327651977539,121230,612.4328301575517,810.8162418543264,1.3835934151911669
31,135.1,295.7603423798204,95.4700698852539,121152,609.3253351162176,810.3835760036978,1.4277725024566408
31,140.1,276.3257313142371,17.187389373779297,82215,657.2843763303533,824.98177948063,-0.5629303365879078
31,145.1,284.4857247103895,56.82258987426758,76741,657.1810375157999,849.2685656950001,0.4449797866590416
31,150.1,285.83529851231077,93.58668518066406,123144,608.573645488209,807.884476710193,1.3798786483634546
31,155.1,295.8487015338029,93.84524536132812,121528,608.3951188203541,809.5983230202094,1.3864537487860362
31,160.0,284.98544384020937,23.501188278198242,122285,607.6233143885187,807.3599051396328,-0.4023725053784768
31,165.0,295.75543597717336,50.59670639038086,122839,607.67793616034,807.3419842232515,0.2866576157017355
31,170.1,284.7415122708313,97.87113952636719,123708,605.8331959129563,804.7200585249135,1.4888309143566685
31,175.1,295.0216133424098,53.19875717163086,123396,604.617532172842,805.0068397679017,0.35282691194617355
31,180.0,284.90632237240266,37.05616760253906,123925,604.8919669154731,805.8153076457535,-0.0576738357896123
31,185.5,299.15367807135226,97.82070922851562,124481,603.5973281062974,805.3559659707104,1.4875484884554215
31,191.1,300.782748037915,71.75131225585938,125122,602.7589952206646,805.4368136698582,0.824612290734915
31,196.7,302.145029623174,82.12715911865234,125071,600.1530570635879,804.0491800657227,1.0884666665981153
31,202.4,300.0273349436393,78.83006286621094,124200,598.8303381642512,804.4798792270532,1.004622592436958
31,208.0,301.4621359377355,88.16114807128906,126043,599.2886237236498,803.4831129059131,1.2419090226888303
31,213.6,300.41573415539966,89.36814880371094,123591,599.7747570615984,805.541010267738,1.2726026546526574
31,219.3,302.0007221706386,68.69622039794922,126009,598.5532461967002,804.4969962462999,0.7469223087957788
31,225.0,300.5397205971676,97.61820220947266,125124,597.8542885457626,802.9534222051725,1.482398801511881
31,230.6,302.4081860509312,104.4111328125,126288,597.199678512606,801.3581179526162,1.6551407943578846
31,236.2,302.18605313543367,99.33744049072266,126394,597.0345427789293,802.4221640267734,1.5261184660036555
31,241.8,300.8581104522803,100.03959655761719,126824,595.4507900712799,801.8028685422317,1.5439740640323205
31,247.5,300.63912360376133,95.37522888183594,127933,596.069184651341,802.7581312093049,1.4253607269077146
31,253.1,300.3873458487157,90.9321060180664,127310,594.4446233603016,803.9211845102506,1.3123735726439656
31,258.7,300.30393945274596,97.18540954589844,128825,594.1753541626238,800.6917446147875,1.4713930263076382
31,264.4,299.44412738893124,100.33611297607422,128614,593.6643833486246,801.1502169281727,1.5515143791082613
31,270.0,299.83937892872257,99.51093292236328,127586,591.6160472152117,801.8979590237174,1.5305303215247386
31,275.7,299.0160432004772,66.81602478027344,127406,590.2210806398443,803.6356921965998,0.6991095521347743
31,281.3,300.133328100471,70.85102081298828,127400,589.8796938775511,803.9348273155416,0.8017181752092172
31,286.9,299.50274888791427,101.20854187011719,127688,589.3960199862164,800.0022789925443,1.5736999591738452
31,292.6,300.5347429428397,75.05027770996094,128026,587.5554184306313,801.2210644712793,0.9085038980800065
31,298.2,299.6909498655998,105.68212127685547,127976,587.138463461899,800.9942567356379,1.6874616133162292
31,303.8,298.93355305290453,107.58698272705078,128042,586.6333000109339,798.6963027756517,1.7359016139921706
31,309.5,301.7061466361981,39.61066818237305,129095,586.0186994074131,800.0603121732058,0.007286274459436554
31,315.1,292.6276901928777,41.11214828491211,93116,631.6576635594313,810.7569590618153,0.045468420029366116
32,95.1,256.3077277970012,34.780555725097656,17340,1135.7851787773934,179.44186851211072,-0.033271166252770226
32,100.0,249.33122375707418,32.22980880737305,16433,1138.3935373942677,178.49126757135033,-0.10416941792092493
32,105.1,254.15910192214506,18.264802932739258,18573,1136.0034997038713,179.3436170785549,-0.4923280761425951
32,110.1,282.5677450019309,43.851016998291016,33663,1143.1905356028874,262.9368149006327,0.218843162152171
32,120.1,302.09384218289085,50.76167297363281,21696,1142.8064159292035,319.0100479351033,0.4109254981641193
32,125.1,289.5571341232641,46.004310607910156,34349,1144.0482110105097,262.72342717400795,0.2786941615552758
32,130.0,305.29036004645764,50.09675216674805,19803,1145.7323132858658,325.6505074988638,0.3924439614901629
32,135.1,291.2910647894191,44.53489303588867,32814,1145.2711037971596,266.35768269641005,0.23785156125539156
32,140.1,300.58619409909073,40.68904495239258,21556,1143.4671089255892,319.2501391723882,0.13095585027500703
32,145.1,289.3270856943597,45.41720962524414,34413,1144.5858832417982,261.32949757359137,0.26237563425080807
32,150.1,283.53018625561975,42.312557220458984,34254,1144.9667776026158,264.23425001459685,0.1760815272160919
32,155.1,291.36498388210913,48.23279571533203,34744,1144.1570630900299,263.9659509555607,0.3406351157467135
32,160.0,305.8601173020528,57.08688735961914,20460,1140.4424731182796,329.8051319648094,0.586735429865508
32,165.0,319.75343651359333,61.31682586669922,19642,1144.9061195397617,333.38371856226456,0.7043069704726425
32,170.1,303.96292994966444,49.94476318359375,19072,1147.4578439597315,329.85974203020135,0.38821941333778376
32,175.1,315.2680875194934,55.1659049987793,21161,1142.519493407684,329.16383913803696,0.5333415435796819
32,180.0,307.4371161815368,56.885040283203125,20029,1143.8188127215537,333.40376454141494,0.5811250712984615
32,185.5,295.9201622672339,49.959991455078125,35497,1142.1680987125674,266.0342845874299,0.3886426845830288
32,191.1,295.28466425457964,45.70903396606445,35101,1143.796159653571,263.77715734594454,0.2704869193863903
32,196.7,318.0398111948126,54.79813766479492,20974,1148.7585582149327,326.6153332697626,0.5231194157711693
32,202.4,296.61531161024993,47.43629837036133,34771,1144.6518650599637,268.0489200770757,0.31849639676038455
32,208.0,298.5768134392384,49.2695198059082,36133,1144.4110923532505,268.79511803614423,0.36945095983275694
32,213.6,311.42717039058505,50.45915222167969,23452,1148.4418386491557,320.0002984820058,0.4025169052701034
32,219.3,316.5640234629589,55.06832504272461,23015,1147.4373669346078,325.20386704323266,0.5306292994781369
32,225.0,311.13996155132065,48.99687957763672,23928,1148.9680290872618,319.78000668672684,0.36187289891870206
32,230.6,308.28424456202237,40.084190368652344,27216,1146.845605526161,309.777189888301,0.11414385995065687
32,236.2,312.35268963312285,52.57306671142578,25022,1148.3602829510032,320.00599472464233,0.46127335831432437
32,241.8,309.4290716017083,39.98681640625,25991,1146.4123735139087,318.14420376284096,0.11143734146214875
32,247.5,310.2140181268882,40.908538818359375,24825,1148.6034642497482,321.77703927492445,0.13705670302554646
32,253.1,308.16718534567656,37.81333923339844,25385,1148.5455977939728,318.85511128619265,0.051025338011300554
32,258.7,307.61009784735813,39.09918212890625,25550,1148.3325636007828,317.64504892367904,0.08676546282648387
32,264.4,304.3382771308273,36.212059020996094,26363,1147.101430034518,315.4318173197284,0.006517603158714682
32,270.0,304.2089328207944,36.2725715637207,27315,1147.2125938129234,311.30496064433464,0.008199555003234176
32,275.7,302.92664348402053,50.6262321472168,36234,1143.6935750952143,280.2680079483358,0.40716090759236967
32,281.3,304.0087225661227,35.54006576538086,28432,1146.1545090039392,310.4106640405177,-0.012160512896174648
32,286.9,301.18888125198265,51.41494369506836,37828,1140.2073067568997,277.04737231680235,0.42908321961187873
32,292.6,309.5427419354839,51.0163459777832,26040,1144.6761904761904,326.7481950844854,0.41800415838551286
32,298.2,299.52473896846635,48.89109420776367,38118,1140.7311768718191,273.83899994753136,0.35893258456452126
32,303.8,299.2513910613093,50.29405212402344,38999,1140.079002025693,273.3974460883612,0.39792793245091385
32,309.5,302.7286839606907,48.42329788208008,38973,1139.8214918020167,275.5913324609345,0.3459301414772474
32,315.1,303.0108817248042,53.720245361328125,39332,1138.4686006305299,277.5299501678023,0.493159297316718
33,135.1,347.6484067311135,76.25007629394531,22344,581.4586018617973,1077.1930272108843,0.09571413978299669
33,140.1,330.72225249772936,62.9286994934082,22020,579.4724341507721,1072.4995458673932,-0.09571413978299669
34,196.7,390.20940413918584,126.8010025024414,35176,155.1384182397089,346.12855355924495,0.014498472861887048
34,202.4,387.12006441939246,124.53954315185547,36014,164.73676903426446,347.1910368190148,-0.003594815143186061
34,208.0,389.89042789312504,123.73942565917969,35593,164.49509735060263,345.4958840221392,-0.009996325844286658
34,213.6,391.10141557422315,125.81262969970703,34403,155.4720227887103,347.46187832456474,0.006590785389361422
34,219.3,391.4099799254373,124.05167388916016,34870,160.97754516776598,347.3578434184112,-0.007498117263775524
34,225.0,389.4836993822924,124.36872100830078,34968,160.65559940517045,347.72263212079616,-0.004961514146720263
34,230.6,390.76681388718066,127.30191040039062,35774,166.58310504835913,348.8089674064963,0.018506093365551098
34,236.2,393.11882390355316,126.9853744506836,34589,158.898320275232,348.47937205469947,0.01597357996860467
34,241.8,391.6802814035292,125.91217803955078,34399,157.57824355359168,349.20858164481524,0.007387243120407168
34,247.5,389.75136339646986,126.20260620117188,34106,152.5289978302938,349.5892218377998,0.009710875588809868
34,253.1,390.9382730697357,125.14552307128906,33713,153.65870732358437,349.7224512799217,0.0012534564849385952
34,258.7,392.66931209008413,126.0120849609375,33391,150.94848911383306,349.2850169207271,0.008186569759588962
34,264.4,391.06528629402527,123.89949035644531,33759,152.66251962439645,348.72339228057706,-0.008715694084833886
34,270.0,389.7394749290445,123.74252319335938,33824,149.8125591296121,348.3510820719016,-0.009971543361239097
34,275.7,390.28786741525806,123.5479736328125,33307,147.14555498844086,347.8051460653917,-0.01152807862654156
34,281.3,390.3533497852116,123.13737487792969,32823,148.20010358590014,348.4679645370624,-0.014813161564112068
34,286.9,388.9536369692932,121.13434600830078,33022,146.66704015504814,348.6407546484162,-0.030838821371475752
34,292.6,388.886475546023,121.0762939453125,33103,147.32015225206175,349.16898770504184,-0.03130327928652228
34,298.2,388.67137766503595,121.48807525634766,33114,147.09536751827022,348.9543093555596,-0.02800873505616268
34,303.8,386.504316313603,121.46241760253906,33941,145.0365929112283,350.22150201820807,-0.028214014589386684
34,309.5,392.5973355084285,124.4383544921875,33102,146.1536463053592,350.67301069421785,-0.00440439660293926
34,315.1,390.1897977663749,122.11727905273438,33130,144.8310594627226,349.92948988831876,-0.022974655845779957
35,213.6,265.03518084187135,18.004497528076172,8101,1173.584001975065,756.3871127021355,0.05343178190493589
35,230.6,264.9323726196603,17.595684051513672,9715,1175.9565620174988,753.080802882141,0.029512363525699234
35,236.2,268.044987601842,18.33919334411621,8469,1173.24406659582,755.9273822174991,0.0730146227666358
35,247.5,265.95869303901213,16.73402214050293,9151,1173.3160310348596,758.3438968418752,-0.020902930813961728
35,253.1,264.4749804097168,14.783002853393555,8933,1175.8552557931266,759.5115862532184,-0.1350558373833092
35,264.4,262.7977264186396,15.357264518737793,10644,1174.304772641864,755.412908680947,-0.10145614994632705
35,292.6,262.82678444512135,14.288763046264648,9849,1173.3175956949945,765.3160726977358,-0.16397349642379386
35,298.2,264.9602408571682,18.040508270263672,11293,1167.485964756929,766.8498184716196,0.05553874769229773
35,309.5,269.2443359523991,20.94933319091797,13109,1165.0749103669234,764.375696086658,0.22573225709937547
35,315.1,267.90813837955017,19.56308364868164,11071,1166.0233041279018,776.3184897479903,0.14462367169366236
36,230.6,251.11627906976744,19.281768798828125,43,1073.5116279069769,179.58139534883722,0.0
37,236.2,266.4764493661372,36.27655792236328,39914,1100.718369494413,98.44392944831388,-0.1819741397809162
37,241.8,272.0068728522337,44.76606369018555,16005,1060.7728834739144,51.32833489534521,0.009461753156339223
37,247.5,269.00800945378154,43.28899002075195,15232,1056.5560661764705,50.12703518907563,-0.02384582970836546
37,253.1,274.7266176886126,47.967018127441406,14156,1059.9020909861542,45.91282848262221,0.08164234737539887
37,270.0,274.6234678243105,49.433712005615234,15664,1062.988955566905,47.661197650663944,0.11471586895754372
37,275.7,272.67027697862017,51.30563735961914,17727,1061.8288486489537,57.52140802166187,0.15692724279439205
37,281.3,273.05763270689084,46.53905487060547,15165,1059.9751401252886,45.92944279591164,0.04944219007176558
37,286.9,278.3235152763474,52.968994140625,14565,1061.9352557500858,43.565739787161,0.1944354557992085
37,292.6,278.6964150943396,55.55863952636719,15900,1065.9134591194968,44.41735849056604,0.2528312081985345
37,298.2,284.02229199372056,59.784725189208984,15925,1074.7400941915228,42.504552590266876,0.34812821424591767
37,303.8,282.1470012662599,60.636009216308594,17374,1075.1388281339932,44.75492114654081,0.36732442216755273
37,309.5,277.2153131947169,48.27252197265625,15294,1056.2302210017,49.77030207924676,0.08853137048274416
37,315.1,286.56489527629236,61.72793960571289,17952,1075.5331996434938,47.000167112299465,0.3919471357668814
38,241.8,243.0,15.304878234863281,25,1065.12,179.56,0.0
39,286.9,388.4681762186895,119.78583526611328,17047,1002.8673080307385,1011.648970493342,0.0
40,292.6,285.7337738619677,54.851531982421875,13620,1131.4138032305434,170.48979441997062,0.0
41,315.1,353.4126326689102,102.18790435791016,3863,171.6567434636293,14.168263008024852,0.0
42,315.1,320.59627056271114,30.98845863342285,36413,469.98316535303326,767.1947381429709,0.0
