cell_id,time_seconds,mean_intensity,mean_intensity_sub,area,centroid_x,centroid_y,dF_F0
0,0.1,1298.624856716107,692.0736694335938,28789,196.75132863246378,118.24137691479385,0.003863751101697802
0,5.1,1286.4248794532903,687.3287963867188,28827,195.139834183231,118.07527665036251,-0.003018761939486929
0,10.1,1300.4160935105663,695.305419921875,28061,194.28591283275722,116.67367520758349,0.008551456054330813
0,15.1,1287.114259060913,684.3352661132812,28943,192.98814912068548,119.73858964170957,-0.007360924720782868
0,20.1,1293.427402574502,688.0066528320312,28355,192.8561805678011,119.13073532004937,-0.002035520495759149
0,25.1,1285.456771773366,687.4312133789062,28257,191.01443890009554,118.0485543405174,-0.0028702044802238983
0,30.1,1283.2032445124337,683.7989501953125,28109,191.0350777331104,119.31982639012416,-0.00813885940167932
0,35.1,1281.1930813720853,690.9273681640625,27491,190.6559237568659,116.16961914808483,0.002201023066883158
0,40.0,1278.6654641909815,683.345703125,28275,189.40120247568524,118.26762157382846,-0.008796301411504864
0,45.1,1262.859064986511,670.8815307617188,29283,187.77980398183246,121.93504763856163,-0.0268757796167976
0,50.0,1277.3821554770318,682.9833984375,28300,187.87922261484098,118.77766784452297,-0.00932183006358195
0,55.1,1275.0222051532714,676.2073974609375,28642,187.1154947280218,120.08201242929962,-0.01915052613775543
0,60.1,1266.9724420576597,680.163818359375,28304,186.44686263425663,118.40792820802713,-0.013411675348513386
0,65.1,1721.5094762294207,1033.4095458984375,28123,184.5361803506027,116.11478149557301,0.49897681271263716
0,70.0,1554.9772823181881,897.1392822265625,28436,184.85669573779717,118.36337740891827,0.30131465029397014
0,75.1,1726.4739503784408,1027.577392578125,29463,182.73108644740861,120.32138614533483,0.490517182520492
0,80.1,1549.2180871244784,892.9317016601562,28993,181.50305246093885,119.20332494050288,0.2952114884529597
0,85.1,1743.4038746037338,1049.7001953125,28390,180.74276153575204,115.91644945403311,0.522606656110765
0,90.1,1564.0703760252813,908.2975463867188,28163,180.765863011753,116.51858821858467,0.317499888094977
0,95.1,1746.6523041950816,1053.745849609375,29034,177.9594613212096,117.48105669215403,0.5284749413490192
0,100.1,1557.6953427307906,901.3807983398438,28944,179.88432835820896,119.01869126589276,0.3074670361798854
0,105.1,1740.435150799986,1051.466796875,28813,177.96675111928644,116.75608232395099,0.5251691394843698
0,110.0,1570.6819677933108,913.0584106445312,28255,178.04887630507875,116.81557246505044,0.32440559663933627
0,115.1,1746.986325865152,1057.1773681640625,28521,176.2295852179096,115.59654289821535,0.5334524130264245
0,120.1,1566.4804978099146,906.9082641601562,28766,175.8241674198707,118.23148856288674,0.3154847123573458
0,125.1,1758.6128572421947,1058.95361328125,28762,176.01070857381268,117.7364230582018,0.5360288845278981
0,130.0,1562.1317015914663,908.3119506835938,28967,174.835502468326,118.2598128905306,0.317520781754325
0,135.1,1743.9957401490947,1048.71630859375,29109,173.42536672506785,118.15242708440688,0.5211795129383453
0,140.1,1563.1564043132116,906.5737915039062,29769,172.77610937552487,122.15358258591152,0.31499955450468703
0,145.0,1761.169728017256,1054.3095703125,29671,170.19692629166525,120.79892824643592,0.52929262710215
0,150.0,1565.9752639311216,907.1213989257812,29269,171.3199972667327,120.40763264887765,0.31579386768973344
0,155.1,1751.0622782291493,1048.5047607421875,30155,169.63193500248715,122.29563919747969,0.5208726594497841
0,160.1,1568.0515788438206,905.236083984375,30497,168.3985965832705,123.59195986490475,0.3130591886914166
0,165.1,1771.3493967691363,1064.9735107421875,29342,167.3298343671188,119.42774861972599,0.5447608405512072
0,170.1,1575.8067691477886,912.061767578125,29664,167.9423880798274,120.61657227615966,0.32295995018384993
0,175.0,1763.1189430267261,1053.6456298828125,29821,167.1913081385601,121.48090271956004,0.5283295710581313
0,180.1,1543.2021708352997,883.0989379882812,31785,170.27063080069215,129.93295579675947,0.2809489099742504
0,185.5,1796.0047456340167,1083.8359375,31608,167.99237534801316,127.8930650468236,0.5721210874675156
0,191.1,1831.9244237386195,1103.5550537109375,32841,162.9826436466612,128.91574556195,0.6007239759203054
0,196.7,1861.2498521492826,1117.150146484375,32127,163.39988171942602,128.7426463722103,0.6204438719817869
0,202.4,1855.0806397357878,1126.5819091796875,32701,163.29687165530106,129.52435705330112,0.6341247922320348
0,208.0,1878.8212635300686,1131.689208984375,32243,160.92714697763856,129.0673014297677,0.6415330109902063
0,213.6,1903.4680203364298,1153.3433837890625,31864,159.72109590760732,128.22765503389405,0.6729427323920278
0,219.2,1894.344801701489,1140.0355224609375,31972,161.21209183035157,130.00725634930564,0.6536394700631398
0,224.9,1914.4506356929837,1151.4078369140625,31855,160.6788259299953,131.39306231360854,0.6701351911833573
0,230.5,1903.7866309666697,1148.768798828125,32493,156.52352814452342,130.9804265534115,0.6663072248999157
0,236.2,1887.274334140436,1143.7213134765625,33040,155.48026634382566,131.3741828087167,0.6589857679475116
0,241.8,1883.6838547108352,1143.4688720703125,32542,155.76676295249217,131.83931534632168,0.6586195977141911
0,247.4,1892.5012908261288,1141.8521728515625,33312,153.96998078770412,133.06213976945244,0.6562745500497339
0,253.0,1884.329303156641,1079.6640625,33580,152.82492555092315,132.97730792138177,0.566069717112601
0,258.7,1895.3012890672503,1095.407470703125,32892,151.72814058129637,131.62364708743766,0.5889057785204115
0,264.3,1897.288195910489,1094.3084716796875,33158,150.7314373605163,131.2997768261053,0.587311663138117
0,269.9,1897.9225394712964,1090.9322509765625,33062,150.47619623737222,132.40811203194,0.5824144018648192
0,275.6,1891.2038642329528,1085.0855712890625,32762,150.05900128197302,133.01913802576155,0.5739337009484162
0,281.2,1902.3478300455236,1080.6456298828125,32950,148.86779969650988,132.52166919575114,0.5674934960517357
0,286.9,1902.2544096031356,1096.55419921875,32656,148.59156050955414,132.5326126898579,0.5905691262824102
0,292.5,1898.7972019390072,1080.8392333984375,32594,148.74921764741978,134.0845247591581,0.5677743209985666
0,298.1,1900.3826875114057,1080.4058837890625,32878,147.8648032118742,134.27611168562564,0.567145740569027
0,303.8,1882.5021380390267,1133.5980224609375,33208,148.33115514333895,136.89400144543484,0.6443017749836462
0,309.4,1892.0769736252576,1141.7823486328125,33479,148.4743271901789,137.8417814152155,0.6561732689213686
0,315.0,1892.4853308736015,1132.7073974609375,33608,146.4038026660319,136.54034753630089,0.6430099094022599
1,0.1,3304.320999519462,2411.281005859375,22891,448.1105674719322,91.18461404045257,-0.0005654007373099614
1,5.1,3284.3411035446134,2405.328369140625,22908,447.12480356207436,91.1993190151912,-0.003032666509778473
1,10.1,3312.506970403272,2416.537841796875,22739,446.8955099168829,90.79853995338405,0.001613467551296059
1,15.1,3300.9320935971446,2414.568115234375,22693,447.15647997179747,90.23804697483806,0.000797049691716207
1,20.1,3299.7789223454834,2415.51025390625,22716,447.5912132417679,89.37682690614545,0.0011875500040759801
1,25.1,3292.4123233314012,2413.02587890625,22429,447.2834722903384,88.41455258816711,0.0001578191985374855
1,30.1,3272.82364383925,2398.388427734375,22619,448.12644237145764,88.22993943145144,-0.005909153133032919
1,35.1,3268.9953861851736,2401.230224609375,22541,447.4790381970631,87.92613459917483,-0.004731277093678745
1,40.0,3277.4137792999154,2409.46875,22483,447.5633589823422,86.83649868789752,-0.0013165496926472496
1,45.1,3250.325372208437,2392.350830078125,22568,446.7937788018433,87.4796614675647,-0.008411633756162535
1,50.0,3267.958525141643,2408.181640625,22592,446.284171388102,87.328611898017,-0.0018500344417430577
1,55.1,3259.1394241368666,2401.166259765625,22679,445.6256007760483,87.2943251466114,-0.004757789423774174
1,60.1,3266.3987104182306,2408.2958984375,22643,445.43262818531116,87.02018283796316,-0.0018026765391298486
1,65.1,3477.612947781144,2534.92431640625,22444,444.8306006059526,87.0732044198895,0.050682629760855503
1,70.0,3399.3713610628147,2486.701171875,22431,444.6289955864652,86.83282064999331,0.030694963863491655
1,75.1,3454.506318412388,2508.4228515625,22474,444.6693957461956,86.53372786330871,0.039698227349180625
1,80.1,3364.379559423931,2460.0810546875,22289,443.8715061240971,85.77688545919511,0.019661382091410752
1,85.1,3462.9148123173745,2527.97705078125,22245,443.13562598336705,85.37491571139581,0.04780310737461303
1,90.1,3372.46355527525,2461.5673828125,22198,442.60320749617085,84.90976664564376,0.020277439593780873
1,95.1,3445.858786142691,2507.86962890625,22342,443.05563512666726,85.01902246889267,0.03946892605148505
1,100.1,3390.0400512070228,2466.52734375,21872,442.5795994879298,83.40298098024871,0.02233325828927223
1,105.1,3462.6769168247088,2519.6171875,22146,442.755486318071,83.34511875733767,0.0443380875000799
1,110.0,3367.8769056774486,2458.56201171875,22105,441.77543542185026,83.12730151549424,0.019031764847694112
1,115.1,3449.638701440817,2510.654296875,21932,441.17536020426775,82.96958781688856,0.04062312313953261
1,120.1,3365.422682276364,2451.109619140625,22123,440.8191926953849,82.76766261356958,0.015942876007377434
1,125.1,3465.5098857246508,2518.117431640625,22052,440.28396517322693,82.51759477598404,0.04371646443223173
1,130.0,3364.5681797507505,2453.828369140625,21986,439.5548076048394,82.4047120895115,0.017069751228532767
1,135.1,3428.82169384058,2496.98193359375,22080,438.98455615942026,82.40665760869565,0.03495616317768446
1,140.1,3340.268180173661,2434.226806640625,22112,438.2121924746744,82.62780390738061,0.00894523993577779
1,145.0,3431.7229806340424,2487.62109375,22049,436.97383101274437,82.88892920313846,0.03107625569478775
1,150.0,3330.1240502894357,2421.331298828125,22112,436.71002170767,82.92981186685962,0.0036002732348596207
1,155.1,3438.5594181685115,2484.232666015625,21862,436.13827646143994,82.56902387704693,0.02967181054442722
1,160.1,3349.419125127162,2425.198486328125,21626,434.6749283270138,82.28493480070286,0.005203156092537466
1,165.1,3430.852634032634,2481.787109375,21450,434.1190675990676,81.30051282051282,0.028658169282725264
1,170.1,3330.9523053206894,2418.4140625,21407,433.40388657915634,81.01139814079507,0.0023911288367287763
1,175.0,3415.0104766399245,2474.220947265625,21190,432.96658801321377,80.14483246814535,0.025522124923994575
1,180.1,3317.3181603550856,2415.46826171875,21178,432.6311266408537,79.57616394371517,0.0011701449629446298
1,185.5,3474.7113988899955,2517.580078125,21081,433.7081732365637,78.941938238224,0.04349374062101021
1,191.1,3484.9811409050494,2525.0322265625,21369,432.59108989657915,79.47442556975058,0.04658252826922729
1,196.7,3540.0280888123266,2566.86181640625,20898,432.4019523399368,77.61044119054455,0.06392017546224345
1,202.4,3558.5467116357504,2582.995361328125,20755,431.8405203565406,76.82004336304504,0.07060725298016801
1,208.0,3549.890862822298,2578.63916015625,20827,431.3467614154703,76.6818072694099,0.0688016823469896
1,213.6,3566.957515087652,2592.19482421875,20878,430.73474470734743,76.59225021553789,0.07442027248522855
1,219.2,3566.932098765432,2591.724609375,20736,430.3973765432099,75.92370756172839,0.07422537650139727
1,224.9,3588.203800566246,2609.026611328125,20839,430.8073803925332,75.58078602620087,0.08139675940801161
1,230.5,3584.421447228403,2617.479736328125,20674,429.96290026119766,74.81387249685595,0.08490043466459227
1,236.2,3575.867751436435,2608.984130859375,20711,429.0160784124378,75.04533822606345,0.08137915198268106
1,241.8,3574.004324586978,2608.511962890625,20580,428.6232750242954,74.50218658892128,0.08118344646205296
1,247.4,3586.1243080508884,2630.083251953125,20594,427.70850733223267,74.60464212877537,0.0901243756143878
1,253.0,3596.509699486929,2634.54736328125,20465,426.9295382360127,74.33764964573662,0.09197467315558977
1,258.7,3597.82473270517,2635.365234375,20483,426.251769760289,74.70399843772884,0.0923136666892527
1,264.3,3624.372913897504,2654.56640625,20313,425.8645202579629,74.01718111554177,0.10027222293866224
1,269.9,3601.061275592871,2639.08154296875,20367,424.7481710610301,73.91176903814994,0.0938540128293772
1,275.6,3548.3643062808064,2605.802490234375,20491,423.6855204724025,74.281733443951,0.08006041654068247
1,281.2,3575.449441490659,2628.30615234375,20501,423.38920052680356,73.80776547485489,0.08938779832139303
1,286.9,3578.435860847316,2634.49462890625,20323,422.62377601732027,73.33002017418688,0.09195281566207598
1,292.5,3591.4199460647224,2631.40234375,20024,421.25204754294845,72.82730723132241,0.09067111652853131
1,298.1,3594.0246295554666,2621.25244140625,19976,420.25570684821787,72.8230877052463,0.08646415617972457
1,303.8,3561.1975648862613,2601.58740234375,19958,419.252029261449,72.85244012426095,0.07831333494107337
1,309.4,3568.697205358487,2595.50830078125,19931,418.00481661732977,73.54789022126336,0.07579365166101161
1,315.0,3561.2595284971476,2590.87939453125,19809,417.3079913170781,72.89312938563279,0.07387504945257903
2,0.1,1137.9064770217408,582.5164794921875,75158,1044.7545570664468,125.2216397456026,0.024919242083284235
2,5.1,1128.5536172124864,568.5095825195312,75666,1043.5651547590728,125.71997991171729,0.0002745517877094644
2,10.1,1131.5409384836232,567.4051513671875,75931,1044.3094388326244,126.3313798053496,-0.0016686597426838244
2,15.1,1129.2736348088931,561.5265502929688,75429,1043.4189104986147,125.5907939917008,-0.012011871599540945
2,20.1,1128.0250544518515,561.8099365234375,75755,1043.1526103887531,125.50561679097089,-0.011513262528769127
2,25.1,1118.937239812468,560.1154174804688,76147,1042.222530106242,125.52330361012253,-0.014494714958628696
2,30.1,1113.9103039677027,545.2940673828125,76291,1041.8773511947675,125.80881099998689,-0.04057240965661121
2,35.1,1113.970653676519,546.5557250976562,75955,1041.9437693371076,125.48553748930287,-0.038352562983786684
2,40.0,1111.32987535705,546.001220703125,77020,1041.6606465853026,126.13210854323552,-0.03932819585218254
2,45.1,1110.0768117848218,542.3492431640625,76030,1040.6618177035382,124.73263185584638,-0.045753734327427194
2,50.0,1114.5634578168315,537.2691040039062,76476,1040.4283566086092,125.15760500026153,-0.05469207780956174
2,55.1,1112.2239314018448,533.60107421875,76970,1040.065571001689,125.1760556060803,-0.06114585970191021
2,60.1,1109.9148595319032,531.984375,76779,1039.1576082001588,124.707276729314,-0.06399039062299655
2,65.1,1140.8440037598893,522.01123046875,76598,1040.1105903548396,124.78016397294968,-0.08153782162969804
2,70.0,1134.1651950491046,525.7139892578125,76673,1038.5864254692003,124.40529260626296,-0.0750229351581402
2,75.1,1137.360486794407,522.9810180664062,77240,1038.7325608493009,124.82474106680476,-0.07983151115683708
2,80.1,1121.758837017571,522.7214965820312,77628,1038.2716545576338,124.88428144483949,-0.08028813096491845
2,85.1,1136.2305841482244,519.985595703125,77720,1036.966392177046,124.62113998970663,-0.08510186165571033
2,90.1,1124.0826134254814,519.517578125,78135,1036.9260510654635,124.9221859601971,-0.08592532371788529
2,95.1,1138.3627419334014,519.2821655273438,77449,1036.5346486074707,124.34999806324161,-0.0863395247056016
2,100.1,1132.0048395839249,527.6076049804688,77486,1036.8101721601322,123.83400872415662,-0.07169117844465847
2,105.1,1138.6975397601523,515.640869140625,77716,1036.3230480209995,124.63944361521438,-0.09274627003258328
2,110.0,1132.844179710592,526.4441528320312,77814,1035.882386202997,123.96668979875086,-0.07373823554288211
2,115.1,1136.7039815349106,519.0413818359375,77985,1035.0917997050715,124.18694620760402,-0.08676317596215875
2,120.1,1128.504685664675,524.9107055664062,78324,1033.7716025739237,124.1230274245442,-0.07643628729693577
2,125.1,1144.3513433981577,526.2366333007812,78160,1034.6178863868986,123.78838280450358,-0.07410335956627737
2,130.0,1132.959963451045,520.7125244140625,77704,1032.6784978894266,123.26165963142181,-0.08382285367964047
2,135.1,1130.9625545629885,514.4375,78808,1032.7250279159475,124.00209369607147,-0.09486355981060118
2,140.1,1130.4257930753772,524.73876953125,78618,1032.876020758605,123.50690681523315,-0.07673880328926061
2,145.0,1138.2261188369152,520.5533447265625,79100,1032.4393678887484,123.71333754740834,-0.08410292528346837
2,150.0,1129.7593433505956,520.82470703125,78398,1031.0184826143525,123.0514298834154,-0.08362547192816974
2,155.1,1134.1204470923974,521.8631591796875,79894,1032.9607229579192,124.6756201967607,-0.08179834835933242
2,160.1,1134.2729696785007,522.6807861328125,78756,1029.9500355528467,123.02873431865508,-0.0803597597071551
2,165.1,1138.1723419387845,531.598876953125,80143,1031.8185493430492,124.11088928540234,-0.06466866219116257
2,170.1,1141.4021995286723,528.5535278320312,77653,1028.141617194442,121.38558716340644,-0.07002685723448797
2,175.0,1142.8228953936919,526.0780029296875,79326,1028.0160981267177,122.35719688374556,-0.07438246466533745
2,180.1,1135.495475890505,526.8497924804688,78579,1026.2575879051656,121.50918184247699,-0.07302452546656303
2,185.5,1149.888682934261,527.0765380859375,78766,1026.6975090775209,121.98701216260824,-0.07262557377629439
2,191.1,1154.831830993068,533.5586547851562,78766,1025.9131605007237,121.53234898306376,-0.06122049534786894
2,196.7,1158.8397386087156,535.4537963867188,78503,1025.903048291148,121.03081410901494,-0.057886053898921076
2,202.4,1155.2188699268254,554.747802734375,81039,1029.9550586754526,123.2694011525315,-0.023938862602584318
2,208.0,1162.7618292528225,534.1904907226562,78830,1024.871812761639,121.18637574527465,-0.06010880008604903
2,213.6,1175.592261904762,532.3934936523438,77952,1023.9364224137931,120.08874692118226,-0.06327055934981467
2,219.2,1177.339396513993,536.8519287109375,77682,1024.1699492803996,119.66207100744059,-0.055426084486004855
2,224.9,1181.365140988966,533.598388671875,78304,1024.246232631794,119.75324376787904,-0.06115058483633062
2,230.5,1179.834595927172,563.70849609375,77882,1023.1486351146607,119.22666341388253,-0.008172807272377106
2,236.2,1176.764524782831,532.0106811523438,78280,1022.565163515585,118.90703883495145,-0.06394410578356027
2,241.8,1170.688491885878,560.3895263671875,78197,1022.0573551415016,118.98822205455453,-0.01401242907949102
2,247.4,1181.498500392601,574.38427734375,77687,1020.938960186389,118.57000527758827,0.010610890721773262
2,253.0,1179.2685410276317,529.0316772460938,78569,1021.4751237765531,118.74403390650257,-0.06918556852881784
2,258.7,1184.0007680196613,580.354248046875,78123,1020.2240313352022,118.11056923057231,0.021114864538342944
2,264.3,1186.0512765009232,581.4053955078125,78535,1019.4601260584453,118.19873941554721,0.02296432510625857
2,269.9,1189.0465819643528,587.43310546875,77369,1017.371944835787,117.77590507826132,0.03356988931286704
2,275.6,1177.7907255106375,581.5696411132812,77697,1017.3416991647039,117.62667799271529,0.02325331003183405
2,281.2,1190.2040847883513,600.093017578125,77605,1016.8661941885188,116.96824946846209,0.055844602528350655
2,286.9,1189.7531398649437,605.721923828125,77153,1016.7203738027038,116.84916983137403,0.06574848427352836
2,292.5,1188.83472207846,631.2894287109375,77288,1014.5436678397681,117.28898405962116,0.11073369696535969
2,298.1,1197.027819020083,631.007080078125,76782,1013.8803625849808,117.05345002735017,0.11023691351470485
2,303.8,1192.1616699686422,621.57080078125,76217,1013.2342915622498,116.87312541821379,0.09363407983441063
2,309.4,1205.1590558855683,636.0042724609375,75923,1012.7547778670495,116.46352225280877,0.11902931477689994
2,315.0,1207.9041935185062,638.6458740234375,75569,1012.9607908004605,115.70510394473925,0.12367712881588427
3,0.1,2294.7215116699185,1454.534423828125,69195,650.4562612905556,196.30528217356746,0.0025488731749230054
3,5.1,2277.1827546080135,1447.488037109375,69607,649.0747338629735,197.3115060266927,-0.002307902264083252
3,10.1,2292.4981303688733,1453.027099609375,69265,648.2382444235906,197.62540965855771,0.0015099385355901583
3,15.1,2281.54378279915,1451.3292236328125,69171,647.9411024851455,197.5279235517775,0.00033966465330310204
3,20.1,2285.8101387034994,1447.8033447265625,68924,647.813591782253,197.75367070976728,-0.0020905740997330135
3,25.1,2273.6226633485735,1435.0684814453125,69116,646.6974217257944,197.14235488164823,-0.010868175113157045
3,30.1,2264.0419150359107,1430.9783935546875,68782,646.54966415632,198.03535808787183,-0.013687299183896143
3,35.1,2260.540804322252,1429.0794677734375,68853,645.2969224289428,197.75701857580643,-0.01499614816749363
3,40.0,2267.675368274824,1440.5142822265625,69106,645.0005498798946,197.91032616560068,-0.007114615659811
3,45.1,2257.1399664942824,1432.0703125,68645,643.8825114720664,197.66325296816956,-0.01293468577696123
3,50.0,2270.922591318734,1446.149169921875,68907,643.1560509091964,198.05286835880244,-0.003230726618165101
3,55.1,2275.9754634281303,1453.3055419921875,68673,642.7908785112053,197.9756090457676,0.001701857057805758
3,60.1,2268.216103865689,1442.587158203125,68319,642.3342554779783,198.29996047951522,-0.005685870186008677
3,65.1,2731.545389101914,1809.580078125,68067,641.1987306624355,197.78951621196762,0.24726678071276906
3,70.0,2539.082415719571,1652.294921875,67839,640.5972228364216,197.85226786951458,0.13885679495899625
3,75.1,2744.991387347392,1818.445556640625,67575,640.5233592304846,197.43149093599703,0.25337737895671036
3,80.1,2522.0834195054213,1639.734130859375,67694,639.4154725677313,197.75046532927587,0.13019917457366492
3,85.1,2742.939331189144,1818.271728515625,68091,638.0438530789678,197.921120265527,0.2532575666043934
3,90.1,2540.053402150283,1646.232177734375,67619,638.5938123900087,197.3404664369482,0.13467800262039037
3,95.1,2749.9230974040383,1812.76123046875,67605,638.3702536794616,196.9410398639154,0.24945941407047995
3,100.1,2553.372916573905,1647.9276123046875,67377,637.3074936551048,197.11186309868353,0.13584659374492017
3,105.1,2760.492842687935,1818.0169677734375,67204,636.8872239747634,196.9376078804833,0.25308197083242323
3,110.0,2545.0111817778434,1634.2745361328125,67610,636.2913474338116,196.76253512793966,0.12643610753899034
3,115.1,2751.7971687679715,1810.885498046875,67815,634.9931283639313,196.67825702278256,0.24816655128557644
3,120.1,2549.52648456057,1639.791015625,67360,635.5018111638955,197.7499257719715,0.13023838282940908
3,125.1,2768.9310915675114,1824.515380859375,67655,634.330455989949,197.28731062005764,0.2575610512928123
3,130.0,2540.9169911897534,1631.2281494140625,67535,633.5166062041905,196.97140741837566,0.12433636240948025
3,135.1,2747.4811027583755,1807.0980224609375,67576,632.7514206227063,197.29093169172486,0.24555600503884983
3,140.1,2540.6952144776074,1637.039794921875,67746,632.5322233046969,196.82968736161544,0.12834208311275183
3,145.0,2757.3985016844968,1807.987548828125,67676,631.4149033630829,196.90541698681955,0.2461691178277078
3,150.0,2533.3810462359215,1628.1610107421875,67480,631.4006075874333,197.49085655008892,0.12222231383903345
3,155.1,2755.3961942081905,1801.0010986328125,67371,630.9851122886702,196.8654317139422,0.2413536540916423
3,160.1,2554.7212788990555,1636.0789794921875,67433,628.9977903993594,197.13902688594604,0.12767983379738182
3,165.1,2772.229511592466,1811.1121826171875,67587,628.1126104132452,197.13134182609082,0.24832279534333812
3,170.1,2559.440847767042,1645.7490234375,67377,628.1296288050819,195.71945916262226,0.13434498486022844
3,175.0,2751.4790108424654,1797.457275390625,68988,624.9381341682612,196.45874644865773,0.23891104706909033
3,180.1,2526.628737818958,1618.8741455078125,68857,623.925613953556,196.26316859578546,0.11582127160618891
3,185.5,2818.992527054694,1854.0162353515625,68380,624.8057765428488,195.99722140976894,0.2778947387905616
3,191.1,2856.772077290478,1877.5604248046875,68883,622.5933249132587,197.08286514814975,0.29412274977425806
3,196.7,2896.2953517071164,1906.5699462890625,68068,622.830375506846,195.79186989481107,0.3141177822733586
3,202.4,2917.9308210900303,1921.1746826171875,68677,622.0894477044717,196.71635336429955,0.32418420745306875
3,208.0,2927.5234862171455,1929.10546875,68636,621.8342706451425,195.7870359578064,0.3296505618896427
3,213.6,2952.3569922389806,1949.0169677734375,68290,621.0896178064138,195.36378679162397,0.3433747134684229
3,219.2,2954.9386631525003,1948.2298583984375,68295,620.4531664104254,195.31599677868073,0.34283219236748197
3,224.9,2970.163571930647,1959.3951416015625,68288,620.592900656045,195.21359536082474,0.350527948418763
3,230.5,2976.3931301645284,1969.5196533203125,67891,619.4459795849228,195.01813200571505,0.35750634483812377
3,236.2,2969.584414629123,1964.4085693359375,67974,618.5028393209168,194.17914202489186,0.35398349147329816
3,241.8,2962.1747260688107,1966.542236328125,67809,618.3954637290035,193.19143476529663,0.3554541376152563
3,247.4,2965.1270518761053,1975.585205078125,68413,617.0829813047228,192.7410726031602,0.36168707234815045
3,253.0,2972.593210645942,1979.7012939453125,68195,616.3515213725346,192.80652540508834,0.3645241177890044
3,258.7,2966.0893881453153,1992.689208984375,69036,616.7928761805434,193.37048786140565,0.3734761366439685
3,264.3,2981.6945810670063,2012.97119140625,69128,615.7700786945956,192.98447806966786,0.387455646712413
3,269.9,2969.547671455051,2015.29638671875,69056,614.4489979147359,192.63096617238185,0.3890583052004282
3,275.6,2947.095011534025,2005.359619140625,69360,613.4626730103806,192.76993944636678,0.38220931285260085
3,281.2,2962.415592765094,2009.4586181640625,69994,610.2948967054319,191.94402377346628,0.38503457898915394
3,286.9,2979.0265277737535,2029.1832275390625,69022,611.0128799513199,191.85298890208918,0.3986299154616158
3,292.5,2977.0132996852744,2020.6380615234375,68949,610.1278481196247,191.36763404835457,0.3927400950354271
3,298.1,2993.5136043093585,2022.4007568359375,69059,608.8818256852836,191.5962293111687,0.39395504613616944
3,303.8,2954.850757247945,1999.777099609375,69330,607.1485215635367,190.87650367806145,0.3783615189648482
3,309.4,2988.8049232745907,2019.9974365234375,68491,607.1197821611598,189.7613555065629,0.3922985393999219
3,315.0,2977.7225222595243,2006.591552734375,68510,604.5640198511167,188.78938841045104,0.3830584324169147
4,0.1,1283.3325175120262,611.9539184570312,23698,70.24765803021351,207.93632374040004,0.0021033043887439032
4,5.1,1273.105911537168,609.7922973632812,23784,71.02884291960981,210.45946855028592,-0.0014364517522822361
4,10.1,1279.7943756558236,613.1563720703125,23825,71.80482686253934,210.9983630640084,0.004072378697936245
4,15.1,1272.7871045703682,610.2321166992188,23171,68.57330283544086,210.41241206680766,-0.000716226917398727
4,20.1,1274.7198349948435,608.2127685546875,23272,69.02608284633895,209.11485905809556,-0.004023004416999185
4,25.1,1260.0763016537664,604.16650390625,23643,69.30507972761494,210.23195026011928,-0.010648952960402925
4,30.1,1260.0480641426918,603.8670654296875,23323,68.44959910817647,211.16348668696136,-0.01113929753991146
4,35.1,1250.3257044419836,602.4139404296875,24381,71.17193716418522,212.3953078216644,-0.013518858026853812
4,40.0,1256.120755831119,601.759765625,23709,69.9536041165802,212.45341431523894,-0.014590100016901196
4,45.1,1245.8675289726116,598.4207763671875,23039,66.47015929510829,213.54273188940493,-0.02005785186496354
4,50.0,1246.555795775819,596.0978393554688,24052,69.38208880758357,213.18696989855314,-0.023861770403796664
4,55.1,1255.7694936979278,597.1099853515625,23405,69.34552446058534,215.36419568468276,-0.02220433376254309
4,60.1,1240.8639875720535,593.2186279296875,24461,70.5947426515678,212.8035239769429,-0.028576614441537404
4,65.1,1542.319474340093,788.7940673828125,26481,70.20286242966655,208.4087081303576,0.2916873600541478
4,70.0,1470.3607980206575,741.9802856445312,25463,68.75175745198916,209.74064328633705,0.2150275921272609
4,75.1,1568.921980976843,798.0283203125,24917,66.49355861460047,209.93534534655055,0.30680888325271366
4,80.1,1462.1369868537786,735.2896728515625,24798,67.16283571255747,210.5423824501976,0.20407139920815248
4,85.1,1559.709192816563,792.0131225585938,26227,71.12624394707744,210.07229191291418,0.2969587142057702
4,90.1,1461.3844163867332,729.5414428710938,25899,71.3557666319163,210.84485887486002,0.19465840243816995
4,95.1,1553.1745988365283,791.3900146484375,25613,70.06723148401203,210.72431968141177,0.2959383457157167
4,100.1,1466.8268336878596,734.189208984375,25386,69.36937682187032,210.78153312849602,0.20226933790188692
4,105.1,1566.4123831322497,800.4752807617188,25777,69.4641346937192,210.14803894945106,0.3108158959997737
4,110.0,1467.280437226249,737.7862548828125,25799,70.26485522694678,210.74289701151207,0.20815966962809074
4,115.1,1559.1646397430013,796.1431884765625,26148,70.524246596298,210.57935597368822,0.30372189126683913
4,120.1,1469.4129690113916,742.285400390625,25106,67.32976180992591,211.27519318091294,0.21552723186492156
4,125.1,1570.1501579994538,800.5437622070312,25633,68.30452931767643,210.83345687200094,0.31092803758522186
4,130.0,1465.9554398378184,741.7792358398438,25157,66.90288985173113,211.45319394204395,0.2146983636223891
4,135.1,1561.887941046898,796.062744140625,24969,66.26416756778406,210.9143337738796,0.3035901598857155
4,140.1,1468.0866884594695,746.7738647460938,24167,62.94409732279555,212.350519303182,0.22287730321275648
4,145.0,1562.6689853382206,802.0586547851562,24008,63.808897034321895,212.34542652449184,0.3134087453845292
4,150.0,1467.7370421417534,737.6973876953125,23943,64.07396733909702,211.99239861337344,0.20801414543164465
4,155.1,1561.6852901370326,798.7745971679688,23644,61.811833869057686,209.77279648113685,0.30803094667987446
4,160.1,1459.9945062075528,735.06005859375,23117,60.487520006921315,210.94212051736818,0.2036953950687087
4,165.1,1549.827243762155,792.339111328125,24167,63.57624032771962,210.43116646666942,0.29749253613792576
4,170.1,1464.2642863136696,740.0971069335938,23834,66.59188554166317,212.73206343878493,0.21194379847537417
4,175.0,1554.7969723219073,794.63037109375,24243,64.30107659943076,209.5057129893165,0.3012445816973938
4,180.1,1466.5149529059422,745.0143432617188,23039,61.748513390338125,212.79005165154737,0.21999600408147396
4,185.5,1585.3322403475695,824.0809936523438,24398,62.24727436675137,206.67296499713092,0.3494713603683841
4,191.1,1598.25245171513,835.7818603515625,23351,61.3812256434414,208.2975461436341,0.3686320795497625
4,196.7,1623.8869928757306,848.15673828125,23441,61.56576084638027,209.04155112836483,0.3888965238007522
4,202.4,1643.8185487297137,869.5618896484375,23538,60.036366726144955,206.83439544566232,0.4239484652444542
4,208.0,1649.269184445974,868.4512939453125,23248,60.969932897453546,208.52038885065383,0.42212981258062676
4,213.6,1659.4441937680913,871.049560546875,23492,61.95219649242295,207.56802315681935,0.4263845962638062
4,219.2,1674.238041982106,873.127685546875,23248,59.19283379215416,207.8916896077082,0.4297876236268528
4,224.9,1683.9205574912892,875.7841186523438,22960,59.099433797909406,207.8656794425087,0.4341376576941071
4,230.5,1680.070352878275,885.0799560546875,22444,59.628185706647656,208.6051060417038,0.4493600283612266
4,236.2,1668.6504575394545,882.896240234375,22621,59.46346315370673,207.2123690376199,0.4457840910669632
4,241.8,1659.5477299438471,877.0109252929688,22973,57.4225395028947,205.3953771819092,0.4361466112302102
4,247.4,1669.2918577721266,875.0516357421875,22021,57.77843876299895,206.27414740475,0.43293818250073535
4,253.0,1756.4219025573193,895.0869140625,18144,64.19268077601411,230.55098104056438,0.4657468924437261
4,258.7,1740.2616802958487,897.1240234375,19199,64.4976821709464,226.9232251679775,0.4690827547930283
4,264.3,1750.3796986518637,902.8524169921875,18915,63.610520750726934,226.96817340734867,0.47846326848344695
4,269.9,1745.1105837424986,897.546875,18330,62.58952536824877,228.71303873431532,0.46977519410139257
4,275.6,1726.6373788799474,892.5579223632812,18267,63.203426944763784,228.69978650024635,0.46160554966917733
4,281.2,1750.212260146035,896.748046875,17667,64.36938925680647,231.45616120450558,0.46846707550037187
4,286.9,1725.3304526304419,889.1121215820312,18514,61.65869072053581,226.09727773576753,0.4559628889311558
4,292.5,1736.999164671159,884.5889892578125,17957,62.075012529932614,228.12702567243971,0.44855604715503694
4,298.1,1739.2222472542946,881.4274291992188,17755,61.052604900028165,227.8885384398761,0.4433788439601811
4,303.8,1726.7964489537096,934.2249145507812,17347,60.231221536865164,228.81368536346343,0.5298372077984578
4,309.4,1736.7623624782861,938.2321166992188,17270,59.37845975680371,227.7687898089172,0.536399189662105
4,315.0,1726.4762946323008,927.6600952148438,16916,61.37112792622369,229.66907070229368,0.5190870075777527
5,0.1,1665.9367691760003,885.23681640625,36517,380.6539967686283,288.1226552016869,0.005690024430196653
5,5.1,1658.058554690746,881.6746826171875,36103,379.7427637592444,288.88261363321607,0.0016431949819037221
5,10.1,1657.6682101317458,881.44921875,36282,377.4965547654484,288.4068132958492,0.001387052492235889
5,15.1,1651.784962948572,876.60546875,36031,378.03336016208266,288.02914157253474,-0.004115781286875981
5,20.1,1652.6811545748355,876.17529296875,35892,377.81249303465955,287.8722277944946,-0.004604490617460412
5,25.1,1629.3244529540482,861.8993530273438,36560,374.9797319474836,286.50024617067834,-0.02082294213501244
5,30.1,1627.7307692307693,861.8887329101562,36166,374.5900569595753,286.72087043079136,-0.0208350073199616
5,35.1,1618.7173101213687,856.4298706054688,36418,373.6199956065682,286.2933164918447,-0.027036651064117442
5,40.0,1629.6579955358372,857.9422607421875,36289,375.28961944390863,286.4477389842652,-0.025318471651156086
5,45.1,1621.3399158844666,851.3294067382812,35903,375.30253739241846,286.82101774225,-0.03283112948631077
5,50.0,1627.1838649155723,853.2459716796875,36244,373.90409447080896,286.26120185409997,-0.030653779643847415
5,55.1,1643.0116522427738,856.9118041992188,35358,374.3890208722213,286.80343910854685,-0.026489141291941694
5,60.1,1632.7352363309756,853.2258911132812,35628,372.3027955540586,286.2048669585719,-0.030676592551021405
5,65.1,1822.0590404903317,971.323486328125,36873,367.0425243403032,284.2853307298023,0.10349041362810066
5,70.0,1770.302679558011,937.5189819335938,36200,366.80093922651935,285.3817403314917,0.06508616719334201
5,75.1,1820.2778111846062,961.5064697265625,36586,364.3563111572733,284.78964631279723,0.09233760628561186
5,80.1,1743.960585183762,918.2964477539062,36433,363.2355007822578,284.63870666703264,0.043248043755072726
5,85.1,1814.4661735620039,959.5309448242188,36909,362.56959007288197,283.78999701969707,0.09009327386463764
5,90.1,1757.7212302697862,919.6550903320312,35732,360.32539460427625,285.0175472965409,0.04479155534684478
5,95.1,1821.473778636489,958.8353271484375,36230,360.0792437206735,283.99125034501793,0.08930300425046755
5,100.1,1783.2903817060399,931.3001098632812,34372,358.97701617595715,286.6908530198999,0.05802109998374387
5,105.1,1833.3996765558777,962.7348022460938,35864,358.9628318090564,284.3464755743922,0.09373307667125483
5,110.0,1761.0955185730559,918.698974609375,35993,359.1173005862251,284.1404995415775,0.04370534200070331
5,115.1,1833.0686901847318,967.8971557617188,35944,357.2787947918985,284.84350656576896,0.09959786599884154
5,120.1,1763.8380177720828,923.2698364257812,35899,356.43664168918355,284.9039806122733,0.04889815599873643
5,125.1,1834.6998741381196,964.685791015625,36548,356.42286855641896,284.21681076939916,0.09594953435458788
5,130.0,1749.5721472859784,916.6537475585938,36772,356.4692157076036,283.28888828456434,0.04138182313598229
5,135.1,1818.7013201767465,959.9493408203125,36889,355.0893220201144,282.35498387053053,0.09056860054754858
5,140.1,1759.9873801388735,924.30322265625,36292,353.6997409897498,283.90609500716414,0.05007215396640456
5,145.0,1848.5658984112777,973.6583251953125,35752,352.60830163347504,283.57711456701725,0.10614295147318818
5,150.0,1775.055847065831,932.2162475585938,35257,352.11884164846697,284.2121848143631,0.059061895535967524
5,155.1,1861.7710547366016,979.2791748046875,35004,351.41012455719346,284.5876185578791,0.11252862395789043
5,160.1,1797.5347094095941,940.2658081054688,34688,351.28537246309963,285.51464483394835,0.06820675100628494
5,165.1,1868.295884632923,980.8091430664062,35088,349.66823415412676,284.8941803465572,0.11426677333214694
5,170.1,1822.7761800843025,956.0490112304688,33451,351.12887507099936,287.05506561836717,0.0861375573647539
5,175.0,1900.3974556669236,1003.5650024414062,33722,351.4987545222703,286.57701203961807,0.14011899767103098
5,180.1,1853.381082011327,982.6517333984375,31959,355.4107763071435,289.14847147908256,0.11636008292082647
5,185.5,1973.7664605197401,1048.212646484375,32016,354.91869690154925,288.4017053973013,0.19084179793888362
5,191.1,1996.8280080951797,1070.97705078125,32612,355.36210597326135,288.7608242364774,0.2167037298978417
5,196.7,2031.5962903025022,1089.268798828125,32132,354.5853977343458,289.8713743308851,0.2374844161494747
5,202.4,2060.983695823235,1109.51953125,31771,354.4415662081773,290.0412955210727,0.2604906436432243
5,208.0,2071.201336856832,1120.7078857421875,32165,354.24249961137883,289.55827763096534,0.2732013853273094
5,213.6,2101.373295225077,1142.06787109375,32189,353.2252632887011,290.940352294262,0.29746780058695593
5,219.2,2107.5304749503966,1144.7703857421875,32256,353.7771267361111,291.15683903769843,0.30053804345580065
5,224.9,2126.1582308051707,1155.944091796875,32105,352.4732596168821,291.4329543684784,0.3132321435054732
5,230.5,2127.290148993748,1160.3863525390625,32149,351.7804597343619,291.45345111823076,0.31827885782139204
5,236.2,2128.245090386837,1161.809814453125,32029,351.44081925754784,291.39982515845014,0.31989600864544
5,241.8,2123.886368606867,1160.6138916015625,32007,350.2046114912363,291.80735464117225,0.31853735787593496
5,247.4,2135.82420077124,1173.86181640625,32156,351.09009205125017,291.6312041298669,0.33358791335843685
5,253.0,2137.8416215379852,1166.00830078125,32315,350.9542627262881,292.4729382639641,0.3246657784286752
5,258.7,2145.709388136385,1167.9342041015625,32115,349.88005604857545,291.8140744200529,0.3268537373130766
5,264.3,2160.27496418115,1175.22900390625,32106,348.7041362985112,292.43013766897155,0.33514113257028294
5,269.9,2155.2073883054745,1174.662353515625,32186,347.9821972286087,291.80230535015227,0.3344973786790874
5,275.6,2149.2835238185194,1179.07763671875,31761,347.97169484588017,291.17036617234976,0.3395134446516297
5,281.2,2174.2825779259583,1195.94775390625,31793,346.92237284936937,291.0319252665681,0.35867906028351626
5,286.9,2182.1132684057243,1202.53466796875,31933,346.90282779569725,292.6792972786772,0.36616224855773194
5,292.5,2194.518830051615,1208.3226318359375,31386,345.1141910405913,290.73048492958645,0.372737774355025
5,298.1,2211.1537898555334,1223.818359375,31426,345.168650162286,290.7901100999173,0.39034198863814595
5,303.8,2194.0425108880895,1221.9761962890625,31686,345.3194470744177,291.79593511329927,0.38824916443047014
5,309.4,2206.288994204105,1227.76806640625,31229,344.22373434948287,290.10403791347784,0.3948291279969399
5,315.0,2210.930978582785,1231.14599609375,32077,344.592200018705,292.48137294634785,0.3986666888924939
6,0.1,5234.8207083933485,4013.55517578125,91644,651.5379621142682,492.08751254855747,0.004301234472388652
6,5.1,5187.880374910192,3976.37353515625,91862,647.4644140123228,492.33774574905834,-0.005002628547789606
6,10.1,5229.465605974333,4009.987060546875,91324,648.6852196574832,492.173152730936,0.0034083944894612917
6,15.1,5184.8824817041295,3978.936279296875,91824,648.3711774699425,491.7210859905907,-0.004361359899087006
6,20.1,5203.98238653178,4002.977294921875,91237,649.4339138726613,491.01781075660097,0.0016543594850267818
6,25.1,5141.030254104134,3947.364013671875,92285,648.4469848837839,491.2553719456033,-0.012261603935499335
6,30.1,5114.852564866475,3928.3837890625,92305,647.9152483614106,490.9833486810032,-0.0170109750468727
6,35.1,5138.634701998339,3956.0712890625,91476,648.2102518693428,490.6451418951419,-0.010082805578256483
6,40.0,5126.548286266253,3941.185302734375,92138,647.8373092535111,490.5530074453537,-0.01380768633631532
6,45.1,5098.809394947897,3917.974609375,91645,647.7092039936713,490.33513012166514,-0.01961563638878792
6,50.0,5121.492113461581,3940.93310546875,91802,645.5700311540054,489.51604540206097,-0.013870792987178405
6,55.1,5105.40949567739,3925.156005859375,92421,647.2150918081388,490.11314528083443,-0.017818654650997412
6,60.1,5036.447158455393,3868.32470703125,93875,645.8564900133156,489.94575765645806,-0.032039399369835166
6,65.1,5245.151038914371,3991.342041015625,94618,643.5308503667378,489.7210044600393,-0.0012570991469507842
6,70.0,5193.55006457535,3969.099853515625,93689,642.612409140881,489.15884468827716,-0.006822702554724593
6,75.1,5233.769029010747,3981.212890625,94172,641.65320902179,488.8036359002676,-0.003791689502864109
6,80.1,5099.281926029309,3889.229248046875,94578,639.3726130812663,488.44807460508787,-0.02680851168333806
6,85.1,5189.783708955146,3948.08837890625,95353,639.4896542321688,488.531446310027,-0.012080347949912919
6,90.1,5092.055603339767,3876.434326171875,95336,638.6892674330788,488.1044516237308,-0.03001015094609941
6,95.1,5182.960277876737,3925.017333984375,95438,636.8765586034913,487.42952492717785,-0.01785335414537324
6,100.1,5091.768113510282,3868.0458984375,95357,636.822309846157,487.77873674717114,-0.0321091649025415
6,105.1,5186.588939686268,3931.6220703125,95368,635.2493289153595,487.0262981293516,-0.01620066854440616
6,110.0,5075.7272964618405,3848.597412109375,95756,634.1382367684531,486.47684740381806,-0.0369757078980924
6,115.1,5167.080060675803,3913.374755859375,95590,631.8139972800502,485.2171984517209,-0.02076664549712418
6,120.1,5071.47126184121,3844.2880859375,95535,631.1576908986235,485.00057570523893,-0.038054019122084934
6,125.1,5202.822194991673,3941.30859375,95481,631.5357715147517,484.9364585624365,-0.013776835553463571
6,130.0,5061.094402088773,3834.1484375,95750,629.899227154047,484.5575770234987,-0.04059123637634009
6,135.1,5176.685864095287,3912.696533203125,94787,629.6020973340226,484.4710245075801,-0.020936355348138355
6,140.1,5108.8428469856635,3868.679931640625,94233,628.5806246219478,484.3347447284921,-0.03195051246082666
6,145.0,5255.767073824065,3963.579833984375,93330,628.2595842708669,483.4330226079503,-0.00820396235725539
6,150.0,5122.283488763022,3870.396484375,93397,626.6201483987709,482.7985802541838,-0.03152098403660755
6,155.1,5252.346150955147,3959.689208984375,93127,627.0840250410729,482.78940586510896,-0.009177503100870198
6,160.1,5168.498229973881,3903.442626953125,92654,624.67701340471,481.7397629891856,-0.023251935691133815
6,165.1,5283.7805437700235,3982.1201171875,92392,622.7692116200537,480.81502727508877,-0.0035646766136025235
6,170.1,5204.794337070808,3933.52294921875,91684,622.3625278129226,479.61352035251514,-0.01572501667255721
6,175.0,5316.0739765095195,4005.02197265625,91867,620.2783153907279,479.7719202760513,0.002165993755092922
6,180.1,5183.114800542741,3916.3828125,92125,618.5777042062415,478.82723473541387,-0.020013947486200605
6,185.5,5384.713633988067,4058.28955078125,91844,617.8782391881887,478.59102391010845,0.01549499812286734
6,191.1,5433.997522143129,4089.76171875,92015,616.0449165896864,478.2763788512743,0.023370194989043597
6,196.7,5456.053202523986,4100.29833984375,92552,614.8334125680699,476.8712939752788,0.026006745655015477
6,202.4,5507.011914217633,4147.68603515625,91907,615.3184414680057,477.61651452011273,0.037864442588727454
6,208.0,5545.756045495846,4179.85693359375,91349,615.567679996497,477.3086733297573,0.04591448092128333
6,213.6,5611.486985365424,4235.9833984375,90744,615.4774861147845,477.07336022216344,0.05995885690726366
6,219.2,5621.200377508444,4238.66845703125,90594,613.6138706757622,476.7894010640881,0.06063073197618156
6,224.9,5687.530704935778,4294.45703125,89611,615.0106683331287,476.79594023055205,0.07459055848995036
6,230.5,5689.309203318203,4309.3466796875,89446,613.6684815419359,476.42634662254324,0.07831635560789589
6,236.2,5696.2315771736685,4314.4150390625,89020,613.0649966299708,475.1016400808807,0.07958459769106879
6,241.8,5690.256973327306,4313.9921875,88480,612.6543286618445,474.93252712477397,0.07947878866948616
6,247.4,5707.604018314153,4335.85205078125,88893,610.996062682101,473.43209251572114,0.08494872410508998
6,253.0,5748.663902439024,4365.98828125,88150,611.8579920589904,472.88026091888827,0.09248963288460332
6,258.7,5770.702637480222,4400.11474609375,87849,610.6827966169222,472.25294539493905,0.10102900739664933
6,264.3,5786.050939252921,4422.5673828125,87889,610.4108705298729,471.6754428881885,0.10664727095257799
6,269.9,5777.816048680619,4425.859375,87920,609.4183462238399,470.39164012738854,0.10747101740004926
6,275.6,5718.2264727256215,4390.548828125,88068,606.8787187173548,469.77312985420355,0.09863535319130824
6,281.2,5784.274292967991,4438.55419921875,87443,606.5578033690518,469.5584323502167,0.11064760949257453
6,286.9,5805.36227324067,4458.99365234375,86766,606.872138856234,469.4430191549685,0.11576211947346257
6,292.5,5785.883827792865,4432.75341796875,87267,605.3453080775092,468.7349742743534,0.1091960954320645
6,298.1,5815.849709121847,4455.61865234375,86978,604.6777690910345,469.17105474947687,0.1149176022018931
6,303.8,5771.650600616075,4429.29931640625,87327,604.3107286406266,468.33777640363235,0.10833178478694262
6,309.4,5791.973152989316,4435.88330078125,87980,602.7896794726074,467.19938622414185,0.10997927768188516
6,315.0,5827.07206689793,4463.78125,87058,604.2890601667854,467.514335270739,0.11696010729865625
7,0.1,3392.137170662236,1960.977294921875,42130,209.63752670306195,558.2197721338714,0.006758392878712633
7,5.1,3365.439532785718,1950.8663330078125,42122,207.95539148188595,559.4479844261906,0.0015674629309668708
7,10.1,3375.9981044206784,1953.075439453125,42731,208.11827478879502,560.4128150523039,0.002701609899593258
7,15.1,3356.2156173880458,1944.036376953125,42696,207.7975454375117,560.1793610642683,-0.0019390109067750209
7,20.1,3359.968582824965,1930.110595703125,42620,208.8459174096668,559.7469967151573,-0.009088454802497975
7,25.1,3323.9394071691177,1922.58349609375,43520,209.25719209558824,560.2896139705882,-0.012952839528112181
7,30.1,3316.822887650882,1924.8226318359375,43080,206.62460538532963,560.7409702878366,-0.011803275631029028
7,35.1,3302.304293332118,1912.9039306640625,43882,209.57816416754022,560.237090378743,-0.01792229213778392
7,40.0,3293.908140776589,1909.1376953125,44013,205.56912730329677,559.9678049667144,-0.019855863250290408
7,45.1,3284.0787167304766,1920.3870849609375,43358,203.35363716038563,560.3841736242447,-0.01408046877088693
7,50.0,3300.250587886121,1943.767333984375,43801,203.10367343211342,560.1744480719618,-0.0020771365584771016
7,55.1,3312.996365225793,1957.196533203125,43469,203.83928776829464,560.3617290482873,0.004817363983741285
7,60.1,3288.9583333333335,1941.9912109375,43992,203.48261047463174,559.923622476814,-0.002988991473298008
7,65.1,3677.7529826958107,2184.620361328125,43920,202.82841530054645,559.8294171220401,0.12157590489003532
7,70.0,3551.486756394834,2111.20361328125,44059,200.83401802128964,559.8888535826959,0.0838840216308781
7,75.1,3674.4795407712686,2182.53564453125,44161,201.1312243835058,559.9487104005797,0.12050561910066684
7,80.1,3525.299222416177,2090.94287109375,44111,199.7828886218857,560.0495114597265,0.07348223253518636
7,85.1,3662.275989905532,2185.614990234375,44777,201.23800165263415,559.5231703776492,0.12208654364233502
7,90.1,3483.6385185505305,2074.648193359375,46279,203.90706367899048,559.0565915426004,0.06511660606372358
7,95.1,3581.705348303246,2139.053955078125,47473,211.0303751606176,558.1466517810123,0.0981822827179152
7,100.1,3518.1717457649606,2097.96923828125,45218,200.88723517183422,560.135145296121,0.07708954311230605
7,105.1,3620.8005604553155,2166.238525390625,46034,200.54994134769953,559.286397010905,0.11213873922038643
7,110.0,3466.5523254540276,2056.734619140625,45647,193.68192871382567,556.4141783687866,0.055919844205294826
7,115.1,3612.032446033638,2162.65771484375,45306,192.37668300004415,556.5989714386616,0.11030036450757842
7,120.1,3408.0127557517617,2017.434814453125,47116,191.65275065795058,552.5529331861788,0.03574347178625003
7,125.1,3625.6210585953672,2174.906982421875,45891,192.92116101196314,556.3922337713277,0.1165890925682395
7,130.0,3462.890233305817,2071.850830078125,46034,191.958639266629,556.3559325715776,0.06368045024049088
7,135.1,3605.0751783507167,2167.18798828125,46117,194.08664917492464,557.4554936357525,0.11262618990956011
7,140.1,3440.063727704985,2050.665771484375,46479,187.77643667032424,555.2151939585619,0.05280412056644698
7,145.0,3569.2181106069684,2146.449951171875,46724,185.22341837171476,553.1400350997346,0.10197935939002303
7,150.0,3474.9024411738787,2099.21142578125,45388,190.55534502511676,557.0280250286419,0.07772727751871275
7,155.1,3568.7284970986875,2155.6015625,46703,185.37299531079373,553.8023253324197,0.10667776234288374
7,160.1,3494.379689592343,2114.2998046875,45553,188.9796720303822,557.3057976423067,0.08547359469338789
7,165.1,3648.281828741754,2226.974609375,45627,189.41517084182613,557.3002827273325,0.14332041708080856
7,170.1,3481.033622606951,2098.1484375,45862,182.67550477519515,553.0138458854825,0.0771815433195196
7,175.0,3619.474363115619,2200.322998046875,46437,180.82171544242738,552.7188664211727,0.12963757972322446
7,180.1,3457.141095570601,2083.333740234375,47117,182.41182588025552,553.5052741048878,0.06957573327330001
7,185.5,3668.5984479029726,2217.206298828125,47162,177.61886688435604,553.2599974555786,0.1383054030606162
7,191.1,3721.6667015882326,2249.498779296875,47726,176.44128986296778,553.7324728659431,0.1548842414913188
7,196.7,3754.398648223169,2267.820068359375,47641,173.60181356394702,553.7548330219769,0.16429032262229062
7,202.4,3759.16023659371,2262.156005859375,48522,171.5052965665059,553.7390874242611,0.16138241416540472
7,208.0,3736.303680116087,2253.8251953125,49618,168.5355717683099,552.0431093554758,0.15710540725702893
7,213.6,3814.493984487918,2296.58642578125,49123,169.980518290821,555.5157054740142,0.17905886269769997
7,219.2,3834.401841997544,2318.294921875,48860,168.42112157183792,556.4021285304952,0.19020392322224228
7,224.9,3823.308997212809,2290.982421875,49871,166.22554189809708,555.3714984660423,0.17618178809772758
7,230.5,3815.684376120116,2288.4169921875,50218,164.12039507746226,555.4974112867895,0.1748647061121691
7,236.2,3833.479416930811,2288.805908203125,49531,165.53693646403264,557.2149361006238,0.17506437413681647
7,241.8,3823.0357971899816,2262.889892578125,49110,164.7136632050499,557.2469965383832,0.16175918885598226
7,247.4,3865.128678334584,2297.5478515625,49309,165.14790403374639,559.039850737188,0.17955245509008
7,253.0,3871.205039255067,2298.443115234375,49293,163.64946341265494,559.1553973180776,0.18001208010350245
7,258.7,3872.0073520451683,2312.673583984375,49238,162.19103131727528,558.1487672123156,0.18731794941966476
7,264.3,3907.8736590449334,2335.109375,48939,161.61306933120824,559.5145793743231,0.19883640043097706
7,269.9,3876.7695677629054,2329.955078125,49533,160.21337290291322,558.6733490804111,0.19619020373521087
7,275.6,3865.7334527760245,2316.758544921875,49117,158.9134922735509,559.1218722641855,0.18941515305331197
7,281.2,3892.5646896998137,2330.181396484375,49436,157.27639776680962,559.1506392102921,0.19630639473260453
7,286.9,3875.5723156171384,2310.3720703125,50086,153.59168230643294,558.6444315776864,0.18613636092729133
7,292.5,3866.7059289320005,2311.786376953125,50515,151.10218746906858,558.4419875284569,0.18686246065534048
7,298.1,3893.5727889798363,2341.13720703125,50090,148.81549211419446,558.7706528249151,0.20193106680168882
7,303.8,3859.062642862773,2330.455810546875,50748,149.6322219594861,558.9908567825333,0.1964472778837054
7,309.4,3901.3993312634343,2378.10107421875,50244,148.43022052384364,559.7926916646763,0.2209081776640317
7,315.0,3907.4081333068834,2377.5166015625,50410,147.83868280103155,559.622634397937,0.2206081115930927
8,0.1,2134.8804780876494,1509.506591796875,27861,1133.3493054807795,557.1703815369154,-0.00013136039284112442
8,5.1,2128.0501294923192,1504.8602294921875,28187,1132.0147230993011,557.6819455777486,-0.0032090229760695283
8,10.1,2115.501178836419,1498.2679443359375,28842,1130.3738298314956,558.5180639345399,-0.007575628081937871
8,15.1,2139.4978489315185,1519.1666259765625,28358,1131.6642217363708,557.7043515057479,0.0062672636915395005
8,20.1,2134.268240718103,1516.72314453125,28631,1130.911075407775,557.9823617756977,0.004648747759309174
8,25.1,2134.2460225476766,1517.4461669921875,28473,1131.2052470761773,557.5488006181295,0.005127664173686964
8,30.1,2146.6740033370015,1529.70751953125,28169,1132.0555930277965,557.0555575277788,0.013249352379355908
8,35.1,2155.989232359967,1539.897705078125,28047,1132.8610546582522,556.7175098941063,0.01999913871051059
8,40.0,2150.7760343371797,1539.9189453125,28424,1132.1420630453138,556.6638052350127,0.020013207840360623
8,45.1,2145.722208484934,1538.510498046875,28309,1132.4976155992795,557.0133879684906,0.01908027898858096
8,50.0,2163.615997168643,1550.0543212890625,28255,1132.314917713679,556.8374800920191,0.026726689347936775
8,55.1,2189.050226195989,1571.401123046875,28073,1132.956969329961,557.0701741887223,0.04086640741842257
8,60.1,2191.2823470768353,1571.6300048828125,28086,1132.682760093997,556.9340240689312,0.04101801442111687
8,65.1,2603.5663141047944,1916.33837890625,28742,1131.1563565513882,558.4563008837241,0.26934632704261574
8,70.0,2451.4159141612663,1787.1239013671875,28239,1131.7197846949255,558.0403342894579,0.1837570990282226
8,75.1,2648.8663873534488,1955.0267333984375,28403,1131.4412562053303,558.3263035594831,0.2949727619220392
8,80.1,2431.76704268505,1777.2890625,28722,1130.6796532274911,559.0052921105772,0.17724268762231757
8,85.1,2670.2142556622957,1971.1402587890625,28522,1131.2410069420098,558.4575415468761,0.3056460566258543
8,90.1,2495.5940889853114,1832.5244140625,28117,1132.5120389799765,556.9857025998506,0.21382954065439214
8,95.1,2701.2966854724964,1994.663330078125,28360,1131.1544781382229,557.105077574048,0.32122729450649157
8,100.1,2556.4494511842863,1872.64697265625,27696,1133.3531556903524,556.0714543616407,0.2404059652269651
8,105.1,2783.8417193789533,2066.70849609375,27824,1133.492380678551,556.3118890166762,0.3689486509588444
8,110.0,2598.3446834799042,1909.9072265625,27518,1134.968057271604,556.1122537975143,0.2650864532666442
8,115.1,2808.3706509640588,2089.366943359375,27851,1134.1026175002694,556.2808516749848,0.38395717822610365
8,120.1,2644.108019401189,1950.7027587890625,27421,1135.6266000510557,555.6717114620182,0.29210864285567245
8,125.1,2898.710331968412,2155.8349609375,27352,1135.0384980988592,555.7133664814273,0.4279843369509379
8,130.0,2652.2382206508405,1955.427978515625,27718,1134.2510642903528,555.9739880222238,0.2952385391048958
8,135.1,2892.6120839363243,2164.30517578125,27640,1135.2481186685961,556.971490593343,0.43359484719251246
8,140.1,2678.645323199369,1976.6868896484375,27893,1133.824866453949,556.7217222959165,0.309320040086347
8,145.0,2924.8382068372393,2182.540283203125,27906,1133.9251415466208,556.6835447573999,0.44567343773996865
8,150.0,2697.0511602998927,1993.0345458984375,28010,1133.5011781506605,556.3387361656552,0.3201484186467849
8,155.1,2896.6300441416706,2160.777099609375,28771,1131.2684995307775,556.6101630113656,0.4312579162101814
8,160.1,2711.6306834128545,2002.9326171875,28504,1132.5343109738983,555.9251333146225,0.32670471401396756
8,165.1,2909.30475767615,2173.26708984375,29279,1130.2049933399364,556.4435260767102,0.4395310497044084
8,170.1,2714.392040145354,2002.9024658203125,28895,1130.7569129607198,555.5506835092576,0.326684742318146
8,175.0,2917.003337041157,2174.07958984375,29667,1128.8828664846462,556.3293895574207,0.4400692343497062
8,180.1,2646.853781457604,1949.9285888671875,30557,1126.3468599666198,556.299080407108,0.29159584732975924
8,185.5,2948.8239132552026,2199.798828125,30803,1125.8560854462228,556.2200759666266,0.45710517174259585
8,191.1,3002.1350112215455,2250.1787109375,31190,1125.8982686758577,556.92943251042,0.49047585403378047
8,196.7,3031.2211833035485,2270.620849609375,31336,1125.3711067143222,556.6038103140158,0.5040163403725503
8,202.4,3061.1316165951357,2301.328857421875,31455,1125.637354951518,556.5187728501033,0.524356744424699
8,208.0,3085.9157446267327,2319.7373046875,31452,1125.7287612870405,556.3715820933486,0.5365501520088624
8,213.6,3141.7732067848783,2360.463134765625,31187,1126.1422387533266,555.3519415140925,0.5635261722120035
8,219.2,3139.7012896035662,2365.63525390625,31405,1126.007323674574,556.2524438783634,0.5669520861875542
8,224.9,3145.8776136399583,2368.788330078125,31613,1125.5361718280453,555.8394647771487,0.5690406242566709
8,230.5,3160.825878847434,2380.00146484375,31547,1125.7041874029226,555.878213459283,0.576467992818534
8,236.2,3151.2306170513425,2377.48046875,31845,1125.5275867483122,556.1545297534935,0.5747981326480579
8,241.8,3140.920335756857,2370.90673828125,32047,1125.0123256467064,555.2010484600743,0.5704438178165413
8,247.4,3168.769919231609,2393.46728515625,32067,1125.03327408239,555.0698849284311,0.5853874977151814
8,253.0,3155.986368660199,2381.91455078125,32572,1123.9835441483483,555.4880265258504,0.5777351847898541
8,258.7,3167.2875754881825,2388.831787109375,32621,1124.2310781398485,555.0776493669722,0.5823170314110143
8,264.3,3170.771295959228,2393.5458984375,32964,1123.5201735226308,555.1498907899527,0.5854395696670401
8,269.9,3163.735910937265,2385.799072265625,33235,1122.9324507296524,555.133323303746,0.5803082184110477
8,275.6,3135.5086550472906,2367.521728515625,33622,1122.513056927012,554.6153114032479,0.5682016513180277
8,281.2,3184.587052036943,2408.22412109375,33457,1123.2686134441224,554.2283229219595,0.5951621469640929
8,286.9,3192.378366274557,2411.817138671875,33494,1123.0908520929122,553.3515256463844,0.597542093906655
8,292.5,3192.1510315067685,2416.93603515625,33834,1122.771029142283,553.4186912573151,0.6009327542005126
8,298.1,3219.0719983455447,2433.478271484375,33848,1122.8048333727252,553.8782202788939,0.6118900189275077
8,303.8,3210.099702949913,2429.947998046875,34001,1122.8390341460545,553.4761036440104,0.6095516325179507
8,309.4,3233.1277551020407,2453.1201171875,34300,1122.3850437317785,553.221195335277,0.6249004063277901
8,315.0,3239.677413722866,2452.91650390625,34366,1122.2261537566199,553.3201129022872,0.6247655367381932
9,0.1,2764.7994673576623,1484.5035400390625,55572,456.3742892103937,671.7150723385878,0.002474463185136974
9,5.1,2770.767217555226,1491.8609619140625,54639,455.79734255751384,675.1342081663281,0.0074428767628999006
9,10.1,2748.228221325273,1481.89990234375,55249,456.0533041322015,674.1876414052743,0.0007162455517399492
9,15.1,2720.8560679524476,1474.4619140625,55686,455.81343605214954,674.1070825701254,-0.004306573935256511
9,20.1,2729.508421585282,1471.469970703125,55334,456.1976000289153,674.712834785123,-0.006327011564520006
9,25.1,2723.6587244944644,1472.769775390625,54645,456.3338640314759,675.2770427303504,-0.005449262895552332
9,30.1,2715.404409488958,1471.301025390625,54927,455.16199683215905,674.985125712309,-0.0064410991075188094
9,35.1,2699.4532483192047,1464.03857421875,54736,455.5053895059924,674.4296806489331,-0.011345379658942813
9,40.0,2695.9855615840797,1464.0047607421875,55477,455.1373181678894,673.8019359374155,-0.011368213654181735
9,45.1,2689.7892547785673,1462.21875,55299,454.145355250547,674.5593591204181,-0.012574293742054203
9,50.0,2694.267298150654,1465.3499755859375,55425,453.9270545782589,674.9630130807398,-0.010459799836373343
9,55.1,2697.3161248280358,1471.425048828125,55244,453.30106436898126,674.9830388820506,-0.006357346980577491
9,60.1,2704.0183358136287,1488.9774169921875,54429,454.25997170625953,677.8124161752007,0.005495639811514252
9,65.1,2976.985487712561,1653.93212890625,54161,453.21100053544063,677.8387215893355,0.11688835920614597
9,70.0,2897.0340898598365,1611.5428466796875,54151,452.96487599490314,676.7764768887001,0.08826318466209716
9,75.1,2955.113842766719,1640.52294921875,54505,452.8016512246583,675.9892853866618,0.1078332375129866
9,80.1,2848.885215827998,1589.9742431640625,54511,452.584744363523,676.4473042138284,0.07369806329471378
9,85.1,2958.9663277212867,1645.5245361328125,53991,452.5269581967365,676.7995777073957,0.11121077284484351
9,90.1,2867.1286634521207,1597.26416015625,53092,453.8260943268289,679.485496873352,0.07862089131519466
9,95.1,2996.1441455541426,1672.6268310546875,51115,456.4109361244253,685.4217548664775,0.12951275584461258
9,100.1,2872.866081805571,1607.3721923828125,53346,451.897443107262,677.9335282870318,0.08544677209410792
9,105.1,2979.355689028638,1669.558349609375,53111,452.66174615428065,679.604243941933,0.12744063260157723
9,110.0,2865.512445068134,1601.8746337890625,54158,450.62740500018464,677.7970752243436,0.08173431068768153
9,115.1,2968.691440400717,1669.3031005859375,54103,450.0757259301702,678.0727686080254,0.12726826478914188
9,120.1,2870.284004884005,1605.529296875,53235,450.83724992955763,679.130083591622,0.08420227813698875
9,125.1,2978.401063573533,1676.0333251953125,53969,450.9143767718505,679.416090718746,0.13181313660684135
9,130.0,2857.955058679571,1608.0289306640625,53937,450.29083931253126,679.6466989265253,0.08589026268755702
9,135.1,2947.209142176478,1666.55224609375,53729,450.91801448007595,680.7260138844944,0.12541063272159994
9,140.1,2865.2501662971176,1615.6458740234375,54120,448.70380635624537,679.1827420546932,0.09103392923960857
9,145.0,2973.0450555125226,1675.774169921875,54222,448.3760097377448,678.1582383534359,0.13163813093214013
9,150.0,2845.7028328663773,1611.4901123046875,54609,447.3528173011775,677.922631800619,0.08822757352150794
9,155.1,2951.5477345537756,1677.6851806640625,54625,447.5182608695652,677.9906270022883,0.1329286226125204
9,160.1,2853.0180948381326,1620.078369140625,54767,447.4410685266675,678.6288093194808,0.0940271610126068
9,165.1,2958.707679891414,1682.9752197265625,54519,447.66791393826,678.4072892019296,0.13650094758607254
9,170.1,2857.181013530671,1623.9656982421875,55134,445.34748068342583,676.7373490042442,0.0966522461331248
9,175.0,2954.1728772144165,1677.6619873046875,55658,445.11904847461284,676.6160839412124,0.1329129603053168
9,180.1,2840.396133516762,1618.2315673828125,55244,444.8214104699153,677.1092607341974,0.09278002919322176
9,185.5,2997.417836602008,1714.7298583984375,55986,443.7828921516093,675.5129853892045,0.1579446245444907
9,191.1,3047.9624308996904,1749.9647216796875,55897,443.56877828863804,675.6714492727696,0.18173847191540593
9,196.7,3091.055766543657,1784.7027587890625,55822,442.8040020063774,675.2428254093368,0.20519681617938104
9,202.4,3089.8680052317154,1786.05419921875,56578,443.3786630845912,674.1457987203506,0.20610943409017565
9,208.0,3109.422611678987,1808.291259765625,56546,442.3959961801012,674.1119088883387,0.22112595963780576
9,213.6,3135.244359702022,1819.0076904296875,56380,442.56521816246897,674.3986697410429,0.22836268746462798
9,219.2,3161.585684187973,1836.993896484375,56008,441.47644979288674,675.315437080417,0.24050864183462273
9,224.9,3158.281568696884,1832.0782470703125,56480,442.1364907932011,674.3512747875354,0.2371891394726149
9,230.5,3166.1080696512104,1847.9315185546875,56223,441.74814577663943,675.4517012610497,0.24789473861224975
9,236.2,3152.7556400282883,1830.197998046875,56560,441.1082920792079,674.1013790664781,0.23591942095757837
9,241.8,3144.364194564579,1828.2933349609375,56187,440.71817324292095,674.0453841635965,0.23463321580338015
9,247.4,3177.741661286852,1862.9661865234375,55764,440.1550104009755,674.8357004519045,0.25804754074079356
9,253.0,3163.6819625277867,1847.440185546875,56682,439.8100455170954,672.8219364172047,0.24756294499912102
9,258.7,3174.7992841652413,1859.6260986328125,56717,439.8575911984061,673.7344006206253,0.25579200363708454
9,264.3,3188.6708384819062,1867.55419921875,56650,439.23293909973523,672.9762047661077,0.2611457924052517
9,269.9,3184.9421592000854,1869.151611328125,56206,439.40360459737394,673.7223250186813,0.2622245132056002
9,275.6,3161.033068147436,1863.9659423828125,56187,438.9938241942086,673.7553526616477,0.25872266861446425
9,281.2,3200.546989166037,1885.120849609375,55566,437.99033581686643,673.0598747435482,0.273008423881253
9,286.9,3197.116052352825,1888.601318359375,55699,438.1723190721557,673.0495879638772,0.2753587591601417
9,292.5,3194.0685786874687,1880.5277099609375,55892,437.47131968796964,672.6368353252701,0.26990671002257094
9,298.1,3207.6744388716966,1889.64111328125,56226,436.41528830078613,671.6899477110234,0.2760609251220375
9,303.8,3187.2728412755287,1880.74951171875,55820,436.48192404156214,672.6353815836618,0.27005649113935476
9,309.4,3218.7921486651667,1901.7808837890625,56449,435.80378748959237,672.5608248153201,0.2842588240119855
9,315.0,3225.8437365166114,1904.7811279296875,55624,434.71688479792897,672.0859521070041,0.28628486709856393
10,0.1,3224.5711659846015,1891.794189453125,28834,58.22574044530762,683.0784837344801,0.009805926931169289
10,5.1,3192.6464486080235,1871.28955078125,28341,57.052574009385694,683.4387636286651,-0.00113908271939264
10,10.1,3201.236294215114,1874.28515625,27762,55.95410993444276,683.9516605431885,0.0004599179403808351
10,15.1,3179.7622033465786,1867.7823486328125,27431,55.44212751995917,684.0145091320039,-0.0030111645431885534
10,20.1,3187.9058641975307,1861.9664306640625,27216,55.10357877718989,683.7802763080541,-0.006115597608968808
10,25.1,3168.5801637513955,1863.7335205078125,26870,53.91417938221064,682.9874209155191,-0.005172356632975295
10,30.1,3153.0001126802886,1861.0162353515625,26624,53.41064453125,683.1554612379807,-0.006622794884261258
10,35.1,3144.7911772481775,1853.2686767578125,26477,52.551497526154776,682.0260603542697,-0.010758303192105714
10,40.0,3142.9267706624964,1856.2352294921875,26219,52.08516724512758,682.5078759678096,-0.0091748103626919
10,45.1,3110.1754669126126,1837.9228515625,26022,51.57743447851818,682.0018445930367,-0.018949630410610315
10,50.0,3120.554365828294,1846.43310546875,25963,51.00920540769557,681.6089049801641,-0.014407008976349205
10,55.1,3123.98297034291,1847.7003173828125,25896,50.69033827618165,681.1305607043558,-0.013730593905073392
10,60.1,3122.112937643247,1859.4141845703125,25306,50.09610369082431,682.8296846597644,-0.007477940958379722
10,65.1,3487.351993348905,2087.067626953125,25259,49.51969594995843,681.7616691080407,0.11403939781244202
10,70.0,3312.1359705317104,1960.7977294921875,24976,48.98650704676489,682.214565983344,0.046638783327044214
10,75.1,3446.236965872091,2065.1650390625,24877,48.67986493548258,682.0058688748643,0.1023481878539858
10,80.1,3247.796063600504,1917.169189453125,24591,48.146476353137324,682.7185555691107,0.02335064841236048
10,85.1,3436.5095224501447,2061.892822265625,24521,48.085477753762085,681.9646833326536,0.10060153701104009
10,90.1,3252.339388934765,1934.7352294921875,24220,47.43501238645747,682.0453344343517,0.032727086633308436
10,95.1,3418.9805210816144,2056.9970703125,24334,47.49260294238514,680.4824936303115,0.0979882721185839
10,100.1,3241.33460474474,1921.20458984375,23858,46.97300695783385,681.395590577584,0.02550467301752721
10,105.1,3422.294627531754,2054.154541015625,23304,45.893709234466186,680.9768709234467,0.09647098078347856
10,110.0,3228.9334836048142,1903.584228515625,23513,46.00808063624378,679.9481563390465,0.01609923906334375
10,115.1,3391.516378976368,2040.6895751953125,23231,45.54358400413241,679.17597176187,0.08928362268338429
10,120.1,3193.9108236308753,1879.705078125,23190,45.2751617076326,677.917248814144,0.003352975368821842
10,125.1,3385.126100091948,2035.4014892578125,22839,45.02136696002452,678.1970313936687,0.08646093692212158
10,130.0,3171.0937870472007,1876.7164306640625,22775,44.531503841931944,677.5205708013173,0.0017576887692605542
10,135.1,3343.1943969781455,2009.7537841796875,22238,43.92045147944959,678.7374314236891,0.07277065034419307
10,140.1,3167.412392285597,1889.5986328125,21933,43.1617653763735,678.5845073633338,0.008633978036846316
10,145.0,3336.668958247399,2021.1160888671875,21819,43.538017324350335,679.2814061139374,0.07883564551174461
10,150.0,3139.53331202338,1867.96142578125,21899,43.57363349924654,678.5127174756839,-0.0029155763619380364
10,155.1,3316.399434347181,2006.540283203125,21568,43.41320474777448,679.602002967359,0.07105534095672213
10,160.1,3155.8628016179273,1879.134521484375,21509,43.057092379933984,678.0557441071179,0.0030484224314224436
10,165.1,3320.251262447496,1988.0518798828125,21189,42.893340884421164,677.746519420454,0.06118656170133047
10,170.1,3172.7849703105226,1858.324951171875,20546,41.95054998539862,678.0470651221649,-0.008059354278964837
10,175.0,3318.675322762751,1976.9798583984375,20371,41.43026851897305,677.8092386235335,0.05527651451947335
10,180.1,3151.2964826674797,1848.020751953125,19674,40.106129917657825,678.0070143336383,-0.013559551658459483
10,185.5,3408.547934237216,2038.667236328125,18734,38.95713675669905,679.3313227287285,0.08820413434065946
10,191.1,3458.3948542780013,2057.95751953125,18151,37.617541733237836,678.7031568508622,0.098500942745768
10,196.7,3497.566877880184,2072.4765625,17360,36.73634792626728,680.2165898617511,0.10625094838853316
10,202.4,3502.6281299946722,2074.00830078125,16893,35.89273663647665,680.7609660806252,0.10706856290682319
10,208.0,3514.2951086956523,2069.1494140625,16560,35.13756038647343,679.2961352657005,0.10447497601759649
10,213.6,3507.6433836858005,2060.866943359375,16550,33.67625377643505,674.9226586102719,0.10005394118607121
10,219.2,3485.1190620089446,2051.46240234375,16546,31.953644385349932,668.5422458600266,0.09503396527611734
10,224.9,3507.3814904151327,2056.752685546875,15754,32.81814142440015,676.5673479751174,0.09785782389849969
10,230.5,3523.085976180918,2073.260498046875,14946,32.463200856416435,680.2297604710291,0.10666939917243964
10,236.2,3469.3791282256984,2009.93505859375,14958,31.28519855595668,675.6129161652627,0.07286741138656322
10,241.8,3489.4533238535373,2041.6552734375,14065,31.53451830785638,681.8027728403839,0.0897990951454653
10,247.4,3508.6015901698593,2052.84716796875,13835,31.096783520057823,681.9535236718467,0.0957731284172938
10,253.0,3523.5707375158145,2061.765380859375,13437,30.51700528391754,682.2945597975738,0.10053351106610108
10,258.7,3498.2067641411904,2039.2847900390625,13542,30.258455176487963,680.5996160094521,0.0885337734742289
10,264.3,3520.910171322735,2058.35986328125,12958,29.93386325050162,683.5362710294798,0.09871570664856397
10,269.9,3438.5571201453554,1994.5164794921875,13209,29.214929214929214,678.790521614051,0.06463724943320838
10,275.6,3414.625188118812,1980.0504150390625,12625,28.799128712871287,680.8891089108911,0.056915522775216706
10,281.2,3459.5944383951755,2002.966796875,11939,28.20705251696122,683.6253455063238,0.0691478778224838
10,286.9,3530.5797323135757,2082.64453125,10460,28.88814531548757,698.848087954111,0.11167842837861024
10,292.5,3524.2088875453446,2077.1474609375,9924,28.92049576783555,702.875856509472,0.1087441904930797
10,298.1,3534.642422334173,2091.96484375,9528,28.308459277917716,703.4317800167926,0.11665344461231131
10,303.8,3504.9130759385666,2050.4345703125,9376,28.198805460750854,703.9955204778157,0.094485326907931
10,309.4,3498.6719755300073,2035.1739501953125,9481,28.2078894631368,703.2627359983125,0.08633948063728793
10,315.0,3494.3740331491713,2011.4630126953125,9050,28.062320441988952,705.2813259668508,0.07368300597736943
11,0.1,3339.174826570078,2520.035400390625,65156,919.7757689238136,712.4740775983793,0.003774194433007295
11,5.1,3319.925441075384,2499.5537109375,65465,917.5980753074161,712.8800580462843,-0.0043840208556552235
11,10.1,3343.1501894697926,2516.3388671875,64918,917.3924797436766,714.0658985181306,0.0023018005779104553
11,15.1,3334.738649944899,2508.161865234375,64427,917.5903580796871,714.9985720272557,-0.0009552423775586989
11,20.1,3336.4161624891963,2508.71044921875,64792,916.4177367576244,714.4713544882085,-0.000736731777703828
11,25.1,3315.9590709509257,2492.075927734375,64453,916.6049989915132,716.6942578312879,-0.007362552748381009
11,30.1,3298.5217431704145,2479.0673828125,64572,916.1102335377564,718.1637706745958,-0.01254408380849097
11,35.1,3271.9979812500956,2461.307373046875,65387,915.1771147169927,718.9136219737868,-0.01961820645488286
11,40.0,3265.0036611038227,2460.557861328125,65554,915.5537419531989,721.1462916069195,-0.01991675008708333
11,45.1,3219.68049704821,2428.758544921875,66231,915.0457640681856,723.0974015189262,-0.03258297422197293
11,50.0,3223.9771616471116,2433.041259765625,66905,913.5808385023541,723.0433300949107,-0.030877093962669792
11,55.1,3237.166613633953,2446.568115234375,65997,914.3547282452232,725.534387926724,-0.025489110742572343
11,60.1,3217.187943853061,2434.917236328125,66041,915.1059947608304,728.7042140488485,-0.030129859672823407
11,65.1,3575.0992520443615,2726.267578125,65913,915.5757286119582,730.8135876079074,0.08592007938343252
11,70.0,3393.692406497922,2573.322265625,66175,914.6315527011711,729.8296788817529,0.02499928524570141
11,75.1,3566.0973439273553,2719.7744140625,66075,914.4610972379871,730.8990541051835,0.08333373852284501
11,80.1,3352.185646625841,2546.6474609375,66298,913.3739479320643,731.3914597725421,0.014374243794814365
11,85.1,3571.903349166123,2726.980712890625,65897,913.1943639315903,733.6490583789854,0.08620413343869557
11,90.1,3384.6091075236063,2564.1455078125,65660,913.4141181845873,734.2625494974109,0.021344022038160295
11,95.1,3580.0381157362885,2715.244873046875,65511,913.1301308177252,735.4227381661095,0.0815295430804296
11,100.1,3392.7234582238248,2563.940185546875,65444,912.4680031782898,735.4576126153659,0.02126223858712427
11,105.1,3583.8936793445923,2721.749755859375,65547,910.8858223869895,736.9245121820984,0.08412055172419158
11,110.0,3383.5466818700115,2557.5927734375,65775,910.9922462941847,737.4664690231851,0.018733953279769226
11,115.1,3548.730551424752,2692.990478515625,66573,909.7712736394634,738.357352079672,0.07266522834114571
11,120.1,3378.660382799812,2547.23974609375,65883,910.0306148778895,739.0381889106446,0.014610161336090697
11,125.1,3580.739284850683,2718.713623046875,66168,909.8965058638616,740.1494226816588,0.08291120690007268
11,130.0,3370.019636981212,2545.696044921875,65947,909.9413165117443,741.652342032238,0.013995278148337092
11,135.1,3552.994704579249,2694.13134765625,65906,909.6223409097806,743.1382575182836,0.07311965648227692
11,140.1,3360.233414233384,2532.580322265625,66337,908.7201712468155,744.333705172076,0.008771056321277292
11,145.0,3582.217001931001,2706.812744140625,65769,907.8413994435068,745.1322051422403,0.07817087859543292
11,150.0,3364.3286529645707,2524.61376953125,65878,907.0501836728498,745.3046844166489,0.005597838971982993
11,155.1,3561.158492678204,2693.693359375,66104,906.1516549679293,746.0768637298802,0.0729451980861311
11,160.1,3381.5684418145956,2543.240234375,65910,905.1552571688667,745.4584129874071,0.01301708583683725
11,165.1,3596.384092090378,2722.6357421875,65414,904.7336197144342,746.074082000795,0.08447345558127807
11,170.1,3414.7924813188506,2564.56982421875,64905,904.9573530544642,746.5629612510593,0.021513034687269224
11,175.0,3615.2000766988804,2731.102294921875,65190,903.4813161527842,746.1391317686762,0.08784583167934974
11,180.1,3409.3949329816273,2564.109130859375,65206,902.2431831426555,746.0898690304573,0.021329532461222878
11,185.5,3692.9291061409576,2793.92626953125,65055,902.0486357697333,746.4736607485974,0.11286972003219993
11,191.1,3752.096368090975,2835.56201171875,64897,901.4154429326471,746.6700001540903,0.12945396466916018
11,196.7,3787.4211096494623,2855.98291015625,64615,901.0902267275401,747.0952410431014,0.13758796583260513
11,202.4,3802.4868648515157,2858.199462890625,64788,899.7429616595666,747.6060381552139,0.13847085757095953
11,208.0,3820.909134511248,2868.512939453125,64634,898.5967138038803,746.7236748460563,0.14257889574642424
11,213.6,3855.8083436724564,2898.837158203125,64480,897.7301488833747,747.5855769230769,0.15465756267422745
11,219.2,3849.153066897276,2889.173828125,64756,897.3733708073383,747.1166532830935,0.15080848921946302
11,224.9,3859.007252862566,2899.572265625,64802,897.3767939261134,748.3458535230394,0.1549503688229426
11,230.5,3835.157319202377,2885.375244140625,65294,895.7777590590254,748.5586424480044,0.14929544675255518
11,236.2,3806.4372741901207,2860.590087890625,65874,894.67272368461,749.7103105929501,0.13942308533855138
11,241.8,3772.686577079873,2837.28173828125,66230,895.8192661935678,750.8664955458252,0.1301389618500136
11,247.4,3795.320677270395,2858.201904296875,66266,895.1515256692724,750.288896266562,0.13847183002578756
11,253.0,3784.2078057967983,2850.37255859375,66899,893.4580188044664,750.0226311305101,0.13535326463782768
11,258.7,3806.530669033151,2866.0224609375,66484,893.3140906082666,749.4938030202755,0.14158689457636658
11,264.3,3818.014158151799,2873.81201171875,66746,891.5468192850508,750.0006592155335,0.14468960895062982
11,269.9,3811.631499454173,2868.275634765625,66871,890.1223400278147,750.3164750041124,0.1424843731371412
11,275.6,3779.9331401860786,2843.6728515625,66961,888.6584280402025,750.3267274980959,0.13268465409879013
11,281.2,3816.7163719985665,2866.151611328125,66968,886.1881346314658,750.6217297813881,0.14163833743676857
11,286.9,3826.684861029864,2871.69677734375,66669,885.035113771018,750.9342123025694,0.14384707408763803
11,292.5,3829.8633040716663,2866.960693359375,66754,883.7694669982324,751.3537915330917,0.14196060896677257
11,298.1,3840.243072180991,2873.350830078125,66832,883.1583073976539,752.2861503471391,0.1445059122336179
11,303.8,3832.805706644229,2868.563720703125,66554,882.2611263034528,752.2332241488115,0.14259912280684695
11,309.4,3850.265618690079,2874.57568359375,66859,880.9923720067605,752.4878026892416,0.14499379282083277
11,315.0,3871.7870027926638,2890.435546875,66245,879.9968299494301,751.801418975017,0.15131105387458094
12,0.1,833.2163776696976,304.35736083984375,37832,1136.6796098540917,870.3993180376401,0.02343782757904547
12,5.1,827.4334840002055,299.3233337402344,38938,1135.9329960449945,868.9368996866814,0.00651031268477186
12,10.1,828.6037922631739,299.525390625,39396,1134.6260534064372,869.2501015331505,0.00718975299343171
12,15.1,825.9357893404228,292.95550537109375,39495,1134.6276237498419,869.4855551335612,-0.014902267627155788
12,20.1,827.2493761185752,290.774658203125,39671,1134.6549620629678,868.451513700184,-0.02223562563009344
12,25.1,824.17339014674,292.21173095703125,39662,1134.583404770309,869.1899803338208,-0.017403297562612344
12,30.1,821.5236104891277,284.51605224609375,40194,1134.0881474846992,867.8166144200627,-0.04328093258985471
12,35.1,821.8365216522651,285.1670227050781,40042,1134.4516757404724,868.9843664152639,-0.04109196699190527
12,40.0,821.8318808739167,288.3688659667969,40965,1134.024191382888,866.054656414012,-0.03032538818145758
12,45.1,819.2500247059986,287.0240783691406,40476,1134.2087162763119,866.3331850973416,-0.0348473964341996
12,50.0,821.8576150892033,283.7861328125,41142,1133.4223178260659,865.4088036556317,-0.04573537350550586
12,55.1,828.2028668078168,289.72747802734375,41091,1133.7678567082817,866.3580102698888,-0.025756893527896507
12,60.1,826.6015173764073,282.16705322265625,40860,1133.664561918747,866.4346549192364,-0.05117972120761124
12,65.1,915.4517134697763,326.88629150390625,42020,1133.0646120894812,865.5216325559257,0.09919403663830294
12,70.0,902.6448453362566,327.1587219238281,41962,1133.4311281635767,865.035794290072,0.10011011632949861
12,75.1,923.0253867791843,331.47344970703125,42660,1133.0509142053445,862.8819971870605,0.11461890171537277
12,80.1,896.6312565262791,327.5004577636719,43095,1132.9730595196659,861.6131569787678,0.10125924373870764
12,85.1,925.4172881121142,329.1661682128906,43313,1132.0954909611432,861.8152055964722,0.10686039325196424
12,90.1,901.7370990709975,326.7027282714844,44241,1131.4104563640062,859.9293415609955,0.09857678343537453
12,95.1,927.5368236871407,324.37384033203125,44007,1131.2534824005272,861.7424955120777,0.09074562072962629
12,100.1,911.5385514018692,322.7698059082031,43656,1131.3793751145317,862.8531702400586,0.08535186418779418
12,105.1,935.3684282584885,326.0478210449219,43824,1131.8136865644396,860.8547599488865,0.09637457998818523
12,110.0,914.4031827798731,324.81396484375,43484,1131.2892098243033,863.4004001471806,0.09222559175084549
12,115.1,940.4327083762562,329.6595764160156,43683,1131.5052537600438,862.2965913513266,0.10851953702336016
12,120.1,916.5390122835511,322.22393798828125,43717,1130.5519363176795,863.7506462017064,0.08351631837885312
12,125.1,950.4055066491852,329.6097717285156,42712,1130.7117203596179,867.4172129612286,0.10835206283762797
12,130.0,921.8521340404344,322.64990234375,43181,1130.178110743151,867.2480025937333,0.08494867419040338
12,135.1,937.3852623057724,323.50653076171875,44471,1129.9246924962335,861.5083087855006,0.08782918913740262
12,140.1,923.1850287026407,321.5060729980469,43550,1129.856119402985,865.030539609644,0.0811024119628124
12,145.0,951.8083402498935,327.6445617675781,44579,1129.202718768927,865.434644114942,0.10174381059227837
12,150.0,927.4027273350237,327.3472595214844,43779,1129.2220927842116,867.1164713675506,0.10074409642720296
12,155.1,956.9968952607068,329.4677429199219,43804,1129.549767144553,866.4597753629805,0.10787447407512941
12,160.1,934.3575216112646,326.6940002441406,44884,1128.2283218964442,865.4787674895285,0.09854743440527686
12,165.1,962.5959248001801,330.9484558105469,44415,1128.7857480580885,864.57235168299,0.11285354729309889
12,170.1,942.1125480443138,327.8474426269531,44230,1128.4001356545332,866.9181098801719,0.10242602161356981
12,175.0,970.2559354867775,330.7721252441406,44394,1128.0047528945354,866.4929945488129,0.11226061478993674
12,180.1,944.8772644322785,330.1465148925781,44934,1126.8506698713668,867.101838251658,0.11015692556964872
12,185.5,989.6162187541922,340.8995361328125,44726,1127.9504091579843,866.8832893618924,0.14631523850694542
12,191.1,997.3546816235136,345.3318786621094,45999,1126.597056457749,864.609469771082,0.16121951746623375
12,196.7,1003.8760978807079,344.35382080078125,45770,1126.0717282062487,866.1116451824339,0.1579306815725259
12,202.4,1011.3714004113815,344.9731750488281,46672,1125.4454919437778,864.6572034624614,0.16001333390061104
12,208.0,1016.3058724123363,341.5181579589844,47340,1124.636797634136,864.9613434727503,0.14839542797935804
12,213.6,1029.5887229812613,340.2872619628906,47282,1124.8500274946068,864.9935704919419,0.14425639378369476
12,219.2,1034.3721046388212,344.3398132324219,48051,1124.7767996503715,862.645543276935,0.15788357945778875
12,224.9,1038.252149291093,347.3392028808594,48737,1123.7463118370026,862.571906354515,0.16796938391275396
12,230.5,1038.7394539429547,348.2706604003906,49189,1123.5241009168717,862.0041066092012,0.1711015206142969
12,236.2,1039.3732500150213,351.3067321777344,49929,1123.0012017064232,860.7461595465561,0.18131067309086146
12,241.8,1035.7980818769072,346.7303161621094,50466,1121.8501763563588,859.9302500693536,0.16592192989698876
12,247.4,1046.5898808461707,353.5005798339844,50439,1122.606197585202,860.2027002914411,0.18868774678198655
12,253.0,1042.460235078614,349.7592468261719,52408,1120.444092504961,855.7524423752099,0.17610706953074612
12,258.7,1052.8032955106069,360.2738342285156,50675,1121.5726097681302,861.1567439565861,0.21146362032764718
12,264.3,1051.9216809193979,352.2775573730469,51686,1120.4656580118408,857.0649885849166,0.18457518828480302
12,269.9,1053.6709166892388,353.3534851074219,51686,1120.157702279147,857.9726424950663,0.18819312326775298
12,275.6,1044.3842082046758,355.45355224609375,52141,1119.7943077424675,858.0084002991888,0.19525484881380759
12,281.2,1059.8239016696161,362.2599792480469,51988,1120.197045472032,859.3335962145111,0.21814226919763668
12,286.9,1060.2680724646123,360.0289611816406,51501,1119.7388594396225,860.3848857303742,0.21064020558113056
12,292.5,1060.8210799267847,359.1783752441406,52448,1118.556932580842,859.5159395973154,0.2077800091934297
12,298.1,1072.2857226231931,368.3674621582031,51403,1119.6316946481722,862.0955002626306,0.23867940693696543
12,303.8,1065.3229499111358,362.6535339355469,52327,1118.6012956982056,861.9604028513005,0.21946564364567736
12,309.4,1079.5680246264149,368.2344665527344,51327,1119.466499113527,861.9650671186705,0.2382321933944281
12,315.0,1073.5202207271902,357.5579833984375,52916,1117.399916849346,859.1890921460428,0.20233124887491105
13,0.1,2590.2459207459206,1695.6982421875,56628,520.4951790633609,930.4710567210567,0.007210196205418629
13,5.1,2577.2279794550363,1680.2640380859375,57435,518.9047444937755,931.036719770175,-0.001957406469780888
13,10.1,2587.602429508778,1687.7847900390625,56390,519.4265295265118,930.8009221493172,0.0025097669115793325
13,15.1,2571.352363817735,1681.756103515625,56138,519.7010224803164,929.7997969289964,-0.0010711500140047807
13,20.1,2582.5401978642094,1672.2940673828125,55998,519.1873816922033,930.5075716989893,-0.006691406633212292
13,25.1,2570.739043080917,1655.98681640625,56243,518.9386768131145,930.3700193801895,-0.016377581358784934
13,30.1,2561.7144542140254,1653.7845458984375,55956,519.0073450568303,929.6248123525627,-0.017685685156433362
13,35.1,2566.6854857428534,1652.0858154296875,56007,518.0858107022336,929.5746067455854,-0.018694696433417764
13,40.0,2565.3757352810508,1655.0985107421875,56271,518.8155533045441,927.9545414156493,-0.016905216818875152
13,45.1,2548.6156113517495,1648.569580078125,55639,519.1032009921098,928.263304516616,-0.020783268568624405
13,50.0,2563.4761296729803,1654.0096435546875,56388,517.9217918706107,928.3290239057956,-0.017551981736286824
13,55.1,2565.8423987615665,1661.8487548828125,56846,516.7678112795975,927.9177602645744,-0.012895709374589202
13,60.1,2555.7364422321193,1659.04296875,57255,516.5397607195878,927.1574709632347,-0.014562289153368047
13,65.1,2884.7580005614427,1881.8236083984375,56996,517.1886974524529,926.3413397431399,0.11776487035444966
13,70.0,2765.298189339363,1797.5142822265625,57051,516.510508141838,927.1333368389686,0.06768684889824104
13,75.1,2883.6615199413795,1876.867431640625,57318,516.3935587424544,926.4627516661433,0.1148210023710605
13,80.1,2730.698944245703,1780.642578125,57305,516.6080097722712,925.5967716604135,0.05766540052041374
13,85.1,2877.763472254366,1868.1083984375,56171,517.4952555589183,926.0831567890905,0.10961831516433883
13,90.1,2752.446594793584,1787.585693359375,57045,516.037251292839,925.5980892278026,0.061789469463523726
13,95.1,2884.005909764502,1874.0269775390625,56009,517.1893624238961,926.0112124837079,0.1131338305254044
13,100.1,2754.954620694513,1789.445068359375,56788,515.8140452208213,925.3126540818482,0.06289390031800966
13,105.1,2898.725031942078,1882.116943359375,56352,515.0645584894946,926.0442930153322,0.11793910534285103
13,110.0,2767.6314607933255,1796.0928955078125,56572,514.9651240896557,925.6627483560773,0.0668425741562745
13,115.1,2901.280096664712,1884.547119140625,56277,515.241288625904,924.8446256907795,0.11938258022803394
13,120.1,2772.992862793355,1793.7724609375,56885,514.0804078403797,925.3122967390349,0.0654642833137769
13,125.1,2916.988173950438,1893.8975830078125,55809,515.6331236897274,924.5115124800659,0.12493656519539008
13,130.0,2765.398668968094,1800.512939453125,56197,514.8002918305248,924.9137142552094,0.06946799017584393
13,135.1,2898.277242415032,1895.738525390625,55933,514.9836768991472,924.2915452416283,0.12603004745093777
13,140.1,2777.083440398458,1813.3497314453125,56819,513.2221968003661,925.2991252925958,0.07709278299536121
13,145.0,2920.4827085722477,1898.2508544921875,55808,514.8244696100918,923.7671659977065,0.1275223197340375
13,150.0,2766.1774753653335,1799.6953125,56729,513.1474730737366,924.0409843290028,0.06898233642956328
13,155.1,2906.763865725134,1905.80517578125,56362,514.1445477449346,923.05377736773,0.13200943261677534
13,160.1,2784.3038711947916,1815.8175048828125,56830,511.4355446067218,924.4297202181946,0.07855859012208703
13,165.1,2916.092477766361,1913.75146484375,56446,513.3456046486908,922.541951599759,0.1367293663683258
13,170.1,2784.0058001811467,1814.1405029296875,57412,511.1688845537518,922.25087089807,0.07756248514053977
13,175.0,2930.6839519839486,1940.7095947265625,57814,511.0329504964196,922.5272425364099,0.15274194609098402
13,180.1,2759.840122638097,1830.69140625,58057,511.58273765437417,922.0638510429405,0.08739338439247493
13,185.5,2957.566128752386,1978.5562744140625,57630,512.222054485511,921.0985077216727,0.17522210248048123
13,191.1,3001.7190902492134,2013.47900390625,57862,512.0023849849642,920.9934153675988,0.19596549204635041
13,196.7,3027.024373353152,2035.657958984375,59204,510.8343355178704,920.4079622998446,0.20913933933833773
13,202.4,3038.2138194421077,2043.022216796875,59438,510.9713987684646,921.1750227127427,0.21351355838963945
13,208.0,3056.0965718502616,2057.419677734375,59624,510.6519690057695,920.6790218703877,0.2220653567550209
13,213.6,3085.3188067181363,2063.2626953125,59064,510.47094676960586,920.1129960720574,0.22553599011116743
13,219.2,3099.9057175761272,2069.478515625,59046,508.5678454086644,919.4783389221963,0.22922806069352197
13,224.9,3096.8136946198492,2061.767822265625,58753,507.275237009174,921.0961482817899,0.22464806598800338
13,230.5,3087.1609818728566,2073.169921875,59193,505.4195090635717,921.9377798050446,0.2314206807722808
13,236.2,3089.7728199551416,2071.578125,58852,504.8655610684429,921.6782267382587,0.2304751858705938
13,241.8,3085.338918077114,2068.1025390625,58433,504.61300977187545,920.4450738452587,0.22841075865887348
13,247.4,3100.5292192852394,2088.720458984375,58677,504.6471019309099,920.0392658111356,0.24065738288316343
13,253.0,3113.299320075661,2095.129638671875,58683,503.4873302319241,920.7756079273385,0.24446430499345295
13,258.7,3122.2827098776074,2096.998779296875,58010,503.95138769177726,920.5147560765386,0.24557453643015784
13,264.3,3142.228149829739,2112.140625,58146,503.009940494617,920.7318474185671,0.25456848417517786
13,269.9,3134.305294656911,2110.85986328125,57813,503.8107000155674,918.893034438621,0.25380773781716404
13,275.6,3123.7150649085843,2109.15283203125,58852,500.46124175898865,920.7107659892612,0.25279379604529356
13,281.2,3144.3282080002714,2121.358154296875,58923,500.79274646572645,919.3047876041613,0.2600435087170787
13,286.9,3140.944520244227,2130.2978515625,58634,500.1812770747348,919.4677661425112,0.26535350669485075
13,292.5,3153.350571103681,2136.279052734375,58921,499.0523412705148,918.9115765177102,0.26890621828939526
13,298.1,3164.5923750643997,2141.27734375,58230,499.2381590245578,917.5569122445474,0.2718751012836036
13,303.8,3146.307222146554,2132.778564453125,58736,497.72272541541815,918.0165826750205,0.26682699959301664
13,309.4,3176.6773686573865,2151.423828125,57902,497.43482090428654,918.5495319678076,0.27790190620908095
13,315.0,3174.2707164194567,2149.28466796875,57913,496.3871842246128,917.3514409545353,0.2766312886740224
14,0.1,2793.991746031746,1849.3421630859375,39375,342.7936,916.4274793650794,0.0064661239405881315
14,5.1,2765.268402938306,1828.8961181640625,38934,339.3955925412236,916.6267272820671,-0.004661212034976506
14,10.1,2779.496755460169,1841.0174560546875,39605,340.68930690569374,916.8630223456635,0.0019355747615751161
14,15.1,2768.079255186203,1836.4296875,40010,341.4013746563359,917.5324918770308,-0.0005612231414521311
14,20.1,2770.07909164068,1831.619140625,39764,341.277939845086,917.4839301881099,-0.0031792635257348587
14,25.1,2749.6077789253595,1810.9295654296875,39697,340.2864448195078,917.266846361186,-0.014439135802726719
14,30.1,2739.3241489467905,1807.7518310546875,40068,339.76150544075074,917.3176849356095,-0.016168551842202155
14,35.1,2734.6375467502276,1803.96142578125,39572,338.6441423228545,917.3447387041342,-0.01823140131368924
14,40.0,2729.388912431139,1795.926513671875,40117,338.1391928608819,917.0301119226264,-0.022604235615715673
14,45.1,2716.1553846914558,1792.3243408203125,40448,339.2607792721519,917.0722409018987,-0.024564643494821414
14,50.0,2723.1252545568823,1796.46044921875,39775,336.41611565053427,916.3609553739786,-0.022313652266120344
14,55.1,2725.9416948119556,1798.0003662109375,39379,335.4449071840321,916.3332740800935,-0.02147558437514068
14,60.1,2718.296751603752,1799.3892822265625,39127,334.0236665218391,915.9069184961791,-0.020719695634469525
14,65.1,3466.8204073340444,2405.423828125,39378,334.3094621362182,916.8838945604144,0.3091020391204909
14,70.0,3152.598922011904,2145.72314453125,39147,333.77229417324446,915.7402610672593,0.16776532727849927
14,75.1,3484.2915984445353,2415.027099609375,39088,333.0205433892755,915.9145517805977,0.3143284204905559
14,80.1,3118.2874505226832,2122.58447265625,39412,332.42611387394703,915.9862224703136,0.15517258491853278
14,85.1,3476.7618386817,2413.63818359375,40355,334.1663982158345,916.4816999132697,0.31357253174988475
14,90.1,3139.9104322210374,2137.89794921875,39378,331.4260500787242,916.0255980496725,0.16350662699444374
14,95.1,3486.2860605757696,2426.421142578125,40016,333.88492103158734,917.2274590163935,0.3205293921072061
14,100.1,3145.8399919136787,2143.7783203125,39573,332.23705556819044,916.6213832663685,0.166706897025698
14,105.1,3498.0169319164083,2436.50634765625,39334,331.6893272995373,917.3322316570906,0.3260180558422008
14,110.0,3150.94999745145,2145.766357421875,39238,331.40009684489524,916.9603700494418,0.167788844998151
14,115.1,3499.900208005682,2436.573486328125,39422,331.21883719750394,917.6672416417229,0.3260545946721682
14,120.1,3150.731148885983,2142.01318359375,39003,329.3127451734482,916.8009383893547,0.16574625796873677
14,125.1,3514.5695095204865,2455.428466796875,40124,331.5179194497059,918.7928172664739,0.3363160268117416
14,130.0,3144.9612455703837,2148.67578125,39789,330.1166151448893,917.8562165422604,0.16937223858622943
14,135.1,3481.1023659463785,2436.78759765625,39984,330.3545668267307,918.5746048419368,0.32617112032264606
14,140.1,3147.99282588786,2166.06982421875,39308,327.9288948814491,918.4120535259998,0.17883858578571213
14,145.0,3517.613517634414,2463.758544921875,40007,330.97265478541254,919.9731796935537,0.340849499097152
14,150.0,3139.4005810281674,2162.4873046875,39585,328.04761904761904,919.0894025514715,0.1768888738186514
14,155.1,3474.985798321396,2446.811767578125,40629,328.27834797804525,919.8280784661202,0.33162656693948855
14,160.1,3140.030208964264,2163.961669921875,39624,325.97806884716334,917.8122854835453,0.17769126652473563
14,165.1,3502.0359979217696,2473.2451171875,40419,327.40515599099433,919.4378633810832,0.34601236933731006
14,170.1,3175.049954983923,2211.255615234375,38875,326.1793954983923,919.8739549839229,0.20343001556461143
14,175.0,3531.9259145167503,2516.119140625,38955,325.4725965858041,920.5653446284174,0.3693456675490771
14,180.1,3165.765314139443,2204.999267578125,39457,325.28676787388804,919.8211977595864,0.2000251280855397
14,185.5,3673.545246190656,2638.66650390625,39705,326.6450321118247,920.9084246316585,0.43603952884892755
14,191.1,3731.8867574099986,2689.623291015625,39305,326.93555527286605,921.5474621549421,0.46377170358335235
14,196.7,3737.803900268984,2675.80517578125,38664,324.36871508379886,919.6873577488103,0.45625148090216994
14,202.4,3775.2959612025134,2711.5107421875,38353,325.2036607305817,920.6567413240164,0.475683495021199
14,208.0,3743.3227580153853,2671.691162109375,38738,322.5454076100986,919.5793794207239,0.45401251427024
14,213.6,3738.532052736394,2657.1728515625,39669,320.7577705513121,918.404119085432,0.4461112248096157
14,219.2,3707.5351243283767,2630.229736328125,40015,318.2457828314382,917.2959390228664,0.4314479930409871
14,224.9,3755.030472027533,2668.6435546875,39807,320.70902102645266,918.7261536915618,0.452353917126665
14,230.5,3711.496016084593,2638.104248046875,40287,317.22865936902724,916.7781418323528,0.4357335327565096
14,236.2,3690.9762571204087,2605.95361328125,40728,315.5307159693577,915.7399823217443,0.41823621646713643
14,241.8,3698.603441881166,2615.451416015625,40443,316.7768216996761,916.5340602823727,0.4234051986570345
14,247.4,3711.8963794334095,2628.306396484375,40629,316.31265844593764,915.8676314947452,0.4304012552137754
14,253.0,3731.7874243292395,2641.609130859375,40141,315.5886001843502,915.9006003836477,0.43764099254928074
14,258.7,3742.5918605227916,2650.435302734375,40322,317.1848370616537,917.2983482962155,0.4424444535710321
14,264.3,3778.9061453639133,2677.195556640625,39721,317.2431711185519,917.4900430502756,0.45700816685367673
14,269.9,3740.8160279426493,2649.927734375,40941,316.39144134241957,917.4704819129968,0.44216822001647854
14,275.6,3690.414021329204,2608.742431640625,40039,311.3148430280477,914.6557856090312,0.41975397302974615
14,281.2,3757.3411967196516,2662.035400390625,39508,313.223752151463,915.7579730687455,0.44875756617856405
14,286.9,3743.1440846167375,2654.474365234375,39803,311.93173881365726,915.821320001005,0.44464262958187123
14,292.5,3741.6369954422985,2657.48779296875,39713,310.99191700450734,915.9582252662856,0.44628262513928096
14,298.1,3734.9356686168508,2651.9736328125,40509,310.8295934236836,915.7118418129305,0.44328165781693984
14,303.8,3708.523695798194,2642.220703125,40197,309.0142050401771,915.6310918725278,0.43797382807316565
14,309.4,3742.010252718336,2668.302001953125,40282,309.40571471128544,916.2732485973884,0.4521680341334854
14,315.0,3726.8619906149665,2653.315185546875,40490,308.08686095332183,915.8759940726105,0.4440117700739249
15,0.1,3463.2551788223564,2509.756103515625,44122,762.8892389284257,1005.3511173564208,0.009932745886890837
15,5.1,3428.3710402105835,2480.454833984375,44068,761.8556095125715,1004.9341926114187,-0.0018581654109100854
15,10.1,3445.0088236628408,2485.173828125,44086,761.9696955949735,1004.8043369777254,4.077078595366847e-05
15,15.1,3419.966670422535,2468.876708984375,44375,761.7465690140845,1004.4419154929577,-0.006517234695408335
15,20.1,3447.5767456656595,2481.10107421875,44009,761.7260105887432,1006.0741893703561,-0.0015981165665260844
15,25.1,3431.139457714948,2466.818603515625,43999,761.7735857633128,1006.4406236505375,-0.0073454219859852635
15,30.1,3451.1771283939256,2482.96484375,43460,760.5248044178555,1007.6518637827887,-0.0008481305906940239
15,35.1,3461.4158963601576,2487.6748046875,43381,760.9953205320302,1008.681450404555,0.0010471706204341017
15,40.0,3462.147150850748,2480.203857421875,43785,760.5822998743862,1008.367203380153,-0.0019591590686459195
15,45.1,3438.195651680033,2470.80615234375,44017,760.1237930799464,1008.8281800213554,-0.00574082139084968
15,50.0,3458.8569766646137,2475.102783203125,43839,759.7924678938845,1008.9862223134652,-0.004011845337840977
15,55.1,3457.962838984009,2476.927978515625,44213,758.6047768755795,1009.5925632732454,-0.003277381733528627
15,60.1,3436.2934620427727,2451.250244140625,44234,758.745919428494,1008.9242664014107,-0.013610172537054013
15,65.1,3792.164727938021,2694.7587890625,44273,758.33282135839,1009.5799471461162,0.0843783344239928
15,70.0,3619.4083074762757,2567.447998046875,44153,757.6030167825515,1009.5707879419292,0.033148122623198266
15,75.1,3792.33513427618,2692.7763671875,44051,757.5250505096366,1009.145467753286,0.08358060241930897
15,80.1,3589.584575928826,2553.39013671875,44061,756.3505367558612,1009.2458863847847,0.027491200632841193
15,85.1,3825.8035874645975,2734.138671875,43429,755.0923806672961,1010.49257408644,0.10022490737417768
15,90.1,3638.4096807652413,2605.960693359375,43385,754.6643540394145,1009.8321770197073,0.04864573694276283
15,95.1,3834.3508225467804,2763.0146484375,43341,753.8209778269999,1009.8770448305299,0.1118446796138309
15,100.1,3639.178132904116,2622.190673828125,43490,753.3120947344217,1007.5388135203495,0.05517672563825192
15,105.1,3825.664855819924,2767.58447265625,43626,751.7931967175538,1007.1527300233805,0.11368358942462793
15,110.0,3623.659554052819,2620.431396484375,43772,751.8892214200858,1005.9026546650827,0.05446878760552388
15,115.1,3814.9792768656544,2764.702880859375,43671,751.7565432438003,1004.8684023722836,0.11252402897496251
15,120.1,3626.049061686681,2621.377197265625,43802,751.0853385690151,1003.6526414318981,0.054849380436329934
15,125.1,3824.246557377049,2768.71826171875,44225,750.7546184284906,1002.7709892594686,0.11413982925587814
15,130.0,3564.929817552271,2575.924072265625,45054,749.3946153504684,1000.080592178275,0.03655891815751022
15,135.1,3748.5808968589986,2706.76708984375,45113,748.0112384456809,1000.466539578392,0.08921050762379312
15,140.1,3587.4601611261123,2591.0888671875,45182,747.7989243504051,1000.8230711345226,0.04266127326476833
15,145.0,3806.104712740866,2741.098388671875,44942,747.0649503804904,1000.9511147701481,0.10302551651919267
15,150.0,3607.0636760902526,2591.7548828125,44852,746.4347186301615,1001.1034290555605,0.042929279780627626
15,155.1,3815.3761130899375,2754.0380859375,44920,745.1384683882458,1000.8983526268922,0.1082324862211936
15,160.1,3639.5342097068374,2606.900390625,44958,744.764958405623,1001.6480048044842,0.04902387370212589
15,165.1,3846.0606558833983,2764.414306640625,45008,744.0229070387487,1001.4474315677213,0.11240790591713785
15,170.1,3698.5309152542372,2633.787841796875,44250,743.7674124293785,1004.3643389830509,0.0598434578656523
15,175.0,3887.9778935133445,2781.450439453125,44738,742.2200590102374,1003.7816844740489,0.11926329252881733
15,180.1,3673.4582647385982,2623.42333984375,44950,741.0262068965517,1003.2954616240266,0.0556727538268786
15,185.5,3937.3836015630172,2809.758056640625,45297,740.1716007682628,1002.562686270614,0.13065435539569914
15,191.1,3972.7296789692073,2831.688720703125,45790,739.1634417995195,1002.041362742957,0.13947931481894282
15,196.7,4026.754264932775,2872.1982421875,45370,739.574212034384,1003.0530967599735,0.1557804574717967
15,202.4,4074.144601996643,2909.0625,45276,738.5670112200725,1003.9338722501988,0.17061473601603794
15,208.0,4097.311987374692,2928.09521484375,44989,737.9957989730823,1003.572984507324,0.17827355271814901
15,213.6,4100.527894263069,2940.2783203125,45547,737.9052846510198,1002.283816716798,0.18317606780407664
15,219.2,4105.130967032967,2934.458984375,45500,735.473978021978,1001.3356263736264,0.18083435104747025
15,224.9,4105.076080767378,2930.773193359375,45662,735.6008716219176,999.682515001533,0.1793511786244762
15,230.5,4096.253487558491,2940.417236328125,45734,734.7241658284864,998.8867582105217,0.18323196799011912
15,236.2,4101.663693541671,2942.13330078125,45631,733.2658280554886,998.1553987420832,0.18392251703703077
15,241.8,4076.857256443669,2923.4775390625,45277,733.1572763213111,996.4116217947302,0.1764153873072389
15,247.4,4078.6841073878113,2922.153564453125,45927,731.9213969995862,995.121889084852,0.17588261628982507
15,253.0,4115.876669842043,2938.880615234375,45139,731.135005206141,995.5104676665411,0.18261362744363144
15,258.7,4143.1784487596815,2946.57568359375,44545,730.8394432596251,995.8791783589628,0.18571014407609812
15,264.3,4169.988446233156,2955.59814453125,44228,729.7707786922311,995.8437415212082,0.18934080712598675
15,269.9,4184.416108150148,2962.756103515625,43717,729.7633872406615,996.3724180524739,0.19222118947147013
15,275.6,4151.767202279202,2940.220458984375,43875,728.4075441595442,996.2455612535613,0.18315278424679707
15,281.2,4196.221760110294,2964.60302734375,43520,727.7479779411765,996.9540211397059,0.19296439669011953
15,286.9,4182.55081300813,2962.042236328125,43788,727.8587969306659,996.7069973508724,0.19193392735549777
15,292.5,4192.007014667031,2955.999755859375,43908,726.2967796301357,997.3007196866175,0.18950241662693562
15,298.1,4192.449265582473,2945.282958984375,44457,725.1891265717435,997.0701351868097,0.1851899481444724
15,303.8,4156.808718485057,2929.004638671875,44939,724.6606288524445,997.4527470571219,0.17863950736315481
15,309.4,4176.377999294284,2936.094482421875,45344,723.3266804869443,997.3995456951305,0.1814924799513344
15,315.0,4158.393296479997,2911.837890625,45767,722.9568029366137,996.5312124456486,0.1717315608225953
16,0.1,2193.665247273271,1253.3515625,66930,147.62898550724637,1056.7180188256386,-0.0009946603896592628
16,5.1,2188.6994068230406,1260.1502685546875,66422,146.48803107404174,1058.1272771069825,0.004424364769990598
16,10.1,2192.263067941194,1255.1805419921875,66116,147.0475225361486,1057.3947909734406,0.0004631590549413993
16,15.1,2183.3387368674553,1244.9991455078125,66438,145.88962641861585,1057.5771847436708,-0.00765209747555068
16,20.1,2193.2575323355927,1259.3157958984375,65949,145.2680556187357,1058.6673793385798,0.0037592340402775822
16,25.1,2181.3952995656714,1243.139892578125,66079,144.94639749390882,1058.2512447222264,-0.009134046882259128
16,30.1,2175.3260481307702,1241.831298828125,66070,144.66813985167246,1058.1798244286363,-0.010177083954015058
16,35.1,2168.1957262497917,1246.4158935546875,66031,144.22725689448896,1057.7912647090004,-0.006522854168199996
16,40.0,2171.404558490566,1246.2772216796875,66250,143.74804528301885,1057.3098867924527,-0.006633384962371147
16,45.1,2157.1262063957884,1244.9564208984375,66106,143.53488336913443,1057.603016367652,-0.0076861518575576365
16,50.0,2172.7981012080454,1242.3336181640625,65726,143.3188388156894,1058.4048626114475,-0.009776701719847554
16,55.1,2166.3576734174144,1232.474609375,65968,142.70970773708464,1057.7182724957556,-0.01763499361353857
16,60.1,2161.3490705133077,1231.7781982421875,65789,142.55401358889785,1057.6711760324674,-0.018190080040251962
16,65.1,2433.323393969065,1367.2823486328125,65363,141.9264109664489,1058.1833453176873,0.08981582495066874
16,70.0,2337.2559093064883,1330.42333984375,65363,142.00226427795542,1057.8910086746325,0.060436720400330005
16,75.1,2433.3791913366263,1366.6181640625,65194,141.56305795011812,1058.1574684786945,0.08928642525781202
16,80.1,2301.3794447150512,1300.39013671875,65696,141.5318436434486,1057.0229846566,0.03649824121765697
16,85.1,2424.6856784994197,1355.6322021484375,65468,140.7357945866683,1057.4573532107288,0.0805298760650118
16,90.1,2299.2163911825087,1300.1710205078125,66731,139.80879950847432,1054.9013951536767,0.036323590887078434
16,95.1,2415.763282825985,1345.9124755859375,65931,139.71057620846037,1056.302513233532,0.07278260145666346
16,100.1,2302.4607449169316,1292.9925537109375,66692,138.73656510526,1054.160678942002,0.03060187092050388
16,105.1,2417.992647282229,1348.03564453125,65826,137.8706286269863,1055.5673897851912,0.0744749096459406
16,110.0,2292.7472708980886,1274.73828125,66597,138.4083517275553,1053.5910326290973,0.016051990260680188
16,115.1,2400.099149209767,1329.9713134765625,66879,137.332600666876,1053.1337340570283,0.0600764250386964
16,120.1,2298.2821873454154,1311.0859375,66711,136.7842035046694,1053.1943607501012,0.045023512507512804
16,125.1,2427.6026406412125,1346.17578125,66499,136.1559722702597,1053.5539481796718,0.07299247374806062
16,130.0,2297.6019182489213,1292.5550537109375,66519,136.09564184669043,1052.786421924563,0.030253154048752645
16,135.1,2393.8027365679127,1335.9549560546875,66799,135.61223970418717,1051.770595368194,0.06484578988788783
16,140.1,2292.67725997134,1288.1365966796875,66992,134.95435275853833,1051.2995880105086,0.026731347159827494
16,145.0,2429.695277996249,1375.94677734375,66116,133.4041381813782,1052.4648950329724,0.09672195632344525
16,150.0,2311.074135966578,1302.5484619140625,65825,133.1155791872389,1052.2626205848842,0.03821857129841411
16,155.1,2423.475367342325,1354.5677490234375,66355,132.13518197573657,1050.6982141511567,0.07968143546186705
16,160.1,2298.48858386241,1258.5142822265625,67098,132.29145429073893,1047.024367343289,0.003120373833827075
16,165.1,2413.0079633921673,1339.2528076171875,67308,131.51606049800915,1045.2794021513043,0.06747439898588767
16,170.1,2307.687854896642,1257.906494140625,67097,131.13055725293233,1045.2457188846,0.00263592592521954
16,175.0,2413.4416203922497,1354.1661376953125,67712,130.68010101606805,1043.1679022920605,0.07936132427100166
16,180.1,2310.8865736219823,1289.1199951171875,66563,129.04778931238076,1046.065817345973,0.02751518173539333
16,185.5,2442.028615790925,1355.001220703125,68913,129.67921872505914,1039.3883011913572,0.0800269414918862
16,191.1,2456.602112124792,1332.205078125,70261,129.72911003259276,1035.2430366775309,0.061856885428254405
16,196.7,2502.446954240746,1389.532470703125,68620,128.74667735354123,1038.0007140775285,0.10755066601225163
16,202.4,2502.9683855476787,1367.650146484375,69968,128.87365652869883,1034.8769580379603,0.09010898453063149
16,208.0,2546.618302094818,1413.7486572265625,68025,127.44645350973907,1038.4190959206173,0.12685259243556038
16,213.6,2579.994171042093,1562.8045654296875,67422,126.6803713921272,1039.6574856871644,0.2456601582061505
16,219.2,2592.1070631747602,1472.4283447265625,66783,125.7680397706003,1041.0540706467216,0.17362424285919492
16,224.9,2584.1102454972533,1445.6468505859375,67903,125.63577456077051,1037.4512319043342,0.1522775940419542
16,230.5,2583.829494854177,1451.05126953125,67822,124.32026481082835,1038.0195216891275,0.15658527876936562
16,236.2,2591.013223189612,1477.235595703125,67306,123.35034023712596,1039.0637833179806,0.17745594462438338
16,241.8,2566.4490244975796,1471.8204345703125,68170,122.74038433328444,1035.7001613613027,0.1731396976523531
16,247.4,2579.7109227734345,1487.0552978515625,68435,122.64551764448017,1034.8923211806823,0.185282906486628
16,253.0,2572.872017978564,1489.6441650390625,69416,122.21999250893165,1032.4455601014176,0.18734640743978095
16,258.7,2574.650339392545,1487.6624755859375,69536,121.92776403589508,1031.2852623101703,0.18576686790406402
16,264.3,2579.3859563748783,1589.1065673828125,69868,121.82843361767905,1029.7052728001374,0.2666246195590389
16,269.9,2581.647694057681,1598.9398193359375,69451,120.9684669767174,1031.0359390073577,0.2744623815252914
16,275.6,2566.141671743987,1592.1575927734375,68934,119.97316273537007,1031.6790698349146,0.2690564916272728
16,281.2,2579.2606355345188,1587.83837890625,69296,119.52538386054029,1029.732235626876,0.2656137882028381
16,286.9,2580.81981054067,1597.6221923828125,68933,119.02846242003105,1030.614451713983,0.27341214438419686
16,292.5,2580.9640691701034,1596.217041015625,69105,118.5107445192099,1029.9401056363504,0.2722921444091052
16,298.1,2589.9978378535257,1608.653564453125,68913,117.88224282791346,1030.2650298202082,0.28220488852015874
16,303.8,2571.6250561814045,1610.6431884765625,68973,118.11069548953938,1029.991779391936,0.2837907524411056
16,309.4,2587.8437856987925,1630.0548095703125,69155,117.91974549924083,1029.4451738847517,0.29926311766038055
16,315.0,2592.706707201769,1631.8585205078125,68747,117.29330734432048,1029.5690575588753,0.30070079637048
17,0.1,1861.1052364522022,922.407470703125,9854,29.225492185914348,993.6720113659428,-0.0014765836399511366
17,5.1,1847.2204724409448,933.0487060546875,9652,28.91639038541235,992.8465602983838,0.010042753545635597
17,10.1,1871.4934263754046,925.6002197265625,9888,29.04004854368932,996.377427184466,0.0019796271602854163
17,15.1,1845.2670454545455,918.0393676757812,9504,28.85122053872054,992.4054082491582,-0.006205137230861658
17,20.1,1850.7453080267203,919.76171875,9431,28.490191920262962,992.515639910932,-0.0043406598351079725
17,25.1,1835.8939637611236,908.7646484375,9327,28.765197812801542,992.2341588935349,-0.01624519505100209
17,30.1,1829.0620004320588,913.3251342773438,9258,28.53704903866926,991.7875351047743,-0.011308383451252995
17,35.1,1832.484874675886,921.7343139648438,9256,28.1590319792567,993.3558772687986,-0.0022052884557761977
17,40.0,1837.4322015334064,922.3848876953125,9130,28.453340635268347,992.5404162102957,-0.0015010301701764764
17,45.1,1815.3225318643335,935.3038330078125,9258,28.0050766904299,992.2612875351048,0.012483970839597366
17,50.0,1835.290144960108,903.7416381835938,8899,28.125969210023598,993.2627261490055,-0.021682698018447463
17,55.1,1822.5088264683025,924.4832763671875,9007,27.812368158099257,992.1491062506939,0.0007705149896807725
17,60.1,1826.2080370244948,964.2626953125,8859,27.450502314030928,993.3611017044814,0.04383248333628701
17,65.1,2127.286971627099,1123.529541015625,8635,26.802084539664158,993.1976838448176,0.21624183596560584
17,70.0,2071.643656931779,1103.1151123046875,8663,26.75862865058294,993.5481934664666,0.19414283335893176
17,75.1,2134.8242403314916,1153.752197265625,8688,26.828729281767956,993.2463167587478,0.24895842915106814
17,80.1,2053.197806086341,1089.0313720703125,8478,26.19037508846426,993.7334276952112,0.1788969199631569
17,85.1,2149.441097886811,1168.8873291015625,8234,26.05076512023318,993.0097158124848,0.2653424937080909
17,90.1,2065.344303166293,1161.325927734375,8022,25.519446522064325,990.8196210421341,0.257157134671614
17,95.1,2142.007870017771,1162.9658203125,7878,25.44859101294745,991.3111195734958,0.2589323491961935
17,100.1,2062.9762373637914,1135.4481201171875,7617,25.10345280294079,989.6931862938164,0.22914392175810042
17,105.1,2133.824746505892,1115.0819091796875,7298,24.68402302000548,988.2484242258153,0.20709711579704265
17,110.0,2044.072019653478,1114.0726318359375,7734,25.179855184897853,989.8626842513577,0.20600455411107987
17,115.1,2101.9062199643004,1146.0772705078125,7283,25.347796237814087,986.8147741315393,0.24065017674643144
17,120.1,2022.023738469886,1109.72119140625,7372,25.062669560499184,987.3593326098752,0.20129403809517346
17,125.1,2099.8729885057473,1118.5291748046875,6960,24.904022988505748,985.4991379310345,0.2108288456000891
17,130.0,2019.8175202526431,1094.8709716796875,7283,24.407661677879993,988.084992448167,0.18521839624920988
17,135.1,2084.975762760194,1111.0372314453125,7014,24.108354719133164,987.8005417735957,0.20271867616198097
17,140.1,2005.662819218006,1084.5189208984375,6931,24.091328812581157,986.3938825566296,0.17401210679391413
17,145.0,2081.4240390482,1103.283447265625,6556,23.555216595485053,984.9324283099451,0.19432505911666553
17,150.0,1996.0088248954946,1026.2919921875,6459,23.196160396346183,985.1696857098622,0.11098036255155762
17,155.1,2062.477247325563,1066.1378173828125,6263,23.07999361328437,983.5066262174677,0.154114216911367
17,160.1,1992.405636873248,1013.97119140625,6422,22.669417626907507,985.1219246340704,0.09764286423423872
17,165.1,2061.771474878444,1045.863525390625,6170,22.448784440842786,984.1345218800649,0.1321669149354967
17,170.1,1990.5977087829986,976.6735229492188,6023,21.86020255686535,984.0630914826498,0.057267437415990705
17,175.0,2045.2191093117408,1048.482421875,6175,22.136356275303644,983.8757894736842,0.13500191958119637
17,180.1,1960.0809958506225,994.0463256835938,6025,21.89427385892116,984.1654771784232,0.07607382275982805
17,185.5,2056.958539717483,1012.355712890625,5451,21.503026967528893,980.8249862410566,0.09589407839098388
17,191.1,2075.539212007505,1036.0391845703125,5330,21.317073170731707,980.5455909943715,0.12153188142703415
17,196.7,2125.1747803806734,1041.398193359375,5464,20.447840409956076,984.3453513909224,0.1273331091212106
17,202.4,2106.200115785411,1036.438232421875,5182,20.391933616364337,981.5505596294867,0.12196385822328623
17,208.0,2129.948969766994,1025.62548828125,5193,19.761794723666473,983.7038320816483,0.11025885955139354
17,213.6,2157.5405730314565,1023.0318603515625,4991,18.96533760769385,983.6187136846323,0.10745120859086492
17,219.2,2136.7525958466454,1017.032958984375,5008,19.159744408945688,982.7713658146965,0.10095728515916831
17,224.9,2131.6217908578583,986.644775390625,4791,19.155708620329786,981.6138593195575,0.06806150551432459
17,230.5,2108.563386243386,1017.4417114257812,4725,19.15809523809524,980.3193650793651,0.10139976735624696
17,236.2,2103.8278829604133,989.5494995117188,4648,18.492685025817558,979.296256454389,0.0712059239466331
17,241.8,2090.1794652406415,1053.6085205078125,4675,18.411978609625667,979.5816042780749,0.14055101765553527
17,247.4,2091.181954887218,1070.4322509765625,4655,18.64017185821697,978.8094522019334,0.15876302195638028
17,253.0,2076.2030124426983,1134.9183349609375,4581,18.098013534162845,977.2030124426981,0.22857041937335462
17,258.7,2088.878005342832,1143.4296875,4492,17.65227070347284,978.0554318788958,0.23778411840017524
17,264.3,2075.954484605087,1132.04150390625,4482,17.51004016064257,976.9776885319054,0.22545619570945957
17,269.9,2073.28239125378,1148.4239501953125,4299,16.93835775761805,976.7411025819958,0.2431905015953608
17,275.6,2050.914423076923,1140.8212890625,4160,16.513701923076923,977.7463942307693,0.2349604780874452
17,281.2,2061.4022431812386,1147.4486083984375,3923,16.033137904664798,976.6586795819526,0.24213467577643938
17,286.9,2054.579237844941,1142.44873046875,3805,15.73850197109067,976.9421813403417,0.23672221398454915
17,292.5,2059.578829459535,1151.928466796875,3571,14.815457854942593,977.1159339120694,0.24698420665611368
17,298.1,2074.2509352517986,1167.3404541015625,3475,14.359136690647482,978.7427338129496,0.2636679724593584
17,303.8,2055.662130177515,1134.3546142578125,3380,14.13698224852071,978.4278106508875,0.2279601811215675
17,309.4,2057.6157814871017,1131.509521484375,3295,13.868285280728376,978.3605462822459,0.22488031474339454
17,315.0,2030.4121642482248,1092.24658203125,3239,13.494288360605125,977.7005248533497,0.18237744515021215
18,0.1,1859.6302367941712,1074.9298095703125,24156,647.0772892863057,1087.0488905447921,0.0045866692829486105
18,5.1,1864.4393308921437,1082.1923828125,24032,645.9600532623169,1089.1220456058588,0.011373981532395883
18,10.1,1858.998956245825,1061.353271484375,23952,645.0320223780896,1088.55957748831,-0.008101423515963503
18,15.1,1854.94702739092,1072.982666015625,23767,644.6693314259267,1088.8984726721926,0.0027669463198267776
18,20.1,1846.206065783853,1058.6517333984375,23410,644.0584365655702,1090.3909440410082,-0.01062617361920777
18,25.1,1841.6408066938425,1056.35546875,23305,643.3901737824501,1091.5749839090324,-0.012772171278243866
18,30.1,1827.6839301568511,1047.4755859375,23653,643.0054538536338,1089.001691117406,-0.021070956760617047
18,35.1,1802.5627942486321,1026.81103515625,23577,642.0303685795478,1090.2812062603384,-0.0403832244610193
18,40.0,1795.1334563081807,1021.4302368164062,23311,641.5355411608253,1091.5275191969456,-0.045411904691282534
18,45.1,1760.965503991803,1002.9381103515625,23423,640.8802032190582,1090.9019766895785,-0.06269391098404904
18,50.0,1766.0554219970809,1003.033935546875,23294,640.4029793079764,1092.3052717437968,-0.06260435656576488
18,55.1,1743.2249500913222,988.8009033203125,23543,639.2128870577242,1089.7899163233233,-0.07590598269146963
18,60.1,1744.08258558367,988.5977172851562,23515,639.0536253455241,1091.1035509249416,-0.0760958722828505
18,65.1,2187.3233949852633,1332.973876953125,23411,638.398530605271,1091.5834436803211,0.24574439685954902
18,70.0,2030.9485268927715,1211.5087890625,23352,638.3033144912641,1092.5079222336417,0.1322279542120238
18,75.1,2218.13341279639,1356.5159912109375,23491,638.2864075603422,1092.725171342216,0.2677459209958908
18,80.1,2012.176310531015,1202.6058349609375,23521,637.1387696101356,1091.2399132689936,0.12390760722002551
18,85.1,2233.485488352212,1367.78564453125,23395,636.9655909382346,1092.5033126736482,0.27827809099641554
18,90.1,2059.528095579854,1238.2313232421875,23687,636.2337569130747,1091.2862329547854,0.1572017723789076
18,95.1,2243.9086433260395,1385.3912353515625,23764,635.424339336812,1090.4912472647702,0.2947315763174767
18,100.1,2092.885226603885,1267.2750244140625,23786,635.1005213150593,1090.8590347263096,0.18434486094537522
18,105.1,2287.4087034353424,1418.0985107421875,23462,633.9634728497144,1092.114696104339,0.32529849571393693
18,110.0,2120.5200421940926,1290.7017822265625,23700,633.7237130801687,1091.6564135021097,0.20623857753359146
18,115.1,2329.2298008504904,1451.81591796875,23751,633.4017936086901,1091.7371058060712,0.35680944416937993
18,120.1,2152.2501361028517,1315.1234130859375,23879,632.6440386950877,1091.2947359604673,0.22906206292310186
18,125.1,2360.817889481256,1477.848876953125,23634,632.0259795210291,1091.8863078615555,0.3811388127708023
18,130.0,2154.8369917842847,1317.8077392578125,23735,631.3546661049083,1091.518474826206,0.23157072745567342
18,135.1,2338.1779002221083,1462.9190673828125,23412,630.5199043225696,1092.6639330257988,0.3671860062380071
18,140.1,2137.0997133935066,1313.21533203125,23377,629.2936647131796,1092.3762244941609,0.22727884621966274
18,145.0,2341.6549465701482,1440.5894775390625,23208,629.0194329541538,1092.5101258186833,0.34631765921862917
18,150.0,2124.4108745832264,1301.8343505859375,23394,628.0389416089596,1092.2433102504915,0.21664263337904222
18,155.1,2325.1996326826975,1460.810791015625,23413,627.6533122624184,1092.6920941357366,0.3652156949536941
18,160.1,2117.7359026194677,1290.7672119140625,23249,626.580240010323,1092.929760419803,0.20629972551856002
18,165.1,2302.3626354722173,1450.8084716796875,23252,625.9937209702391,1092.302124548426,0.3558679249157504
18,170.1,2093.100653257693,1275.7142333984375,23268,625.3114577961148,1092.2689100911123,0.1922318101857028
18,175.0,2272.1798869282165,1428.1788330078125,23348,624.7691879390097,1092.2749700188454,0.33471916418918457
18,180.1,2063.199674838489,1271.1923828125,23373,623.8449065160655,1092.6235399820305,0.188005868381244
18,185.5,2307.0446115716604,1459.02099609375,23402,623.3140329886335,1092.888043756944,0.3635430237678567
18,191.1,2341.3592731667313,1485.6290283203125,23169,622.299624498252,1094.151668177306,0.38840983296104553
18,196.7,2352.3170627640056,1493.1513671875,23437,621.7451892307035,1092.5012586935188,0.39543991183738286
18,202.4,2370.23280100953,1507.118408203125,22981,620.7866498411731,1095.0357686784735,0.4084929531510606
18,208.0,2388.501745505324,1521.67236328125,22916,620.5057601675685,1095.1702304067028,0.42209450101647117
18,213.6,2416.2547615891112,1526.824462890625,22629,620.3484466834593,1096.0010605859738,0.42690944850449825
18,219.2,2435.5544837441944,1534.808837890625,22392,620.1069131832797,1097.7524115755627,0.4343713279836452
18,224.9,2471.1298148734895,1528.54931640625,22093,620.347214049699,1099.1142443307835,0.42852142803361315
18,230.5,2478.0415274893926,1576.3154296875,22154,619.9820799855556,1099.4220456802384,0.47316173870188305
18,236.2,2474.015940972855,1552.0396728515625,21956,619.1758061577701,1100.1564492621608,0.4504745813758753
18,241.8,2495.778432342492,1587.0740966796875,22237,619.7528443585016,1098.753878670684,0.4832163611929333
18,247.4,2511.39261012858,1601.927734375,21543,618.9892308406443,1102.667548623683,0.49709798051934717
18,253.0,2545.7968735504223,1574.173828125,21558,619.0436496892105,1102.3868169589016,0.4711602830147782
18,258.7,2575.078144646766,1641.6080322265625,21473,619.4201089740604,1103.985376985051,0.5341816095153565
18,264.3,2587.397795779955,1643.5418701171875,21232,618.8994913338357,1105.6040881688018,0.535988897533774
18,269.9,2592.6125291103867,1650.4759521484375,21470,618.722356776898,1104.7174662319514,0.5424692149557019
18,275.6,2548.600678413267,1597.6246337890625,21226,617.8684160934703,1106.6264486949967,0.4930764737691116
18,281.2,2574.018303064699,1641.1944580078125,21144,617.9718596292092,1107.2158531971245,0.5337950994909658
18,286.9,2529.26729835914,1612.5067138671875,21635,616.7808643401895,1105.2458054079038,0.5069846742158569
18,292.5,2528.032055518837,1608.881103515625,21182,615.9252667359078,1106.8290057596073,0.5035963229069934
18,298.1,2524.54548966583,1598.877197265625,20708,615.442775738845,1108.687512072629,0.49424706980225014
18,303.8,2472.8198219754977,1574.0115966796875,20896,613.8268089586524,1108.9648258039815,0.47100866795503343
18,309.4,2499.10467170478,1590.721923828125,20378,613.4168711355384,1111.7761801943273,0.48662547543699136
18,315.0,2476.9734927996096,1573.206787109375,20485,612.2964608249939,1111.4364657066146,0.470256524923508
19,0.1,2579.5173429234096,1774.30322265625,38373,1083.6098558882547,1099.2656555390508,0.019482148991081007
19,5.1,2550.683310887807,1747.943603515625,38612,1081.170257950896,1099.2978348699885,0.004336394407013974
19,10.1,2565.2677923934043,1739.55224609375,37783,1082.9797527988778,1099.0292459571765,-0.0004851259442810084
19,15.1,2540.4754340120567,1692.3743896484375,38651,1080.3311686631653,1099.4380481746914,-0.027592658557368147
19,20.1,2576.839718508858,1747.809326171875,36804,1084.8632485599392,1099.6056406912292,0.004259241103554306
19,25.1,2576.952299216522,1744.0325927734375,36121,1086.8689405055231,1099.5465518673348,0.0020891992347009786
19,30.1,2564.8765081618167,1711.072021484375,36634,1084.6108533056724,1099.9381721897691,-0.01684934160807654
19,35.1,2560.6572675211346,1702.60205078125,36670,1084.6138260158168,1100.4421870739025,-0.021716031711578817
19,40.0,2556.8844897959184,1723.6046142578125,36750,1084.6980408163265,1099.6370884353742,-0.009648343238718621
19,45.1,2526.6373481941014,1709.8177490234375,38042,1082.1793018242995,1100.3169391724934,-0.017570023601756617
19,50.0,2533.408436724566,1751.4080810546875,38285,1080.757189499804,1100.283792608071,0.006327019775640184
19,55.1,2540.8934456435904,1784.7130126953125,37990,1081.2192155830483,1100.5193735193473,0.02546342377210836
19,60.1,2543.2842180812886,1738.7413330078125,37619,1082.532629788139,1100.8841808660518,-0.0009510617578106201
19,65.1,2792.7543464262717,1961.6656494140625,37272,1082.3339504185446,1101.626770766259,0.12713716930112703
19,70.0,2695.990242467987,1882.919189453125,37407,1081.6025877509558,1101.326088699976,0.08189089504467201
19,75.1,2746.382196244763,1914.587890625,38666,1077.6349506025965,1099.9158951016398,0.10008715096880073
19,80.1,2624.6052868652027,1826.6336669921875,38851,1076.6347841754396,1099.6068312269954,0.04955026427601594
19,85.1,2729.070474093795,1901.4110107421875,39064,1075.9119905795617,1099.2002355109564,0.09251595702156998
19,90.1,2622.0974857864812,1817.1978759765625,39575,1073.906531901453,1098.556614024005,0.04412863150253831
19,95.1,2722.741297327536,1882.861572265625,39327,1073.4477076817454,1098.589493223485,0.08185778926355113
19,100.1,2647.0187937062938,1831.262451171875,38896,1074.4275246812012,1099.040029823118,0.052209878925004255
19,105.1,2734.0231583758664,1888.4110107421875,39381,1072.8963459536324,1098.7790558898962,0.08504639501680564
19,110.0,2622.5919862128394,1810.7034912109375,39457,1072.5059178346048,1098.0010644499075,0.04039707691102808
19,115.1,2747.4021671666496,1904.968017578125,38668,1074.3336609082446,1098.8131271335471,0.09455974803021658
19,120.1,2640.6266492119717,1823.949462890625,38958,1073.4946609168849,1098.1901021613019,0.04800796973985719
19,125.1,2763.9424318134497,1916.339111328125,38424,1074.6824901103478,1098.3719810535083,0.10109337032464837
19,130.0,2644.3396206860816,1827.0880126953125,38596,1073.1357653642865,1098.3373665664835,0.049811322999176746
19,135.1,2735.2922673996472,1889.98193359375,38564,1073.6754486049165,1097.9780365107354,0.08594901852791696
19,140.1,2610.595650874309,1805.438720703125,40146,1069.1841030239625,1097.4475912917849,0.037372036161108076
19,145.0,2737.49182281498,1895.40869140625,39439,1069.4881462511728,1098.1941732802557,0.08906713421755605
19,150.0,2608.392396520696,1797.2525634765625,40008,1068.8502799440112,1097.7662967406518,0.032668420085372823
19,155.1,2713.030392424205,1793.4569091796875,40339,1067.1992612608146,1097.4551922457176,0.03048750661466836
19,160.1,2626.0950129404737,1723.00341796875,40184,1067.5401154688434,1098.1521998805495,-0.009993779620117589
19,165.1,2742.8967087096053,1894.8040771484375,40197,1068.1514043336567,1098.1193870189318,0.0887197339338872
19,170.1,2642.899164498699,1738.6644287109375,39976,1068.0337202321393,1098.14411146688,-0.0009952495588829754
19,175.0,2754.8213556960136,1897.8822021484375,40186,1067.7443139401782,1097.890260289653,0.0904883682066499
19,180.1,2627.6693950790254,1796.61279296875,40683,1065.484207162697,1097.4128014158248,0.0323008196640709
19,185.5,2780.1447795823665,1871.994384765625,40945,1064.4757601660765,1097.2483575528147,0.07561370227519343
19,191.1,2839.552785670167,1955.989013671875,40475,1065.2303891290921,1098.1040395305745,0.12387547832768618
19,196.7,2845.9367787871347,1960.328857421875,40730,1064.3579671004175,1097.0572059906704,0.12636907309550266
19,202.4,2878.7157522386583,1912.454345703125,40426,1064.9649730371543,1097.865185771533,0.0988612551161934
19,208.0,2893.708986701072,1915.627685546875,40304,1063.6762356093689,1097.7348154029378,0.1006845980950457
19,213.6,2913.528044079858,1934.9205322265625,40472,1062.2795512947223,1097.0314785530738,0.11176991459676397
19,219.2,2921.927454226483,1938.10400390625,40471,1061.5626003805194,1097.009290603148,0.11359907914305913
19,224.9,2932.299990149724,1974.959228515625,40608,1060.1887559101656,1096.2699221828211,0.13477541648300093
19,230.5,2936.6310304710514,2007.860595703125,40399,1059.701254981559,1095.8918042525804,0.1536799397328894
19,236.2,2935.254144193181,1959.215576171875,40418,1059.4702855163541,1096.0218961848682,0.12572940207045522
19,241.8,2930.3131745163378,1963.45947265625,40214,1059.4113492813449,1095.8117322325559,0.1281678672959814
19,247.4,2958.683447311935,1970.9918212890625,40066,1058.446188788499,1095.8978185993112,0.13249581692323487
19,253.0,2960.0555155010816,1964.15478515625,40223,1057.458667926311,1095.2688014320165,0.12856738112916893
19,258.7,2967.245269413432,1989.5484619140625,40217,1058.2195837581123,1095.1813660889673,0.14315812290389382
19,264.3,2986.5195174236005,1989.49560546875,40118,1058.7870282666136,1095.2933595892118,0.14312775255807741
19,269.9,2979.2610742245565,1976.7388916015625,40364,1057.1859082350609,1094.8705281934397,0.13579797831130863
19,275.6,2944.943567647421,1947.5924072265625,40615,1056.5428043826173,1094.614822110058,0.1190509419836196
19,281.2,2990.3701736007183,1997.14892578125,40092,1057.0225481392797,1095.7472313678538,0.14752521029781135
19,286.9,2998.397199299825,1990.9925537109375,39990,1057.9909977494374,1096.0644911227807,0.14398787161291915
19,292.5,2998.201317990065,2052.559814453125,40061,1056.720651007214,1095.8873717580689,0.17936329250347785
19,298.1,2996.1190281798163,2049.472900390625,40419,1056.058784235137,1095.4490462406295,0.17758960819630687
19,303.8,2990.04550665404,2038.7879638671875,40126,1054.869760255196,1095.352963166027,0.17145023928255398
19,309.4,3025.222450359316,2051.16650390625,39937,1055.5418534191351,1095.2687983574128,0.17856272177103363
19,315.0,3076.6629106531864,2109.810546875,38871,1059.388670216871,1098.7767744591083,0.21225851524527536
20,0.1,2350.975814931651,1329.3975830078125,18069,926.4543140184848,1143.9377940118434,0.017998844555642466
20,5.1,2348.872546278172,1329.86376953125,17881,924.2338795369386,1144.7451484816286,0.018355831320379195
20,10.1,2345.634444800684,1305.697509765625,18714,926.3183712728438,1143.0945281607353,-0.0001497119671123889
20,15.1,2354.174298540965,1270.5648193359375,17820,921.9497755331089,1144.7684062850728,-0.0270529038494334
20,20.1,2323.979266919218,1293.94140625,19534,927.5754069826968,1141.8446810689054,-0.009152060059475699
20,25.1,2283.6657122057754,1237.96728515625,20605,928.6888619267169,1139.9258432419315,-0.05201477571864826
20,30.1,2296.566664997747,1212.395263671875,19973,925.3417613778602,1140.5554498573074,-0.07159679441402363
20,35.1,2312.7683212720417,1223.5693359375,19622,924.1417286718989,1141.5165120782794,-0.06304014228768931
20,40.0,2283.048734177215,1222.3642578125,20540,924.0965433300877,1139.5958130477118,-0.06396294232473591
20,45.1,2309.931098010317,1265.8233642578125,18998,918.8114538372461,1142.520475839562,-0.03068371817671909
20,50.0,2325.969774236388,1312.6783447265625,18825,917.7910225763612,1143.2862151394422,0.005195928806650207
20,55.1,2317.316159735154,1333.4473876953125,19332,917.4948272294641,1141.853145044486,0.021100021017256956
20,60.1,2313.3710171568628,1276.4490966796875,19584,917.5867034313726,1141.324754901961,-0.022546962501601688
20,65.1,2650.7254734085413,1539.7957763671875,19856,916.8636180499597,1140.7453162771958,0.17911326244997655
20,70.0,2506.846111665005,1450.996826171875,20060,916.0050847457627,1140.2447158524426,0.11111462167311054
20,75.1,2659.9763795560984,1540.2181396484375,19644,913.5121156587253,1140.436061901853,0.179436691150157
20,80.1,2479.31866410671,1431.32470703125,19792,912.5006568310429,1140.4764046079224,0.0960505093179435
20,85.1,2610.4026236622776,1522.21484375,20277,911.233663756966,1138.9170981900675,0.16565049606671445
20,90.1,2477.55736142463,1440.2088623046875,19935,909.5520441434662,1140.2117381489843,0.10285363572558279
20,95.1,2618.822257099416,1548.586669921875,20389,909.2148217175928,1139.156996419638,0.1858449728093679
20,100.1,2464.6293062086174,1458.2965087890625,20842,909.2372612992995,1138.2872085212553,0.11670442307255849
20,105.1,2625.283070329242,1574.153564453125,20532,906.9555815312683,1138.844389246055,0.2054230654916197
20,110.0,2454.461676336022,1463.331787109375,21201,906.7468987311919,1137.555445497854,0.12056023534242634
20,115.1,2612.6897700458057,1577.6090087890625,21613,907.7842039513256,1137.0419654837367,0.20806910486040803
20,120.1,2459.6547750737464,1473.9005126953125,21696,907.0666482300885,1136.7999170353983,0.12865333749066968
20,125.1,2596.950520487265,1575.9901123046875,22575,907.9921594684386,1134.7335105204872,0.20682941947838696
20,130.0,2419.7861343788986,1450.0526123046875,22444,906.6549189092854,1134.7871591516664,0.11039158092285167
20,135.1,2581.638166435382,1556.0447998046875,22339,907.2274945163167,1135.376247817718,0.191556106709635
20,140.1,2421.4575247752937,1435.7998046875,21695,902.449550587693,1135.7727126065913,0.09947735791580904
20,145.0,2584.6489130434784,1546.2529296875,22080,902.7803442028985,1135.225634057971,0.18405788902611658
20,150.0,2430.5514005795503,1439.6365966796875,21741,900.9584195759164,1135.711328825721,0.10241541787978918
20,155.1,2577.6023314887057,1408.0921630859375,22046,899.5691735462216,1133.7829084641205,0.07825996780145773
20,160.1,2465.83591935334,1325.8099365234375,21526,898.4553098578464,1135.525689863421,0.015251570134167608
20,165.1,2585.291377160164,1521.3482666015625,22452,897.9035720648494,1132.4596027079992,0.1649869063723269
20,170.1,2470.1950911387835,1332.3095703125,22164,898.1283613066233,1133.5884768092403,0.02022872653333157
20,175.0,2597.2906860399357,1513.6351318359375,22987,896.8240309740288,1131.2255187714795,0.1590805000574133
20,180.1,2475.651421896761,1424.4144287109375,22259,895.3352801114156,1132.9352621411565,0.09075889796288157
20,185.5,2665.4880313930676,1484.1195068359375,22935,893.6617396991497,1130.3683017222586,0.13647862945798328
20,191.1,2697.0683672592972,1547.23779296875,23286,892.8833204500559,1129.6815253800567,0.18481205745185525
20,196.7,2685.2050307107343,1529.5770263671875,23933,892.5995905235449,1127.4912463961894,0.17128815743566886
20,202.4,2713.521535306182,1454.722900390625,23891,891.7766941526098,1127.4503369469676,0.113967898448922
20,208.0,2708.861806446274,1452.525146484375,24169,891.0151019901526,1126.4552112209856,0.11228494748994841
20,213.6,2744.532137953988,1488.7078857421875,24037,890.6648500228814,1127.290593668095,0.13999222425057928
20,219.2,2781.1210446375835,1521.9876708984375,23702,890.1619694540545,1128.5206733608977,0.1654765362947388
20,224.9,2761.4475013345377,1555.932861328125,24353,889.2777481213814,1126.5294214265182,0.19147038875643688
20,230.5,2758.0139211136893,1596.628173828125,24567,889.4029796067896,1126.5628688891602,0.22263321140133657
20,236.2,2770.6217717413338,1540.397216796875,24665,888.1784309750659,1126.5044800324347,0.1795738211799734
20,241.8,2761.1708126699727,1540.7264404296875,25004,887.7430011198209,1126.5555911054232,0.17982592730840882
20,247.4,2808.433806483101,1567.8392333984375,24587,886.9512750640582,1127.5935250335542,0.20058780642392218
20,253.0,2790.6557959570437,1527.392578125,25328,886.3572331017057,1125.640990208465,0.16961539541551598
20,258.7,2784.942782479816,1542.5657958984375,25639,886.0339716837631,1124.7828308436367,0.18123443125474373
20,264.3,2816.6261155472052,1541.986328125,25548,885.8067167684359,1124.8994050414906,0.18079069829527653
20,269.9,2827.6202437399584,1536.398193359375,25519,884.2043183510326,1125.4408871820997,0.1765115309435829
20,275.6,2816.2659133562715,1529.576171875,25576,883.1894745073506,1125.07851110416,0.17128750310014826
20,281.2,2866.0704814522496,1586.65478515625,25340,882.3909234411997,1126.1483425414365,0.21499599415794296
20,286.9,2865.690093340654,1564.87158203125,25498,881.4167385677308,1125.7606478939524,0.19831529916089138
20,292.5,2878.0106682297774,1643.057861328125,25590,880.9001172332943,1125.2461117624073,0.2581871862484548
20,298.1,2884.9471536817564,1637.236083984375,25735,879.6522245968525,1125.1332038080436,0.25372910487012956
20,303.8,2867.510709607828,1631.7950439453125,25958,879.1595654518839,1124.360621003159,0.24956257670448145
20,309.4,2900.584441540472,1647.7943115234375,26018,878.3288876931355,1124.8135521561996,0.2618141680391199
20,315.0,2777.1551378446115,1546.1107177734375,27930,877.2131757966345,1115.1310060866451,0.1839489889001888
21,230.5,1008.1138417058186,420.62445068359375,2767,1180.0462594868088,207.9118178532707,-0.11730854066633689
21,241.8,1006.6488262910798,461.5881042480469,3195,1180.02441314554,211.59217527386542,-0.03134523756856936
21,247.4,1014.5373571637855,470.37841796875,3413,1179.3524758277176,209.37445062994433,-0.012898533308942724
21,258.7,1010.3938581525713,508.2118835449219,4103,1178.8937362905192,209.75383865464295,0.06649598806709107
21,264.3,1007.6084142394822,521.8215942382812,4326,1177.9318076745262,211.2739251040222,0.09505632347675802
21,269.9,1009.8512644663523,493.6055603027344,4666,1176.8377625375053,209.0205743677668,0.03584423504324204
21,275.6,1006.6606639184205,508.55364990234375,4609,1177.4964200477327,209.61748752440877,0.06721319374615607
21,281.2,1020.727969348659,490.8665466308594,4698,1175.9457215836526,207.15325670498083,0.030096342900422058
21,286.9,1022.6992904841402,497.2182922363281,4792,1175.8247078464108,208.01272954924875,0.04342564791037943
21,292.5,1016.6600732600732,520.2997436523438,5460,1175.1895604395604,208.53205128205127,0.09186268004398608
21,298.1,1031.8893330910412,537.2289428710938,5503,1175.7354170452481,208.15900417953844,0.1273890493253323
21,303.8,1018.8997968855789,534.3541259765625,5908,1174.8772850372377,208.260663507109,0.12135617055229182
21,309.4,1029.4320947590459,545.4722290039062,6163,1174.1036832711343,207.47687814376116,0.14468780182165505
21,315.0,1051.0624796084828,562.7526245117188,6130,1173.684176182708,207.83817292006526,0.18095116574133324
22,303.8,1248.7248641304348,466.4098205566406,4416,27.991847826086957,85.28170289855072,0.00026733454780675686
22,309.4,1246.557218309859,476.2308654785156,4544,30.16461267605634,83.00660211267606,0.02132964926226547
22,315.0,1249.4956818181818,456.2148132324219,4400,27.30272727272727,84.49568181818182,-0.021596983810072346
