cell_id,time_seconds,mean_intensity,mean_intensity_sub,area,centroid_x,centroid_y,dF_F0
0,0.1,3105.1684412997183,1117.614013671875,14557,300.9933365391221,36.993611321013944,0.013014279488737247
0,5.1,3131.3738720806796,1107.858642578125,15072,302.20130042462847,36.82417728237792,0.004171933116207057
0,10.1,3109.690794332908,1094.2940673828125,14893,300.87544483985766,36.44893574162358,-0.008123106315970822
0,15.1,3129.8121820704237,1091.0897216796875,15137,300.3141970007267,36.46746383034947,-0.01102755088625609
0,20.1,3116.6569471624266,1105.4232177734375,15330,297.59334637964776,36.146118721461185,0.001964444597282813
0,25.0,3144.3764853446,1092.5809326171875,15148,299.6761948772115,35.872920517560075,-0.009675905367375906
0,30.1,3116.871740145401,1123.6021728515625,14993,299.604748882812,36.13946508370573,0.01844199485617892
0,35.0,3128.8042496679946,1088.4930419921875,15060,297.7812749003984,35.50106241699867,-0.013381202120507831
0,40.1,3121.3804195804196,1054.5843505859375,15015,298.1196803196803,35.605661005661005,-0.04411631117703514
0,45.1,3082.59181897302,1088.697021484375,14937,295.29925687889136,35.675905469639154,-0.01319631347757653
0,50.1,3094.0349609752952,1093.0947265625,15503,292.204863574792,35.59265948526092,-0.009210198426563308
0,55.1,3078.239595050619,1100.51123046875,15113,292.9378018924105,35.781644941441144,-0.002487819976572764
0,60.1,3067.284587995931,1414.28173828125,15728,288.1140640895219,35.897062563580874,0.28191627750982023
0,65.1,3054.034353652128,1522.121337890625,15224,289.10930110352075,35.754400945874934,0.37966295298298414
0,70.1,3067.3478288311035,1508.622314453125,15844,286.67735420348396,36.26173945973239,0.3674273301883012
0,75.1,3093.266342449315,1501.010986328125,15833,287.2057095938862,36.19326722667846,0.36052836150843737
0,80.1,3084.559156506594,1494.110595703125,16076,286.35929335655635,36.54061955710376,0.35427379226390077
0,85.0,3095.5474776520596,1497.9283447265625,15997,285.74570231918483,36.341439019816214,0.3577342305090692
0,90.1,3073.1362660944205,1496.63525390625,15844,284.9666119666751,36.75385003786923,0.3565621626487632
0,95.1,3065.6557951319683,1513.588134765625,16557,279.9123633508486,36.939360995349396,0.3719283894309376
0,100.1,3069.69006100191,1519.7674560546875,16229,281.89383202908374,37.06765666399655,0.3775293756630294
0,105.1,3069.9860395329115,1527.31005859375,15329,287.04370800443604,36.78419988257551,0.38436605092220494
0,110.1,3091.7862733293196,1553.6995849609375,14949,290.71389390594686,37.44872566726871,0.4082857286569851
0,115.0,3098.9402390438245,1587.6317138671875,14809,291.40164764670135,37.49719765007765,0.4390420816509408
0,120.0,3128.686013842253,1628.13427734375,14593,293.3753854587816,37.77064345919276,0.47575392908282427
0,125.0,3159.8069246435844,1670.396240234375,14730,295.1765784114053,37.86211812627291,0.5140605102134324
0,130.0,3151.5396781545687,1671.8521728515625,14479,295.90904067960497,38.57186269770012,0.5153801791806626
0,135.0,3195.930781051647,1709.498779296875,14967,297.1260105565578,38.73214405024387,0.549503364320493
0,140.1,3188.3757535607815,1732.9619140625,15095,297.89493209672077,39.98489566081484,0.5707705373054275
0,145.0,3183.652091512116,1728.43798828125,14774,297.4326519561392,39.502842832002166,0.5666700147997219
0,150.1,3176.385976763037,1720.7216796875,14804,297.43785463388275,40.8955012158876,0.55967589098346
0,155.1,3205.4879630867995,1756.7857666015625,14954,298.324929784673,40.49431590209977,0.5923646677648455
0,160.1,3183.529415889489,1738.0960693359375,14261,296.27389383633687,38.34724072645677,0.5754241767028228
0,165.0,3240.94522746302,1782.695556640625,14332,299.64171085682386,39.463647781188946,0.6158495086553887
0,170.1,3208.626085021144,1761.0374755859375,13479,296.4904666518288,36.8177164478077,0.5962184507889612
1,0.1,5998.9214829550165,1915.1329345703125,84453,430.51615691568094,232.48865049198963,-0.0886211175306625
1,5.1,6265.883588844763,2138.81298828125,90146,440.5445499522996,223.03220331462293,0.01782437964705373
1,10.1,6172.050914163869,2092.495849609375,88168,436.03977633608565,226.7582342800109,-0.004217151423697626
1,15.1,6392.502028567246,2204.9599609375,95634,444.54735763431415,218.96292113683418,0.04930258825073416
1,20.1,6312.21165958537,2155.38623046875,93674,440.45001814804533,221.3125093409057,0.02571130105657267
1,25.0,5877.475026591278,1445.28564453125,89315,422.30820130997034,244.1751217600627,-0.3122133760091176
1,30.1,5886.515862068965,1697.708251953125,104400,424.3922988505747,248.27997126436782,-0.19208979100390206
1,35.0,5840.054311028681,1399.806884765625,89503,420.9402589857323,245.00079326949935,-0.33385593695258875
1,40.1,5829.53268157385,1378.876708984375,87251,421.53176467891484,242.47098600589106,-0.3438162482547816
1,45.1,5838.235668789809,1314.34716796875,86350,420.800660104227,239.213028372901,-0.37452474891052046
1,50.1,5806.219720816417,1821.343994140625,89905,418.43674990267505,245.39932150603414,-0.13325366401024666
1,55.1,5699.847151400692,1379.2684326171875,95310,415.39293883118245,253.59560381911658,-0.343629833703465
1,60.1,5642.4298628395345,1376.3704833984375,92811,413.0172608850244,254.78790229606403,-0.34500891798151273
1,65.1,5737.404797118389,3332.14794921875,83842,413.97318766250805,241.63598196607904,0.5857119990800219
1,70.1,5702.258125454673,3791.470703125,85226,411.25130828620377,247.1325417126229,0.8042958115095958
1,75.1,5793.169385634335,3910.184326171875,79871,412.5591641521954,239.53364800741195,0.860789586512542
1,80.1,5794.124335249163,3929.917724609375,79165,411.36893829343774,238.60704856944358,0.870180372024424
1,85.0,5786.790785479221,3936.39013671875,78398,410.9759942855685,239.01739840302048,0.8732604818218395
1,90.1,5743.146257768514,3955.601806640625,78683,409.84140157340215,239.9238463200437,0.8824029856907402
1,95.1,5728.990456431536,3948.150146484375,79530,409.1245693449013,241.34270086759713,0.8788568685606162
1,100.1,5733.384149090727,3959.69970703125,79844,408.64651069585693,240.79199438905866,0.8843531061294116
1,105.1,5679.381740828741,3917.718017578125,80387,407.9574309278864,242.5287919688507,0.864374740906139
1,110.1,5723.4251525280515,3841.00390625,80477,408.2536376853014,241.47434670775502,0.8278678124366844
1,115.0,5705.24572113404,3967.0732421875,80103,407.1853863151193,240.6554810681248,0.887862044913371
1,120.0,5754.199336260852,4017.823974609375,79248,407.21948818897636,237.47765243286898,0.9120134471289704
1,125.0,5790.0986889460155,3970.478515625,77800,406.5905912596401,235.4228791773779,0.8894825560768258
1,130.0,5739.558913378272,4013.876953125,79218,406.48968668736904,238.20270645560353,0.9101351273713295
1,135.0,5796.3994042399545,4071.50927734375,77548,406.5969979883427,236.12637334296178,0.9375613609723822
1,140.1,5748.930483669463,4061.380126953125,78442,407.4464062619515,238.63937686443487,0.9327410722097941
1,145.0,5785.359178135298,4107.2685546875,77385,407.1089616850811,234.9861342637462,0.9545785871059664
1,150.1,5766.455539414328,4073.98974609375,78474,407.89392665086524,237.53583352447944,0.9387417734631122
1,155.1,5796.035324466568,4043.381103515625,77142,407.2690752119468,234.8644059008063,0.9241756459827689
1,160.1,5787.735854439819,4085.31787109375,77109,405.81543010543515,233.61285971806146,0.944132633656997
1,165.0,5807.371796384421,4090.875732421875,76281,405.4454582399287,232.5980650489637,0.9467775244396217
1,170.1,5787.027354642157,4073.835693359375,77464,403.97867396468035,230.49034390168336,0.9386684624117686
1,175.0,5402.830802461055,3745.231201171875,91668,387.90144870620065,204.3341296853864,0.7822912264203458
1,180.1,5426.100189964627,3756.139892578125,91596,387.9830123586183,203.74597143980085,0.7874824853682587
1,185.4,5395.84537583327,3752.064453125,91357,387.6121260549274,203.5557756931598,0.7855430537041096
1,191.1,5627.905304161837,3277.814208984375,83689,397.337690735939,217.59406851557551,0.5598555049634429
1,196.7,5770.860159579176,3415.48193359375,79083,400.9057698873336,226.60169695130432,0.6253692114752779
1,202.4,5430.30800105277,2254.43603515625,91188,387.0841887090407,201.7821423871562,0.07284740251218974
1,208.0,5427.2240077401275,2341.69677734375,89921,386.33926446547525,200.50047263709257,0.1143732915315501
1,213.6,5408.827323731093,2670.120849609375,91437,386.8533307085753,204.15916970154314,0.2706646687797988
1,219.2,5392.841041547088,3768.937744140625,90596,385.8407104066405,205.00062916685064,0.7935727631993674
1,224.9,5403.619548525799,2598.111328125,91168,386.15887153387155,206.3892593892594,0.23639657384345117
1,230.5,5395.8008649950725,3779.2451171875,91330,385.67682032190953,207.24439943063615,0.7984778650641438
1,236.1,5350.366093015077,3717.833984375,90996,384.9253593564552,208.88015956745352,0.7692533613320361
1,241.7,5555.417682022565,3321.724365234375,84289,394.2861227443676,225.67219921935248,0.5807515944253255
1,247.4,5798.352732590493,3997.806396484375,77271,400.6825717280739,237.32982619611496,0.9024874253829142
1,253.0,5789.13230267047,4043.2509765625,77814,398.9107744107744,234.93532012234303,0.9241137207999383
1,258.6,5753.039297733758,3979.552001953125,78147,398.3558293984414,235.20951540046323,0.8938004724368631
1,264.3,5822.538720361706,3792.417236328125,76084,396.92370274959256,231.65319909573628,0.8047462504098478
1,269.9,5752.070001032845,3277.78173828125,77456,395.9361573022103,229.44407147283619,0.5598400527133183
1,275.5,5427.46641269555,3769.33056640625,88724,381.7537419413011,200.88476624137775,0.793759700571177
1,281.1,5455.532003899873,3225.55517578125,88208,381.4103709414112,199.64566705967712,0.5349863283022008
1,286.8,5407.0801155179915,3185.692626953125,89683,381.4605443618077,201.97800028991003,0.5160164257186463
1,292.4,3016.2554596926393,1612.587646484375,7418,276.07104340792665,26.52642221623079,-0.23259722570301256
1,298.0,2984.9396073121193,1595.5701904296875,7385,275.6167907921462,26.453757616790792,-0.24069554086517747
2,0.1,8044.239605110337,2561.064697265625,43050,713.7479210220673,116.42766550522649,0.05685027231866229
2,5.1,7965.894636717855,2534.264892578125,43630,713.3751776300711,118.84123309649324,0.04579105116258943
2,10.1,7892.442791521907,2398.357666015625,42887,714.4101709142631,119.08527059481894,-0.010292494698632157
2,15.1,7726.409488053026,2460.217041015625,43149,713.1040116804561,121.1445919951795,0.015234426735259156
2,20.1,7621.880196639172,2162.593017578125,42311,714.4369549289783,122.32074401455885,-0.10758325551787853
2,25.0,7579.522068542296,2009.6121826171875,42368,714.4333931268882,123.51968466767372,-0.17071240538301935
2,30.1,7702.478050088246,2266.0439453125,44761,708.2545072719555,121.64835459440138,-0.06489314258772755
2,35.0,7346.942208186566,1697.798828125,41165,715.1154378719787,126.40267217296247,-0.2993854642711858
2,40.1,7264.708232803191,1676.8797607421875,40618,715.5608350977399,127.05753606775322,-0.3080179373530967
2,45.1,7117.462802876544,1504.262451171875,39909,716.0161116540129,129.5018166328397,-0.3792502849080318
2,50.1,7138.050973053892,1489.274658203125,40080,715.3039670658683,130.07739520958083,-0.3854351552462903
2,55.1,7141.172858642932,1511.0211181640625,39998,714.9473723686184,130.28306415320765,-0.3764612499184703
2,60.1,7116.85927602961,2381.91357421875,39311,715.0336292640736,130.97344254788737,-0.017078322058681053
2,65.1,7090.670015891731,4142.42333984375,39014,714.6747834110832,132.33429025478034,0.7094145413222985
2,70.1,7049.5907048034705,4130.76904296875,38493,714.2283272283272,133.26378822123502,0.7046052731928457
2,75.1,7069.784334258338,4159.3642578125,38198,713.8027907220273,133.07123409602596,0.7164053892254059
2,80.1,7020.78712688535,4138.51513671875,37924,713.5577998101467,133.79661955489928,0.707801780215036
2,85.0,7065.89389203793,4168.32470703125,37754,712.8892832547544,133.14848757747524,0.7201030127985409
2,90.1,6986.540459965929,4130.41943359375,37568,712.5219867972743,134.681191439523,0.7044610032087378
2,95.1,7035.902446244517,4163.662109375,37159,711.796469226836,133.66853252240372,0.7181789428568557
2,100.1,7024.824897030132,4147.8984375,36904,710.6834489486234,134.17163451116411,0.7116738979309609
2,105.1,6945.831598735833,4075.69189453125,36704,709.6350534001743,135.69134154315606,0.6818771088528919
2,110.1,6896.184513775665,4050.488525390625,36187,708.9245861773566,137.6403404537541,0.6714766736088873
2,115.0,6823.370372450986,3999.027587890625,35602,707.0896297960788,140.26422672883547,0.650240776730251
2,120.0,6870.025158128668,4045.98193359375,35098,706.7027465952476,139.4280585788364,0.6696169811251943
2,125.0,6891.845185562344,4075.587646484375,35352,706.7671136003621,138.44240778456665,0.6818340898003681
2,130.0,6926.909661335051,4108.72705078125,35699,705.6219782066725,137.183618588756,0.6955094133847446
2,135.0,6917.04189975386,4102.177734375,35752,704.7309241441038,138.02285186842695,0.6928067691154153
2,140.1,6891.095313763207,4092.6484375,35871,704.2969529703661,138.20704747567672,0.6888744045765179
2,145.0,6969.563910608329,4187.26318359375,36066,703.3297288304775,136.6433205789386,0.7279181742560974
2,150.1,6966.395042385921,4168.4765625,35743,702.9148924264891,136.8140055395462,0.7201656775542079
2,155.1,7015.374105668685,4162.03662109375,36340,701.2675013758943,136.578866263071,0.7175081680285103
2,160.1,7037.75835815955,4171.8388671875,36252,700.2959285004965,135.78009489131634,0.7215531679320951
2,165.0,7044.56824251769,4188.94384765625,36319,698.8646989179217,136.62942261626145,0.7286117179506498
2,170.1,6982.541905694697,4136.744140625,35735,698.1318595214775,138.54943332866938,0.7070709600581094
2,175.0,6981.349189401815,4140.75927734375,35591,697.1449523756006,139.7621308757832,0.7087278484370474
2,180.1,6980.148097215985,4267.61572265625,35632,696.479989896722,140.49593062415806,0.7610764942627596
2,185.4,6943.081218274112,4233.47314453125,35657,695.4710715988446,141.17788933449253,0.7469872004516377
2,191.1,6933.720340176284,4210.8876953125,35511,694.0255977021204,142.75340035481963,0.7376670773861173
2,196.7,6946.976034005425,4195.68408203125,35759,693.7949047792164,142.61780251125592,0.731393146526943
2,202.4,6889.768619494463,1493.2535400390625,35487,693.422633640488,144.066334150534,-0.38379322782589986
2,208.0,6862.81792075107,1344.27978515625,36215,693.2368907911086,144.07657048184453,-0.44526881396955775
2,213.6,6915.5694128606265,1466.53271484375,36499,692.3927230883038,143.54642592947752,-0.39481985726419416
2,219.2,6886.895409062559,3942.56884765625,36877,692.4002223608211,143.5882257233506,0.6269424840103622
2,224.9,6975.670035290344,1380.6107177734375,37404,692.6223131215912,141.39474387766015,-0.4302764726706205
2,230.5,7051.046875,4048.46630859375,38336,691.7290014607679,139.78675396494157,0.670642184587682
2,236.1,7031.246482733419,4172.26171875,38311,690.8308318759625,139.89371198872388,0.7217276620748849
2,241.7,7050.208398092779,4046.574462890625,37961,691.7483733305235,138.66368114643976,0.6698614945689303
2,247.4,7064.599698513359,4001.6455078125,38476,691.6352011643622,139.44684998440587,0.6513210889087353
2,253.0,7012.576043033325,4069.68115234375,38110,692.4522435056416,141.23565993177644,0.6793967128970697
2,258.6,6946.414159061278,4019.73779296875,38350,694.1175228161669,140.83731421121252,0.658787060586321
2,264.3,6916.961582789089,3967.75,39045,694.2138814188756,142.20624919964143,0.6373337512595667
2,269.9,6826.066991629236,3900.5927734375,39184,695.733717844018,142.9462535728869,0.609620615681023
2,275.5,6764.708393358102,3838.7744140625,39567,697.7914170899992,144.16966158667577,0.5841106197759935
2,281.1,6710.118144638911,3790.6162109375,39367,698.370869001956,145.73254248482232,0.5642376309595165
2,286.8,6723.380933185528,3800.395751953125,39692,698.553512042729,144.5884057240754,0.5682732613739101
2,292.4,6683.967212693188,3757.38232421875,38887,699.2626841875177,145.82328284516677,0.5505233182104405
2,298.0,6602.819323721338,3694.460205078125,38771,699.994815712775,146.8178019653865,0.5245578442340758
2,303.7,6604.389122093173,3684.97509765625,38831,699.5994952486416,147.85259200123613,0.5206437149375832
2,309.4,6622.866155660377,3686.734130859375,39008,700.2909403199344,145.82254922067267,0.5213695984819252
2,315.0,6619.96459509378,3663.29443359375,38441,700.1620925574257,146.4796441299654,0.5116969609789791
3,0.1,6942.130551724138,2138.97265625,43500,988.7274942528736,78.64563218390805,-0.09858979182492292
3,5.1,6971.875527716593,2685.779296875,43584,988.8824798091042,78.06945209251101,0.1318465750529184
3,10.1,6977.0132887320715,2672.948974609375,43646,989.2466205379645,78.28609723686019,0.1264395945426175
3,15.1,6984.364262114537,2166.31396484375,43584,988.9906158223201,78.41701082966226,-0.08706756193607545
3,20.1,6971.258332177691,2200.575927734375,43266,987.210927749272,77.88508297508436,-0.07262881583453792
3,25.0,6986.343961041945,2195.867431640625,43534,987.2908531262921,77.84446639408279,-0.07461307983700523
3,30.1,6950.143122202379,2602.569580078125,43117,987.5919242990004,77.07407751003085,0.09678016692428
3,35.0,6963.745589837502,2204.55810546875,43139,986.3266649667354,76.85822573541343,-0.07095063839265034
3,40.1,6922.493462089359,2168.033935546875,43286,986.3831723883011,76.68927597837639,-0.08634272838337494
3,45.1,6897.833100623662,2618.859619140625,42972,984.4764730522201,75.79891557293121,0.10364514832532884
3,50.1,6906.476480674762,2631.6044921875,43156,983.9081935304476,76.32169339141718,0.10901611865203216
3,55.1,6883.493612507495,2599.916015625,43366,984.2123091823087,76.45498777844394,0.09566189639421586
3,60.1,6858.327645917991,2616.126708984375,43312,983.2600434059844,77.07614517916512,0.10249343976763835
3,65.1,6865.971980476124,2630.86767578125,43434,982.7780540590321,76.9591103743611,0.10870560798318188
3,70.1,6842.806197298964,2623.8662109375,43761,981.4071890496103,76.72594319142615,0.10575503642543237
3,75.1,6842.048446090497,2656.73974609375,43471,979.8413195003566,77.02930689425133,0.11960866848662811
3,80.1,6814.985461980946,2635.875732421875,44504,980.2722901312242,77.37708969980227,0.11081611340071852
3,85.0,6818.903026057086,2670.23291015625,44249,979.474315803747,76.48290356844223,0.12529498513540768
3,90.1,6792.095638798408,2682.547119140625,44208,978.3086545421643,75.47432591386175,0.13048446413677903
3,95.1,6784.38480716965,2668.962158203125,44521,978.1925158913771,75.21522427618427,0.12475946226219174
3,100.1,6810.435921043767,2682.588623046875,44531,977.8932429094339,74.68767824661472,0.13050195479738358
3,105.1,6794.274700531388,2641.249267578125,44412,977.6263847608755,74.02562370530487,0.1130806395178141
3,110.1,6779.002842753218,2668.347412109375,44675,976.3284387241187,74.03952993844432,0.12450039471276664
3,115.0,6743.366390695403,2669.76513671875,45053,975.1096708321311,74.29458637604598,0.12509785510177046
3,120.0,6760.84294489372,2671.09521484375,45258,973.8766405939282,74.12386760351761,0.125658379331027
3,125.0,6766.931004885779,2684.734130859375,45438,971.9621902372463,74.33973766450988,0.1314061190644002
3,130.0,6747.279446083396,2614.032470703125,45422,972.7508255911232,73.6800669279204,0.10161088161078029
3,135.0,6778.729631284917,2617.28173828125,44750,971.8547709497207,72.98920670391061,0.10298019456363922
3,140.1,6774.207236768678,2600.53173828125,44799,972.1726154601665,72.78012902073706,0.09592137548859637
3,145.0,6779.140138755661,2608.300537109375,44827,971.4705646150758,73.03364043991344,0.09919531849505245
3,150.1,6790.2874291880225,2608.404541015625,44484,971.0917183706501,73.29268950633936,0.09923914803280268
3,155.1,6768.482157249037,2606.851806640625,44668,970.1561072803797,73.32712456344586,0.09858479155371463
3,160.1,6741.644801840615,2616.2294921875,44333,969.5705456432004,73.26675388536756,0.10253675487419432
3,165.0,6724.328727586755,2579.3720703125,44003,968.6941572165534,73.22530282026226,0.08700422516743904
3,170.1,6684.0968869839835,2569.750244140625,44330,968.2243852921272,73.89057071960298,0.08294937560810903
3,175.0,6668.476815951891,2584.671142578125,44233,968.1035652114937,73.7702620215676,0.08923737098168526
3,180.1,6640.475497582368,2542.85888671875,44465,967.8488249184752,73.76718767569999,0.0716167650574627
3,185.4,6580.133225929158,2521.8447265625,44691,968.0864379852767,73.88675572262872,0.06276093493466016
3,191.1,6569.510561011704,2514.0546875,44598,967.5595542401004,73.80987936678775,0.059478040825424114
3,196.7,6579.816462811404,2535.996337890625,44476,966.8501888659052,73.96033815990647,0.06872473576961903
3,202.4,6554.110899043476,2510.898193359375,45059,967.4456379413658,74.10202179364833,0.05814782464332831
3,208.0,6531.787389800245,2507.112060546875,44805,968.618256890972,73.21506528289254,0.05655226485123753
3,213.6,6530.34146885597,2542.154052734375,44824,967.7328217026593,73.32647688738176,0.07131973248590183
3,219.2,6517.566633165829,2554.573486328125,44775,968.2135790061418,73.2849581239531,0.07655355545621767
3,224.9,6522.037996738669,2557.4755859375,44767,967.7356981705274,73.30786070096276,0.07777656417743144
3,230.5,6519.913491407246,2577.699462890625,44747,967.9858314523879,73.79538293069926,0.0862993515450755
3,236.1,6464.961014906721,2535.867431640625,44812,968.0768767294475,73.62273498170133,0.06867041183550605
3,241.7,6462.478764305147,2521.664794921875,44477,966.8840074645323,73.27492861478967,0.06268510777662747
3,247.4,6478.984043150916,2485.02197265625,44495,966.2645465782672,73.4431284413979,0.04724301507382162
3,253.0,6477.952040908272,2458.9736328125,44392,966.0578707875293,73.35729410704631,0.03626567070592545
3,258.6,6454.262352544658,2423.73095703125,44505,965.9759802269408,73.49713515335355,0.02141363058292619
3,264.3,6459.107774246968,2360.0458984375,44686,966.4304480150382,73.66345164033478,-0.005424656366135491
3,269.9,6402.365240474704,2302.263671875,44828,965.7448915856162,73.96499955385028,-0.029775359832274105
3,275.5,6417.651037335072,2295.6279296875,44489,965.0717480725573,74.21501944300839,-0.03257180780422583
3,281.1,6402.446608462055,2309.998291015625,44670,964.0229460488023,74.96944257891202,-0.02651582089925708
3,286.8,6362.204997223765,2298.41845703125,45025,964.267895613548,75.47327040533037,-0.031395818094166666
3,292.4,6369.088754885539,2294.238037109375,44775,964.0669570072586,74.71593523171413,-0.03315753916200071
3,298.0,6320.559537675836,2252.494873046875,44644,962.9484141205985,74.98320043006899,-0.050749028280628626
3,303.7,6345.878300982774,2252.62353515625,44873,963.0683261649544,75.6056203061975,-0.050694807232754505
3,309.4,6343.330602746102,2199.6171875,42970,956.9049104026064,77.51810565510822,-0.07303285009450314
3,315.0,6345.928452840349,2254.274169921875,44572,962.5826752221126,74.81757605671721,-0.04999919337188748
4,0.1,5897.407143476001,4122.74755859375,46168,104.24029630913186,167.79195546699012,-0.000779079670600407
4,5.1,5934.501158014333,4157.10693359375,45768,103.86132232127251,166.7277355357455,0.007548523662249217
4,10.1,5901.309046316795,4129.44482421875,46074,104.4122498589226,166.20896818162086,0.000844121320096578
4,15.1,5910.9009732202585,4100.76318359375,46341,105.51278565417233,167.61330139617186,-0.006107382485206783
4,20.1,5932.409922643701,4119.74755859375,45633,104.05296605526702,166.32627703635526,-0.001506182826538164
4,25.0,5884.615242228889,3930.0810546875,47001,106.34137571541031,168.0074253739282,-0.04747522068184327
4,30.1,5827.088835155593,3874.853759765625,47560,107.54751892346509,169.2890243902439,-0.06086053415904346
4,35.0,5889.637409422237,3915.6064453125,46507,105.3240157395661,167.3823940482078,-0.05098339873435285
4,40.1,5874.34431124673,4041.401123046875,45880,104.23544027898866,165.33639930252832,-0.020494829674073792
4,45.1,5866.649121273061,3897.861083984375,45748,103.50417504590365,164.3736338200577,-0.05528430147599802
4,50.1,5932.405621959541,4103.97802734375,45429,102.91342534504392,166.26196922670542,-0.005328208139716192
4,55.1,5920.368326347897,3928.118896484375,45571,103.23973579688837,165.8669768054245,-0.04795078448915705
4,60.1,5964.314643054787,3978.4228515625,45175,102.53188710570005,168.90443829551742,-0.0357587296580051
4,65.1,5965.5894651039835,3966.723388671875,45392,102.43622224180473,166.98653947832216,-0.03859430178818847
4,70.1,5996.368100613279,4190.17236328125,45004,101.55441738512133,168.68982757088258,0.015562516421655636
4,75.1,6019.498103161398,4198.0888671875,45075,101.76501386577925,170.0983915696062,0.017481221413064955
4,80.1,6010.839793567821,4200.46337890625,45148,101.68682998139452,170.71281119872418,0.018056726401236393
4,85.0,6041.679063391834,4231.0400390625,44501,100.53814521022,169.32884654277433,0.025467521767118275
4,90.1,6025.499529948966,4220.8681640625,44676,100.85618676694422,170.15339332079864,0.023002187629016818
4,95.1,6077.186511373478,4276.060546875,43874,99.74554405798423,171.1344304143684,0.03637903953791467
4,100.1,6090.795246426867,4275.94091796875,44009,100.12570156104434,171.79267877025154,0.036350045352822755
4,105.1,6022.1669015817615,4205.330078125,44697,101.74651542609124,170.8221580866725,0.019236257188220706
4,110.1,5994.625538817047,4187.53955078125,45006,102.26609785361951,169.48166911078522,0.014924407662408178
4,115.0,5965.11777901166,4158.62451171875,45025,102.5823653525819,168.96437534702943,0.00791633561027242
4,120.0,5968.3648320833245,4150.15478515625,44933,102.22969754968508,168.81579240202078,0.005863547305764552
4,125.0,5954.92136275031,4148.11328125,45144,102.13937621832359,168.84350079744817,0.005368752661400007
4,130.0,5945.674931251663,4102.99072265625,45092,102.3870087820456,170.56486738224075,-0.005567498924433989
4,135.0,5946.942927656949,4110.2607421875,45381,102.42350322822327,170.87128974681033,-0.003805480876133653
4,140.1,5941.3512771703045,4109.85546875,45178,101.57727212359998,169.79990260746382,-0.003903706074608317
4,145.0,5961.684649239797,4126.72802734375,44988,101.44562994576332,169.91128745443228,0.000185657459478466
4,150.1,5956.816899221367,4108.03076171875,45079,101.3033785132767,170.15610372900906,-0.004345956154969547
4,155.1,5938.556314068575,4108.853515625,45264,100.61945475433015,169.35155973842348,-0.004146547167704717
4,160.1,5928.87239325818,4088.395751953125,45507,100.61990463005691,169.83734370536402,-0.00910484867745442
4,165.0,5943.8008294178635,4092.13232421875,45333,100.29856837182626,169.071647585644,-0.008199224181879275
4,170.1,5939.513582755422,4100.2939453125,45278,99.822761606078,168.578912496135,-0.006221110696934678
4,175.0,5952.603268619063,4115.3984375,45585,100.1589777339037,169.62568827465174,-0.0025602693841451957
4,180.1,5984.232097115491,4124.1865234375,44895,99.29096781378773,168.32834391357613,-0.0004303210442090382
4,185.4,5959.632368607955,4117.1650390625,45056,99.52996271306819,169.03662109375,-0.002132102193685755
4,191.1,5995.1235054316885,4134.3759765625,43909,97.98052790999567,165.54929513311623,0.0020392734639467424
4,196.7,6014.94584178499,4159.58349609375,44370,99.34791525805724,167.74974081586657,0.00814876246545825
4,202.4,6008.14384791489,4180.58251953125,44554,99.20788256946626,168.71623198814922,0.01323824786979731
4,208.0,5982.565792708822,4172.255859375,44739,99.4341178837256,169.52625226312614,0.011220134243787126
4,213.6,5994.62237089412,4174.41064453125,44692,99.72144902890898,170.78000537008862,0.01174238460627953
4,219.2,5974.664744831314,4165.00244140625,44402,98.71854871402189,169.59238322598083,0.009462139878315873
4,224.9,5966.79468836627,4154.89404296875,44732,99.2986676204954,170.4625771259948,0.0070121904098550255
4,230.5,5952.020670328438,4128.3212890625,44605,98.37596681986325,170.11287972200427,0.0005718126674577794
4,236.1,5908.112636442777,4090.545166015625,44799,98.7854416393223,171.2683542043349,-0.008583900094700838
4,241.7,5895.640076395212,4050.67626953125,45029,98.49516977947545,172.44333651646716,-0.01824683358054911
4,247.4,5902.456252355301,4078.49658203125,45111,98.41127441200594,171.8855268116424,-0.011504087907907565
4,253.0,5902.989732014428,4047.115234375,45189,98.70986301976144,172.34399964593152,-0.019109913547387336
4,258.6,5889.306401756115,4051.8076171875,44644,97.66705492339396,170.05640175611504,-0.01797263143010839
4,264.3,5918.78018314367,3900.563232421875,44992,98.78565078236132,172.42854285206258,-0.05462938792375851
4,269.9,5883.8869887479905,3870.239990234375,44792,98.02989373102339,171.41768619396322,-0.061978762954690576
4,275.5,5921.35018436746,4069.878173828125,43934,96.53669140073747,168.5988528246916,-0.013592911842458245
4,281.1,5927.497892482813,3901.20849609375,44365,97.16553589541306,169.88439084864194,-0.05447299683968108
4,286.8,5898.483850764964,3871.077392578125,44708,97.48382839760222,171.0287644269482,-0.06177580365904714
4,292.4,5911.445665391673,4044.578125,45229,98.74370426054081,173.65628247363418,-0.01972482695856126
4,298.0,5850.301852215459,3989.8994140625,45837,99.46647904531274,175.5940397495473,-0.032977181386982794
4,303.7,5877.245412644578,4024.17822265625,45996,99.88983824680408,176.85216105748327,-0.024669104750215484
4,309.4,5811.459666276969,3978.749755859375,47045,101.22217026251461,180.76552237219684,-0.03567949860935596
4,315.0,5841.861638372524,3913.81884765625,45887,99.4208381458801,177.48795955281452,-0.051416654700154954
5,0.1,7394.026710816777,1148.54833984375,27180,1142.7499632082413,219.79385577630612,-0.3557207089275194
5,5.1,7410.5699824587045,2793.0244140625,27364,1142.5183452711592,219.92387808799884,0.5667497196375058
5,10.1,7393.901233658627,2768.42333984375,27155,1142.666396612042,220.60707052108268,0.5529497234967826
5,15.1,7372.31933782063,1103.667724609375,27485,1142.6818264507913,222.1448426414408,-0.38089653302042054
5,20.1,7357.3848169418525,1099.7713623046875,27860,1142.0459798994975,220.6556353194544,-0.3830822011863482
5,25.0,7383.936126595936,1143.1312255859375,27805,1142.472253191872,221.5283222442007,-0.35875944435780777
5,30.1,7374.521319796954,2713.68115234375,27580,1142.304205946338,221.101269035533,0.5222420409981471
5,35.0,7434.0090124573735,1157.7943115234375,28738,1141.412450414086,219.76261396060966,-0.3505341722599589
5,40.1,7422.901914727026,1214.65380859375,28098,1142.1351697629725,222.72553206633924,-0.3186387829303445
5,45.1,7466.145675265554,2830.912109375,27678,1141.2869065683938,220.08147264975793,0.5880028586038888
5,50.1,7511.025756923518,2876.9228515625,27876,1141.1831683168316,221.56206055388148,0.6138126284933424
5,55.1,7500.960211035393,2909.91015625,27294,1141.624313035832,222.347329083315,0.6323168886460719
5,60.1,7498.587371190529,3120.777099609375,27366,1140.545640575897,220.11675071256303,0.7506029024473554
5,65.1,7511.069974043066,3161.051025390625,27353,1140.7879208861916,220.9850473439842,0.7731945996802115
5,70.1,7531.476997133828,3210.355224609375,27214,1140.4529286396707,220.211361799074,0.8008518374451227
5,75.1,7530.480606717227,3221.518310546875,27690,1139.6112676056339,220.41011195377394,0.8071137811914103
5,80.1,7572.933440844451,3218.029052734375,27284,1140.3016786394958,220.58312564140155,0.805156478680214
5,85.0,7603.0063557783105,3138.25,27534,1139.3681266797414,218.25212464589234,0.7604043426533318
5,90.1,7567.170299237519,3202.935302734375,27804,1138.5048554164869,218.01183282980867,0.7966896251641067
5,95.1,7577.230055528221,3236.615478515625,28454,1138.4465804456315,219.5159555774232,0.815582552020361
5,100.1,7597.5623692144,3252.0625,28195,1137.9882957971272,221.32544777442808,0.8242475735139173
5,105.1,7598.379405940594,3215.54541015625,27775,1137.7053825382538,220.69278127812782,0.8037632769977062
5,110.1,7624.148834688347,3166.532958984375,27675,1136.7096296296297,220.1284914182475,0.7762696955790642
5,115.0,7640.269258694548,3174.8330078125,27546,1136.6143904741161,220.83336963624484,0.7809256159172355
5,120.0,7683.3495213292745,3188.411865234375,27263,1136.2879727102666,221.68272017019405,0.7885426889909993
5,125.0,7704.242505430847,3220.760498046875,27620,1135.5324040550327,220.78696596669081,0.8066886855438625
5,130.0,7678.937078407195,3177.705322265625,27574,1135.1782838906215,221.07822586494524,0.7825368434602124
5,135.0,7679.731079771773,3143.999755859375,27867,1134.472673771845,219.9338285427208,0.7636296737085505
5,140.1,7687.079211508497,3142.06396484375,27597,1134.710113418125,220.37982389390152,0.7625437898846438
5,145.0,7703.982735723772,3130.5126953125,27861,1134.562004235311,219.21578550662215,0.7560640941797216
5,150.1,7681.850236829736,3116.302734375,27657,1134.633257403189,221.2329609140543,0.7480930029845303
5,155.1,7696.595020836327,3165.449462890625,27836,1134.3455597068544,219.90454806725103,0.7756619074077313
5,160.1,7651.606193911666,3202.850341796875,28415,1133.778708428647,221.50216434981525,0.7966419662448584
5,165.0,7689.177242125092,3253.593505859375,28667,1133.6462134161231,221.95779118847454,0.8251063927168079
5,170.1,7717.112475150839,3324.5263671875,28673,1133.6261291110104,221.73518641230424,0.8648962492033395
5,175.0,7732.830967475193,3399.779052734375,29024,1133.2197836273428,223.87289829106945,0.9071093152219946
5,180.1,7805.032100967144,3480.242919921875,29158,1133.4126826256945,223.50898552712806,0.9522455985721279
5,185.4,7745.652774967968,3487.34375,29658,1132.4975723244993,226.23588913615214,0.9562288160041281
5,191.1,7798.001832434084,3537.0712890625,29469,1132.675489497438,225.91957650412297,0.9841235266597764
5,196.7,7808.068189520775,3585.414306640625,29506,1132.4144919677353,227.1129939673287,1.0112415886629622
5,202.4,7762.820522226298,3606.5302734375,29987,1131.44626004602,228.780204755394,1.0230866104580842
5,208.0,7671.155210468232,1762.01025390625,25372,1124.3961847706132,213.63447895317674,-0.01159866078984711
5,213.6,7632.471770111362,1733.9007568359375,25682,1124.244451366716,214.9075227785998,-0.027366710088780985
5,219.2,7772.306886436653,3658.75390625,28636,1132.1746752339711,223.6448526330493,1.0523815072930267
5,224.9,7734.651527043166,3670.019775390625,29305,1131.1313768981402,226.70735369390889,1.0587011073755315
5,230.5,7760.392109361481,3656.9404296875,28895,1131.7812770375497,225.53140681778854,1.0513642358787274
5,236.1,7632.1683289146995,1704.9083251953125,23763,1122.8452636451627,209.02062029205067,-0.04363004238041999
5,241.7,7630.848902372224,1692.9608154296875,23733,1122.3412969283277,206.17296591244258,-0.05033200942424994
5,247.4,7614.983372921615,1614.428955078125,23576,1120.5631574482525,206.76815405497115,-0.09438453168969585
5,253.0,7602.935106645804,1605.4822998046875,24286,1121.0851931153752,208.97121798567076,-0.0994031665325483
5,258.6,7631.80648691237,1630.4615478515625,22846,1121.0264816598092,203.17385975663134,-0.08539103342080338
5,264.3,7653.3692269594285,1727.278076171875,24229,1122.9227784885882,207.7656940030542,-0.031081709149092265
5,269.9,7650.851639009793,3347.01513671875,29408,1131.1432603373232,226.17831882480957,0.8775113460068901
5,275.5,7645.35130194581,1740.2890625,24617,1123.5245562009993,208.7829142462526,-0.0237831839091546
5,281.1,7671.414877093463,3386.695556640625,29616,1130.503038897893,226.68398838465694,0.8997701155595951
5,286.8,7658.351515967292,3300.722900390625,29717,1130.495642224989,226.92872766429988,0.8515436717096971
5,292.4,7703.322817091707,3307.74658203125,29605,1130.6217193041716,226.23006248944435,0.8554836126518052
5,298.0,7664.028785898596,3205.10595703125,29841,1130.360209108274,226.544653329312,0.7979072557705331
5,303.7,7752.489726846946,3308.613037109375,29251,1130.9233188608937,226.1322006085262,0.8559696514575872
5,309.4,7746.057016656551,3265.95263671875,29658,1130.9389372176142,225.7155236361184,0.8320392590073407
5,315.0,7770.093653434752,3320.911865234375,29449,1131.3538320486264,226.81425515297633,0.8628686908715271
6,0.1,7709.219649211286,4489.1669921875,71382,943.4939480541312,331.51479364545685,0.020185568784823707
6,5.1,7625.662413863683,4429.99560546875,73285,941.4367060107799,336.3754792931705,0.006738576298130882
6,10.1,7600.310896694384,4402.0498046875,73481,941.409371129952,335.79734897456484,0.00038775381485443015
6,15.1,7592.562819050722,4404.029296875,73656,941.4141549907679,337.63871239274465,0.0008376032784017322
6,20.1,7422.98170170274,4276.47607421875,77111,935.6086291190621,340.7920919194408,-0.028149502176210543
6,25.0,7490.269386463429,4297.7119140625,75839,937.4386397499967,341.28008016983347,-0.023323551752151415
6,30.1,7484.055293476672,4276.3603515625,75253,938.3251431836604,339.6139821668239,-0.028175800726496857
6,35.0,7656.361362650282,4388.1162109375,71449,943.7854553597671,339.68524402021023,-0.002778724796834226
6,40.1,7721.7469582185495,4436.1171875,69696,947.3709395087236,334.6578282828283,0.00812973631897265
6,45.1,7665.85095671112,4408.53125,70711,945.6291241815276,335.398424573263,0.0018606945595823255
6,50.1,7623.364512227336,4406.43017578125,71929,944.5690333523336,337.9594739256767,0.0013832149735823155
6,55.1,7651.847404927051,4415.85302734375,71077,944.9435260351449,336.35236433726806,0.003524604945840785
6,60.1,7579.231253138426,4394.666015625,71692,945.0333091558333,340.912444903197,-0.0012902490434983822
6,65.1,7518.514425108001,4350.0234375,73379,942.4237043295766,342.79464151869064,-0.0114354973792662
6,70.1,7436.096872738966,4295.14404296875,74634,940.7917973041777,345.3573438379291,-0.02390711325407427
6,75.1,7440.100362255878,4322.990234375,74809,940.6399497386678,345.0194361640979,-0.017578927497626542
6,80.1,7413.060533529451,4314.45068359375,74785,940.7829912415591,346.3378886140269,-0.01951958296580088
6,85.0,7365.338129972597,4302.70947265625,75539,940.4535405552099,348.52733025324665,-0.022187831658563195
6,90.1,7309.382779947064,4285.63623046875,76318,938.3491443696114,347.86136953274456,-0.026067811022745475
6,95.1,7224.85660595177,4298.6064453125,77960,936.7182144689584,352.3293099025141,-0.02312026506808169
6,100.1,7227.646052004585,4272.3125,77647,937.0052931858281,353.45634731541463,-0.029095695164781794
6,105.1,7101.988278553769,4249.1611328125,79683,935.5157687336069,354.8406435500671,-0.034356958722905076
6,110.1,7131.795077304274,4226.41162109375,79103,935.721793105192,354.6223278510297,-0.03952689862328306
6,115.0,7076.120831772199,4182.50341796875,80070,934.7519795179218,355.6181591107781,-0.04950525658086263
6,120.0,7078.96881393144,4161.85791015625,80164,934.5897160820318,358.29966069557406,-0.05419705110915741
6,125.0,7028.321916473883,4163.29931640625,82130,931.3166930476075,359.14558626567634,-0.0538694843562241
6,130.0,7040.260650356147,4129.6376953125,80725,933.5606937132239,360.11171260452153,-0.061519255487819426
6,135.0,7014.738665109943,4128.81884765625,82224,931.0950574041642,359.7214073749757,-0.06170534269807321
6,140.1,6960.17807191022,4099.54443359375,83938,927.5139507731898,358.8771474183326,-0.06835809917007986
6,145.0,7138.019507044909,4213.52978515625,79561,934.3966264878521,355.41971568984803,-0.04245436003110371
6,150.1,7194.324195562881,4165.783203125,77663,936.8118151500714,354.7084068346574,-0.05330500872201958
6,155.1,7298.02795559517,4110.3623046875,74046,942.5921589282339,353.4955027955595,-0.06589968405787204
6,160.1,7406.996402228118,4176.220703125,71989,944.9113614580006,349.0181833335649,-0.050933034836280276
6,165.0,7406.060331553028,4164.6103515625,72085,944.4074634112507,349.670749809253,-0.05357154508399309
6,170.1,7385.710745516936,4149.77099609375,72272,943.5020478193492,350.7630617666593,-0.05694386255973706
6,175.0,7346.927964546431,4152.80029296875,73561,941.0074088171722,350.6569377795299,-0.056255439749710555
6,180.1,7335.851415770854,4446.29345703125,73211,941.317520591168,352.8698419636393,0.01044234427896015
6,185.4,6989.190786357177,4232.03271484375,84440,919.3033278067267,349.79597347228804,-0.038249477058320915
6,191.1,7184.086940793441,4317.46484375,74637,938.1511314763455,357.2889049667055,-0.01883460005053756
6,196.7,7076.07353779944,4261.2666015625,77144,935.3772425593695,360.07900808876906,-0.03160593062713184
6,202.4,7209.682926502146,4372.75634765625,74560,937.891979613734,354.6370439914163,-0.006269330266693003
6,208.0,7120.09104099132,3837.49072265625,76504,937.6150266652724,355.4235987660776,-0.12791111081126075
6,213.6,6963.2555844621875,4084.3125,78029,937.2534314165247,361.4848069307565,-0.07181963198097233
6,219.2,6981.351633555206,3856.6015625,78724,936.470809410091,357.95361008078856,-0.1235680772262144
6,224.9,6941.806229023694,3869.9384765625,79852,933.8047137203827,359.1230401242298,-0.1205371970468037
6,230.5,6928.782554610141,3867.959716796875,80388,934.7034880827985,359.8721202169478,-0.12098688006383021
6,236.1,6776.195892201266,3968.19384765625,88758,919.3222695419005,353.4975326167782,-0.09820817435286366
6,241.7,6960.994588404083,3715.587158203125,79459,935.7298355126543,357.1659472180622,-0.1556143032865997
6,247.4,7013.113189088923,3722.925537109375,78709,936.4867677139845,356.48902920885797,-0.15394662011253646
6,253.0,6837.466671219779,3966.8310546875,87852,918.8468446933479,353.562673587397,-0.09851787584589783
6,258.6,6838.294693059268,3940.002197265625,86792,918.1361876670661,352.80215918517837,-0.10461486738495512
6,264.3,7117.93840489184,4074.816650390625,76045,939.1776316654613,355.9401538562693,-0.07397761112313714
6,269.9,6866.733314687271,3980.996337890625,85809,917.1484110058385,351.7178151475952,-0.09529874465146294
6,275.5,6869.806378290618,3848.689697265625,86230,917.2215818160732,351.3966948857706,-0.12536608802606364
6,281.1,6921.178305236181,3974.31396484375,85062,917.2635136723801,351.41814206108484,-0.0968173472250635
6,286.8,6886.068823301972,3936.680908203125,85349,917.2590774350022,351.7210394966549,-0.10536964687460701
6,292.4,6868.519389605739,3937.935791015625,86567,916.5142721822403,351.3892245312879,-0.10508446850230396
6,298.0,6873.087646272542,3913.32080078125,85286,916.3826536594518,350.0083952817578,-0.11067834769115813
6,303.7,6859.807485081977,3923.5986328125,86305,915.950651758299,351.5333294710619,-0.10834265914695311
6,309.4,6814.244022560293,3898.765380859375,86701,915.129560212685,351.0881420052825,-0.11398613939900552
6,315.0,6834.416686803134,3981.373291015625,86907,916.6708780650581,350.5520383858607,-0.09521308017542483
7,0.1,3351.963568028063,910.5225830078125,39910,668.1009020295666,310.6333500375846,-0.1413399692468747
7,5.1,3350.2504183938822,1104.20068359375,38839,667.996240891887,311.8450269059451,0.041306399892001515
7,10.1,3377.5265714511997,1007.5559692382812,37879,665.6408036114998,309.5901686950553,-0.04983351794118613
7,15.1,3384.676807679194,1210.1148681640625,38129,668.0163917228357,312.0216895276561,0.1411878072041762
7,20.1,3356.3120671622805,1069.6029052734375,35377,656.3131413064986,307.2061791559488,0.0086792800918829
7,25.0,3383.4424355663023,848.8570556640625,36394,656.690718250261,307.9996977523768,-0.19949308328659288
7,30.1,3396.0767057493995,1091.027099609375,35395,655.763328153694,305.7799971747422,0.028883171473233934
7,35.0,3492.2432508797615,944.5266723632812,38931,664.5376435231564,309.37890113277336,-0.10927272241896348
7,40.1,3524.1232246651502,1001.5972900390625,39570,668.5235026535254,310.9241091736164,-0.05545279610071013
7,45.1,3493.59525318863,975.4827270507812,39437,665.9832898039912,310.85229606714506,-0.08007989692949825
7,50.1,3527.446604418593,976.686279296875,39198,667.0115312005714,310.45668146334,-0.07894489794327873
7,55.1,3525.912091836735,989.7158203125,39200,665.2717346938775,310.13288265306124,-0.06665750793454604
7,60.1,3568.980239747634,956.7698974609375,39625,666.7457917981072,310.71858675078863,-0.09772686047653568
7,65.1,3515.2696103896105,1581.203369140625,40425,661.0292640692641,312.1095609152752,0.49113943894523354
7,70.1,3515.3093558887354,1593.3243408203125,40552,658.4711234957585,311.43738903136716,0.5025700109150767
7,75.1,3538.3042940136397,1598.9625244140625,39590,656.7995958575398,309.92389492296036,0.507887048612273
7,80.1,3534.3366394827713,1599.44287109375,40833,658.685964783386,312.1468665050327,0.5083400351745504
7,85.0,3560.486365624848,1619.357421875,41146,661.4552082827006,312.35004617702816,0.5271202709483578
7,90.1,3529.0182337434094,1600.4893798828125,40968,658.2883225932435,312.8608670181605,0.5093269357586429
7,95.1,3519.5042663309555,1608.4569091796875,42894,663.609339301534,315.9415769105236,0.5168406417103187
7,100.1,3564.950935502615,1634.276611328125,43025,663.9684601975596,314.76959907030795,0.5411896767090736
7,105.1,3547.0104362101315,1672.2113037109375,42640,661.3079268292682,314.2343339587242,0.5769636429301362
7,110.1,3544.1922142267313,1650.1551513671875,42385,658.7336557744485,314.27410640556803,0.5561637893040813
7,115.0,3500.7092603515393,1617.645263671875,42385,652.5639023239354,314.70657072077387,0.5255056357456888
7,120.0,3525.4445818078075,1617.803466796875,42062,653.0986638771337,314.31277637772814,0.5256548277621339
7,125.0,3449.735328782596,1579.8323974609375,40726,644.3385552227079,313.09109659676864,0.48984655658667264
7,130.0,3489.3791196798834,1540.7021484375,41235,646.6984357948345,313.08776524796895,0.4529451315623204
7,135.0,3452.938920877594,1576.89501953125,40292,641.5790479499652,312.78194182467985,0.4870764890776305
7,140.1,3380.9880599364947,1534.237548828125,38107,634.3877240402026,311.1122365969507,0.446848749766873
7,145.0,3460.7643360593333,1605.3714599609375,40719,643.7724649426558,314.47886735921804,0.5139309369204527
7,150.1,3479.0814981273406,1385.1343994140625,40050,641.558152309613,312.30406991260924,0.30623838243437135
7,155.1,3362.622295118119,987.7192993164062,36277,633.5328996333765,311.3434683132563,-0.06854030887973733
7,160.1,3332.200045099642,1004.976318359375,35477,624.6532683146828,309.7567156185698,-0.05226623421242546
7,165.0,3309.347793753099,963.3947143554688,36306,629.4231807414752,312.800308488955,-0.09147938722924862
7,170.1,3318.7109637364188,969.8693237304688,35435,625.2586990263864,310.91519683928317,-0.08537356581547675
7,175.0,3308.379297448143,972.2217407226562,34759,622.3015909548606,311.6656405535257,-0.0831551403919323
7,180.1,3304.386648285572,1469.6134033203125,34093,620.492681782184,312.6356436805209,0.38590553780849746
7,185.4,3281.4238124434323,1439.3759765625,34251,618.6551341566669,314.28191877609413,0.3573904078443504
7,191.1,3317.499288633268,1502.7598876953125,33035,614.016679279552,313.0152262751627,0.4171640280688662
7,196.7,3295.3412097463247,1495.77734375,33941,613.8898382487257,315.834448012728,0.41057920358377636
7,202.4,3280.461387587822,1269.8712158203125,34160,613.5132025761125,316.479537470726,0.19754048672444882
7,208.0,3242.272138476529,794.2283325195312,34894,613.165787814524,318.9199862440534,-0.2510102032028648
7,213.6,3241.965275619473,1271.9190673828125,35393,613.2987031333879,319.4681151640155,0.1994716944928771
7,219.2,3246.881903593632,961.0640869140625,35869,613.560930051019,318.90353787393013,-0.09367726421534288
7,224.9,3218.6305282471176,779.50439453125,36517,611.6703453186187,322.3558342689706,-0.26489547884760545
7,230.5,3228.2544928789557,940.5498046875,37003,610.6802961922007,322.286571359079,-0.11302307126754128
7,236.1,3183.1370039421813,1344.2598876953125,38050,611.5839684625493,324.2059658344284,0.26769204635833393
7,241.7,3198.780698800798,892.5990600585938,38609,612.1028516667099,323.1267321090937,-0.15824258435383956
7,247.4,3196.816088737375,887.5996704101562,39307,610.5090441906021,324.63874119113643,-0.16295721323772017
7,253.0,3192.5874074449744,1317.8251953125,39436,609.3157013895933,324.6947205598945,0.24276305041910806
7,258.6,3177.008196099264,1302.4793701171875,39531,609.188889732109,324.27120487718497,0.2282913097066363
7,264.3,3158.085003174603,1289.0223388671875,39375,606.2134603174603,325.8871619047619,0.21560077892507123
7,269.9,3150.3592108891285,1300.031005859375,39893,607.5615521520066,324.8850424886572,0.22598240208793302
7,275.5,3132.0053990256642,1283.0675048828125,39822,606.7958163829039,326.450479634373,0.2099851269603914
7,281.1,3126.0919185234206,1281.784912109375,40797,608.721401083413,325.52677892982325,0.20877558952459763
7,286.8,3099.6414204364933,1285.619873046875,40917,609.0225334213163,325.55507490774005,0.21239211451583173
7,292.4,3107.384405880935,1313.25634765625,41490,607.9560858038082,325.2873463485177,0.23845444024047582
7,298.0,3072.7143097521694,1286.8985595703125,41601,607.8738491863177,325.28155573183335,0.21359796819813304
7,303.7,3073.1539197855845,1282.6173095703125,41788,607.3114051880923,325.53759452474395,0.20956057437038403
7,309.4,3056.2828027268256,1261.5166015625,42687,606.9171879026402,325.29973996767166,0.1896617438251283
7,315.0,3060.943314430332,1265.6357421875,42674,606.8889956413741,323.85276749308713,0.19354626188293972
8,0.1,3896.412356786847,1715.3857421875,30898,287.268269790925,389.7071655123309,-0.022141170447843677
8,5.1,3936.2741531734214,1738.003662109375,31559,287.34158243290346,387.95614563199086,-0.009247783171868768
8,10.1,3939.1433803273376,1764.2889404296875,30855,290.1040998217469,387.9366391184573,0.005736188573154607
8,15.1,3964.9606886869133,1771.1845703125,27066,295.0556787112983,387.52497598463015,0.009667055200058672
8,20.1,3966.5656950004964,1782.2689208984375,30223,287.3435793931774,387.6737253085399,0.015985709846499038
8,50.1,4033.3513402438466,1837.4132080078125,21899,273.5605278779853,382.1758984428513,0.04742081317229514
8,70.1,4046.5246505105397,1719.1123046875,22819,274.4879267277269,382.582716157588,-0.0200168365706972
8,75.1,4038.5922308948993,1802.23291015625,27545,290.5466690869486,386.49925576329645,0.027366219016373265
8,80.1,4068.6541141028056,1897.0167236328125,26555,285.70965919789114,382.33116173978533,0.08139790799875164
8,85.0,4053.313186054539,1852.173095703125,28970,287.95250258888507,384.97438729720403,0.05583471457715009
8,90.1,4035.962373118656,2007.9954833984375,28570,286.05505775288765,384.02992649632483,0.14466155620371735
8,95.1,4084.610615505207,2057.139892578125,26791,278.2245530215371,379.92590795416373,0.17267641796781186
8,100.1,4044.50159359728,2052.657958984375,28238,285.0536511084354,383.6034775833983,0.17012148339517985
8,105.1,4020.1710222482866,1960.16357421875,27283,284.20269031997947,383.4620459626874,0.11739488750327193
8,110.1,4113.612743408582,1670.2352294921875,23212,267.2259176288127,371.3582198862657,-0.04787930410028729
8,115.0,4045.4839780711914,2116.197998046875,25902,278.5176820322755,378.71882480117364,0.20634260072131597
8,120.0,4048.1856207739893,2039.11474609375,27804,281.59998561358077,379.9773413897281,0.1624011497233411
8,125.0,4049.806562338525,1651.769287109375,27094,281.8053074481435,380.08765778401124,-0.0584058488656692
8,130.0,4010.9373859738744,1880.241455078125,27406,282.47949354156026,381.80478727286,0.07183513499039537
8,135.0,4008.472861052856,1869.748291015625,28133,285.14218177940495,382.3505847225678,0.06585348732007597
8,140.1,4012.1780755681425,1971.0953369140625,28954,283.39386613248604,382.22919113075915,0.12362655913915041
8,145.0,3999.647673987113,1960.728271484375,29643,289.78882029484197,384.38113551259994,0.11771679422875933
8,150.1,3999.8472294688513,1941.9310302734375,28749,288.5095481581968,383.86420397231205,0.10700139195084547
8,155.1,4007.274958485553,1967.0980224609375,30110,290.1530388575224,384.4711723679841,0.12134788260806294
8,160.1,3998.6912544169613,1979.0601806640625,29432,290.76943462897526,384.1730769230769,0.1281669331176637
8,165.0,4004.475857920941,1962.4344482421875,29927,292.21064590503556,384.8195943462425,0.11868940345965806
8,170.1,4021.993921802971,1863.485107421875,29285,288.40413180809287,383.6789824142052,0.062283147875348784
8,175.0,4032.151901461558,1969.87451171875,27847,285.55262685388016,382.4088770783208,0.12293062546824692
8,180.1,4048.7733997006508,1952.9251708984375,28729,285.9084200633506,383.53169271467857,0.11326862224144164
8,185.4,4031.5607154173854,1959.318603515625,28403,287.58796605992325,384.16804562898284,0.11691321038398446
8,191.1,4071.3793057275802,2008.39208984375,29873,287.49563150671173,384.33548689452016,0.1448876424447698
8,196.7,4049.1079400960725,1991.1177978515625,28312,290.9694475840633,385.84324667985305,0.13504040019867194
8,202.4,4030.2056536861487,2010.7579345703125,29326,292.3309350064789,387.9200368273887,0.14623629662692963
8,208.0,4010.568052897164,1981.560302734375,28735,294.56805289716374,387.15729946058815,0.12959213234911798
8,213.6,4025.9410383610407,2015.384765625,26407,289.6879993941001,384.32923088575,0.14887383026639123
8,219.2,4024.4957943067034,1978.3433837890625,27225,288.5112947658402,384.40304866850323,0.1277583217272482
8,224.9,4017.153439153439,2005.0860595703125,26271,288.41635263217995,383.4011267176735,0.14300303374473186
8,230.5,4032.9087983645036,2023.6920166015625,26414,286.1139925796926,382.35466040735975,0.15360939412060534
8,236.1,4004.548256253231,1975.22216796875,25147,285.9757028671412,383.3151867021911,0.1259790668496028
8,241.7,4004.8417947585986,1960.1920166015625,24917,284.39655656780513,382.30930689890437,0.11741110113644065
8,247.4,4001.4422130817,1973.2076416015625,24798,285.35051213807566,382.75143156706184,0.12483068235096063
8,253.0,4042.3317367318136,1980.9674072265625,23383,280.43942180216396,379.18252576658256,0.12925415116327874
8,258.6,4055.9285558796637,2002.9483642578125,22969,274.064957116113,374.8104401584745,0.14178443655996414
8,275.5,3987.0051905155124,1954.845703125,25431,278.9447131453738,378.4003381699501,0.11436342520557771
9,0.1,4249.486130587954,1630.031494140625,29237,84.47819543728836,415.3000307829121,-0.008205150540606613
9,5.1,4254.325957475127,1636.68505859375,30053,85.94103750041593,415.2837986224337,-0.004156780322683585
9,10.1,4233.325719120136,1672.029296875,31914,88.4117628626935,416.988939023626,0.01734846887735739
9,15.1,4225.7556563823355,1600.353759765625,33060,94.80604960677556,414.87268602540837,-0.026262607836710646
9,20.1,4253.253181206412,1678.484375,32692,88.10323626575308,421.19705126636484,0.021276069822643594
9,25.0,4236.6890556874,1333.6956787109375,36238,96.78428721231856,419.8285225453943,-0.18851107500279862
9,30.1,4220.844453540729,1332.4210205078125,36645,96.9018692863965,421.6744167007777,-0.1892866424965709
9,35.0,4245.864492634576,1346.406005859375,36522,93.06357811729916,424.1376978259679,-0.18077745939716255
9,40.1,4188.251262088681,1472.3240966796875,49323,128.25436408977555,411.0137258479817,-0.10416242810588858
9,45.1,4215.529928315412,1277.9486083984375,39060,98.64239631336406,424.97306707629286,-0.22243045472468406
9,50.1,4251.1870469337,1725.504150390625,37798,94.83612889570877,426.36843219217945,0.0498853152407792
9,55.1,4249.036310183872,1293.5828857421875,38777,98.05970033782913,425.3720504422725,-0.2129177576999398
9,60.1,4245.576260887178,1281.34716796875,39496,100.06448754304233,425.1654597933968,-0.2203625965946214
9,65.1,4258.686419232391,1251.15478515625,37936,95.00419126950653,425.7899620413328,-0.23873319242297444
9,70.1,4240.639183546437,1687.316162109375,38557,95.23523614389086,427.5820214228285,0.026649782538064482
9,75.1,4269.153604605522,1694.5784912109375,38215,94.79900562606306,428.1817349208426,0.03106855642304769
9,80.1,4286.244261081139,1708.991455078125,37812,93.66695757960436,428.36022955675446,0.03983814362446386
9,85.0,4302.884494746197,1691.802001953125,38258,93.60972868419677,430.4909038632443,0.029379197809194915
9,90.1,4306.378530924436,1683.99267578125,37915,93.54400632994857,431.31459844388763,0.024627602822929043
9,95.1,4321.750869244547,1694.5797119140625,37964,93.71559898851544,431.43604467390156,0.031069299161501793
9,100.1,4342.457934028697,1707.3841552734375,37774,93.05448191878011,432.835336474824,0.038860179901949045
9,105.1,4294.774593029062,1454.5806884765625,40052,97.46442125237192,439.33254269449714,-0.11495842863162856
9,110.1,4300.557822145061,1608.411865234375,41472,100.72632137345678,444.0745322145062,-0.021359642753498984
9,115.0,4287.22007344525,1515.037109375,41936,101.46382582983594,445.631581457459,-0.07817363822766678
9,120.0,4309.14850156189,1631.546630859375,40976,100.04068235064427,445.4993654822335,-0.007283263571376425
9,125.0,4308.805696202532,1697.63232421875,41080,101.05645082765336,446.92555988315485,0.03292666521367221
9,130.0,4306.741502661221,1627.9454345703125,40395,100.8651070677064,448.575170194331,-0.009474416284819848
9,135.0,4318.394044150328,1759.02197265625,40498,100.41969973825869,448.8430045928194,0.07027927916579423
9,140.1,4314.190875209485,1705.2139892578125,39979,100.07924160184096,449.792090847695,0.03753973947824825
9,145.0,4324.362185207218,1936.590576171875,40344,99.00475907198097,447.8613920285544,0.17832113420083603
9,150.1,4320.171852181877,1935.0372314453125,40401,98.81282641518774,447.30174995668426,0.1773759995179925
9,155.1,4319.143354628586,1823.822265625,39915,98.17001127395716,447.67503444820244,0.10970710435867449
9,160.1,4327.691766788921,1918.1575927734375,39535,97.95166308334387,447.72095611483496,0.16710556072237437
9,165.0,4323.070971495055,1880.997802734375,37818,94.84396319213073,442.45002379819135,0.14449563661954895
9,170.1,4315.59079493619,1803.925537109375,39022,97.09663779406489,446.05740351596535,0.0976009131999003
9,175.0,4329.467943402094,1862.288818359375,38588,95.30493935938634,443.5988390173111,0.13311212997661506
9,180.1,4327.43198604842,1856.74072265625,38992,96.96914751743948,445.4789700451375,0.12973638370272592
9,185.4,4304.6918755291035,1908.257080078125,38981,96.6073728226572,444.10987404119953,0.16108158049038804
9,191.1,4307.173269235713,1856.096923828125,38899,97.4710918018458,443.9352425512224,0.12934466344203305
9,196.7,4293.794033232628,1822.12451171875,39720,98.55196374622356,442.6379405840886,0.1086741037167108
9,202.4,4278.287260616154,1661.633056640625,39633,99.66704513915171,444.4536118890823,0.01102286255916063
9,208.0,4257.360242860355,1699.59228515625,40023,100.03168178297479,444.76323613921994,0.034119206075576815
9,213.6,4248.593291614518,1631.10693359375,39950,101.32325406758449,445.0937672090113,-0.007550797962543613
9,219.2,4246.148248519522,1468.8299560546875,39852,101.7503512998093,446.3272357723577,-0.10628844265690733
9,224.9,4262.588368409142,1659.72607421875,39771,100.98129290186317,444.56729777978927,0.009862556546164015
9,230.5,4267.064663601961,1603.232666015625,39373,101.68348868513957,447.24897772585274,-0.024510933466558797
9,236.1,4238.48225164896,1568.5069580078125,39722,102.22435929711494,446.60870550324756,-0.04563983709190678
9,241.7,4246.447161146317,1455.1873779296875,38977,101.17197321497294,448.2386279087667,-0.11458928761994035
9,247.4,4258.392295295833,1464.6578369140625,39093,100.79582022356944,444.8334484434553,-0.10882697414533381
9,253.0,4262.712923782819,1467.6492919921875,39230,100.58931939841958,446.398292123375,-0.10700681928971384
9,258.6,4246.597069784062,1405.5841064453125,39178,100.90047986114656,445.3168359793762,-0.14477046470233537
9,264.3,4255.730781065696,941.6439819335938,38998,101.10518488127596,442.076337248064,-0.4270554558833561
9,269.9,4239.0955384376775,941.8076782226562,38686,99.12642816522774,440.5630460631753,-0.42695585465666114
9,275.5,4260.745861450865,1432.1951904296875,37936,97.76887389287221,438.63166912695067,-0.1285789149506239
9,281.1,4248.089717151659,880.0045776367188,39279,101.01993431604674,442.17439344178825,-0.46456003412318714
9,286.8,4234.395697104906,870.4580078125,38997,100.1796548452445,441.6108418596302,-0.4703686573404069
9,292.4,4226.995196236227,1533.484375,40385,100.28478395443852,444.4920886467748,-0.06694937470929214
9,298.0,4200.641100072571,1060.179931640625,39961,100.23720627611921,442.8871649858612,-0.3549320982563353
9,303.7,4205.028995688193,1488.3712158203125,41282,101.52138946756456,447.7615183372899,-0.09439853693596736
9,309.4,4179.003198759269,1511.0516357421875,41266,100.7850046042747,448.38957010614064,-0.08059860500646121
9,315.0,4192.166434216643,1261.0447998046875,40869,101.14350730382442,448.5300839266926,-0.23271559974169337
10,0.1,7573.165551507122,3685.376953125,30190,1135.4644915534946,462.16227227558795,0.013008824857193823
10,5.1,7617.504008551577,3670.929443359375,29936,1135.8895978086584,462.7928246926777,0.009037601539758536
10,10.1,7579.38592898431,3638.363037109375,30275,1135.7999669694468,463.3936251032205,8.599161091239935e-05
10,15.1,7599.02185520512,3612.088134765625,30153,1135.6853049447816,464.68709581136204,-0.007136256827991574
10,20.1,7598.520382502813,3583.493408203125,30222,1135.1428429620805,464.4391502878698,-0.014996161179873058
10,25.0,7604.160550306647,3580.181640625,30165,1135.4172385214654,464.9689043593569,-0.01590647505690315
10,30.1,7542.589116457878,3503.905029296875,30174,1135.188539802479,464.0893484456817,-0.03687281890405642
10,35.0,7592.884051159824,3496.36474609375,29789,1135.2323005136125,465.51962133673504,-0.03894543549764834
10,40.1,7528.328590469843,3550.189453125,30010,1134.9993002332556,465.81086304565144,-0.02415050300864606
10,45.1,7473.9774160865445,3484.55859375,30597,1134.5922149230316,463.8667189593751,-0.04219062226251536
10,50.1,7492.549358470804,3561.671142578125,30552,1134.6195011783188,464.87251243781094,-0.020994502173935545
10,55.1,7444.954603019971,3545.22021484375,30795,1134.8344536450722,464.1220977431401,-0.02551641002324764
10,60.1,7411.026491554813,3611.719482421875,31142,1135.352931732066,462.3535097296256,-0.007237589224181434
10,65.1,7402.983133457321,3623.540771484375,31186,1134.8473674084526,462.4183928685949,-0.0039882417913913865
10,70.1,7361.6605204696925,3580.21630859375,31510,1135.0591875595048,461.4797841954935,-0.015896945785208474
10,75.1,7388.894022431812,3628.803955078125,31384,1135.0997323476931,461.64319398419576,-0.0025415372900264997
10,80.1,7376.6842860788565,3632.772216796875,31348,1135.0801965037642,460.98513461783847,-0.0014507712187218854
10,85.0,7352.488009099814,3513.435546875,31649,1135.1871781098928,459.24484185914247,-0.03425314158613356
10,90.1,7316.62390240843,3495.350830078125,31888,1134.9169907175112,458.6200451580532,-0.03922413314094402
10,95.1,7367.475964901126,3572.842529296875,31454,1134.3933363006295,460.2826985439054,-0.01792379503164709
10,100.1,7384.150637164776,3552.229248046875,31546,1134.125467571166,460.3210232676092,-0.023589819452244552
10,105.1,7347.691955113008,3516.48583984375,31635,1134.4664770033191,460.0872767504346,-0.03341469989209641
10,110.1,7338.5681478250035,3439.604248046875,32092,1133.9071419668453,458.24411068178983,-0.05454733624107649
10,115.0,7319.571352685685,3427.554931640625,32003,1134.010217792082,458.49664093991186,-0.05785936212290052
10,120.0,7335.819385742463,3427.664794921875,31941,1133.9538524153909,458.03143295450985,-0.057829163726685
10,125.0,7324.261371818552,3460.454345703125,31943,1134.3412641267257,457.9939266819021,-0.04881621749974779
10,130.0,7303.2218155655655,3442.696044921875,31968,1134.455518018018,458.038257007007,-0.05369748626402458
10,135.0,7306.5323217756595,3428.631103515625,31898,1134.7002319894664,457.873503040943,-0.05756355205508271
10,140.1,7277.061425902864,3425.539306640625,32120,1134.38599003736,457.445703611457,-0.05841340203213461
10,145.0,7303.87181909801,3431.343505859375,31752,1134.7861237087427,457.5100466112371,-0.05681798720629507
10,150.1,7295.451383002103,3462.8037109375,31851,1134.3619352610592,457.5161533389846,-0.04817044157356566
10,155.1,7302.658642437867,3528.923583984375,32028,1134.327213688023,457.4520419632821,-0.029995905902763718
10,160.1,7328.219986098825,3620.80322265625,31652,1134.2953367875648,459.0654618981423,-0.0047407187175350215
10,165.0,7348.403627322858,3659.5146484375,31373,1134.678067127785,459.95190131641857,0.005899988172965916
10,170.1,7351.097584143368,3650.82861328125,31583,1134.3904632238862,459.75024538517556,0.0035124358606196896
10,175.0,7387.026465448769,3695.175048828125,31475,1133.637077045274,460.91993645750597,0.015702052046788265
10,180.1,7387.1744763821625,3718.16455078125,31798,1133.1017045097176,461.36448833259954,0.022021234223753874
10,185.4,7386.047230079776,3741.69482421875,31463,1133.1506531481423,463.346978991196,0.02848905961764699
10,191.1,7391.124746899519,3701.660888671875,31608,1133.1109212857505,463.02024803847127,0.017484831144258327
10,196.7,7395.443893445228,3682.013427734375,31458,1133.459374403967,463.480259393477,0.012084284180168865
10,202.4,7406.579167875214,3769.177490234375,31029,1134.6138128847208,465.27113345579943,0.03604328909228026
10,208.0,7345.575385005387,2830.732666015625,31558,1135.3772419037962,462.5262057164586,-0.22190939815428473
10,213.6,7376.362369677482,2874.719970703125,30789,1135.848517327617,464.3105654616909,-0.20981849716996734
10,219.2,7312.860662218146,3647.031982421875,31621,1135.697321400335,461.50298852028715,0.002468846394958434
10,224.9,7352.434036387055,3746.94580078125,31055,1136.1518596039284,463.163870552246,0.0299324087416546
10,230.5,7324.037508351096,3697.9638671875,31433,1135.7296789997772,462.15101962905226,0.016468621557832477
10,236.1,7306.654465686745,2728.816162109375,31227,1135.8545809715952,462.15573061773466,-0.24992344371021627
10,241.7,7294.209844066937,2684.10498046875,31552,1135.3879310344828,460.5220588235294,-0.2622133185718204
10,247.4,7312.750150607185,2722.86962890625,31539,1135.1923015948507,462.5422175718951,-0.2515579822360417
10,253.0,7342.698713630385,2775.932861328125,31173,1135.0329130978732,463.62666410034325,-0.23697235818658655
10,258.6,7297.109130638364,2686.015869140625,32035,1133.3821133135632,459.37821133135634,-0.2616880678003118
10,264.3,7332.282621100685,2708.817138671875,31544,1134.1895447628708,461.1568919604362,-0.2554206255421954
10,269.9,7324.4700731331795,3486.88427734375,31176,1134.4181742365922,461.3501411342058,-0.04155135576840636
10,275.5,7341.937723393979,2613.98828125,31055,1134.96651102882,461.11956206729997,-0.281486471896943
10,281.1,7351.999838901956,3406.378662109375,31037,1134.9044044205302,462.03924348358413,-0.06368013654721574
10,286.8,7309.8542121484525,3376.953369140625,31148,1135.6013548221395,463.3542121484526,-0.07176834077448657
10,292.4,7336.5437788018435,3352.392333984375,31248,1135.591813876088,462.97411034306197,-0.07851949423242842
10,298.0,7291.272829077878,3263.7412109375,31254,1135.4109553977091,463.07394253535546,-0.10288725121420367
10,303.7,7287.354438662636,3198.534912109375,32093,1134.3448727136758,461.5474402517683,-0.12081067044358677
10,309.4,7269.859071022992,3161.421630859375,32229,1133.884948338453,462.38362965031496,-0.1310120913304726
10,315.0,7296.585993659164,3175.9951171875,31857,1133.3924412217095,464.72238440531123,-0.12700624051871018
11,0.1,3026.430629745605,1324.392822265625,48861,613.561674955486,506.39722887374387,-0.002286640906337258
11,5.1,3029.9648838465696,1318.6849365234375,49977,610.1313604257958,506.29239450147065,-0.006586599167526428
11,10.1,3018.8370854514646,1335.16845703125,49572,617.9571935770193,504.0617283950617,0.005831037306375008
11,15.1,3028.1298988301605,1336.637939453125,49323,615.0558157451899,504.5890355412282,0.006938051946298771
11,20.1,3025.5293213222685,1322.2567138671875,50731,612.5060416707732,503.956929687962,-0.0038958491788099216
11,25.0,3039.2733484288724,1309.3902587890625,50346,612.9860962141978,505.03956620188296,-0.01358861849906615
11,30.1,3014.483392517314,1369.7437744140625,50971,613.7882521433756,502.98383394479214,0.03187788342920659
11,35.0,3019.1770102431533,1275.9830322265625,51449,610.7598787148438,503.9818266632976,-0.03875549925477441
11,40.1,3001.876984750825,1270.723876953125,50888,613.5968008174815,502.97975947178116,-0.042717412507128245
11,45.1,2998.5705329153607,1247.6876220703125,52316,608.579459438795,505.06116675586816,-0.06007146249416372
11,50.1,3016.693320197044,1357.434814453125,50750,613.3280197044335,503.88845320197044,0.02260509548962255
11,55.1,3019.97233019435,1366.0294189453125,49910,614.6444600280505,504.1573031456622,0.029079724144973305
11,60.1,3001.581208741179,1327.76123046875,52716,607.3447340465892,503.5179072767281,0.00025090370024658643
11,65.1,3026.7038732045567,1277.22900390625,50475,609.7067855373947,505.53293709757304,-0.037816863399175324
11,70.1,3011.600850932753,1319.2349853515625,51943,608.3566216814585,504.9123269737982,-0.006172227347664617
11,75.1,3017.9228901734105,1297.4942626953125,51900,611.4009826589595,503.2548747591522,-0.022550305713707332
11,80.1,3023.4517870868563,1338.5684814453125,52040,607.9592621060723,504.1949461952344,0.008392399556399643
11,85.0,3020.553106098071,1346.297119140625,52574,610.5387644082626,502.62011640734966,0.014214663877507238
11,90.1,3009.7238496114583,1372.4287109375,52504,609.6773769617553,503.33321270760325,0.03390054392140821
11,95.1,3023.14064697609,1387.197998046875,51903,609.2464790089205,504.1571200123307,0.04502678592874964
11,100.1,3027.275881561763,1386.30126953125,51301,609.9886551919066,503.86974912769733,0.04435124767115868
11,105.1,3001.15274905788,1366.603271484375,51745,610.6188230746932,503.345869166103,0.029512028167425673
11,110.1,3009.5697876113018,1360.662841796875,51886,609.3506533554331,503.6895694406969,0.025036886080928748
11,115.0,3016.854408398453,1375.9090576171875,50676,608.6764148709449,505.50542663193625,0.03652241586017432
11,120.0,3028.317500635001,1365.3465576171875,51181,607.5965690392919,504.2555049725484,0.02856529983065751
11,125.0,3054.337943358844,1292.5093994140625,51482,603.7535643525893,505.029544306748,-0.02630558481620997
11,130.0,3038.879482599564,1354.9764404296875,50947,606.7776512846684,504.448819361297,0.02075311278207772
11,135.0,3046.5982233502536,1362.4158935546875,51220,606.0469738383443,503.66622413119876,0.02635752383171336
11,140.1,3026.449542904226,1357.912353515625,50974,609.0157335112018,504.1296935692706,0.02296484306159312
11,145.0,3032.075554862113,1357.3787841796875,51274,608.245953114639,503.98334438506845,0.022562885843524776
11,150.1,3013.6459449455497,1305.0341796875,51331,610.2476476203464,503.55064191229474,-0.01687021157313821
11,155.1,3018.124438393465,1243.15283203125,51415,607.4882621802976,504.75954487989884,-0.0634876850276849
11,160.1,2998.520074155611,1198.3123779296875,51783,607.8367804105594,504.4358187049804,-0.09726763258767124
11,165.0,2998.447662327659,1207.2166748046875,51932,606.4195293845798,506.7111607486713,-0.09055970137861667
11,170.1,2994.623874085635,1188.3238525390625,53179,602.9451475206379,504.7004080558115,-0.1047923526347224
11,175.0,2988.2507879333634,1201.6610107421875,53304,602.9195369953475,505.35550802941617,-0.09474498550323955
11,180.1,2979.4418726985796,1291.6392822265625,53228,603.0385887127076,506.15397910873975,-0.02696107579090482
11,185.4,2968.153285362621,1290.69677734375,52810,602.4299185760273,507.5492330997917,-0.02767109905347762
11,191.1,2957.8968944332764,1289.1722412109375,53227,604.1279425855299,507.09966746200234,-0.028819587659392878
11,196.7,2970.4256073361976,1292.7523193359375,51907,602.8422178126265,508.7068796116131,-0.026122584389773
11,202.4,2954.3701544795213,1292.0545654296875,51981,603.0148131047882,509.96090879359764,-0.026648227825709553
11,208.0,2938.3256246167994,1207.927734375,52192,604.0248313917842,511.5977544451257,-0.09002403430123206
11,213.6,2941.2188242963416,1302.5765380859375,52156,604.6244343891402,513.945222026229,-0.01872164252060333
11,219.2,2929.508201134506,1210.7239990234375,52005,608.9628112681473,514.1384866839727,-0.0879175062769146
11,224.9,2965.989523980887,1221.939208984375,50019,607.1464843359523,515.7468162098403,-0.07946868005636336
11,230.5,2956.454915883326,1221.279541015625,49574,609.9189091055796,516.088171218784,-0.07996563196815502
11,236.1,2959.0118004391816,1288.94384765625,48727,607.9381451761857,516.5143554907957,-0.02899164484424895
11,241.7,2953.053810728955,1200.36328125,48206,608.5973945152056,516.7092063228644,-0.09572261240447144
11,247.4,2970.7614515418963,1212.3702392578125,47701,609.0584893398461,516.8261881302279,-0.08667733353775428
11,253.0,2971.4716060612327,1287.7803955078125,48373,608.9808777623881,517.4215988257912,-0.029868115730867437
11,258.6,2965.289567515416,1281.3963623046875,47678,609.695310205965,516.9800117454591,-0.034677440505641734
11,264.3,2988.030035084873,1305.3756103515625,49309,605.6618061611471,517.0894360055973,-0.016612999415980313
11,269.9,2982.5267595382034,1298.258056640625,49459,604.565660446026,516.2351644796701,-0.02197491191058364
11,275.5,2995.410024226538,1326.9658203125,50358,604.2678621073117,515.9171928988443,-0.000348307746317896
11,281.1,3004.4012437662673,1256.701904296875,50331,603.9606405594961,515.6003258429199,-0.053280675313139444
11,286.8,2972.788236927165,1260.1273193359375,50429,606.9406095698903,516.7486763568581,-0.05070018538035155
11,292.4,2986.470836152731,1340.102783203125,51725,603.5008409859836,516.096433059449,0.009548244963377694
11,298.0,2973.3101240572223,1276.557861328125,52637,601.6648745179247,515.899044398427,-0.03832245955221576
11,303.7,2964.606624292962,1328.1658935546875,51447,605.2897739421152,517.3910626469959,0.0005557511442860676
11,309.4,2967.0508992391055,1336.93603515625,52044,602.8757974021981,517.4867612020598,0.0071626182987405244
11,315.0,2966.4734343377027,1333.4246826171875,52869,601.2018574211731,516.4150447332084,0.004517388516600049
12,0.1,4853.859546961634,2605.91552734375,35891,257.18422445738486,556.4797024323647,-0.0038525408006995776
12,5.1,4885.812141941001,2614.624755859375,35085,257.27199657973495,556.0088356847656,-0.0005233170532708998
12,10.1,4964.894029661554,2643.575439453125,31556,253.50602104195715,544.0574217264545,0.010543484460972015
12,15.1,4969.816160914459,2605.435302734375,31669,253.52477185891567,541.0613849505826,-0.004036113337665692
12,20.1,4989.512118506762,2610.417724609375,30243,253.53195780841847,537.4614952220348,-0.0021315132693360186
12,25.0,5003.542416372,1984.541015625,31957,256.0179616359483,540.7925024251338,-0.24138159136465828
12,30.1,4962.849911190054,2038.4534912109375,31528,255.57482238010658,537.7283049987312,-0.2207727976372507
12,35.0,4998.901396382101,1970.1566162109375,31510,254.63014915899714,538.8056807362742,-0.24688022813092064
12,40.1,4922.367933075622,2046.838623046875,33112,256.49389949263104,545.4300857695096,-0.2175674643538904
12,45.1,4889.1326562367385,1990.306884765625,35347,256.5859620335531,552.6247772088154,-0.23917750768111548
12,50.1,4915.801760855273,2601.8232421875,34983,257.37503930480517,552.6980819255067,-0.00541687372628474
12,55.1,4908.410894983858,2040.66259765625,36861,255.9392582946746,554.4436124901657,-0.21992833596936157
12,60.1,4906.855988341283,2047.988525390625,37740,256.17874933757287,556.3654478007419,-0.21712789818759126
12,65.1,4907.367873092414,2000.7747802734375,36499,256.4718485437957,557.4312446916354,-0.235176009012469
12,70.1,4918.360790819102,2571.171142578125,36772,256.1071195474818,560.2637332753181,-0.01713406517958045
12,75.1,4916.05508383491,2599.582275390625,37216,255.07408104041272,559.6775580395529,-0.006273514456743289
12,80.1,4921.061876558603,2631.435546875,38496,252.44420199501246,561.2524158354115,0.0059028416543426025
12,85.0,4942.068993005554,2649.80517578125,38888,253.57624459987656,564.0689930055544,0.012924887829433808
12,90.1,4885.8021921737345,2639.582275390625,39048,254.36578057775046,564.3736426961689,0.009017041952269537
12,95.1,4878.023254616157,2660.109130859375,38831,254.5563596095903,565.3975174474002,0.01686371798838392
12,100.1,4843.874223405604,2652.0341796875,39435,254.65910992772916,563.9677443895017,0.013776955578544447
12,105.1,4838.933782807609,2728.9990234375,37377,261.2453112876903,565.0976268828424,0.04319783770030028
12,110.1,4893.021787411093,2617.6083984375,35571,265.542211351944,567.4641983638357,0.0006172218253579195
12,115.0,4885.507422137575,2950.407958984375,35704,265.91169056688324,567.9640376428412,0.12783448316127471
12,120.0,4910.177830370411,2861.854736328125,36338,263.76410369310366,568.5751004458143,0.09398378200564313
12,125.0,4866.585819943892,2711.119384765625,35289,266.60568449091784,565.8081838533254,0.03636309710817348
12,130.0,4866.442715660345,2756.088134765625,35542,265.79230206516235,566.6023859096281,0.05355302732111837
12,135.0,4874.63440617778,2785.02099609375,35482,264.97353587734625,566.7398962854405,0.0646130160264144
12,140.1,4861.027518483629,2795.400390625,35031,265.2310810425052,565.9815020981416,0.06858068396570133
12,145.0,4859.240211819052,2796.281494140625,35502,264.2796743845417,566.2904343417272,0.06891749804089742
12,150.1,4862.475383800953,2792.036865234375,35891,262.786993953916,567.0414309994148,0.06729492959773888
12,155.1,4833.696646512149,2792.609130859375,35724,262.8551394020826,566.566649871235,0.0675136860932389
12,160.1,4848.825555495192,2823.092041015625,36814,261.1410876297061,567.2815233335144,0.07916620252461418
12,165.0,4812.79498986922,2776.73876953125,38003,256.88748256716576,567.1782753993106,0.061447019715261134
12,170.1,4827.542527552871,2780.471923828125,36929,260.00907146145306,567.0402393782664,0.06287406987425903
12,175.0,4813.725995502051,2772.308837890625,37795,257.7030824183093,566.3640693213388,0.059753616724284954
12,180.1,4840.395893079379,2792.21240234375,36962,258.8026351387912,567.7927871868405,0.06736203109955821
12,185.4,4842.112670804145,2795.64453125,37543,257.16666222731266,568.4095037690115,0.06867401011565868
12,191.1,4846.054052594633,2798.33154296875,37038,257.17020357470705,566.9196230897996,0.06970115772208932
12,196.7,4826.331994392624,2767.420166015625,37094,257.93368199708846,567.0159324958214,0.0578848538975389
12,202.4,4818.88037775446,2778.7470703125,37167,258.34455296365053,567.9126106492319,0.06221472062481032
12,208.0,4793.987252313518,2722.210205078125,37497,258.3132517268048,567.1590260554177,0.040602717448436146
12,213.6,4787.4888325677175,2720.402587890625,37878,258.3087808226411,567.3167801890279,0.0399117306341519
12,219.2,4974.943682912678,1088.375732421875,27576,259.25620104438644,529.9328764142733,-0.5839532367300667
12,224.9,4776.746859826894,2738.3623046875,37896,256.7892653578214,567.7773907536415,0.04677708220346471
12,230.5,4954.366655951998,2806.31787109375,27999,259.0933961927212,529.0277509911068,0.07275404273949428
12,236.1,4931.074853283136,2755.376708984375,27093,258.88395526519764,526.0640755914812,0.05328107492014264
12,241.7,4915.670127795527,1132.0262451171875,28796,256.2060008334491,530.8630365328518,-0.5672672210638166
12,247.4,4915.2106640172215,1217.902587890625,30195,254.56154992548434,535.4065904951151,-0.5344397944793924
12,253.0,4919.093359132057,1059.570068359375,28942,254.92903047474258,531.3273788957225,-0.594964602511235
12,258.6,4891.882021893552,1023.9061889648438,29141,254.96190933735974,532.1275522459764,-0.6085976165023927
12,264.3,4726.900388591166,1909.5494384765625,39373,252.60978335407512,568.7674040586188,-0.2700481648793838
12,269.9,4687.852921289224,1739.1380615234375,39931,250.99827201923318,568.6652475520273,-0.33519028418036645
12,275.5,4851.395178676423,1036.33349609375,30614,247.62680472986216,533.8385052590318,-0.6038471054857261
12,281.1,4896.971621213646,888.720703125,29811,253.25839455234646,533.1430679950354,-0.6602741489252412
12,292.4,4687.862206312393,2537.332275390625,39668,253.56708177876374,569.5663507109005,-0.0300694428682695
12,303.7,4674.235109001853,2615.063232421875,39403,254.6565743725097,567.9116310940791,-0.0003557032879474926
12,309.4,4655.623154224774,2601.845703125,39008,254.33316242821985,569.1237951189499,-0.005408287720488663
12,315.0,4677.235319985514,2323.0263671875,38658,253.5779140152103,569.9939986548709,-0.11199085732238469
13,0.1,3352.164544446775,1307.8731689453125,33377,420.3893100038949,602.9702489738443,0.026768299132981777
13,5.1,3369.279224838508,1296.992431640625,33593,420.6988360670378,602.3924627154466,0.018226189392588507
13,10.1,3351.3947650174687,1258.425537109375,35492,421.44370562380254,597.90234419024,-0.012051413696880842
13,15.1,3360.3474890461744,1246.9892578125,35604,421.0495169082126,597.7876362206493,-0.021029661221854016
13,20.1,3373.952163218058,1258.601318359375,34555,419.57140790044855,601.0440746635797,-0.011913413606835782
13,25.0,3347.428210792048,919.5654296875,34859,419.43380475630397,597.776413551737,-0.27807936228011726
13,30.1,3314.9121454379924,1190.9351806640625,35149,419.79589746507725,597.4583060684514,-0.06503587743591009
13,35.0,3344.407503532601,955.6172485351562,34677,419.4723015255068,600.5592467629841,-0.2497762625623447
13,40.1,3322.6376389550023,942.73388671875,35713,419.22692016912606,599.1378209615547,-0.2598905670785951
13,45.1,3322.67164134644,932.4002685546875,33570,415.67503723562703,600.6321715817694,-0.2680031515387231
13,50.1,3322.5054565857763,1339.6502685546875,35645,418.5416187403563,598.2912329920044,0.051715457077669
13,55.1,3301.693738719978,1157.834228515625,36015,419.51423018186864,596.3182007496877,-0.09102234855874916
13,60.1,3347.8689447538763,1185.165771484375,33215,417.1223543579708,603.7447237693813,-0.06956525122465983
13,65.1,3354.707995262067,1019.0879516601562,33770,419.3903464613562,603.1323067811667,-0.19994749671574166
13,70.1,3348.8864589028612,1310.34619140625,32922,417.569072352834,600.920174958994,0.028709787899803198
13,75.1,3364.4186677111265,1299.1705322265625,33191,420.2599499864421,602.9256726220964,0.019936144675000995
13,80.1,3355.9129358366,1336.8768310546875,33929,417.5071178048277,597.2641398213917,0.04953812232362474
13,85.0,3358.9193902439024,1338.1915283203125,32800,420.64009146341465,600.5500609756098,0.050570247997086745
13,90.1,3344.071765322158,1502.3638916015625,32453,420.9061411887961,598.7732104890149,0.17945658209541973
13,95.1,3348.640280053627,1465.56787109375,33565,418.7202740950395,591.7958885744079,0.1505692340797585
13,100.1,3358.793559394327,1490.0167236328125,32823,421.96240441154066,600.2295037016726,0.16976322577050473
13,105.1,3335.729126152688,1384.6754150390625,31882,420.84477134433223,598.4674110783515,0.08706322180875216
13,110.1,3359.662537917088,1129.7080078125,35604,414.1923379395574,581.8586956521739,-0.11310332129991721
13,115.0,3349.1664343958487,1459.60986328125,33725,418.7643884358784,593.9206819866567,0.14589179769439792
13,120.0,3369.698528314278,1437.7943115234375,33499,420.4057733066659,597.1260037613063,0.12876512401924334
13,125.0,3359.8938526859883,1111.5455322265625,32502,418.72346317149714,594.5142452772137,-0.12736208477042704
13,130.0,3353.4085304794094,1361.1402587890625,31956,419.7668356490174,596.7344160720992,0.06858654308605262
13,135.0,3367.5130934899657,1360.8118896484375,32688,418.7741678903573,597.6446096426823,0.06832875125117678
13,140.1,3358.2205660435466,1435.6888427734375,32471,418.2968802931847,597.2951864740845,0.1271121896073703
13,145.0,3369.2397949731367,1426.3179931640625,32386,417.3887482245415,597.2942011980485,0.11975544314042656
13,150.1,3367.6224549514864,1403.61279296875,32465,417.3220699214539,596.7403665485908,0.10193033567621061
13,155.1,3368.828319791602,1441.042236328125,32246,415.15577125845067,596.3787446504992,0.1313149631830134
13,160.1,3364.905723595229,1445.7750244140625,32532,414.61124431329154,595.5324603467355,0.13503051977408073
13,165.0,3368.0984049079752,1466.1705322265625,32600,412.1388036809816,594.9063496932515,0.15104236355514214
13,170.1,3357.7916523905933,1322.759765625,32105,412.16467839900326,597.3895343404454,0.03845527759206856
13,175.0,3353.0954920905847,1484.71875,32809,411.7956353439605,597.972964735286,0.1656039605565842
13,180.1,3347.7153575398297,1490.3277587890625,32388,410.87665184636285,599.4250648388291,0.1700074092631678
13,185.4,3350.882169404423,1491.2930908203125,32691,411.71456975926094,599.8353675323483,0.17076525975766524
13,191.1,3339.4353351531695,1505.100830078125,32970,410.5622990597513,600.246830451926,0.18160526266410046
13,196.7,3340.4986486486487,1509.707275390625,33300,409.942972972973,599.7605705705706,0.18522163169044792
13,202.4,3350.6059723233793,1526.9619140625,32952,413.0154467103666,604.7163146394756,0.19876768219591254
13,208.0,3332.301856700069,1515.1688232421875,33231,412.4936956456321,604.1272907827029,0.18950931365482707
13,213.6,3341.4222911895868,1536.7874755859375,33188,409.81731348680245,601.3917078462094,0.20648140806245202
13,219.2,3329.020834562946,876.9247436523438,33886,410.20563064392377,602.2187038895119,-0.3115551653730788
13,224.9,3331.505658695975,1517.880859375,33665,408.7605227981583,602.1211644140799,0.19163844421075144
13,230.5,3322.1864567302,1513.707763671875,33788,409.9627678465728,601.7302000710312,0.18836228373972339
13,236.1,3309.774437212635,1490.8216552734375,33494,409.6213650206007,601.9581417567325,0.17039515118283607
13,241.7,3312.4234533379936,881.6380004882812,34332,408.5263602469999,601.2123674705814,-0.3078549421253498
13,247.4,3317.846952047865,936.1883544921875,34597,407.64502702546463,601.0571147787381,-0.2650292495982521
13,253.0,3321.7472518059562,871.5394897460938,35023,405.3425177740342,595.4570425149187,-0.31578295146504254
13,258.6,3310.107089236481,898.06494140625,36633,405.64643900308465,592.7132912947343,-0.29495868996054525
13,264.3,3461.004248107061,1056.9244384765625,45432,386.33764747314666,550.1263426659623,-0.17024331275042828
13,269.9,3344.9956899830136,996.54833984375,39443,398.5069340567401,576.9131404812007,-0.21764260617846726
13,275.5,3297.032236556023,880.1044921875,34495,404.4539788375127,598.3351210320336,-0.30905884916089915
13,281.1,3301.352012285226,663.00732421875,34513,405.2783009300843,598.8878973140555,-0.47949471037029856
13,286.8,3299.226421349246,428.21783447265625,36198,402.75714127852365,591.084921818885,-0.6638202327260352
13,292.4,3570.8669245852984,1642.2576904296875,56607,356.58522797533874,511.3689826346565,0.28928261209023765
13,298.0,3535.5422011310725,507.73089599609375,56053,357.05093393752344,512.8703370024798,-0.6013971378282992
13,303.7,3554.5863694267514,1653.07861328125,54950,358.83364877161057,515.4767424931756,0.29777776346665724
13,309.4,3525.546273424586,1629.0147705078125,53843,358.5261222443029,514.1967758111547,0.278886030306468
13,315.0,3534.179335793358,1346.8175048828125,54200,358.7310332103321,517.519741697417,0.05734221908246454
14,0.1,5784.091216604542,3384.06298828125,60899,1061.5386787960394,663.8477807517365,-0.012946346953063162
14,5.1,5823.10505970984,3420.46337890625,60794,1061.6818929499623,663.5229627923808,-0.0023291868519771104
14,10.1,5808.228032407027,3427.79736328125,60851,1061.362639890881,663.9764835417659,-0.00019003161349569593
14,15.1,5823.691290402171,3445.055908203125,60795,1061.235414096554,663.9260629986019,0.004843890589017276
14,20.1,5847.160937241265,3464.86474609375,60390,1061.2714687862228,664.417767842358,0.010621674829518825
14,25.0,5858.710754180713,3469.152587890625,60516,1060.6675259435522,664.1872562628065,0.011872340057662936
14,30.1,5844.181775724317,3460.595703125,59953,1060.504228312178,664.1315030106917,0.009376492788903444
14,35.0,5857.795462079024,3473.985107421875,60336,1060.1462476796605,663.3835521081941,0.013281875303684944
14,40.1,5828.593043738368,3443.4443359375,60176,1059.667990561021,663.8934791278915,0.004373831876327002
14,45.1,5823.2639160237095,3449.5966796875,60398,1058.9111725553826,663.5707804894201,0.00616832961300249
14,50.1,5850.189261057708,3501.99169921875,60546,1059.2145145839527,663.5812935619199,0.021450756568078936
14,55.1,5847.575160259064,3501.793701171875,60371,1058.7256132911498,662.9778039124745,0.02139300507345815
14,60.1,5835.595891316563,3534.940673828125,60506,1059.4588305292036,662.9263709384194,0.031061217680935567
14,65.1,5856.873903109375,3561.391357421875,60398,1058.8275108447299,662.6025861783503,0.03877627616454254
14,70.1,5833.872785510262,3545.776611328125,60567,1058.5281423877689,662.9918932752158,0.03422181242476909
14,75.1,5843.011562022697,3579.531494140625,60889,1058.549869434545,662.7992576655882,0.04406733849908468
14,80.1,5844.683815171732,3587.09912109375,60705,1058.3455069598879,661.9317519149988,0.04627464192542318
14,85.0,5846.056466752298,3599.03662109375,60726,1058.502618318348,661.3961729736851,0.049756537216394794
14,90.1,5818.298646779929,3576.916015625,60744,1058.5537830896878,661.4078921374951,0.043304463330314666
14,95.1,5850.749825830209,3607.90673828125,60286,1058.593189131805,662.3227615035,0.052343747207223915
14,100.1,5852.649273910866,3600.7177734375,59910,1058.2863128025372,663.4328826573193,0.05024689084396414
14,105.1,5835.526472606753,3586.47412109375,59741,1058.4099529636262,663.6910162200164,0.0460923437426498
14,110.1,5829.989265235365,3592.2431640625,59992,1058.8572309641286,664.4309407921056,0.047775041421921294
14,115.0,5819.175055069755,3582.620849609375,59924,1058.4335992256858,664.1078866564314,0.044968432719715304
14,120.0,5836.414542666155,3603.461669921875,59989,1058.994015569521,664.6400840154029,0.05104722259247587
14,125.0,5828.276186994167,3598.402587890625,60173,1059.2345071709904,665.1331161816762,0.04957160425519851
14,130.0,5830.616645754914,3588.145751953125,59775,1058.9856461731492,665.6366708490172,0.04657992017134095
14,135.0,5815.963001693059,3563.80126953125,60246,1058.3840752913056,665.0266075756067,0.03947919232163475
14,140.1,5792.095296314042,3539.645751953125,60527,1058.137938440696,664.9222660961224,0.03243358118812644
14,145.0,5816.941867253832,3534.585205078125,59949,1058.302924152196,664.9989991492769,0.030957535589483207
14,150.1,5794.042527622926,3515.650390625,59914,1058.1708782588378,665.9135427446006,0.02543468396395381
14,155.1,5789.395944414823,3517.207763671875,60016,1058.6303319114902,665.8150493201813,0.025888934006106704
14,160.1,5810.499519676414,3519.10205078125,59335,1058.3613718715767,665.7953990056459,0.026441454162410873
14,165.0,5784.553832254179,3489.71484375,59769,1058.2035670665396,666.4190968562298,0.017869879060679588
14,170.1,5775.6104227892065,3463.64892578125,59888,1058.2957854662036,667.2078713598718,0.01026704789584248
14,175.0,5793.39682805794,3476.233642578125,59648,1057.9279942328326,667.2554318669528,0.013937721500303247
14,180.1,5813.447249530449,3488.504638671875,59099,1058.4405319886969,667.7606727694208,0.017516889962239095
14,185.4,5783.290521222784,3478.5849609375,59111,1058.3081829101181,667.126253996718,0.014623547202760455
14,191.1,5790.11168655327,3472.139892578125,59085,1058.1553524583228,666.40676990776,0.012743668403137589
14,196.7,5778.179327248141,3464.44775390625,59160,1058.3463657876944,667.473968897904,0.010500047760699708
14,202.4,5745.750771592066,3429.983154296875,59941,1057.9918252948733,666.2580203867136,0.0004475135546176231
14,208.0,5707.805156056187,3417.33642578125,59658,1058.853665895605,668.3317409232626,-0.003241247447665192
14,213.6,5710.146685329781,3411.76318359375,59297,1058.7115537042346,667.6822267568342,-0.004866834524364717
14,219.2,5681.13212452615,3397.4677734375,59618,1058.841792747157,666.7031936663424,-0.009036478193939974
14,224.9,5671.718355853979,3373.705078125,60019,1057.876122561189,666.4326963128343,-0.015967512071166107
14,230.5,5665.65130442077,3382.8701171875,59605,1058.0954617901182,667.9389312977099,-0.013294280125340799
14,236.1,5674.76147952625,3378.63623046875,58343,1058.1417479389129,669.5191025487205,-0.014529207893175175
14,241.7,5656.441399237464,3365.968994140625,58489,1057.230812631435,668.5002992015593,-0.018223950554580242
14,247.4,5670.424872680042,3384.240966796875,58514,1057.511023003042,668.8200430666166,-0.012894434697109335
14,253.0,5683.859774803339,3385.09326171875,58349,1057.9422269447634,668.7857889595366,-0.012645839792397664
14,258.6,5658.624331092206,3340.5009765625,58304,1057.3281421514819,666.867041712404,-0.025652387871912655
14,264.3,5682.689557252437,3365.79541015625,57753,1058.6892109500805,667.8859972642114,-0.018274581026436445
14,269.9,5642.401306005231,3281.6435546875,58499,1057.4584009983078,665.2392348587156,-0.04281974955277482
14,275.5,5651.680967835115,3267.232177734375,58853,1057.5098805498446,663.6461522777089,-0.04702321808048186
14,281.1,5639.737740560189,3248.02587890625,58873,1057.4255431182376,663.8835459378663,-0.05262525547915344
14,286.8,5613.691911552254,3233.22705078125,58837,1057.4726787565648,663.4199568298859,-0.05694173463813445
14,292.4,5633.048764286079,3251.286865234375,58711,1057.3892796920509,663.1608386844033,-0.05167410046848779
14,298.0,5588.955052376842,3207.737060546875,59091,1057.0384830177184,662.4874854038686,-0.06437658087595499
14,303.7,5600.9637721472045,3227.330810546875,59319,1056.8066049663682,662.0160151047725,-0.05866153284600944
14,309.4,5582.142072740706,3222.798828125,59554,1056.5785001847064,661.2536017731807,-0.0599834083017994
14,315.0,5602.631186532169,3290.060546875,59282,1056.0147430923382,660.6951182483722,-0.04036470574445641
15,0.1,8300.754792888769,5608.67529296875,44493,116.78610118445599,666.8763625738881,0.01822663354369742
15,5.1,8332.039343970448,5641.931640625,44937,118.67200747713466,667.3478647884816,0.0242641552665958
15,10.1,8078.504950082328,5469.76171875,47979,128.35669772192,667.2555909877238,-0.006992423299832434
15,15.1,8055.884942275637,5418.4677734375,48593,129.50982651822278,667.700286049431,-0.016304579652010192
15,20.1,7996.663120212787,5402.55322265625,50003,132.98134111953283,667.5292482451054,-0.019193785858450267
15,25.0,8073.192327251277,5473.68115234375,49161,130.11352494863814,669.1087447366815,-0.006280869953436139
15,30.1,7960.694146661628,5403.2744140625,50279,133.29246802840152,669.5440641221982,-0.01906285720607362
15,35.0,7965.229783858814,5399.36279296875,50430,133.14156256196708,670.169244497323,-0.019772992232606663
15,40.1,8069.695318275154,5490.5390625,48700,126.77388090349076,670.2531827515401,-0.003220401623508132
15,45.1,8224.945059661773,5581.04541015625,46596,120.01867113056915,670.1150742553009,0.013210568057316359
15,50.1,8232.968705335239,5585.595703125,46877,120.40316146511083,670.064295923374,0.014036650732670424
15,55.1,8317.00514610067,5655.2109375,45277,117.48121562824392,669.3905294078671,0.026674944454161974
15,60.1,8296.216658502917,5631.51318359375,44914,115.87934719686513,669.6207195974529,0.022372737083954996
15,65.1,8267.447098601444,5592.654296875,45547,117.09875513206138,669.1211715370936,0.01531810272912051
15,70.1,8252.939659949901,5575.4501953125,45111,115.03433752299883,669.5197623639467,0.012194785100252056
15,75.1,8250.09041186891,5554.478515625,45160,114.6851417183348,669.557860938884,0.008387482717329309
15,80.1,8261.820105462411,5553.34033203125,44376,113.00466468361276,670.6021498107085,0.008180851242251475
15,85.0,8272.904041554655,5558.0126953125,43894,111.91967011436643,671.1195607600127,0.009029095165468886
15,90.1,8206.93285128621,5512.8359375,44394,111.92030454565932,670.5028607469478,0.0008274832662190945
15,95.1,8227.139953841672,5529.8291015625,44629,111.66960944677228,670.3375159649555,0.003912506258779688
15,100.1,8229.175128440984,5528.431640625,44573,111.39992820765934,669.6775626500348,0.003658804293240109
15,105.1,8142.822650517196,5485.904296875,45244,112.11588276898594,669.2355450446468,-0.004061819882383632
15,110.1,8170.332007377941,5505.5703125,44999,111.38229738438632,668.480099557768,-0.0004915542066072267
15,115.0,8122.786935300542,5511.7568359375,44869,110.36907441663509,669.1764247030244,0.0006315778351071207
15,120.0,8088.185020180411,5466.525390625,45341,108.78308815420921,671.218014600472,-0.007579962303185449
15,125.0,8039.52112371691,5427.3837890625,46275,110.70195569962182,669.0509994597514,-0.014685922108071441
15,130.0,7993.619910968969,5379.5283203125,46276,109.35871726164751,669.9411357939321,-0.023373840430434483
15,135.0,8028.295118860339,5424.2373046875,45768,108.42540639748296,669.5486584513197,-0.015257150432997033
15,140.1,7979.976416425981,5344.255859375,46049,108.49512475840952,668.7807769984147,-0.029777377323043877
15,145.0,8008.249118503756,5426.76708984375,45661,108.2036311075097,668.9313418453385,-0.014797880732277061
15,150.1,8004.995932802829,5389.64501953125,45240,107.02632625994696,669.5180371352785,-0.021537204852511867
15,155.1,7985.734811471639,5324.19970703125,45643,107.54678702101089,669.0582564686808,-0.03341847034699154
15,160.1,8005.121891879827,5308.55859375,44802,105.71271371813758,669.2958126869336,-0.03625803535821771
15,165.0,7950.313950927272,5249.14453125,45402,106.47656490903485,669.5135897097044,-0.047044357918265216
15,170.1,7967.95640753984,5237.5654296875,45306,105.78828411247959,669.1304904427669,-0.04914648524559071
15,175.0,7924.780406662435,5223.05517578125,45689,105.90581978156668,671.2174046269342,-0.051780748456610855
15,180.1,7912.991938822197,5189.3994140625,45899,105.19379507178806,671.455369398026,-0.0578907817825181
15,185.4,7875.0694134628,5172.45068359375,45726,104.6587499453265,672.9242662817653,-0.06096773808085644
15,191.1,7831.968185616042,5081.57568359375,46677,105.39766908755918,673.235019388564,-0.07746563473022823
15,196.7,7807.176642893531,5027.2021484375,47112,105.89913397860418,673.4396756664969,-0.08733687504350247
15,202.4,7759.879581151832,4930.859375,47559,105.69978342690132,674.4082718307786,-0.10482741830716923
15,208.0,7741.889325973394,4891.81787109375,47283,105.97445170568703,675.131759829114,-0.11191520588880728
15,213.6,7715.474975238657,4782.9970703125,47453,105.0111057256654,674.992940383116,-0.1316710719090652
15,219.2,7693.287549657679,4155.1044921875,47324,105.69472149437917,675.0897219169977,-0.24566179389876375
15,224.9,7734.124617866848,4748.56982421875,47104,106.2444378396739,674.5916694972826,-0.1379211643214688
15,230.5,7736.379059756202,4713.236328125,46924,106.00272781519053,674.8455800869491,-0.14433578183800988
15,236.1,7722.280240372189,4658.4619140625,46428,105.04141897131042,675.4225682777634,-0.15427979968926733
15,241.7,7688.219614471235,4062.88818359375,46741,105.7222566911277,677.0914828523138,-0.262403198339658
15,247.4,7727.420567162899,4087.6611328125,46618,105.21390879059591,676.5461624265305,-0.2579057946982707
15,253.0,7743.236194278111,4048.512939453125,46593,104.8385809027107,677.6511707767261,-0.26501295121054125
15,258.6,7671.880583040749,3960.9326171875,46995,104.15344185551655,678.1955952760932,-0.28091271578008137
15,264.3,7677.484458485285,4462.41845703125,47164,104.07049868543804,678.1809006869646,-0.18987049782282578
15,269.9,7638.3654795561,4407.95361328125,47398,104.12500527448415,679.7039537533229,-0.1997583147495018
15,275.5,7671.437572731312,3920.632080078125,47263,103.2267101115037,680.2974631318367,-0.288229074472182
15,281.1,7722.433200973485,3987.64794921875,46842,102.60586653003715,679.541330429956,-0.2760626823626925
15,286.8,7679.749755828273,3930.851318359375,47098,102.13401842965732,680.857106458873,-0.28637382344605417
15,292.4,7659.738212026968,4439.3583984375,47909,102.97944018869106,683.6353920975182,-0.19405693483419464
15,298.0,7583.740999730251,3875.5859375,48193,103.69987342560123,684.1310563774822,-0.296406973836218
15,303.7,7623.55111757979,4371.669921875,48095,104.22064663686454,685.2845410125793,-0.20634543541941114
15,309.4,7595.612387985397,4358.40380859375,48208,104.26815051443744,686.248547958845,-0.20875383119220806
15,315.0,7614.804014019862,4508.6337890625,47932,104.0794667445548,686.3486397396312,-0.18148033802675465
16,0.1,3879.3068314975394,2072.074951171875,68272,723.2132938832904,750.0885282399812,-0.0085371081422013
16,5.1,3886.2127773699963,2020.977294921875,70844,720.3968296538874,755.9806335046017,-0.03298672083798184
16,10.1,3905.3939210890767,2091.171630859375,67874,723.0119780770251,750.0888558210802,0.0006004229384880315
16,15.1,3916.1093859957778,2130.841552734375,68208,722.0944024161389,750.7843801313629,0.019582002460848652
16,20.1,3938.1475872462397,2134.5185546875,67682,722.6021689666381,750.37497414379,0.02134140358084689
16,25.0,3942.1327897157616,2148.736328125,68921,721.8241319771913,752.2980949202711,0.02814443682061963
16,30.1,3951.882804026702,2169.078857421875,65463,726.9189007530972,745.6249331683547,0.037878091924637494
16,35.0,3930.2580906382855,2104.56103515625,69154,721.1079185585794,752.2555455938918,0.007007091527828928
16,40.1,3920.881260181435,2144.822509765625,66911,724.7642091733795,747.0682847364409,0.026271721904299883
16,45.1,3905.5713027522934,2115.739013671875,68125,722.9449394495413,749.102047706422,0.012355619532551007
16,50.1,3911.9569132582437,2139.6025390625,68629,723.2484955339579,748.9714697868249,0.023774028833010972
16,55.1,3905.5240440067428,2146.345703125,67626,724.7709312986129,745.5024251027711,0.027000551569505978
16,60.1,3905.0880789331413,2157.62255859375,66588,726.3203580224665,743.1470685408782,0.03239639100465096
16,65.1,3904.2325021294096,2153.489501953125,68094,724.7833289276588,745.0592416365612,0.030418773212973767
16,70.1,3885.5408996778647,2152.638671875,69536,723.3508686148182,747.044523699954,0.030011661274643386
16,75.1,3912.004608899844,2175.181396484375,68563,724.4208100579029,745.960897276957,0.0407980833193308
16,80.1,3907.9238399535257,2171.16748046875,68855,724.1730302810254,746.4473168252124,0.03887747288085454
16,85.0,3909.5131857223014,2188.393310546875,69507,723.7114535226668,747.6625663602227,0.04711982497060392
16,90.1,3902.269149632647,2189.3095703125,68735,724.5865279697389,746.9458354550084,0.047558244225856125
16,95.1,3931.6102975979175,2226.45654296875,67608,725.2507247662999,746.2168382439947,0.06533262295317911
16,100.1,3921.9603640214063,2212.933837890625,69886,721.5509687204876,751.5636608190482,0.05886217154652734
16,105.1,3907.240795665193,2204.109619140625,70130,722.2980322258662,752.3271638385855,0.054639889222563714
16,110.1,3919.286439635568,2214.234130859375,69917,720.8055122502395,753.855643119699,0.05948434606117515
16,115.0,3913.0777567054997,2213.936279296875,70129,719.5365255457799,754.7984571290051,0.05934182767817284
16,120.0,3939.2539528833645,2231.8798828125,69190,719.7199017199017,755.5008382714265,0.06792762570728846
16,125.0,3949.227195550351,2233.499755859375,68320,720.367461943794,755.2152078454333,0.06870271543779694
16,130.0,3959.497142350804,2232.595458984375,67713,719.6201024913975,756.7450563407322,0.06827002028153417
16,135.0,3960.9037739783153,2237.579345703125,67144,720.267708209222,755.0724562135113,0.07065475001154174
16,140.1,3961.003839293812,2245.4677734375,66158,721.2997823392485,753.1922972278485,0.07442926761251532
16,145.0,3953.153031675552,2226.478271484375,67339,723.0823891058674,752.5836142502859,0.06534301978603747
16,150.1,3967.0405586004954,2229.759033203125,66595,721.9012688640288,754.1598768676328,0.06691282472930395
16,155.1,3971.2348098488173,2233.827392578125,66079,723.8448069734711,750.9460796924893,0.06885948565909948
16,160.1,3989.699622525229,2195.8837890625,64905,727.605947153532,749.9926507973191,0.050703928666418666
16,165.0,3974.180568415436,2246.96044921875,63721,730.1608888749391,742.8835862588471,0.07514349498438101
16,170.1,3994.5533892979715,2284.019287109375,62063,730.8744179301677,741.1913861721155,0.09287570228853692
16,175.0,3973.5913871360567,2267.244873046875,63231,731.0712308835856,739.2462716072812,0.08484934732187875
16,180.1,3984.184262295082,2278.53515625,62525,731.82168732507,738.492586965214,0.0902516117660935
16,185.4,3924.864799387299,2238.471435546875,63979,733.3134309695369,734.3551946732522,0.07108160425046835
16,191.1,3970.2009055791273,2274.884765625,63164,728.4026344120068,740.0706098410487,0.0885049438458881
16,196.7,4002.306207590663,2296.968994140625,61602,727.5790883412876,741.0190253563196,0.09907198103542933
16,202.4,3985.6838896435734,2285.923583984375,61836,728.892910278802,739.9094378679087,0.09378688539297794
16,208.0,3965.8139512887205,2279.1044921875,63435,724.5026877906519,744.146212658627,0.09052403215065202
16,213.6,3989.01876099908,2310.47265625,61937,725.1685422283933,743.5835284240438,0.10553332061103668
16,219.2,3968.45831344471,2299.43505859375,62850,723.4431980906921,744.7923945902944,0.10025196315568045
16,224.9,3990.488726769092,2300.65673828125,62094,723.4894031629465,743.9521370824879,0.10083652216268338
16,230.5,3965.6147745403287,2271.9482421875,64557,718.6746905835154,748.9468066979568,0.08709985277150135
16,236.1,3943.4493216762135,2237.222412109375,66340,713.7442116370214,754.2979348809165,0.07048396158863242
16,241.7,3938.870728894823,2236.6357421875,65908,714.0174485646659,753.9697760514657,0.07020324710145655
16,247.4,3938.781421498449,2240.728759765625,67056,711.9489978525412,755.5297065139584,0.07216170668427113
16,253.0,3964.3198572052597,2245.9609375,66389,711.9608368856286,756.1048818328337,0.0746652406728962
16,258.6,3943.1686425112707,2233.4482421875,65879,712.7028188041713,754.7594377571002,0.06867806676663835
16,264.3,3916.5200780552027,1694.1121826171875,42534,748.6337283114684,710.5127192363756,-0.18938773775570827
16,269.9,3937.1782497953245,2236.26611328125,65958,710.7402892749932,755.5396616028381,0.07002638412451762
16,275.5,3901.1255893477023,2322.181396484375,38602,753.5648930107249,704.3284544842236,0.11113581170153501
16,281.1,3915.8172533284696,2320.951171875,38381,753.4577525338058,704.3173445194237,0.11054716405239677
16,286.8,3899.3770757930592,2310.158935546875,37576,754.4204545454545,703.3535767511178,0.10538320903549736
16,292.4,3906.4139039421952,2320.4248046875,37644,753.6972691531187,703.704308787589,0.11029530369686154
16,298.0,3894.541907970938,2311.1357421875,37988,752.808149942087,705.0238759608297,0.10585059924073692
16,303.7,3906.3480812520097,2301.094482421875,37316,753.0601082645514,704.2903848215243,0.1010459774583581
16,309.4,3907.0890107801342,2293.836181640625,36827,753.0313085507916,704.3561517364976,0.09757296801027712
16,315.0,3909.067437113857,2294.783203125,36256,753.5011584289497,703.3885425860548,0.09802610637721644
17,0.1,5741.8422042956945,3636.75390625,49957,469.3396721180215,804.4201813559662,-0.009031312325363963
17,5.1,5786.017691045048,3658.01171875,49347,468.8621395424241,805.2022412709993,-0.0032388316959335605
17,10.1,5785.312291208344,3676.319091796875,49092,468.5872036176974,804.7204432494093,0.0017496921114798164
17,15.1,5780.460989446715,3687.80419921875,49179,469.5111734683503,805.0441245246955,0.0048792362387571776
17,20.1,5805.93384807586,3690.6005859375,48827,469.6368402727999,804.683638151023,0.005641215671060281
17,25.0,5813.802241171298,3713.103271484375,48903,469.8685152240149,804.2197206715334,0.011772908202473705
17,30.1,5769.4382347547935,3671.08154296875,49081,470.3017460931929,804.438560746521,0.0003225273863882782
17,35.0,5820.798035160289,3722.124267578125,48350,468.75063081695964,803.9431437435367,0.014231013669873711
17,40.1,5768.77497026129,3713.03173828125,48758,470.09973747897783,804.1473809426145,0.011753416324207178
17,45.1,5757.44037391589,3702.107666015625,48888,468.95798559973815,802.7828096874489,0.008776747064699374
17,50.1,5787.025639447829,3740.678466796875,48753,469.20306442680453,803.7661272126843,0.01928679443608388
17,55.1,5780.8217430664145,3746.05908203125,48604,468.35527940087235,803.6661591638548,0.02075294291770847
17,60.1,5772.99995885451,3753.215576171875,48608,468.05099983541805,803.3165528308098,0.022702995571724612
17,65.1,5808.044908496596,3795.126220703125,48031,466.4553101122192,803.488746850992,0.03412310743009239
17,70.1,5777.78808055898,3760.99462890625,48660,465.5777846280312,802.7138306617345,0.024822687439323164
17,75.1,5809.813779061312,3793.93115234375,48131,464.65217842970225,803.7885562319503,0.033797466665195966
17,80.1,5787.312791438138,3781.59375,48681,464.2513506296091,803.0639263778476,0.030435683128265195
17,85.0,5795.8508672661055,3777.914794921875,48601,463.9702681014794,803.5548857019403,0.029433215163765854
17,90.1,5752.595802233114,3752.381103515625,49169,463.3409668693689,803.0463300046778,0.022475612500342388
17,95.1,5765.026105271685,3760.856201171875,49377,463.28689470806245,802.5585191485915,0.024784967661244252
17,100.1,5794.1056545473275,3801.899169921875,48545,462.26987331342053,804.1924400041199,0.03596864902350541
17,105.1,5738.384514435696,3759.25732421875,49530,462.13676559660814,803.1606097314759,0.024349294245655545
17,110.1,5741.461648384824,3758.564697265625,49685,462.306792794606,802.7584180336117,0.024160562304897392
17,115.0,5767.665931574608,3785.0146484375,48520,461.1518961253092,803.8197238252267,0.03136783397560509
17,120.0,5790.164790764791,3789.3916015625,48510,461.1176664605236,804.7396000824572,0.03256049743486212
17,125.0,5762.19196301275,3766.779541015625,49098,461.34840523035564,802.5233410729561,0.026399001622003627
17,130.0,5774.263505018653,3767.40625,48519,460.167645664585,802.7491910385622,0.026569771763676586
17,135.0,5772.746860501083,3766.688720703125,48495,460.53411691927005,803.2519228786473,0.026374254254375135
17,140.1,5755.332319829074,3748.178466796875,48676,460.36905251047745,803.1290368970334,0.02133044802088843
17,145.0,5771.920860347844,3754.728515625,48585,459.9026448492333,803.4778635381291,0.023115252123320766
17,150.1,5752.434164138723,3726.17431640625,48788,459.0602197261622,803.8810978109371,0.015334599910704528
17,155.1,5748.720233343568,3734.855224609375,48855,458.544181762358,803.185999385938,0.01770003579986128
17,160.1,5734.838797647394,3686.871826171875,49137,458.40826668294767,803.0770702322079,0.004625176569474346
17,165.0,5737.754607118049,3734.879638671875,48946,457.4539492501941,803.2882564458791,0.017706688318040984
17,170.1,5761.079160135302,3757.88134765625,48484,456.0004331325798,802.7093474135797,0.023974358321047523
17,175.0,5769.585703639299,3776.927978515625,48306,455.6503332919306,803.4778909452242,0.029164320378942288
17,180.1,5776.248447976161,3774.36572265625,48324,455.6435725519411,802.9216745302541,0.02846613859598253
17,185.4,5750.649498090448,3768.00830078125,47917,456.0326606423607,803.475259302544,0.026733822861988044
17,191.1,5733.323406273847,3739.30859375,48487,456.301441623528,803.1082764452327,0.01891352164102078
17,196.7,5741.844973075574,3736.15771484375,48469,456.5633910334441,803.3798510388083,0.0180549476447484
17,202.4,5765.667182565411,3754.5400390625,47813,455.6071152197101,805.5292493673269,0.023063894682973464
17,208.0,5752.1147634308845,3767.115234375,47428,454.8179767226111,805.0374040651092,0.026490473746974535
17,213.6,5750.5251222390825,3767.39501953125,47448,454.7500632271118,803.9916118698364,0.026566711605313924
17,219.2,5762.768228610482,3741.73779296875,46822,454.1536243646149,804.2802528725813,0.01957544719990116
17,224.9,5752.21356219538,3759.690673828125,47190,455.38982835346474,803.6330366603094,0.024467376443345262
17,230.5,5749.441779661017,3761.781005859375,47200,455.44995762711864,803.9576059322034,0.025036965049891374
17,236.1,5744.807130969146,3764.774169921875,46866,454.5438270814663,803.3186958562711,0.02585256377872288
17,241.7,5730.622706177885,3713.5498046875,46974,454.79011793758247,804.3124068633713,0.01189458275998046
17,247.4,5742.9140824129145,3727.28662109375,47080,454.7926932880204,804.1401444350042,0.015637688638971765
17,253.0,5749.008599821634,3715.620361328125,47094,455.0009767698645,802.2825625345055,0.012458782826801013
17,258.6,5717.705102408235,3680.531982421875,47213,455.55097113083264,804.8628343888336,0.0028976506485692485
17,264.3,5710.554878048781,3217.9208984375,47560,454.323086627418,802.4784272497898,-0.12315792270542911
17,269.9,5697.956239766952,3686.201904296875,47029,453.9351463990304,803.8188564502753,0.0044426314706233145
17,275.5,5729.022197011858,3684.691650390625,46718,452.30071920887025,802.6559998287598,0.004031106696026929
17,281.1,5734.785038470657,3698.19287109375,46399,451.94161512101556,803.280113795556,0.007710015774584108
17,286.8,5690.455696745943,3676.467529296875,46588,452.13520649094187,802.8878466557912,0.0017901394220124066
17,292.4,5703.654382234821,3720.076904296875,46563,451.68371883254946,803.9257135493847,0.013673133495323874
17,298.0,5662.931606792388,3648.04345703125,46876,451.9463478112467,803.9886722416588,-0.005955054868706017
17,303.7,5682.413597191191,3678.271240234375,46995,451.36033620597937,804.4846047451856,0.002281627465128814
17,309.4,5624.155824382105,3618.66650390625,47945,451.47091458963394,802.5612472624882,-0.013959896943978221
17,315.0,5627.012204011079,3610.41064453125,48017,452.34579419788827,805.0255326238624,-0.016209512491626357
18,0.1,4813.516396121582,2020.5579833984375,27537,48.94629044558231,892.4116279914297,-0.02332234405502709
18,5.1,4847.388948421203,2028.7713623046875,27996,48.74732104586369,892.7811473067582,-0.019352240883797136
18,10.1,4845.528583617747,2071.775146484375,28128,49.357437428896475,891.2162613765643,0.0014345098427215987
18,15.1,4870.5245508553435,2094.28857421875,27942,49.640648486149885,891.7297974375492,0.012316831462570897
18,20.1,4895.449095792301,2128.64404296875,27925,50.02055505819158,891.7129095792301,0.028923243633532165
18,25.0,4921.127311393865,2185.44921875,27743,50.4775979526367,891.2525321702772,0.05638117673093298
18,30.1,4882.54888031445,2162.795654296875,27731,50.40240164436912,890.8638346976309,0.04543111718764613
18,35.0,4916.02823125525,2124.331787109375,27381,50.9174975347869,892.090756363902,0.02683882735883284
18,40.1,4849.505574989069,2123.694580078125,27444,51.38011951610552,890.7621702375747,0.02653082042473528
18,45.1,4848.991757114617,2089.7568359375,26811,51.25411211816046,891.4508224236321,0.010126323910571302
18,50.1,4848.568542408067,2096.691162109375,26976,52.07892200474496,890.5727313167259,0.013478171017534157
18,55.1,4824.7727954903185,2096.203857421875,27319,52.75738497016728,889.565101211611,0.013242622419657247
18,60.1,4801.990676582623,2131.34033203125,27565,53.78211500090695,890.1143116270633,0.03022654960294729
18,65.1,4816.910200397184,2142.703369140625,27695,54.33998916771981,890.996497562737,0.03571910390704799
18,70.1,4791.996136347223,2151.83642578125,27694,54.54354733877374,890.8592113815267,0.040133751952126796
18,75.1,4792.296990038978,2141.98974609375,27708,54.46127472210192,892.3712646167172,0.035374159742922635
18,80.1,4761.862502726678,2146.307861328125,27506,54.666400058169124,891.8556314985822,0.03746140826529182
18,85.0,4750.078671391245,2166.900390625,27939,55.314112888793446,892.1852249543649,0.047415224690704486
18,90.1,4700.495742869306,2192.436767578125,28188,56.369802752944516,891.5798212005109,0.05975875008756375
18,95.1,4722.79468137775,2220.8251953125,28278,56.60863568852111,892.9270103967749,0.07348087203772866
18,100.1,4721.956274365188,2235.635986328125,28473,57.04428757068099,892.389948372142,0.08063996807490437
18,105.1,4685.183382480485,2264.644775390625,28825,58.972905464006935,892.0557849089332,0.09466195424711597
18,110.1,4680.3511139967195,2278.74560546875,29264,60.36775560415528,891.6006014215418,0.10147787627496
18,115.0,4646.020998267133,2298.2529296875,29431,61.27933131731847,891.0614658013659,0.11090713682985018
18,120.0,4694.473756516838,2292.06201171875,28388,59.26648583908694,893.3798083697337,0.10791463114600114
18,125.0,4685.997452139141,2252.604248046875,28259,59.20152871651509,892.896882409144,0.0888419213061874
18,130.0,4687.144362449443,2233.719970703125,28186,58.52628964734265,894.5933442134393,0.07971382308685927
18,135.0,4679.098248446769,2211.0498046875,28489,58.77310540910527,894.2486924777985,0.06875573884184115
18,140.1,4654.37346463363,2188.593017578125,28332,57.992658478046025,893.591451362417,0.05790079561613386
18,145.0,4649.0591775325975,2167.323974609375,28913,58.193857434372084,893.3928682599523,0.04761997259517164
18,150.1,4630.935932085932,2114.2373046875,28860,58.12785862785863,893.2557865557866,0.021959454675257405
18,155.1,4615.830508474576,2090.879638671875,28910,58.986267727429954,893.8277758561052,0.01066905337030873
18,160.1,4592.078916854239,2071.33837890625,29322,60.05995498260692,894.3780778937316,0.0012233893809972544
18,165.0,4590.514054972098,2020.6553955078125,28851,59.57838549790302,894.1986759557727,-0.02327525793751562
18,170.1,4585.1824604726135,2015.0953369140625,29157,59.67201701135233,894.0579277703467,-0.02596282495557611
18,175.0,4585.705371165323,1988.8541259765625,28653,59.83205947021254,895.8810595749136,-0.03864704614505594
18,180.1,4589.271485266744,1950.6116943359375,28473,59.15390018614126,895.7450567204017,-0.05713230061401233
18,185.4,4532.721635480694,1942.999267578125,29447,60.46646517472068,894.8179441029647,-0.060811921383601995
18,191.1,4529.554330762406,1956.5311279296875,29302,62.441539826633,895.7142857142857,-0.0542710224055336
18,196.7,4553.509633184779,1947.205078125,29170,61.64000685635927,896.2254713747001,-0.05877895760823851
18,202.4,4574.6556680936965,1895.2342529296875,28731,60.395043681041386,897.8561484111239,-0.08390010936252328
18,208.0,4532.352955451552,1873.5009765625,28845,61.61910209741723,897.7078176460392,-0.09440532900616233
18,213.6,4532.075776397515,1829.187744140625,28980,61.347377501725326,899.6924775707384,-0.11582502808173557
18,219.2,4511.046769840456,1793.8431396484375,29271,61.48717160329336,898.6190769020533,-0.13290955906246552
18,224.9,4505.514622848836,1761.0557861328125,29577,62.40876356628461,898.1918382526964,-0.1487579909507798
18,230.5,4523.459600201579,1768.56787109375,29765,62.97947253485638,899.7282042667563,-0.14512687242253652
18,236.1,4479.9567351636815,1721.989501953125,29539,64.34957175259827,898.1093469650293,-0.16764147124315085
18,241.7,4466.208506719421,1722.0185546875,29318,64.41861654956,898.2410805648407,-0.16762742801512112
18,247.4,4502.892637306581,1719.3160400390625,29405,65.28437340588336,901.2341438530863,-0.16893374324768545
18,253.0,4505.752058243179,1711.8919677734375,29394,65.48227529427774,901.460706266585,-0.172522319055721
18,258.6,4443.278426107611,1707.1234130859375,29049,65.85066611587318,901.5752005232538,-0.17482729661771088
18,264.3,4425.037954482375,1685.854736328125,28824,66.26432833749654,901.0592908687205,-0.18510794262319374
18,269.9,4440.150357007347,1690.7701416015625,28991,66.01303852919872,903.0620882342796,-0.18273198185397793
18,275.5,4434.937319659308,1693.5064697265625,28765,66.18553798018425,903.3659308187033,-0.18140932219215208
18,281.1,4434.263633486868,1670.778076171875,28441,66.01304454836328,903.4512147955417,-0.19239555189838944
18,286.8,4406.6615497844605,1658.274658203125,28533,66.49567167840746,904.165387446115,-0.19843933240523717
18,292.4,4402.206372968349,1627.928466796875,28056,66.25477616196179,905.4399059024807,-0.21310777910809492
18,298.0,4359.719192771508,1600.2728271484375,28443,66.81408430896882,905.3204303343529,-0.22647569308404764
18,303.7,4358.906242409522,1615.945068359375,28819,67.42378292098962,905.3162496963809,-0.21890019763424234
18,309.4,4350.548691608246,1613.50732421875,28814,67.20684389532866,906.5562226695356,-0.22007853067522476
18,315.0,4329.532272508094,1563.79150390625,29034,67.1439002548736,905.8195908245506,-0.24410968011273093
19,0.1,7004.790691977954,4568.72998046875,32660,351.00425597060627,915.903276178812,-0.006018982562572144
19,5.1,7023.395508497849,4589.00390625,32773,351.126537088457,916.0466237451561,-0.0016081512239623282
19,10.1,6996.889310313439,4588.970703125,32957,350.87429074248263,916.4547137178748,-0.0016153749548701933
19,15.1,7021.082792699934,4610.86962890625,32986,350.8126174740799,916.3038561814103,0.003148994272877492
19,20.1,7043.938924835218,4624.40380859375,33074,350.7385257301808,916.3348551732479,0.00609351446852757
19,25.0,7070.938161475658,4637.2421875,33070,349.3869368007257,915.7176897490173,0.008886655009123121
19,30.1,7000.133868167395,4583.37158203125,33406,350.0469676106089,916.1297970424474,-0.0028335296948773887
19,35.0,7027.576359832636,4592.7392578125,33460,349.94473998804546,915.9851763299462,-0.0007954814968275027
19,40.1,6990.603363095238,4567.98681640625,33600,350.54580357142856,916.4430952380952,-0.006180666657304066
19,45.1,6988.204240071663,4559.4404296875,33490,350.0768587638101,916.4451478053151,-0.008040033746721171
19,50.1,7044.101521463503,4605.11669921875,33126,349.3667511924168,916.5089959548391,0.00189737666175298
19,55.1,7031.908193454897,4606.6904296875,33124,349.8540031397174,916.675431711146,0.0022397602605184106
19,60.1,7012.914165684408,4606.23388671875,33087,349.66920542811374,917.0149605585275,0.0021404339605352652
19,65.1,7018.886785080997,4602.80224609375,33273,351.94509061401135,917.8513208908124,0.0013938401249400294
19,70.1,7017.557742980888,4616.84375,33017,350.7484629130448,918.6513008450193,0.00444873467960881
19,75.1,6997.414057354966,4610.98876953125,33406,352.86391666167754,919.5410105968988,0.003174914719076302
19,80.1,7027.90375544267,4642.56884765625,33072,352.83962264150944,919.8714925012094,0.01004553266315107
19,85.0,7035.7426254802895,4637.078125,33053,353.63997216591537,920.3645962545004,0.008850961279931317
19,90.1,7024.367006543905,4643.26904296875,32855,352.42562775833204,920.2723786333892,0.010197868400237519
19,95.1,7054.796586449238,4672.16357421875,32869,351.5227113693754,920.1772186558763,0.016484213991470258
19,100.1,7038.388481770912,4659.67431640625,32887,351.40921944841426,920.2881685772494,0.01376702885674417
19,105.1,7018.304004391717,4661.3486328125,32789,349.7162463021135,919.7222849126231,0.014131296110906955
19,110.1,7023.952489860641,4683.2646484375,32793,348.8343548928125,918.9065044369225,0.018899383435445453
19,115.0,7010.00358390281,4675.77978515625,32925,348.3303568716781,918.3688382687927,0.01727096327240627
19,120.0,7018.897149262322,4690.78955078125,33009,347.353297585507,918.0321427489473,0.020536514568108826
19,125.0,6985.5396606511185,4665.662109375,33358,347.0288986150249,917.2440494034414,0.015069743740908139
19,130.0,6959.909838525722,4641.447265625,33318,346.840146467375,916.6200852392101,0.009801519282336862
19,135.0,6929.524624821343,4616.31982421875,33584,346.98767270128633,916.1592424964268,0.004334748455136175
19,140.1,6900.916368834882,4603.123046875,33576,345.56820347867523,915.93962949726,0.001463634113270432
19,145.0,6916.882435290263,4600.005859375,33573,345.6740237691002,916.0883448008817,0.0007854532586261541
19,150.1,6898.782032532458,4577.48779296875,33505,344.79731383375616,915.6380838680794,-0.0041136173042858395
19,155.1,6900.937896523992,4581.1806640625,33573,344.60733327376164,915.5083549280672,-0.003310189703459606
19,160.1,6914.886981787683,4591.0615234375,33384,344.50581116702614,915.7306494128924,-0.0011604923703484517
19,165.0,6916.942245763988,4574.13720703125,33227,344.65404640804167,916.2220784301924,-0.004842576737958934
19,170.1,6919.1256349373325,4576.7177734375,33271,344.0500435814974,916.0126837185537,-0.004281144122546182
19,175.0,6937.000423024626,4581.51904296875,33095,343.6479528629702,915.9337059978849,-0.00323657138700151
19,180.1,6959.390451057117,4582.107421875,32967,342.990990990991,915.7824491157825,-0.0031085626260606647
19,185.4,6916.738747406717,4537.033203125,33259,344.43780630806697,915.9248023091494,-0.012914989796161321
19,191.1,6948.352304996677,4555.46044921875,33102,344.726330735303,916.2120113588303,-0.008905925373633062
19,196.7,6977.33121520213,4563.498046875,33048,344.25626361655776,916.1571955942871,-0.007157251337245302
19,202.4,6968.871396294623,4550.0634765625,33195,344.19343274589545,916.5979816237385,-0.010080100340171785
19,208.0,6966.139320667818,4531.80126953125,33003,345.48619822440384,917.0194224767446,-0.014053258570834478
19,213.6,6974.5163676042675,4533.80419921875,32992,344.67437560620755,916.7712172647915,-0.013617497626951204
19,219.2,6951.647794184256,4511.2919921875,33117,344.9296433855724,916.683516018963,-0.018515293413820633
19,224.9,6952.818950524737,4501.31298828125,33350,344.0846476761619,916.0893853073463,-0.02068634324564474
19,230.5,6962.530745800537,4487.64697265625,33159,344.25830091377907,915.8133839983112,-0.023659545902252516
19,236.1,6928.70021192855,4447.75732421875,33030,343.2359673024523,915.0836815016652,-0.03233800873735741
19,241.7,6902.993007416377,4411.916015625,33035,342.5829574693507,914.9831693658241,-0.04013570755838716
19,247.4,6923.103378276019,4425.51025390625,33005,341.8792001211938,914.6206938342675,-0.0371781209083008
19,253.0,6928.178862033633,4411.00927734375,33182,342.80766680730517,914.3822855765173,-0.04033297915097401
19,258.6,6901.141982047549,4400.0859375,32976,341.7721069868996,914.3522561863173,-0.04270948038832475
19,264.3,6894.0783929002655,4335.8427734375,33128,342.01464018353056,914.1207135957499,-0.056686337381674945
19,269.9,6840.51644025006,4350.8623046875,33272,342.06534022601585,913.8031077182015,-0.05341866145923479
19,275.5,6825.496992548703,4335.40185546875,33417,342.3509291677889,913.8121614746985,-0.05678226427887792
19,281.1,6804.000623459906,4323.70166015625,33683,343.89953388949914,914.3283852388445,-0.059327779573205335
19,286.8,6763.377254925232,4305.75,33704,342.48744956088296,913.6257120816521,-0.0632333746736121
19,292.4,6779.303776099511,4317.048828125,33765,342.91615578261514,913.9071227602547,-0.060775181538200364
19,298.0,6760.97128686247,4306.9501953125,33469,342.7959604410051,913.9988347425976,-0.06297225804756017
19,303.7,6769.5864724245575,4334.9765625,33635,341.8958822654973,913.705901590605,-0.05687479177330072
19,309.4,6774.850459756389,4328.68310546875,33496,341.246029376642,913.4806544064963,-0.0582440074743518
19,315.0,6801.677694673986,4363.533203125,33158,341.399843175101,914.2965498522227,-0.0506619582671892
20,0.1,4464.6894318304485,2385.97509765625,55582,898.3417653197079,956.4453240257637,-0.010418530431084773
20,5.1,4487.994357332755,2405.892333984375,55293,903.8742155426546,955.3265693668276,-0.0021578708731965768
20,10.1,4463.9602422515145,2411.075927734375,56140,900.9082294264339,954.9309405058782,-7.979063423686207e-06
20,15.1,4461.501545039704,2422.710693359375,55662,901.172631238547,953.4082138622399,0.004817531679160002
20,20.1,4490.271597130622,2429.82177734375,55343,902.2053737600057,953.3860470158828,0.007766848688544656
20,25.0,4484.304745414209,2437.61865234375,55443,905.7136157855816,953.0879822520426,0.011000597032408023
20,30.1,4473.400892545592,2416.6201171875,54451,907.9259150428826,952.5745716332115,0.002291469556966883
20,35.0,4488.5697785122775,2434.93359375,55669,908.511361799206,952.2888860945949,0.009886970896204075
20,40.1,4477.403905522167,2435.257568359375,54743,906.7734139524688,950.3875381327293,0.010021339134314881
20,45.1,4455.7243179741545,2424.36083984375,53627,903.3462994387156,950.3947078896824,0.005501928756319712
20,50.1,4477.527017428837,2420.935546875,54909,905.5946748256206,950.2811378826786,0.0040812909411768305
20,55.1,4473.073852847372,2404.75439453125,54243,904.5826926976753,949.2806813782423,-0.0026298304495601522
20,60.1,4451.816588222214,2388.52587890625,53966,901.9665344846755,949.2215098395286,-0.009360595727406025
20,65.1,4455.933839881393,2385.490966796875,53960,904.138880652335,949.3273350630096,-0.010619323359625637
20,70.1,4444.311072056239,1961.98681640625,54055,905.3899731754694,949.0540930533716,-0.18626736760106163
20,75.1,4446.650573471364,2369.84228515625,53708,906.3801109704327,948.7202278990095,-0.017109602906112683
20,80.1,4473.520345137381,2390.026123046875,53428,906.130736692371,949.2667889496145,-0.008738370540374449
20,85.0,4478.0575854365525,2393.732666015625,54163,904.5490648597752,950.6060964126802,-0.007201084488378782
20,90.1,4459.193791261776,2397.28369140625,53924,905.5840627549885,949.8159632074772,-0.005728299240962302
20,95.1,4491.169034065075,2417.495849609375,54983,899.8005019733372,952.6350508338941,0.0026546789541812463
20,100.1,4555.5977256446995,1913.9630126953125,55840,899.9437320916905,956.7755014326648,-0.20618520592940004
20,105.1,4497.452441728307,2034.2755126953125,53671,903.1448081831902,953.7866072925789,-0.15628568238681903
20,110.1,4481.186592912057,1991.2716064453125,53330,906.5654978436153,951.0529720607537,-0.17412152182449028
20,115.0,4488.011341835007,2013.364990234375,53166,904.8810706090359,951.8934657487869,-0.16495830665966865
20,120.0,4523.515033061776,2016.3033447265625,54746,906.6738574507726,952.5212983596975,-0.16373962623029215
20,125.0,4526.534364669138,2043.4432373046875,54751,904.7100509579734,952.7045168124783,-0.15248337514544835
20,130.0,4835.691987558593,2429.9873046875,68481,877.0288839240081,989.9234240154203,0.007835501036275724
20,135.0,4838.5435318334685,2397.29052734375,68984,877.2919807491593,988.7054824307086,-0.005725464040761019
20,140.1,4837.924316370682,2346.46240234375,68641,879.7059337713612,985.727670051427,-0.02680639262310077
20,145.0,4869.234114863411,2344.9794921875,69735,882.4708109270811,986.8243206424321,-0.02742142855247909
20,150.1,4821.528180147844,2703.348876953125,70209,882.5064307994702,986.5090088165335,0.121212018113932
20,155.1,4855.464155370178,2679.16845703125,69048,885.6713590545708,983.3673821109952,0.11118320620194365
20,160.1,4528.489339461115,2460.80078125,55485,911.6947283049473,951.1808236460305,0.020615368457858996
20,165.0,4527.224031254419,2454.08203125,56568,909.8094859284402,950.3446471503323,0.017828771688597977
20,170.1,4539.633628868113,1631.314453125,57974,909.0257356746127,950.9939455618036,-0.32341349436622435
20,175.0,4491.111178593739,1983.5059814453125,57628,913.1434719233706,947.9573471229263,-0.17734230925314778
20,180.1,4550.1188779977,1579.722412109375,58253,910.5849655811718,949.9282097059379,-0.3448112565710575
20,185.4,4507.908561080013,1609.8367919921875,60740,912.2551860388542,948.6177148501811,-0.3323213389986304
20,191.1,4493.9179128274845,1232.95361328125,59583,911.2763539935888,947.6602386586778,-0.4886333684958913
20,196.7,4514.159150326797,2138.974853515625,58140,907.4739250086,947.4519951840385,-0.11286170547539337
20,202.4,4483.979219515585,1552.685302734375,57554,905.7545435590923,946.6192966605275,-0.356024878395732
20,208.0,4500.938879366706,1768.076171875,56593,900.9754209884615,948.5914689095824,-0.266691669082156
20,213.6,4515.216631318487,2100.775146484375,56580,898.3517320607989,949.358607281725,-0.12870500671446294
20,219.2,4475.336450096174,2432.9716796875,56148,901.0903683123174,948.268308755432,0.00907326843843585
20,224.9,4457.692411323329,2395.315673828125,58640,889.6719986357435,945.9117837653479,-0.006544533127481673
20,230.5,4460.666809990279,2431.77392578125,53492,901.56412173783,947.1480221341509,0.008576500860311047
20,236.1,4466.094770990901,2418.7685546875,52094,903.1009137328675,948.0993012631013,0.0031825324773701157
20,241.7,4451.370012696702,2391.26171875,51982,905.2477780770266,946.9851294678928,-0.008225908103992544
20,247.4,4484.973464658169,2395.916259765625,51780,908.4990923136346,947.1583043646195,-0.00629544053836895
20,253.0,4453.536450605232,2428.78759765625,51220,907.9810816087465,946.0106794221008,0.0073379234009505545
20,258.6,4452.245860091088,2376.134033203125,52477,909.8284581816796,946.0987480229434,-0.014500104892281807
20,264.3,4457.915927163766,2162.9833984375,52062,914.295935615228,944.4844608351581,-0.1029041785970373
20,269.9,4426.268083042297,1850.009765625,51540,914.7140861466822,943.3056849049282,-0.23270976952677822
20,275.5,4410.954213450406,2293.260986328125,51478,916.459361280547,942.6434593418547,-0.04887164196103595
20,281.1,4416.162845092024,1976.9637451171875,52160,914.1261311349693,942.9900115030675,-0.18005569710292565
20,286.8,4379.363441436612,2229.24169921875,52234,918.3983995098978,942.1552245663744,-0.0754235956175015
20,292.4,4380.210375310174,2221.059814453125,51584,915.5573239764268,941.9042532568238,-0.07881702648698714
20,298.0,4355.82057726291,2194.077880859375,50930,913.3002748870999,942.1702925584135,-0.09000776419575128
20,303.7,4338.754148343594,2035.560302734375,51165,915.7244405355224,941.413388058243,-0.1557528166347029
20,309.4,4357.989684227105,2135.361328125,50796,912.9022167099772,942.1421765493346,-0.11436041255322159
20,315.0,4342.750676178904,1828.348876953125,51022,914.7219238759751,941.3700168554741,-0.24169360765029366
21,0.1,3008.3846530262717,1093.0462646484375,32697,618.2729914059394,997.7518732605438,-0.027458321318077624
21,5.1,2999.9481323021228,1048.1070556640625,30385,617.9933519828863,1003.5303603751851,-0.06744313729323578
21,10.1,3011.9792104221838,1113.1253662109375,32853,618.0803883967978,997.5337716494688,-0.009592871545647925
21,15.1,3002.928200210357,1202.63818359375,32326,616.9974942770525,999.1151395161789,0.07005146602411523
21,20.1,3015.9194020744358,1162.617431640625,32780,616.8544844417328,997.7550945698597,0.0344428641328461
21,25.0,3022.3346468813497,1204.045166015625,32482,616.2863432054677,999.2836647989656,0.07130333347996018
21,30.1,3034.936070772826,1142.8983154296875,35946,618.4364602459244,990.1188171145608,0.016897712566844195
21,35.0,3019.5564904953476,1140.04296875,32563,615.9099591560974,998.765654270184,0.014357158024100024
21,40.1,3008.3849946347264,1177.498046875,34481,616.5109190568719,994.8774397494273,0.047682942790004824
21,45.1,3004.3391900386123,1145.409423828125,33409,615.5714627794905,996.0704001915651,0.019131979913207767
21,50.1,3015.6907488186116,1241.1610107421875,33012,614.5800012116806,997.685356839937,0.10432728416120482
21,55.1,3022.3555483946566,1246.3984375,34136,614.409538317319,994.5438539957815,0.10898730265791033
21,60.1,3022.535548664258,1217.427978515625,35149,614.5646817832655,992.0592619989189,0.08321073699542035
21,65.1,3021.1920695369054,1231.7774658203125,34399,614.4085874589377,994.4901305270502,0.09597824274780888
21,70.1,3027.0939732011097,1262.99462890625,33882,612.8851012336934,996.8236821911339,0.12375382112284669
21,75.1,3031.7151778679195,1230.1165771484375,34267,613.4283421367496,994.7809554381766,0.09450046133151299
21,80.1,3034.109362224039,1238.7296142578125,34244,614.1757972199509,995.7382023128139,0.10216394076492512
21,85.0,3033.034704255509,1246.94091796875,33627,612.7367888898801,997.2256520058287,0.10946997652341224
21,90.1,3031.1611808420375,1262.79833984375,34179,613.473536381989,995.8260042716288,0.12357917225342116
21,95.1,3060.1807746661666,1258.3330078125,34673,612.7199550082197,994.1559138234361,0.11960612769895226
21,100.1,3036.682944366218,1104.5728759765625,33379,612.694897989754,998.473291590521,-0.017202479188490986
21,105.1,3024.9431533038596,1257.9404296875,33476,612.0218962839049,998.315599235273,0.1192568299601012
21,110.1,3011.076290022226,1256.3997802734375,33294,612.9390580885445,999.6009190845198,0.11788603183757655
21,115.0,3004.9826692386523,1256.4197998046875,33178,611.8100247151727,999.1766532039303,0.11790384428445826
21,120.0,3016.5111597768046,1266.799072265625,33334,611.864912701746,998.7012359752805,0.12713883770525722
21,125.0,3009.7281051543346,1272.666015625,33855,612.0158617634028,998.3739772559445,0.13235897076640768
21,130.0,3010.146347248577,1264.09375,33728,611.1618833017078,997.1282613851993,0.12473176790164488
21,135.0,3005.7184585968525,1270.9056396484375,33995,611.515840564789,996.8457714369761,0.13079267017810817
21,140.1,3011.310490718089,1246.1199951171875,34745,610.8374730177004,994.3665851201612,0.1087395575887812
21,145.0,3013.2065023838245,1243.043212890625,34818,610.950686426561,995.4019472686541,0.10600198000552838
21,150.1,3004.809031961898,1222.0653076171875,34854,610.3182418086876,995.6912836403283,0.08733681653559855
21,155.1,3024.2691210282833,1208.967041015625,36099,610.6251142690933,992.8681403917006,0.07568258871331682
21,160.1,3032.6130278478295,1199.9942626953125,37274,610.4540698610291,991.5359768203037,0.06769902829843887
21,165.0,3054.0483702704764,1202.4088134765625,39301,611.0969440981146,985.4975191470955,0.06984738317234249
21,170.1,3072.730954182635,1092.7587890625,40967,610.6356091488271,979.9290648570801,-0.027714103710799718
21,175.0,3069.6480292185506,1212.4312744140625,40796,610.5639523482695,981.6705314246494,0.07876490231121928
21,180.1,3085.423653378882,1092.465087890625,41567,609.8893112324681,979.4627709481078,-0.027975425340052103
21,185.4,3043.0489277942147,1070.7908935546875,40897,609.827493459178,981.9137834070958,-0.04726011440152622
21,191.1,3030.221021066425,1030.534423828125,39684,609.0087944763633,984.7575345227295,-0.08307844699357937
21,196.7,3046.1860337289195,1046.5048828125,40025,608.8495190505934,983.7351905059338,-0.06886867610617739
21,202.4,3040.857681644479,1025.232421875,40037,609.8140969603118,983.0288732922047,-0.0877959214927265
21,208.0,3004.452711124961,998.6055908203125,38508,608.7507790588968,987.8984886257401,-0.11148723613276572
21,213.6,3007.2260125786165,1021.8682861328125,39750,608.7994465408805,985.8171572327044,-0.09078917285622043
21,219.2,2989.261963205709,1162.7130126953125,39517,608.2383531138497,987.3756864134423,0.03452790770545816
21,224.9,2956.5924579736484,1149.0263671875,37417,608.0121335221958,993.8113958895689,0.022350167724823764
21,230.5,2946.669699679167,1163.66943359375,38026,608.8886288329038,993.7762583495503,0.035378886493983686
21,236.1,2904.720725821672,1166.0023193359375,37089,609.8628973550109,997.2338159562134,0.03745457961810766
21,241.7,2891.6080514775463,1158.83740234375,36987,609.6276799956742,997.1051720874902,0.031079570046632768
21,247.4,2875.495394539044,1160.3656005859375,36587,609.399486156285,998.7202011643479,0.03243928969609685
21,253.0,2882.3595563932367,1161.8966064453125,36609,609.3364746373843,998.7046081564642,0.033801507432623605
21,258.6,2864.9261614893267,1131.091796875,36634,609.2389310476607,998.753152808866,0.006392822018356595
21,264.3,2851.5413573407204,529.2875366210938,36100,610.2465373961219,1000.0373407202216,-0.52906459129938
21,269.9,2853.350855544587,1075.935791015625,36468,611.1377646155534,997.9570034002413,-0.04268242416540812
21,275.5,2842.958239090859,1098.1910400390625,36254,610.3846196281789,998.8556573067799,-0.022880739694440506
21,281.1,2840.695348519984,1088.80224609375,36655,609.0727322329832,997.3064520529259,-0.031234451444518845
21,286.8,2826.1108435690708,1090.0738525390625,36962,609.7509063362372,997.305719387479,-0.030103035230087394
21,292.4,2828.355075780009,1089.81005859375,37147,609.8857242845991,997.1479258082752,-0.0303377468014982
21,298.0,2817.363164825714,1090.67138671875,37209,610.5244161358811,995.9381063721142,-0.02957137713566079
21,303.7,2826.358962063086,1088.6983642578125,37536,609.8650628729753,995.626332054561,-0.031326880665837956
21,309.4,2820.6181320142546,1087.680908203125,37602,609.8382266900696,995.0906866656029,-0.03223216569485649
21,315.0,2822.129859080032,1078.701416015625,37610,610.1906939643711,994.5634139856421,-0.04022169979618868
22,0.1,9789.756604282666,6440.3193359375,40769,162.52424636365868,1023.3206848340651,-5.046078979806158e-05
22,5.1,9819.749449581683,6451.64892578125,40878,162.98573804980674,1024.3104114682715,0.0017086162920605294
22,10.1,9716.138675106093,6385.5693359375,41709,162.8895202474286,1026.8908628833105,-0.008551163071168578
22,15.1,9828.397217434129,6497.86767578125,40610,162.33772469835017,1023.7802511696626,0.008884722841231188
22,20.1,9789.05646039544,6427.81640625,41321,162.3176351007962,1027.85147987706,-0.0019917152723249367
22,25.0,9858.47320535649,6484.529296875,40997,161.59494597165647,1027.7542259189697,0.006813753197429476
22,30.1,9823.28040548773,6464.34423828125,41037,161.60382094207665,1028.495479689061,0.003679740893548413
22,35.0,9938.107074900536,6509.4912109375,40467,160.7877529839128,1027.8268959893246,0.010689439038862691
22,40.1,9935.696608181297,6520.34228515625,40067,160.28781790500912,1026.4486485137395,0.012374219885742123
22,45.1,9897.660969154278,6449.2041015625,40427,159.79751156405374,1028.4833650777946,0.0013290231813047667
22,50.1,10025.157750412594,6499.98388671875,39385,158.0995810587787,1025.8186365367526,0.009213294149802284
22,55.1,10086.042336409831,6555.11669921875,38572,158.88315358290987,1024.8580058073214,0.017773433419156128
22,60.1,10056.909149601011,6541.10107421875,38723,159.34188983291583,1027.6091470185677,0.015597311859113503
22,65.1,10164.736529318541,6620.06103515625,37860,158.03016376122557,1026.440940306392,0.027856948755521416
22,70.1,10108.337694215956,6588.96240234375,38295,158.2231884057971,1030.0447055751404,0.023028451606722827
22,75.1,10153.476464076748,6669.18896484375,37942,158.10181329397503,1030.731405829951,0.03548474608837149
22,80.1,10084.61621467757,6631.0703125,38644,157.0568781699617,1032.1031725494256,0.029566292847434773
22,85.0,10120.32882206811,6680.5048828125,38644,157.43559155366938,1032.9776161888003,0.037241700420659246
22,90.1,10024.109024091465,6633.32958984375,39184,156.98180379746836,1033.29282360147,0.029917077214014945
22,95.1,10079.491281737535,6689.98046875,39228,156.1580248801876,1033.3656826756398,0.03871291749821593
22,100.1,10032.063486469478,6638.7001953125,39725,154.07174323473882,1034.799597230963,0.03075093873292899
22,105.1,9956.419938825753,6568.32666015625,40213,154.14139706065203,1035.7863874866337,0.019824464379488944
22,110.1,9978.62447761194,6579.7978515625,40200,152.86599502487562,1036.1933084577115,0.02160552708190259
22,115.0,9964.257872890414,6531.74755859375,40233,152.23142693808566,1037.3798125916537,0.014145047902724969
22,120.0,9991.679182580228,6520.0048828125,40322,152.7319825405486,1037.9087098854222,0.012321833458833349
22,125.0,10021.230514137536,6502.07568359375,40106,153.13077843714157,1038.5800877674164,0.00953807483413975
22,130.0,10043.837458515947,6504.9521484375,39473,153.53910267777974,1038.510931522813,0.0099846861813461
22,135.0,10107.233855009894,6533.71240234375,38913,154.2532315678565,1037.0092514069847,0.014450117341047555
22,140.1,10112.213519174575,6525.7001953125,38671,153.12795117788525,1036.4378992009515,0.013206110280054683
22,145.0,10246.125279642058,6609.26123046875,37548,153.90161926067967,1035.9331255992329,0.026180128219532608
22,150.1,10241.74300308609,6572.30615234375,37588,153.81933063743747,1037.654783441524,0.02044233612957072
22,155.1,10260.117647058823,6578.50830078125,37553,153.90541368199612,1038.0243921923682,0.021405306309882226
22,160.1,10284.655610122642,6604.1611328125,37263,153.985293722996,1037.6991385556719,0.025388266817127185
22,165.0,10349.04272801972,6618.41064453125,36510,153.17474664475486,1036.6821966584498,0.02760070255732799
22,170.1,10356.58493602859,6630.40576171875,36657,153.33169653817825,1038.1153940584336,0.02946311205579535
22,175.0,10264.97195823678,6545.03125,38407,153.6630301767907,1045.286275939282,0.01620752654824335
22,180.1,10392.408608808011,6651.15087890625,37148,152.59087972434585,1042.94131581781,0.0326840812795959
22,185.4,10469.926754349222,6735.5029296875,35811,151.62774007986374,1040.4136997012092,0.04578091544424345
22,191.1,10482.130707826282,6728.0,35828,150.6341408953891,1040.4057999330132,0.04461598080476411
22,196.7,10402.596606948968,6636.99267578125,36840,150.24009229098806,1044.9880836047773,0.03048582247402887
22,202.4,10502.866112702419,6704.46435546875,35261,148.81129292986586,1041.591333200987,0.04096174323105959
22,208.0,10387.270141516043,6556.28564453125,35685,148.30093876979123,1042.8244360375509,0.01795492850746236
22,213.6,10337.808091343251,6471.18994140625,36434,148.4818576055333,1045.4801010045562,0.004742631928658418
22,219.2,10298.521585298959,6396.958984375,36460,148.8335984640702,1045.075781678552,-0.006782761053695256
22,224.9,10286.24410278581,6364.33642578125,37009,148.87186900483667,1046.3227593288118,-0.011847868967157064
22,230.5,10272.166787702736,6338.4287109375,37179,149.2703407837758,1047.1767126603727,-0.015870403591401128
22,236.1,10293.503163176265,6304.5224609375,36672,150.0272687609075,1046.7477639616056,-0.021134822527067228
22,241.7,10293.422070131428,6278.77197265625,36674,149.66815727763537,1047.2549217429241,-0.02513294553124671
22,247.4,10364.114026823321,6343.54443359375,36088,150.09947905120816,1047.114553314121,-0.01507611618948618
22,253.0,10457.713805664587,6360.38427734375,35413,150.2577866885042,1046.7156976251658,-0.012461495218097177
22,258.6,10411.883647621728,6396.63330078125,35530,149.76023079088094,1046.1720799324514,-0.006833327980971887
22,264.3,10459.788695328814,6442.37841796875,34959,149.92677136073686,1046.432907119769,0.0002692404580663386
22,269.9,10411.557092740339,6357.43115234375,35346,148.4764046851129,1047.8317207038986,-0.012920009125397126
22,275.5,10412.721099160988,6363.30712890625,35518,146.3938847908103,1047.3488372093022,-0.012007681684846927
22,281.1,10347.111886958433,6245.181640625,36376,144.1292335605894,1047.8126237079393,-0.03034831378932963
22,286.8,10358.216725327327,6263.03857421875,35515,145.59664930311135,1047.9122905814445,-0.027575775412367578
22,292.4,10355.293097257134,6226.5673828125,36203,144.12137115708643,1048.8623042289314,-0.033238437330018904
22,298.0,10271.3376531638,6151.2021484375,36807,142.6644931670606,1050.1688809193904,-0.04493994271426705
22,303.7,10343.29603703908,6259.44482421875,36286,142.42655569641184,1048.9076227746239,-0.028133755299557996
22,309.4,10302.395395963362,6191.359375,37011,142.05447029261572,1052.6162222042096,-0.03870497234982219
22,315.0,10304.415695925622,6191.65966796875,36570,140.1334153677878,1050.3013125512716,-0.038658347671748534
23,0.1,14459.171607090962,10660.443359375,34410,1116.4588491717525,1044.4589363557106,-0.00896004542464907
23,5.1,14565.161486684226,10832.98828125,34170,1115.9467369037168,1045.4525021949078,0.007080461125843292
23,10.1,14366.170147718507,10723.3955078125,34999,1113.5392725506442,1045.8532243778393,-0.003107747145417047
23,15.1,14374.947457963535,10743.34375,35267,1113.3064904868575,1046.7765616582074,-0.0012532740841280515
23,20.1,14452.60083544088,10823.9541015625,35191,1112.931573413657,1047.6007501918104,0.0062406055283505376
23,25.0,14453.86999487384,10997.2587890625,35114,1110.7942416130318,1046.3173947713162,0.022351743108445035
23,30.1,14460.407399994281,10853.119140625,34973,1111.6688302404712,1048.7765704972408,0.008951911054144626
23,35.0,14507.953812735796,10971.9267578125,34988,1110.411855493312,1047.9239739339203,0.019996770219139873
23,40.1,14488.554134795786,10908.03125,34645,1112.0904315197,1046.4390532544378,0.014056773257908283
23,45.1,14308.708467309754,10732.2333984375,35454,1112.4331528177356,1045.2794325040898,-0.002286139410327929
23,50.1,14625.981628146621,10957.251953125,33965,1115.5334903577211,1045.5882820550567,0.018632538237351566
23,55.1,14781.814470517449,10948.4326171875,33240,1118.8760529482552,1045.2601684717208,0.01781265542457921
23,60.1,14661.904891629745,8699.4267578125,33404,1118.0842414082147,1043.751586636331,-0.19126445230702374
23,65.1,14757.070348574016,11020.04296875,33135,1119.0177757658066,1042.5552135204466,0.02446985692804329
23,70.1,16187.115697149491,7404.50537109375,23259,1104.6436218238102,1072.6269831033148,-0.31164582754727815
23,75.1,14722.197696737045,8663.34765625,33344,1116.5534728886755,1041.6756238003838,-0.1946185183592743
23,80.1,14636.488956180976,11046.845703125,33684,1113.0014843842773,1041.4520840755254,0.026961552607298087
23,85.0,14640.283454771637,11056.48828125,33762,1112.1659854274035,1041.743557846099,0.027857967499703606
23,90.1,14536.303086419754,11004.328125,34020,1109.552733686067,1042.4500881834215,0.023008938511131234
23,95.1,14455.0387776363,10899.599609375,34556,1107.5254369718718,1040.4924181039473,0.013272932243017736
23,100.1,14730.108974940298,11060.2021484375,33081,1110.9953447598318,1040.2817931743298,0.028203224319211222
23,105.1,15446.875128835329,7597.91943359375,25226,1096.4808927297233,1060.314477126774,-0.2936652373173544
23,110.1,15717.435795572108,7768.54345703125,24165,1095.9791847713636,1062.4739913097455,-0.2778033056193394
23,115.0,15646.85853216302,7687.9130859375,24267,1096.119215395393,1060.9819920056043,-0.28529904633221237
23,120.0,15693.687466468573,7732.13037109375,24231,1094.03119970286,1061.1583096034005,-0.28118842027329166
23,125.0,15558.251370083817,7704.2177734375,24816,1093.4291183107673,1058.7748226950355,-0.2837832935427043
23,130.0,14770.406402129374,7108.517578125,28553,1095.1554302525128,1047.8148005463524,-0.3391621060931084
23,135.0,14549.32895533013,6941.22216796875,28095,1087.2444563089518,1051.3183840541021,-0.3547145958060348
23,140.1,14636.629566664255,7082.693359375,27646,1086.4341676915285,1053.1216450842799,-0.3415628348165003
23,145.0,14891.568833442767,7412.87939453125,27414,1089.5303129787699,1053.7479754869776,-0.3108673428701081
23,150.1,14176.674585272534,10914.904296875,35023,1105.8999514604689,1033.861519572852,0.014695720798190847
23,155.1,14184.467579701086,10834.548828125,35194,1103.0130135818606,1035.1746604534865,0.007225536171221458
23,160.1,14389.077646785528,10933.1494140625,34438,1103.7721412393287,1036.7164759858297,0.01639186414787814
23,165.0,14260.72587844798,10803.19140625,34948,1101.364512990729,1036.668249971386,0.004310417455894213
23,170.1,14823.732571752937,7351.9873046875,28187,1085.5324795118318,1053.83879093199,-0.31652812937948704
23,175.0,14821.675077969947,7280.21435546875,28216,1084.8876169549192,1053.7451445988092,-0.32320044664956904
23,180.1,14832.62425133594,7323.4306640625,27883,1080.987124771366,1055.9153606139942,-0.31918287561036834
23,185.4,15227.92739261051,7643.35791015625,25631,1078.54695485935,1061.2252350669112,-0.2894410841343752
23,191.1,15470.930633960119,7029.66162109375,24623,1077.4872273890264,1063.4198919709215,-0.3464928897612679
23,196.7,15409.007579117113,11925.9658203125,24805,1076.598185849627,1062.1221931062287,0.10868828119008157
23,202.4,15450.689277191279,7972.99609375,24723,1074.6751203332929,1062.755288597662,-0.25879652278902004
23,208.0,15410.500655576498,10484.833984375,24406,1074.1600426124724,1062.9752929607473,-0.025285436513562385
23,213.6,15514.509658738367,12055.2734375,24175,1073.8211375387798,1064.0814477766287,0.12070926481559374
23,219.2,15343.428190288552,11944.771484375,24363,1073.6415876534088,1062.4502319090425,0.11043653535081209
23,224.9,15326.239896712845,11889.5908203125,24398,1069.554635625871,1062.9757357160422,0.10530670716614793
23,230.5,15408.614737718568,12018.033203125,24020,1069.7053705245628,1063.5303913405496,0.11724725494046795
23,236.1,15271.864925095952,11779.78125,24231,1069.122075027857,1062.3669679336388,0.095098344539397
23,241.7,14880.56400734707,11361.1630859375,25044,1060.8715061491775,1061.6007826225843,0.056181827438626104
23,247.4,15101.854966185936,11470.767578125,24546,1065.3429479344904,1061.2282245579727,0.06637112513450756
23,253.0,14238.500971422516,10853.6005859375,28309,1033.5505669575048,1064.6395139354975,0.008996668248995338
23,258.6,13854.286801346801,10434.4931640625,29700,1024.5174747474748,1064.7357575757576,-0.02996533232970702
23,264.3,15175.523837526778,11573.1552734375,23807,1067.2091401688579,1060.4627210484311,0.0758895188345538
23,269.9,15110.482656639486,11377.9892578125,23669,1068.3769487515315,1060.6149816215302,0.057746059623773674
23,275.5,15142.492934436665,11535.111328125,23565,1069.0950562274559,1061.0483343942287,0.0723527925874967
23,281.1,14954.936230925106,11241.09765625,24181,1065.6401306811133,1061.6629998759356,0.04502003669763143
23,286.8,14893.891430465772,11271.841796875,24132,1067.9652743245483,1062.4809796121333,0.04787814219112045
23,292.4,15081.567740051723,11318.181640625,23974,1072.1927087678318,1062.6231333945107,0.05218609028454021
23,298.0,14952.452944115932,11082.25390625,24014,1072.1813941867244,1062.9417423169818,0.030253249099989936
23,303.7,14767.984127630132,10910.2900390625,24571,1067.8125839404177,1063.0087501526189,0.014266759853627745
23,309.4,14743.866589709762,10846.43359375,24256,1063.4208031002638,1063.678842348285,0.008330394307799863
23,315.0,14852.100442330162,10786.6123046875,23964,1065.4004339843098,1064.2087714905692,0.0027691539731751025
24,0.1,6289.746500304322,3737.6015625,26288,483.563222763238,1129.2897900182593,-0.01124786083402464
24,5.1,6316.782147100533,3734.239013671875,26091,483.45582768004294,1130.2980338047603,-0.012137395818228466
24,10.1,6296.262587171431,3785.958251953125,26098,482.4737527779906,1130.4819143229365,0.0015445086414903435
24,15.1,6333.0264757112445,3795.871337890625,25835,482.0473001741823,1131.440216760209,0.004166935019085072
24,20.1,6366.5740719190035,3846.928955078125,25779,481.0229256371465,1131.9454594825245,0.01767381299167745
24,25.0,6371.436325434808,3806.26318359375,25701,481.1520952492121,1132.1947005953075,0.006916013404522951
24,30.1,6284.424377669193,3763.67822265625,25991,480.5041745219499,1131.2271170789888,-0.004349492166137411
24,35.0,6289.2776794644915,3789.672119140625,25994,479.6906209125183,1131.3945910594753,0.002526982044504111
24,40.1,6202.529674658183,3659.646484375,26403,479.76461008218763,1130.9393629511799,-0.031870243655212384
24,45.1,6156.926592640315,3581.78564453125,26387,479.5421609125706,1131.6991321484063,-0.052467696504433045
24,50.1,6103.846351547659,3511.174560546875,26847,480.2359667746862,1131.688531307036,-0.07114728531851738
24,55.1,6029.76192725555,3510.35302734375,27521,480.83514407179973,1132.0156244322518,-0.07136461525548433
24,60.1,5973.2424220606235,3477.054443359375,27778,481.4573763409893,1131.8026855785154,-0.08017348522067305
24,65.1,5981.567190289183,3535.665771484375,28010,479.7181720813995,1131.1239200285613,-0.06466833436553755
24,70.1,5952.337997578865,3517.06787109375,28086,479.9618671224097,1131.4739371929074,-0.06958825787470005
24,75.1,5925.902545505756,3537.8642578125,28403,479.92564165757136,1131.5988803999578,-0.06408674266200488
24,80.1,5917.809586133711,3493.76953125,28270,479.4220728687655,1131.9070038910506,-0.07575164446749545
24,85.0,5942.631007089167,3546.71435546875,28071,478.6644579815468,1133.3870542552813,-0.06174552120136532
24,90.1,5920.051087034512,3681.884765625,27874,479.15419387242594,1135.3478869197102,-0.02598728695433689
24,95.1,5970.49414596783,3704.584716796875,27417,478.6614144508881,1137.657037604406,-0.01998219922499051
24,100.1,5921.100243079491,3649.292724609375,27563,478.4150491601059,1137.2527663897254,-0.03460924671519206
24,105.1,5884.131663362768,3736.159912109375,27745,478.16103802486936,1137.5600648765544,-0.011629237736785373
24,110.1,5871.602673451835,3632.73828125,27904,477.3462944380734,1137.9192230504586,-0.03898859026227033
24,115.0,5868.052639143401,3668.29443359375,27831,476.0939959038482,1138.7690345298408,-0.029582498922004808
24,120.0,5901.378538895974,3761.95703125,27445,476.5451994898889,1139.390490071051,-0.004804819374344555
24,125.0,5895.6959469310395,3688.338134765625,27436,475.0691427321767,1139.617692083394,-0.02428010055794832
24,130.0,5856.340096199053,3560.334228515625,27651,473.6576977324509,1139.0278109290803,-0.058142494397925334
24,135.0,5889.002015094893,3617.03564453125,27294,473.2403092254708,1139.906646149337,-0.043142595280350755
24,140.1,5874.490555050045,3592.727294921875,27475,470.8196542311192,1139.697652411283,-0.049573171754047296
24,145.0,5892.987608561358,3595.01025390625,27519,469.3974344998001,1138.6875976597987,-0.04896923349533169
24,150.1,5897.2579003259,3636.63037109375,27309,468.5649053425611,1140.49716210773,-0.03795896950294575
24,155.1,5921.286581998896,3595.246337890625,27165,467.80666298545924,1141.0866924351187,-0.04890677939457477
24,160.1,5904.973460683169,3674.3447265625,27431,467.08271663446465,1141.2674711093289,-0.027981943053382197
24,165.0,5899.335324294613,3670.981201171875,27290,467.0480395749359,1141.947050201539,-0.028871736379264438
24,170.1,5880.4244743974805,3737.61083984375,27302,467.6768734891217,1142.8419529704784,-0.011245406588079692
24,175.0,5904.5122614788315,3795.745361328125,26832,466.66580948121646,1142.894305307096,0.0041336089425694856
24,180.1,5930.318507944856,3798.716552734375,26621,465.63844333420985,1143.7588370083768,0.004919613499148341
24,185.4,5927.539017013232,3835.556884765625,26450,464.7543667296786,1144.3962570888468,0.01466542414653011
24,191.1,5942.7436111005945,3884.727294921875,26413,464.686593722788,1144.9270056411615,0.027673056825584727
24,196.7,5983.671143764589,3916.693115234375,26133,464.1733823135499,1145.2619293613438,0.03612935498515602
24,202.4,5990.955192855493,3996.23681640625,25978,463.26703364385247,1145.384363692355,0.057171995131706024
24,208.0,5971.449601300612,3966.436279296875,25834,462.6019199504529,1145.832391422157,0.04928850505860127
24,213.6,5957.106474875632,3943.817138671875,25931,462.0920134202306,1145.5916084994794,0.04330479510314377
24,219.2,5942.690367952753,3952.64697265625,25737,460.9439328593076,1145.3422310292574,0.045640655973956216
24,224.9,5941.356283267762,3939.16845703125,25926,459.5257270693512,1145.0853583275477,0.04207502412846686
24,230.5,5927.046407127639,3926.03271484375,25815,459.3030408677126,1145.451985279876,0.03860007021210131
24,236.1,5878.2840284142985,3870.869873046875,26184,457.2029101741522,1145.377406049496,0.024007188408870193
24,241.7,5856.412740797254,3853.7578125,26215,455.99015830631316,1145.059469769216,0.01948033176341674
24,247.4,5819.359109526699,3828.14453125,26368,457.6145327669903,1145.6258343446602,0.012704546221937618
24,253.0,5864.073329753778,3847.75634765625,26074,456.1521055457544,1146.362851883102,0.017892692978714896
24,258.6,5796.448772453943,3814.164306640625,26109,457.0564556283274,1146.1305297024014,0.009006191339162351
24,264.3,5815.452430636062,3801.717041015625,25878,456.7468892495556,1147.2554293222042,0.005713368306079659
24,269.9,5795.971624037938,3788.87939453125,25726,456.54656767472596,1147.7208271787297,0.00231727318705041
24,275.5,5853.883377855747,3836.530029296875,25081,455.8184681631514,1149.224991029066,0.014922861629071058
24,281.1,5890.543860357994,3849.57958984375,24749,453.624914137945,1150.6410360014545,0.018375016892316447
24,286.8,5894.348540674809,3854.8740234375,24155,453.20881805009316,1151.6939764024012,0.01977561630184554
24,292.4,5897.446846920773,3850.228271484375,24373,452.52906905181965,1151.9860501374471,0.018546620352203877
24,298.0,5836.214271017654,3801.044921875,24301,453.8914036459405,1152.5829801242746,0.005535564645910259
24,303.7,5853.747448771328,3816.655029296875,24498,451.16662584700794,1152.5177157318965,0.00966509178996083
24,309.4,5832.695822346737,3793.42919921875,24272,451.52088826631507,1152.6605141727093,0.00352088706678776
24,315.0,5849.936333193805,3791.8212890625,23890,450.8103390539975,1153.2200083717037,0.0030955274932768033
25,0.1,6690.354160678356,3409.68359375,27832,325.3392497844208,1119.1941649899397,-0.015343384060754115
25,5.1,6700.429296017843,3419.01220703125,27799,326.8411453649412,1118.3219180546064,-0.01264944471642356
25,10.1,6680.5082976151225,3491.76708984375,27297,328.1794336373961,1117.75506465912,0.008360885049812585
25,15.1,6663.965219216908,3466.717529296875,28579,323.4641170089926,1118.8988068161937,0.0011270128031141272
25,20.1,6716.250426884651,3526.89404296875,27525,327.6160944595822,1117.2446503178928,0.0185049309242507
25,25.0,6705.0569499802505,3488.164306640625,27849,327.17602068296884,1117.280584581134,0.007320464664984372
25,30.1,6697.656638927756,3500.684814453125,27158,325.41888209735623,1118.5859047057957,0.01093616697680453
25,35.0,6703.100327630142,3516.504150390625,27470,323.01143065161995,1119.3349472151438,0.015504512796099027
25,40.1,6685.892046898254,3449.2783203125,27549,318.79033721732185,1120.9963338052198,-0.003909123844487965
25,45.1,6654.769346054027,3382.574951171875,27357,321.38001242826334,1119.1561209196914,-0.02317188296094862
25,50.1,6693.479887911464,3358.932861328125,28192,315.7908981271283,1120.5403305902385,-0.029999302438213273
25,55.1,6706.453999009971,3401.0185546875,28282,313.06325578106214,1121.2103811611626,-0.017845694848741035
25,60.1,6701.735776765705,3396.451416015625,27666,314.1982939347936,1121.2386684016483,-0.01916460412155945
25,65.1,6749.86583842062,3466.666015625,28011,308.7975438220699,1122.7967584163364,0.001112136561249334
25,70.1,6770.5768138394005,3483.477783203125,27111,310.06742650584636,1123.4041901811072,0.005967079172867927
25,75.1,6804.597248646275,3550.63818359375,27332,307.29291672764526,1124.1139689740962,0.02536182087118115
25,80.1,6799.537609479649,3523.18359375,27174,308.07588135717964,1123.6768602340474,0.01743341848888991
25,85.0,6811.051798984622,3552.722900390625,27182,308.6778750643808,1123.0591567949377,0.02596385039385162
25,90.1,6726.131012566806,3606.214111328125,27692,310.94240213780154,1121.350859453994,0.041411170737814584
25,95.1,6698.940045409394,3571.76025390625,28188,312.2339648077196,1119.7811834823328,0.03146150305684204
25,100.1,6683.580348516835,3564.559814453125,27947,311.401903603249,1120.083264751136,0.029382142861020498
25,105.1,6621.809124699366,3595.631103515625,27442,312.8579914000437,1119.5444938415567,0.038354984328548926
25,110.1,6575.496497436267,3520.238525390625,27694,312.55661876218676,1118.4175633711272,0.016582934576022612
25,115.0,6513.219447569961,3517.44482421875,27551,314.47482849987296,1116.8706399041778,0.015776162843042382
25,120.0,6479.880267751107,3532.9951171875,27787,316.4153740958002,1116.3759311908445,0.020266813787763408
25,125.0,6472.858295182036,3475.6962890625,27522,315.52972167720367,1116.3374391395973,0.0037199206090927943
25,130.0,6471.630897993495,3401.894287109375,27361,313.1772596030847,1116.557216476006,-0.017592798737039547
25,135.0,6460.831895322304,3388.358154296875,28048,311.4152880775813,1117.00053479749,-0.02150179567519876
25,140.1,6484.242668857378,3388.41796875,27997,308.29442440261454,1117.3948280172876,-0.02148452231379177
25,145.0,6578.013332855453,3423.68212890625,27901,303.53886957456723,1119.4537830185297,-0.011300853463391504
25,150.1,6555.800414315308,3459.1064453125,27998,306.61236516894064,1117.4769983570254,-0.0010709343065300782
25,155.1,6587.781881707013,3456.25390625,28049,306.6745695033691,1116.9010303397627,-0.0018946973868535072
25,160.1,6640.312851161292,3552.228515625,27943,304.26267759367283,1117.534946140357,0.025821080774059174
25,165.0,6681.087574425857,3563.52880859375,28216,302.2991565069464,1118.305464984406,0.029084406513176793
25,170.1,6664.273652588797,3611.262451171875,28295,304.5860752783177,1117.1439123520056,0.04286904244056432
25,175.0,6599.700414624953,3646.20703125,26530,313.91021485111196,1114.383565774595,0.05296042218859011
25,180.1,6665.467606554995,3656.9921875,27521,308.76726863122707,1115.8908106536826,0.056074985509059795
25,185.4,6688.924457298163,3662.087646484375,28699,302.366807205826,1117.6426007874838,0.05754646439038728
25,191.1,6715.449569324813,3685.318115234375,28792,301.8607599333148,1117.5191372603501,0.06425501493976547
25,196.7,6701.495359794403,3696.08349609375,28016,307.40751713306685,1115.4367504283266,0.06736386747544347
25,202.4,6766.857664727371,3725.321044921875,29564,299.43106480855096,1117.768028683534,0.07580715703469482
25,208.0,6734.776155551765,3685.22900390625,29315,299.3853317414293,1117.9080334299847,0.06422928115644486
25,213.6,6698.819456066945,3665.8359375,28680,301.25774058577406,1117.3858786610879,0.05862890487071983
25,219.2,6671.500935486106,3637.5087890625,28862,299.76086203312315,1117.8465456309334,0.050448522922434416
25,224.9,6664.690413553614,3648.45849609375,28509,299.93851064576097,1117.2955207127575,0.0536106056126523
25,230.5,6624.42783614186,3611.203369140625,28366,300.0290136078404,1117.2955651131635,0.04285198058970517
25,236.1,6587.648491095866,3540.28759765625,28133,298.7314897095937,1116.8245121387695,0.022372753809096927
25,241.7,6540.362464645018,3495.861572265625,27931,298.541871039347,1116.5775661451435,0.009543299515757829
25,247.4,6534.392799324277,3470.0556640625,28414,297.75512071514044,1116.248785809812,0.0020910073766559146
25,253.0,6563.437223664819,3442.429443359375,28498,296.3354270475121,1116.4757877745806,-0.005886958977345989
25,258.6,6520.637440840156,3416.597900390625,28947,295.4404946972052,1116.7295401941478,-0.013346653985622327
25,264.3,6542.106952242323,3421.007080078125,28854,293.92981908920774,1116.73306993831,-0.012073360487621546
25,269.9,6487.14143412467,3382.025146484375,28812,294.6550742746078,1116.3387130362348,-0.02333065687886101
25,275.5,6517.296803497029,3407.927978515625,29282,292.73208797213306,1116.646779591558,-0.01585037484392818
25,281.1,6540.931283468647,3440.95703125,28945,291.7136638452237,1116.455139056832,-0.0063121656820216655
25,286.8,6517.702833236965,3402.3916015625,29401,291.283697833407,1116.5248120812216,-0.01744918307505574
25,292.4,6552.299567847883,3428.469970703125,28925,290.0300432152118,1116.6149697493518,-0.0099182090121571
25,298.0,6503.36639185257,3399.8642578125,28868,290.9516765969239,1116.176874047388,-0.018179035472137915
25,303.7,6609.451722248853,3451.134521484375,29206,286.388173662946,1116.9983565020887,-0.003373085612743783
25,309.4,6542.368140537887,3451.198974609375,28519,290.3357410848908,1115.7108944913916,-0.0033544726845338045
25,315.0,6652.725762527233,3475.141845703125,29376,283.6130174291939,1118.340005446623,0.0035598071243774137
26,0.1,9270.63589921807,5601.77197265625,28775,994.862067767159,1149.0298175499565,-0.029056365249649264
26,5.1,9344.127826907616,5730.82421875,28609,996.3466741235276,1149.3864867698976,-0.006688004397655064
26,10.1,9316.89505200126,5789.8046875,28557,994.0328115698428,1149.5269110901006,0.003534959155116922
26,15.1,9397.391592199992,5841.76513671875,27641,995.0336094931442,1150.4606562714807,0.01254115713568046
26,20.1,9371.611245810454,5882.88427734375,28046,992.4996434429152,1149.8329886614847,0.01966825335650663
26,25.0,9459.620138538134,6058.18798828125,27718,999.0286095677899,1151.589544700195,0.05005328564873877
26,30.1,9405.690401669275,5979.00390625,26838,997.2400700499292,1152.0538043073254,0.036328471286947585
26,35.0,9415.048152090138,6012.18310546875,27247,997.7337321539986,1151.6917825815685,0.042079353765707844
26,40.1,9296.798449888009,5921.13818359375,28127,995.230596935329,1149.9652291392613,0.02629872438586593
26,45.1,9217.504241819348,5850.4814453125,28054,992.5310829115277,1149.6956227275969,0.014051937008358557
26,50.1,9210.518186828327,5864.98779296875,29032,991.9573229539818,1147.9887710112978,0.016566292463929315
26,55.1,9219.061698228466,5804.8212890625,29466,990.0438810832824,1146.4226566211905,0.00613775587263091
26,60.1,9273.574103117036,4051.84228515625,20404,940.4335914526563,1138.7605371495786,-0.29770249574809116
26,65.1,9210.589812944014,5866.74658203125,30686,989.9407547415759,1145.4437202633123,0.016871139761077177
26,70.1,9291.718940137389,4050.976318359375,20380,939.4226692836114,1138.9366045142297,-0.297852591995035
26,75.1,9310.063914977756,4031.555419921875,20230,938.4804251112209,1138.946663371231,-0.3012187764472169
26,80.1,9281.105993223211,6078.15673828125,18888,933.5019059720457,1141.0617323168149,0.05351442808742811
26,85.0,9262.504368505402,6042.62939453125,19343,933.3932171845112,1140.7739750814249,0.04735654653815589
26,90.1,9154.455110642783,6007.0615234375,18980,930.399789251844,1140.8897787144363,0.04119164046760014
26,95.1,9147.544609765268,5933.302734375,18617,929.2990277703175,1141.560240640275,0.02840718099714986
26,100.1,8999.774770199583,5046.26953125,19691,928.8260118836016,1138.4811842973947,-0.1253404628895472
26,105.1,8932.14461999174,5756.0654296875,19368,929.8453118546055,1139.1283560512186,-0.0023129971298145196
26,110.1,8870.79055785016,5725.20263671875,19127,930.5939771004339,1139.213886129555,-0.007662381669188476
26,115.0,8730.525733774288,5652.171875,19352,929.9266225713104,1138.1100144687887,-0.02032065365489488
26,120.0,8661.505492259746,5647.96240234375,19573,929.2588259336842,1137.5902518775865,-0.021050272907729893
26,125.0,8577.821355029882,5623.47314453125,19911,928.0214454321732,1136.4271005976595,-0.025294945684285676
26,130.0,8530.217669718346,5589.59521484375,19989,926.323828105458,1135.9990995047276,-0.031166937680596907
26,135.0,8546.983218063466,5628.80126953125,19664,924.8940703824247,1137.4097335231895,-0.02437143271746794
26,140.1,8576.414731051345,5643.00146484375,19632,923.8597697636512,1137.516911165444,-0.021910142019063123
26,145.0,8653.407254572316,5701.46533203125,19629,925.4149982169239,1137.5311019410055,-0.011776719954459499
26,150.1,8634.739334105676,5698.38134765625,19853,924.5099984888934,1136.9165365435954,-0.012311260634300115
26,155.1,8640.985725210297,5687.75927734375,19615,923.6761152179455,1137.3249044098905,-0.01415236227287719
26,160.1,8647.668616493445,5680.97412109375,19147,925.1152660991278,1138.7557841959576,-0.015328419474755786
26,165.0,8620.239156100815,5659.4599609375,19481,921.2729326009959,1138.0058005235871,-0.019057424682871277
26,170.1,8564.47921713933,4887.958984375,21051,912.8959194337561,1135.1005177901288,-0.15278010494431685
26,175.0,8578.278797659876,5640.32177734375,19828,917.3944422029454,1137.0014625781723,-0.022374606751641546
26,180.1,8572.97492691145,4821.30224609375,20181,912.7800901838363,1136.8809771567317,-0.16433358053441852
26,185.4,8425.90138787436,4778.33447265625,21904,904.1780040175311,1134.4086468224982,-0.1717810964851175
26,196.7,8505.708725015971,4775.7333984375,21914,903.3357214566031,1132.9435977001003,-0.1722319353390616
26,202.4,8550.096033888838,4764.93505859375,21482,903.1158644446514,1133.6249418117493,-0.1741035894135827
26,213.6,8624.638371589434,4867.7919921875,20781,906.6358693036909,1134.5721572590346,-0.1562756082943449
26,219.2,8598.508090463978,5691.8994140625,21445,904.412077407321,1132.6818838890183,-0.013434760875732065
26,224.9,8718.566915842777,5802.642578125,20735,905.1011815770437,1134.0522305280927,0.0057601243790512974
26,230.5,8686.330040455357,5791.3935546875,21258,903.1680308589707,1132.106971493085,0.0038103542425458915
26,236.1,8719.811371841155,5821.24267578125,21052,904.1876306289189,1132.3234847045412,0.008984041117045066
26,241.7,8769.167608653284,5876.95751953125,20524,903.3717111674138,1133.6714090820503,0.018640980593380374
26,247.4,8785.290851094678,5878.2802734375,20691,904.5627084239525,1132.766855154415,0.018870250812140388
26,253.0,8969.766466346155,6009.310546875,16640,919.8614182692307,1145.6789663461539,0.04158145908244275
26,258.6,8871.469436127745,5897.51611328125,16032,920.2089570858284,1147.5268213572854,0.022204359438220363
26,264.3,8721.292596257646,5841.2880859375,22232,898.5994962216624,1128.3600665707088,0.01245847090322253
26,269.9,8840.604141570584,4056.705322265625,17433,918.6759593873688,1141.4147880456605,-0.2968595955104609
26,275.5,8849.409329041217,5807.03515625,15843,922.1659407940415,1146.9323360474657,0.006521480926842019
26,281.1,8905.650244275708,4106.88134765625,16989,918.0629819294838,1143.207604920831,-0.28816268804833906
26,286.8,8857.888118989307,5488.84326171875,16741,918.3373753061346,1144.3203512334985,-0.04863006685702392
26,292.4,8918.837730790323,5611.66064453125,16411,918.3247821583085,1145.5456096520627,-0.027342382056468106
26,298.0,8836.092671578132,5342.6396484375,15474,918.473439317565,1149.0692128732067,-0.07397123896932235
26,303.7,8902.201987951807,4179.1884765625,16600,915.3396385542169,1145.2001204819278,-0.2756298418522976
26,309.4,8848.292158751077,5425.5322265625,19729,902.1043134472097,1135.1595620659941,-0.05960363859369496
26,315.0,8806.25168469861,3537.91650390625,16175,914.1600618238022,1146.3743431221021,-0.38678019624616694
27,0.1,5996.326408061845,3287.87744140625,14488,788.8357261181668,1134.6073992269464,-0.0027570465998944887
27,5.1,5855.923871533212,3254.572509765625,15973,786.9585550616665,1132.0990421336005,-0.012858733473563356
27,10.1,5828.221080351981,3293.05126953125,15569,784.91605112724,1133.003211510052,-0.0011877777534399366
27,15.1,5764.496336045237,3296.64306640625,17331,785.6189487046333,1129.748427672956,-9.835328812097806e-05
27,20.1,5778.343112849691,3352.6923828125,16872,783.7736486486486,1130.7732337600758,0.016901911115019035
27,25.0,5878.564744909631,3423.21435546875,17484,787.5579958819492,1129.514241592313,0.038291863004843926
27,30.1,5821.631982475356,3422.789306640625,18260,788.7098028477546,1128.148083242059,0.03816294185244314
27,35.0,5856.760280842527,3473.0634765625,17946,788.0732196589769,1129.1751922433969,0.05341155211426179
27,40.1,5831.526289953093,3469.556396484375,18334,787.910275989964,1127.3065343078433,0.0523478230193524
27,45.1,5834.6907305492605,3500.176513671875,18534,787.8631703895543,1126.4247329232762,0.06163518139620829
27,50.1,5892.285580781705,3562.650390625,18191,787.3182892639218,1127.8967071628826,0.08058407309712348
27,55.1,5898.806821838464,3556.156494140625,18646,787.433605062748,1125.9526439987128,0.07861441558264422
27,60.1,5966.472451870267,3484.874755859375,17297,786.2562872174366,1126.4942475573798,0.05699401990978013
27,65.1,5999.475733121164,3558.523193359375,17596,786.2473857694931,1126.8403614457832,0.07933225685281836
27,70.1,5974.863989123662,3551.84814453125,17653,785.5475556562624,1126.747861553277,0.0773076541946967
27,75.1,6077.0968706047815,3479.04638671875,17064,787.3170417252695,1125.1035513361462,0.05522622285563661
27,80.1,6148.151738090859,3462.676513671875,16311,785.8198761571946,1124.9108577033903,0.05026109236188311
27,85.0,6212.676923076923,3519.348388671875,15470,784.0634776987719,1126.7539754363283,0.06745018441500704
27,90.1,6111.7528866934235,3540.761474609375,16195,782.8116702686015,1126.219512195122,0.07394496697374787
27,95.1,6350.461188533468,3577.451904296875,13849,782.0764676149903,1130.1460033215394,0.08507350601303515
27,105.1,6342.509975599253,3577.275390625,13934,782.6405913592652,1129.1143964403618,0.0850199678205103
27,110.1,6322.565748423498,3586.46240234375,15065,784.6914702953867,1124.4652505808165,0.08780647153380233
27,115.0,6262.286498059681,3620.88623046875,14946,781.2864311521478,1125.5798875953433,0.09824752982703053
27,120.0,6212.204878726805,3622.5126953125,14389,778.0972270484398,1129.2268399471818,0.09874085131887085
27,125.0,6082.749256003875,3595.2041015625,14449,775.0007612983597,1131.5790020070592,0.09045790793981176
27,160.1,6450.750365603978,3690.149169921875,13676,781.3441795846738,1127.9469143024276,0.11925560556353501
27,165.0,6401.112778937229,3596.011474609375,12458,776.5034515973672,1131.6848611334083,0.09070279148432031
27,175.0,6351.311400449508,3625.96533203125,12903,772.8464698132217,1131.2551344648532,0.099788067250664
27,219.2,6089.157772020725,3711.290771484375,11580,758.0104490500863,1142.1167530224525,0.1256680444568711
27,224.9,6051.674509803922,3685.9580078125,11730,757.6039215686275,1141.6470588235295,0.11798438820381976
27,230.5,5979.6152258656275,3717.216552734375,13083,756.5279370175036,1137.528548498051,0.1274653874844827
27,236.1,5949.42469098123,3699.421875,13106,757.166107126507,1137.6670990386083,0.12206810084747188
27,241.7,5897.8866276918525,3698.020263671875,13513,756.5058832235625,1136.7511285428845,0.12164297945980222
27,247.4,5980.311658884922,3775.24462890625,14564,757.919870914584,1133.116932161494,0.14506582761433628
27,253.0,5979.42125746494,3771.44580078125,14903,757.6325572032476,1132.6084680936724,0.14391360869914033
27,258.6,5964.18014225577,3726.302734375,13778,757.255116852954,1135.5974742342864,0.1302213085234832
27,264.3,5962.983303730018,3764.9560546875,14075,756.644191829485,1135.6103730017762,0.14194521003566093
27,269.9,6249.3890319743705,2628.428466796875,15919,762.3995225830769,1128.4629687794459,-0.2027738826212672
27,275.5,6916.372532229675,4486.72265625,21021,786.2002283430855,1116.8643737215166,0.3608635457203058
27,281.1,6606.495658379921,3094.658203125,16814,767.0480551921019,1125.4332104198882,-0.061362188449372614
27,286.8,6958.361381753764,4347.72216796875,19193,780.3900901370291,1118.3408534361486,0.31870344093295616
27,292.4,7094.213972919917,4564.4228515625,19867,785.5271555846379,1116.1479840942266,0.38443071743947466
27,298.0,7140.324176088526,4607.16357421875,20785,789.9997113302862,1114.5503006976185,0.39739436503637027
27,303.7,6859.896860986547,3647.974853515625,17840,773.8697869955157,1120.3293721973093,0.1064637541030953
27,309.4,6505.988829684792,4003.7861328125,15577,762.4710149579508,1126.3455094048918,0.21438453197348997
27,315.0,6566.484665149155,2989.861328125,16694,766.0089253624056,1123.3279022403258,-0.09314802809654718
28,0.1,8656.48908161685,4756.181640625,6457,27.34303856280006,1146.206907232461,-0.003889782043558564
28,5.1,8734.509463475677,4794.4521484375,6393,27.79289848271547,1147.3381823869859,0.00412539625678145
28,10.1,8639.712068705741,4737.7900390625,6637,28.13650745818894,1145.704987193009,-0.007741624472053894
28,15.1,8608.366562677254,4759.755859375,7052,29.29977311401021,1144.5830969937606,-0.003141216053631685
28,20.1,8716.61218122626,4825.59228515625,7372,29.8290830168204,1142.876695604992,0.010647226312462694
28,25.0,8718.893394542209,4858.55859375,7842,30.855776587605202,1140.9234889058914,0.017551520412177616
28,30.1,8771.266783787176,4877.3876953125,7969,30.624419626050948,1139.326264274062,0.02149499059025962
28,35.0,8979.157287705957,4939.53173828125,7890,30.298225602027884,1139.3623574144488,0.03451011929298965
28,40.1,8952.534760674296,4922.0712890625,8127,30.38882736557155,1137.608342561831,0.030853292621706142
28,45.1,9030.85541727672,4951.8408203125,8196,30.1373840897999,1136.3157637872132,0.03708807011813537
28,50.1,9219.224204137248,5065.1328125,8073,29.71373714851976,1136.3634336677815,0.06081536221032311
28,55.1,9134.138522581397,4968.96240234375,8569,29.747111681643133,1132.2807795542071,0.040673926188734555
28,60.1,9069.403277196177,4895.4482421875,8788,29.860263996358672,1129.9749658625399,0.025277498627884677
28,65.1,9147.565064064887,4999.416015625,8507,29.03785118138004,1130.0975667097684,0.04705197430700634
28,70.1,9016.516921269094,4952.232421875,8510,28.473443008225615,1128.2293772032901,0.03717008513506452
28,75.1,8936.839203303376,4926.54150390625,8234,27.459922273500123,1127.4249453485547,0.03178951142468163
28,80.1,8821.92459873087,4878.8623046875,8037,26.80353365683713,1127.3149185019286,0.02180382519266115
28,85.0,8668.31690140845,4796.60546875,7952,26.609657947686117,1127.1842303822937,0.004576376586778382
28,90.1,8513.1257788162,4689.83837890625,7704,25.815680166147455,1127.7969885773623,-0.017784373521339294
28,95.1,8496.897733478972,4662.9091796875,7324,25.14186237028946,1129.401419989077,-0.02342428648724876
28,100.1,8530.254264705882,4682.84814453125,6800,24.300735294117647,1133.1070588235293,-0.019248372252458585
28,105.1,8491.488710852149,4552.025390625,6865,24.038164603058995,1131.1902403495994,-0.046647216904256265
28,110.1,8550.61794909957,4581.63525390625,6719,23.63521357344843,1132.9583271320137,-0.04044587944590164
28,115.0,8547.116616400977,4533.908203125,6963,24.644836995547895,1133.1967542725836,-0.05044158746303316
28,120.0,8697.031506075162,4586.92138671875,7078,25.145803899406612,1133.2459734388244,-0.03933877898047153
28,125.0,8779.260229574611,4574.67626953125,7405,25.403241053342335,1131.5127616475354,-0.041903333337764734
28,130.0,8852.771046420141,4592.18896484375,7626,26.16981379491214,1131.0701547338053,-0.038235564513349786
28,135.0,8981.672345835983,4602.01171875,7865,26.71900826446281,1130.4582326764146,-0.03617833746152478
28,140.1,9028.654016445287,4637.34423828125,7905,26.92966476913346,1131.3092979127134,-0.028778476314380127
28,145.0,9103.109466019418,4646.3330078125,8240,27.53361650485437,1130.0598300970873,-0.026895914660204728
28,150.1,9210.05238551906,4704.044921875,8342,27.607767921361784,1129.4986813713738,-0.014809028237606707
28,155.1,9317.20011820331,4802.95654296875,8460,27.610401891252955,1129.0164302600472,0.005906512902485883
28,160.1,9383.165633407416,4882.603515625,8549,27.907474558427886,1129.1568604515148,0.0225873651673633
28,165.0,9467.628872004676,4934.3974609375,8555,27.333255406195207,1127.5069549970776,0.033434822655820096
28,170.1,9492.569270406371,4987.42919921875,8539,27.257992739196627,1126.9563180700316,0.04454151713669009
28,175.0,9469.090075258702,5009.5419921875,8504,26.864299153339605,1125.5323377234242,0.04917270675223907
28,180.1,9478.397136038186,5016.79052734375,8380,26.3145584725537,1124.7940334128878,0.05069080267033532
28,185.4,9402.249166563774,4969.14306640625,8099,25.52278059019632,1124.472650944561,0.040711763540684405
28,191.1,9307.871725495019,4862.88525390625,8131,25.472635592178083,1123.330094699299,0.018457673859819973
28,196.7,9247.079705625545,4767.017578125,8017,25.268055382312586,1123.3823125857552,-0.0016203590314742343
28,202.4,9150.37882900349,4612.31298828125,7737,24.736461160656585,1125.0634612899057,-0.03402089255858935
28,208.0,9014.315651946694,4398.5302734375,7654,23.85550039195192,1124.543767964463,-0.0787944446995341
28,213.6,9061.037656334966,4363.6943359375,7356,23.767808591625883,1127.0738172920064,-0.08609030426037334
28,219.2,9048.972635494156,4261.001953125,7528,24.31655154091392,1127.0174017003187,-0.1075976686873517
28,224.9,9056.789693957626,4227.37548828125,7646,24.7165838346848,1127.3775830499608,-0.11464022251635367
28,230.5,9083.997132803337,4250.74658203125,7673,25.170467874364654,1128.0259350970937,-0.1097455008576296
28,236.1,8972.378378378378,4007.631591796875,8251,24.637740879893347,1122.0919888498363,-0.16066225387697358
28,241.7,9005.477310134023,4019.586181640625,8506,25.16811662355984,1121.5059957676933,-0.15815854607214028
28,247.4,9198.040245171736,4147.0966796875,8647,26.516942292124437,1122.9446050653405,-0.1314534032499422
28,253.0,9324.376932488043,4111.685546875,8991,27.25658992325659,1122.3223223223224,-0.1388697287583407
28,258.6,9297.02816434725,4177.16650390625,9054,27.310028716589354,1122.2962226640159,-0.1251557339387855
28,264.3,9234.62045998543,4069.2080078125,9609,27.66989280882506,1118.9182016859195,-0.14776600604354548
28,269.9,9335.041080472707,4105.32177734375,8885,27.06122678671919,1123.108047270681,-0.14020252391499605
28,275.5,9385.324324324325,4111.822265625,8621,27.673819742489272,1126.5237211460387,-0.13884109508659487
28,281.1,9595.674141644495,4208.208984375,7893,26.832383124287343,1130.133409350057,-0.11865435650577986
28,286.8,9387.603468899522,3946.561279296875,8360,26.013755980861244,1124.5171052631579,-0.1734525059933854
28,292.4,9491.948191214471,3997.078125,7740,24.498966408268736,1125.975322997416,-0.16287251767796876
28,298.0,9456.762378976488,4014.215576171875,7230,23.530013831258646,1128.0278008298756,-0.15928333805618478
28,303.7,9412.799972102106,4023.434326171875,7169,23.27842097921607,1127.8910587250662,-0.15735261047560836
28,309.4,9382.708057005786,3959.638671875,7087,22.698320869197122,1126.7254127275294,-0.17071364415933943
28,315.0,9474.105066250975,4013.4814453125,6415,21.756664068589245,1130.6908807482464,-0.1594370906471486
29,5.1,13148.579891130323,7214.70654296875,6246,1168.1530579570926,59.06340057636888,0.09091497730121284
29,10.1,13188.578256053173,7170.5625,6319,1167.872289919291,59.69156512106346,0.08424008382544555
29,30.1,12654.096159661325,6232.95068359375,6614,1166.8595403689144,59.58814635621409,-0.057533495920361104
29,45.1,12703.410084033614,6112.822265625,7140,1165.4628851540617,59.51484593837535,-0.07569776768680281
29,50.1,12830.57638699098,6336.1845703125,7318,1165.2014211533206,59.853648537851875,-0.041923797519494495
29,55.1,12938.739293361885,6359.2216796875,7472,1164.8292291220557,60.69967880085653,-0.03844042262389238
29,60.1,12951.84876905041,6425.71435546875,7677,1164.4492640354306,60.498632278233686,-0.028386256808750166
29,65.1,13057.085459183674,6478.95751953125,7840,1164.2823979591838,60.41466836734694,-0.02033551146398022
29,70.1,13131.024002021222,6123.8134765625,7916,1163.8657150075796,60.07895401718039,-0.07403581836717577
29,75.1,12913.182332410639,5539.17041015625,8309,1162.852810205801,59.89288723071368,-0.16243801098850472
29,80.1,13090.709625,5490.6201171875,8000,1164.52225,60.40025,-0.16977916082412603
29,85.0,13023.005347593584,5389.4736328125,7854,1164.7981920040743,59.41558441558441,-0.18507322913430382
29,90.1,12964.494340582474,5386.76806640625,7863,1164.822205265166,60.15820933485947,-0.18548233003079664
29,95.1,13239.404929577464,5318.19775390625,7668,1165.5878977569118,60.7490871152843,-0.19585064930462445
29,100.1,13328.112557906597,5654.7841796875,7987,1164.773131338425,62.20007512207337,-0.14495638619715281
29,105.1,13559.222799851466,6140.7265625,8079,1165.177992325783,64.66827577670504,-0.07147843940079454
29,110.1,13614.296149694135,6128.658203125,8337,1164.305025788653,65.42809163967854,-0.07330326123037703
29,115.0,13714.86932084309,6432.77392578125,8540,1163.883606557377,66.17587822014052,-0.02731879953362055
29,120.0,13762.283568605308,6735.11474609375,8855,1163.551214003388,67.61637492941841,0.018397284296550232
29,125.0,13863.174532003139,6557.251953125,8921,1163.1698240107612,67.15457908306243,-0.008496835872943495
29,130.0,13867.26325308014,6052.3232421875,8847,1163.868429976263,68.23228212953543,-0.08484565060996715
29,135.0,13642.424232346746,5639.9013671875,9021,1163.3136015962752,67.58818312825629,-0.14720677337006408
29,140.1,13559.54019962707,4759.07421875,9117,1163.0245694855764,68.17067017659318,-0.2803941071751321
29,145.0,13486.554531319414,4463.4375,9004,1163.1759218125278,67.3055308751666,-0.32509648313509054
29,150.1,13087.338915637429,4026.151123046875,9554,1161.5789198241573,67.85786058195521,-0.3912172955543926
29,155.1,13239.950159066808,2899.923828125,9430,1162.5174973488865,67.37423117709437,-0.5615108780526413
29,160.1,13215.78154133002,2701.6279296875,9654,1161.57406256474,67.39310130515848,-0.5914946291940779
29,165.0,13285.669245647969,3744.275390625,9823,1160.9719026773898,66.82093046930673,-0.43383891244281003
29,170.1,13392.948177560578,4801.8828125,9822,1160.3858684585623,66.7745876603543,-0.2739211431258055
29,175.0,13500.306297329613,5358.2919921875,10036,1159.8473495416501,67.48624950179354,-0.18978811512059357
29,180.1,13684.546766978447,5556.8037109375,9836,1159.9792598617323,67.40148434322896,-0.15977173041188583
29,185.4,13763.497192701023,5932.19580078125,9974,1160.301483858031,68.99568879085622,-0.10300977471320853
29,191.1,13711.903036919413,5647.95849609375,10076,1159.6313021040096,69.08822945613339,-0.14598847813580526
29,196.7,13437.792997895542,5653.6611328125,10454,1158.3506791658695,69.362540654295,-0.14512619887752343
29,202.4,13429.859294025619,5821.5849609375,10227,1159.9345849222645,70.74635768064927,-0.11973492092930949
29,208.0,13253.337241653418,5459.35498046875,10064,1160.9261724960254,71.42219793322735,-0.17450667201404335
29,213.6,12901.7060546875,5138.328125,10240,1160.71025390625,71.64541015625,-0.22304821735078043
29,219.2,12797.552440600457,4620.25244140625,10059,1160.9219604334428,70.99164926931107,-0.3013849479221425
29,224.9,12730.563973227278,4827.99951171875,10309,1160.489475215831,71.36375982151517,-0.2699721123279871
29,230.5,12775.65177106457,4838.74853515625,10361,1160.1506611330954,70.85985908696072,-0.26834678348204
29,236.1,12836.358448806774,4576.11865234375,10392,1160.252598152425,71.26780215550423,-0.3080582909343064
29,241.7,13023.529298566342,2876.46533203125,10393,1160.1426921966709,70.54719522755701,-0.5650579696191825
29,247.4,13209.450251351607,4503.12158203125,10543,1159.7950298776439,70.80773973252396,-0.31909596749519503
29,253.0,13406.157583277656,5423.03125,10477,1159.532022525532,70.13152620024816,-0.17999907858163
29,258.6,13484.804716709807,4844.73681640625,10431,1159.6939890710382,70.08398044291056,-0.2674413127376639
29,264.3,13739.958059528411,5477.28662109375,10348,1159.7802473908002,70.44085813683803,-0.17179528032972602
29,269.9,13648.402272510264,5622.2490234375,10473,1159.3429771794138,70.27117349374582,-0.14987593337908925
29,275.5,13545.812154696132,6059.4072265625,10679,1158.6860192901956,70.3970409214346,-0.08377450175482948
29,281.1,13274.67187072035,6117.72119140625,10953,1157.9399251346663,70.35643202775495,-0.0749570152423862
29,286.8,13165.23142883773,6117.4326171875,10729,1158.4085189672849,69.99468729611334,-0.07500064971808142
29,292.4,12976.778714633689,5791.828125,10674,1158.3423271500844,69.84860408469177,-0.12423436630632909
29,298.0,12686.823757979462,5637.76171875,10809,1157.6858173744101,69.12683874548986,-0.14753030344197013
29,303.7,12654.679806991988,5648.33349609375,10984,1157.5646394756009,69.5457938820102,-0.14593177546688152
29,309.4,12856.982293501436,6561.4951171875,10787,1157.4751089274125,69.25827384815055,-0.007855239267543274
29,315.0,12917.513226561094,5636.1435546875,11114,1156.8240957351088,69.39697678603564,-0.1477749813649041
30,30.1,9018.173076923076,0.0,52,556.8846153846154,104.11538461538461,
31,30.1,9132.533333333333,0.0,45,557.5111111111111,103.55555555555556,
32,30.1,9257.971428571429,0.0,35,561.0857142857143,106.25714285714285,
33,60.1,12811.848414597667,3713.552490234375,13372,562.351256356566,30.39911755907867,-0.5633909712405556
33,65.1,12827.735110163469,9735.6064453125,14070,563.3843638948116,31.6544420753376,0.14463271642184447
33,70.1,12736.528334554172,9601.7939453125,15017,563.6465339282147,32.49071052806819,0.1289001407239079
33,75.1,12796.812252180809,9654.931640625,15132,563.5131509384087,32.911379857256144,0.13514763489611
33,80.1,12923.328797132235,9821.322265625,15064,566.8685608072225,32.7932819968136,0.15471047919869366
33,85.0,13046.86874145007,9823.3974609375,14620,565.8534199726403,31.73043775649795,0.15495446363469112
33,90.1,12880.540216475469,9872.2353515625,15429,565.0182124570614,32.750275455311424,0.16069642205550652
33,95.1,12923.155091689427,9878.5634765625,15378,563.4105215242554,33.013330732214854,0.16144043106504227
33,100.1,13117.987939102353,10047.19921875,15173,567.3060699927503,32.35108416265735,0.1812672378233239
33,105.1,13032.406348788198,9905.546875,15184,568.5883166491043,31.216477871443626,0.16461291763024025
33,110.1,12918.323529411764,9799.7646484375,15912,570.6364379084968,31.976181498240322,0.15217591146944953
33,115.0,12874.266968880176,9697.9052734375,16324,576.6027934329821,30.983092379318794,0.14020012200484788
33,120.0,13104.176179604261,9930.9814453125,15768,579.0660832064941,30.37138508371385,0.16760330569403023
33,125.0,13127.197841954934,10070.599609375,15755,574.7923198984449,31.206981910504602,0.18401846373173378
33,130.0,13348.20277626565,10261.4921875,14696,573.7789874795862,30.51122754491018,0.20646204662216505
33,135.0,13221.560482846251,10289.1845703125,15740,570.8287166454892,33.23945362134689,0.20971788975232025
33,140.1,13319.424110620617,10403.033203125,15404,571.4115164892236,32.26558036873539,0.2231032777678587
33,145.0,13401.85946481665,10575.6123046875,15135,567.4150644202181,33.07347208457218,0.2433937123626381
33,150.1,13500.75913566378,10552.9619140625,15133,569.4406264455164,32.82680235247472,0.2407306652998028
33,155.1,13480.518833933835,10670.4873046875,15265,563.9892564690468,34.23039633147724,0.2545483363278262
33,160.1,13667.63148918753,10824.1279296875,14659,564.8773449757828,32.16433590285831,0.2726121402556415
33,165.0,13915.116327259735,10984.4912109375,13995,568.8784565916399,30.50460878885316,0.2914663389398834
33,170.1,13842.142993003194,10873.2783203125,14721,573.145438489233,30.900346443855717,0.278390839862113
33,175.0,13797.063731245924,10872.3740234375,15330,573.0360078277887,31.478995433789954,0.27828452005612064
33,180.1,13916.770311464546,11005.810546875,15090,574.5559973492379,31.285089463220675,0.2939728915150647
33,185.4,13833.197090720176,10908.2109375,15399,575.7012793038509,31.55698421975453,0.28249793033743764
33,191.1,13795.365889029004,9517.68359375,15860,579.8605296343002,31.732534678436316,0.11901113578836682
33,196.7,13970.428003648683,9786.81640625,15348,579.1452306489444,31.054599947875946,0.15065356340503058
33,230.5,14603.978521745777,11103.2158203125,13083,573.1283344798594,30.249636933425055,0.30542500426786195
33,236.1,14278.037218695903,10871.40234375,13864,569.8115983843047,31.450591459896135,0.27817027793197124
33,241.7,14479.819111077459,10333.001953125,13207,572.8203225562202,30.362383584462783,0.21486957806232956
33,247.4,14951.410024720824,7955.07958984375,11731,580.4926263745631,28.11669934361947,-0.06470702041792069
33,253.0,14700.319766984177,10757.6044921875,12703,580.8934897268362,28.65748248445249,0.26479086035910193
33,258.6,15085.886660243497,10988.7236328125,11417,589.3263554348778,28.263554348778136,0.291963952373113
33,264.3,14360.544845864137,10749.8125,14338,571.5043241735249,32.24522248570233,0.2638747418580084
33,269.9,14853.238615664844,10711.2802734375,12078,587.2459016393443,28.462824971021693,0.2593444388504077
33,275.5,14319.58302402129,10666.4970703125,14279,576.2030254219483,31.69206527067722,0.25407919731348
33,281.1,14334.338087729358,10461.544921875,13952,583.9114105504588,30.192660550458715,0.22998260551714036
33,286.8,13949.916453592432,10197.4921875,15644,571.4664408079775,34.84486064945027,0.19893745179979838
33,292.4,14410.10197563874,10295.2373046875,13464,590.22601010101,29.79760843731432,0.2104295205919966
33,298.0,14038.404346032183,10083.61328125,14542,586.4977307110439,30.66146334754504,0.18554850448189947
33,303.7,14278.677137870854,10087.0625,13752,595.8611838278068,29.97084060500291,0.18595403531857854
33,309.4,14828.959948080845,10334.810546875,10786,610.9455776005933,29.08260708325607,0.21508221767431418
33,315.0,14015.418574276484,9933.8955078125,14547,590.0802227263354,30.31573520313467,0.16794591725027322
34,65.1,8740.755616502305,6361.4853515625,17137,558.7815253544961,136.7930209488242,0.007487236129622267
34,70.1,8730.979803364131,6357.60888671875,16884,557.7168325041459,138.03891257995735,0.0068733089356495455
34,75.1,8673.455803445355,6317.35302734375,17705,556.220276757978,142.35329003106466,0.0004978695125626296
34,80.1,8638.69967594881,6306.5546875,18207,554.6752347998023,143.490141154501,-0.001212295482362012
34,85.0,8593.186294284975,6228.044921875,19335,552.6322213602276,144.21665373674682,-0.013646119095472718
34,90.1,8590.217053854276,6332.81201171875,18940,553.04883843717,144.2993136219641,0.002946154556167158
34,95.1,8619.742498403915,6337.5576171875,18796,552.4533943392211,144.62167482443073,0.003697730119616066
34,100.1,8659.126302978993,6388.17724609375,18899,550.6205090216414,144.06032065188634,0.011714510352889531
34,105.1,8689.852487405542,6432.46435546875,19056,549.6907535684298,142.30405121746432,0.018728390752603075
34,110.1,8712.535069920483,6465.90185546875,18235,552.1484507814642,142.96907046887853,0.02402398645020377
34,115.0,8738.767925351958,6526.3349609375,18326,549.9920331769072,143.3654370839245,0.03359495596984375
34,120.0,8733.851935619608,6567.55810546875,19012,549.3992215442878,142.99689669682306,0.04012358720188141
34,125.0,8739.50259836674,6649.55029296875,18858,549.9480856930745,144.1753632410648,0.05310893225943266
34,130.0,8762.56918501513,6671.017578125,19166,548.0778461859543,141.59495982468957,0.05650876965494981
34,135.0,8799.23266478811,6766.171875,18099,549.7297640753633,146.76495939002155,0.07157863687407413
34,140.1,8833.204141850172,6864.42578125,18301,548.5723730943664,144.25239057974974,0.08713939839063375
34,145.0,8847.734652599354,6931.2568359375,18293,549.2388345268682,145.9227573388728,0.0977236300368167
34,150.1,8937.70735637293,6964.560546875,17998,548.773641515724,144.49505500611178,0.10299803716518342
34,155.1,8907.780925082898,6819.71044921875,17793,549.0671612431855,146.65598831000955,0.08005769910326258
34,160.1,8979.445031363486,7064.00634765625,18174,546.6137889292396,142.83300319137228,0.11874756254123259
34,165.0,9007.337082161825,7102.951171875,19206,544.1915026554202,142.4605852337811,0.12491536945193547
34,170.1,9051.437105390967,7140.3056640625,18531,543.9612541147267,142.05757919162485,0.13083131077871482
34,175.0,9059.561854825495,7193.90771484375,18309,544.1769621497624,144.9376263040035,0.13932042597870767
34,180.1,9103.664206440326,7238.4072265625,18291,544.0480017494942,142.9667049368542,0.14636794516534377
34,185.4,9071.03720518215,7234.57958984375,18062,542.6889602480345,144.56444469051047,0.145761751025836
34,191.1,9197.686263062642,5593.72998046875,17129,542.4038764668106,143.90641601961585,-0.11410445104716699
34,196.7,9290.554534489691,5834.04248046875,17411,541.2979151111366,141.52380678881167,-0.07604545019244793
34,202.4,9322.797108872574,57.66788101196289,17571,541.4391895737294,142.23328211257186,-0.9908669672500426
34,208.0,9437.841769459805,75.77092742919922,18808,538.3858996171841,137.1685452998724,-0.9879999342864364
34,213.6,9844.135954285714,70.35143280029297,21875,531.8218971428571,119.37792,-0.9888582356678198
34,219.2,10254.328217802049,7872.40234375,25087,532.1247658149639,111.81743532506876,0.2467756256102926
34,224.9,9642.02872194228,107.60440063476562,21830,531.5243243243243,125.89693082913422,-0.9829583730528787
34,230.5,9327.46291490972,7304.9990234375,18498,534.6659098280895,140.4931884528057,0.15691428484464845
34,236.1,9177.431501952373,7205.3564453125,18183,533.5855469394489,143.24280921740086,0.14113359525910552
34,241.7,9304.463327175921,5801.19384765625,18406,533.8948712376399,139.39807671411495,-0.0812477852532013
34,247.4,9550.521195454781,2049.330322265625,19273,531.5067711305973,130.57230322212422,-0.6754415001853459
34,253.0,9513.585771170692,6679.7685546875,18835,532.6018051499867,132.95540217679851,0.05789468767615892
34,258.6,9578.526590506204,6325.83642578125,20308,531.0047764427811,126.63511916486114,0.0018414103953037883
34,264.3,9328.716863012918,6775.228515625,17571,534.9943088042797,140.81947527175458,0.07301296381623386
34,269.9,9519.977767785771,6130.85693359375,20016,531.1502298161471,128.6875,-0.02903806803306239
34,275.5,9299.040963325453,7153.26953125,18187,535.0555891570903,138.77137515807993,0.13288443673916017
34,281.1,9450.62362255269,7146.19873046875,18694,533.3631111586606,133.82796619236117,0.13176461312209015
34,286.8,9216.794231000844,6930.84423828125,16606,537.2484644104541,144.03998554739252,0.09765828572658784
34,292.4,9456.972475676766,7220.72509765625,19837,531.2007359983869,131.56712204466402,0.14356757415194987
34,298.0,9332.215722409435,7079.0,18992,532.8052337826454,135.59635636057288,0.1211221515757861
34,303.7,9501.796195652174,7230.18017578125,19872,530.0355776972625,129.38868760064412,0.14506500281854362
34,309.4,9788.71217974335,7365.26513671875,22521,527.3367967674615,117.73970960436925,0.16645880731801826
34,315.0,9379.02358763755,7069.59765625,18993,530.8114568525247,134.5385668404149,0.11963307460801449
35,80.1,8969.442655767787,5565.4609375,11989,1084.4332304612562,1157.111852531487,0.006546453774308969
35,85.0,8925.766035482771,5526.12646484375,11724,1085.626151484135,1157.2781473899693,-0.0005674177284915947
35,90.1,8835.671459262932,5505.3623046875,12102,1084.1062634275327,1157.3067261609651,-0.004322738627440091
35,95.1,8873.559215748532,5551.95947265625,12598,1082.7582155897762,1156.2540879504684,0.004104634181673464
35,100.1,8814.208927319467,5497.41015625,12837,1082.4305523097296,1155.3683103528863,-0.005760931600050913
35,105.1,8782.687442431685,5201.56787109375,13028,1081.6463770340804,1154.4633865520418,-0.05926575471255907
35,110.1,8733.921308241008,5087.78515625,13178,1080.260282288663,1153.56237668842,-0.07984403015334146
35,115.0,8660.424063852006,5062.26806640625,13406,1079.396837237058,1153.0924213038938,-0.08445894643454427
35,120.0,8660.800626304801,5056.22021484375,13412,1079.935356397256,1152.8866686549359,-0.08555273607956193
35,125.0,8640.265459363958,5138.896484375,13584,1079.6304475853947,1152.617417550059,-0.07060024484074104
35,130.0,8609.431665694283,5343.73583984375,13712,1079.6559218203033,1152.6198220536755,-0.03355383859409125
35,135.0,8631.364414843007,5294.24658203125,13663,1079.6910634560493,1152.4343116445875,-0.042504262918418724
35,140.1,8584.432080606017,5265.61865234375,13597,1079.8389350592042,1152.9914687063322,-0.0476817929432359
35,145.0,8608.097413728852,5344.2568359375,13417,1080.0711038235074,1153.2625027949616,-0.03345961337600358
35,150.1,8594.783529059765,5533.2861328125,13369,1079.9756152292616,1153.381629142045,0.0007274504747131507
35,155.1,8573.861650666071,5479.1875,13437,1079.859269182109,1153.540150331175,-0.009056606519480846
35,160.1,8522.307680812912,5403.791015625,13384,1080.0657501494322,1153.6606395696354,-0.02269250565289496
35,165.0,8475.474463851426,5363.80859375,13569,1079.502763652443,1153.4313508733142,-0.029923562595622732
35,170.1,8463.39907820616,5191.0693359375,13669,1078.786524251957,1153.2414221962104,-0.061164476750143824
35,175.0,8388.900065987242,5111.18408203125,13639,1077.7758633330889,1153.2987755700565,-0.0756121963426769
35,180.1,8373.436054124837,5060.16357421875,13746,1077.1350938454823,1153.1371308016878,-0.08483955626580748
35,185.4,8324.73674351585,4885.24267578125,13880,1076.8637608069164,1152.7435158501441,-0.11647503300178658
35,191.1,8344.439420040195,2129.422119140625,13932,1076.246267585415,1152.5404105656044,-0.6148814434815948
35,196.7,8317.826155162578,5275.12060546875,14024,1075.8956075299486,1152.3590986879635,-0.04596330864709157
35,202.4,8325.805530019094,4640.57568359375,14141,1075.9225655894209,1152.1056502368997,-0.16072450238222902
35,208.0,8253.245325940143,2254.925537109375,14067,1075.9020402360134,1152.402857752186,-0.5921834097137493
35,213.6,8194.123851577522,5143.29296875,14041,1076.4462645110748,1152.8064240438716,-0.06980511469672852
35,219.2,8169.798778347258,5140.92822265625,14243,1077.1607807343958,1152.4676683283017,-0.0702327929827628
35,224.9,8161.985027254536,5130.96142578125,14493,1077.062098944318,1152.5630994273097,-0.07203534701425808
35,230.5,8126.335264900662,5125.7763671875,14496,1077.351683222958,1152.7436534216336,-0.07297309545931238
35,236.1,8089.828864569084,5070.00146484375,14620,1077.544733242134,1152.7021887824897,-0.0830603156903339
35,241.7,8149.725753184606,5119.5048828125,14837,1077.6596346970412,1152.0117948372313,-0.07410733041818586
35,247.4,8105.516835016835,5050.4248046875,14850,1077.3650505050505,1152.6063973063974,-0.08660087020653712
35,253.0,8107.321042679632,5089.81005859375,14808,1076.5940707725554,1152.357239330092,-0.07947781461500074
35,258.6,8030.362883292137,4990.67041015625,14969,1076.4898122787092,1152.208898390006,-0.0974078050836828
35,264.3,7973.943613272159,4930.30078125,15039,1075.1148347629496,1152.0053195026264,-0.10832600872820473
35,269.9,7877.861311896238,4740.87109375,14803,1074.108221306492,1152.2644058636763,-0.14258548558626155
35,275.5,7896.293417224816,4845.4814453125,14781,1074.0834855557812,1152.0444489547392,-0.12366608617338623
35,281.1,7894.427984647498,4719.10888671875,14851,1074.3073193724329,1152.1617399501718,-0.1465213091522871
35,286.8,7804.820302434394,4673.69921875,14747,1074.154743337628,1152.640740489591,-0.15473391557865537
35,292.4,7776.707343707344,4383.7568359375,14652,1073.727613977614,1152.9954272454272,-0.20717170653544348
35,298.0,7723.57490572506,4177.4892578125,14585,1074.0909838875557,1153.397188892698,-0.24447641527778816
35,303.7,7773.724043152614,4183.35498046875,14553,1074.2143887858174,1153.4319384319385,-0.2434155647202557
35,309.4,7764.630747607255,4202.2900390625,14941,1074.6972090221539,1152.9562278294625,-0.2399910476328877
35,315.0,7743.026791694575,4154.43212890625,14930,1075.233891493637,1153.0884125920963,-0.24864643310657703
36,180.1,4762.6497003530085,2733.95263671875,12181,786.955422379115,345.1354568590428,-0.0018012782768313971
36,191.1,4731.0793591093725,2679.483642578125,13294,783.2861441251692,341.9635925981646,-0.02168855781287112
36,196.7,4697.204515375633,2705.60498046875,12845,780.3775009731413,343.64896847022186,-0.01215134574053075
36,202.4,4712.834364261168,2742.62353515625,13095,780.8247422680413,344.0893470790378,0.0013645701801820573
36,213.6,4844.697611940299,2832.765869140625,13400,783.1241044776119,343.15514925373134,0.03427661165005137
37,196.7,11389.841603739662,7878.8017578125,11124,1140.106256742179,976.8570658036678,0.04535272680985794
37,208.0,11084.857723246932,7553.46923828125,12307,1134.3565450556594,977.592995856017,0.002187884380019133
37,213.6,10743.898632827253,7310.453125,13239,1127.6385678676638,978.6965027570058,-0.030055287168927157
37,219.2,10939.755553779767,7473.533203125,12514,1132.2104842576314,978.2049704331149,-0.008417960885486683
37,224.9,10986.412990865798,7468.638671875,12809,1131.245140135842,978.5492232024358,-0.00906736313546335
37,230.5,10697.222279148064,7277.5009765625,13663,1126.9378613774427,979.0556246797921,-0.03442735024174493
37,236.1,10731.252079237865,7230.6884765625,13226,1130.789354302132,977.0855133827309,-0.04063839299012513
37,241.7,11036.023587882613,7394.07373046875,12676,1136.1652729567686,977.6309561375829,-0.018960576243173544
37,247.4,11512.895746667798,7776.568359375,11779,1142.988029544104,978.3424738942185,0.03178848631837601
37,253.0,10723.412153332365,7194.96826171875,13774,1129.4539712501814,978.6038187890229,-0.045377720763174124
37,258.6,11539.08946006843,7802.92431640625,11983,1143.2989234749227,979.7735124760077,0.035285372316679144
37,264.3,11672.72306906242,7901.21826171875,11743,1144.173805671464,981.7074853103977,0.04832692951278879
37,269.9,11832.316283108989,7930.525390625,11515,1146.5089014329135,983.301346070343,0.052215374489429804
37,275.5,11629.561793935276,7826.33837890625,11773,1143.1831308927206,983.0872335003822,0.03839193024673512
37,281.1,11661.107434350602,7744.60302734375,11272,1141.2252484031228,984.6693577004968,0.027547353208367775
37,286.8,11601.01018329939,7682.47509765625,10802,1142.4875948898352,985.7280133308647,0.01930427225440416
37,292.4,11635.966018482864,7654.64306640625,10388,1143.4962456680785,984.426453600308,0.01561154198219047
37,298.0,11644.311942784363,7662.8681640625,10207,1145.9179974527285,984.7833839521896,0.016702840954742042
37,303.7,11438.563699190689,7530.27978515625,10997,1142.8793307265619,984.7944894062017,-0.000888872568892669
37,309.4,11751.714653902798,7680.43603515625,10864,1147.2345360824743,987.7253313696613,0.019033731173408296
37,315.0,11670.282279526475,7603.7919921875,10897,1146.4055244562724,987.0802973295403,0.00886466463588958
38,219.2,15426.189828801611,11511.869140625,7944,630.7737915407855,25.780463242698893,0.0
39,230.5,4252.547961165049,2519.843994140625,10300,253.21699029126214,675.3985436893204,-0.009690824413061573
39,236.1,4337.91248268698,2569.16064453125,11552,250.84245152354572,670.5303843490304,0.009690824413061573
40,247.4,3186.918695802983,1769.9718017578125,14415,299.87950052029134,51.4602844259452,-0.0014868055800790377
40,253.0,3219.308520984514,1787.091796875,13367,298.97800553602156,46.58232961771527,0.008171281060589041
40,258.6,3235.474188398084,1812.958984375,13153,299.2476241161712,44.635976583288986,0.022764015247446007
40,264.3,3215.6267626108447,1792.593994140625,13758,298.2497456025585,48.246692833260646,0.01127529467401017
40,269.9,3166.7091043671353,1700.4200439453125,12159,294.9573978123201,41.859856896126324,-0.040723785401965924
41,264.3,5019.448328785812,2971.300537109375,11728,780.8617837653479,345.12781377899046,0.0
42,275.5,4031.6000943601657,2113.808349609375,27554,648.8492414894389,831.9515859766277,-0.008369060253495436
42,281.1,4056.1935410334345,2118.853515625,26320,650.5548632218845,830.6468465045592,-0.0060022691874198975
42,286.8,4049.8494448556626,2124.4658203125,27020,652.5524426350851,831.0039600296077,-0.00336942171454574
42,292.4,4069.5333333333333,2159.074951171875,26730,653.009315375982,829.8097643097643,0.012866432857716648
42,298.0,4057.344193132544,2142.03857421875,25599,652.9853119262472,829.8108910504317,0.004874318297744853
42,303.7,4124.128800659108,2155.42919921875,25489,656.5092392796893,831.2473223743576,0.01115613568908824
42,309.4,4137.300952759031,2139.79296875,25190,656.8303691941246,830.9843191742755,0.0038208586207178603
42,315.0,4166.575216665342,2181.750244140625,25154,659.5762105430548,829.2273197105828,0.023503878811501493
43,292.4,5613.494347002384,3947.742431640625,81815,389.4141905518548,217.78076147405733,0.04110428146720444
43,298.0,5591.920595320027,3823.656005859375,81368,389.1478345295448,216.33272293776423,0.008380031749845437
43,303.7,5370.24830176175,3735.2509765625,90535,379.73580383277186,204.7549014193406,-0.014934269043066268
43,309.4,5369.229818328533,3730.332763671875,89227,378.439810819595,202.3122709493763,-0.01623130718227155
43,315.0,5384.424264598273,3722.41748046875,88829,378.0190816062322,200.74552229564668,-0.018318736991711826
