cell_id,time_seconds,mean_intensity,mean_intensity_sub,area,centroid_x,centroid_y,dF_F0
0,0.1,4118.345107273679,1591.008544921875,64974,635.058561886293,97.47420506664204,0.004435191115653517
0,5.1,4136.469040054819,1585.8804931640625,64212,634.2980751261447,96.79782595153554,0.0011977505224841786
0,10.0,4111.938218770912,1580.2618408203125,64259,633.9767970245413,96.48926998552732,-0.0023494159328563036
0,15.1,4136.410041124058,1599.54638671875,64196,633.6278584335473,96.57693625771076,0.00982529966304693
0,20.1,4118.364146444102,1563.2191162109375,64161,633.9671295646888,96.34684621499042,-0.013108825368328322
0,25.1,4100.1313634299495,1566.0484619140625,63861,632.4466106074129,95.31845727439283,-0.011322603414259459
0,30.0,4091.470292913287,1534.642822265625,63739,632.5672508197492,95.51211973830779,-0.03114960545209996
0,35.1,4078.925130914752,1492.4075927734375,63591,631.827963076536,95.40150335739334,-0.05781354194835678
0,40.0,4098.70333338632,1501.6656494140625,62909,631.7162727113767,94.55454704414312,-0.0519687475122324
0,45.1,4079.0892888070157,1519.2945556640625,63513,631.5005746854974,94.70955552406593,-0.0408392700025763
0,50.1,4063.6289212661954,1510.7725830078125,63213,631.4326799867116,94.7154699191622,-0.046219360047336656
0,55.1,4057.183608991675,1532.615234375,63303,631.328420454007,94.48392651217162,-0.03242966182698493
0,60.0,4063.0305754538667,1509.7086181640625,62959,631.0563859019362,94.40461252561191,-0.04689106211618057
0,65.1,4055.54245738434,1476.3909912109375,63181,631.4072743388044,94.56629366423451,-0.06792513959049448
0,70.0,4056.01536852779,1479.8524169921875,63116,630.5084289245199,94.69654287343938,-0.06573987297001053
0,75.0,4051.858715799813,1475.7518310546875,63121,630.6344956512096,94.51630994439252,-0.06832865405039198
0,80.1,4037.7579879135965,1495.2440185546875,63377,629.8428136390173,95.11283273111697,-0.056022850200805475
0,85.1,4021.347324206105,1520.5311279296875,63327,630.1525099878409,95.07090182702481,-0.040058597451246694
0,90.1,4024.79535670116,1550.359375,63877,630.4424753823755,94.9683297587551,-0.021227434575131873
0,95.0,4008.1653858795175,1588.126220703125,63893,628.9940838589517,94.94158984552298,0.0026155227758712226
0,100.1,3991.635807012324,1551.350830078125,63859,628.7935608136676,95.42784885450759,-0.020601509356780533
0,105.1,4001.1929567708826,1530.1656494140625,63522,627.6357797298574,94.89835017789112,-0.0339761333065043
0,110.1,3982.225644564331,1505.1243896484375,63764,627.0688162599586,95.2084718650022,-0.049785176330655594
0,115.1,3989.618824598227,1508.5960693359375,63842,627.3775101030669,94.94594467591867,-0.047593436216162605
0,120.1,3988.388612044052,1510.1285400390625,64015,626.6282433804577,95.06951495743185,-0.04662595712342896
0,125.1,3972.7755973229923,1535.4818115234375,63952,626.5123842882161,94.66204340755567,-0.03061993492443082
0,130.1,3967.063681933882,1531.323974609375,64037,626.46526227025,94.54221778034574,-0.03324485967969614
0,135.1,3951.523670805228,1506.6085205078125,64193,625.4150764102005,95.41141557490693,-0.04884821513825033
0,140.1,3939.672930697371,1518.9110107421875,64442,625.4605071226839,95.44224263678967,-0.04108140950467675
0,145.0,3933.3438237486025,1547.61376953125,64408,625.6267699664638,95.20169854676438,-0.022960789661460153
0,150.1,3935.5276897258996,1570.2169189453125,64356,624.13147181304,95.40322580645162,-0.008690973968770478
0,155.1,3952.683260821935,1590.1531982421875,63898,623.5362765657767,95.18128892923096,0.0038951938237318444
0,160.1,3944.2703360935216,1603.727294921875,63643,623.0264443850856,94.72565718146537,0.012464789779832616
0,165.1,3956.0325997205287,1635.06201171875,62976,622.5834762449186,93.8287919207317,0.032247016817443845
0,170.1,3940.4495811601073,1629.781494140625,63270,621.2505610874032,94.14981823929192,0.028913321533592308
0,175.1,3942.6015002570034,1642.0230712890625,62256,620.1585068105885,93.2068073759959,0.03664167153013593
0,180.1,3937.882550711644,1660.0125732421875,62461,619.1076992043035,93.20740942348026,0.04799880024577699
0,185.5,3940.8393865368125,1631.432861328125,61813,617.0119554139097,93.23564622328637,0.029955862330669002
0,191.1,3943.676716563619,1670.0233154296875,61460,615.8995769606248,92.51155222909209,0.05431877996832766
0,196.7,3928.151210434385,1675.189453125,61259,614.6646533570578,92.08862371243409,0.05758026496781633
0,202.4,3947.1745229618205,1694.3800048828125,60949,613.8241152438924,91.90560960803295,0.06969564020196993
0,208.0,3946.2358626874593,1661.35498046875,60213,612.4479431352033,91.06589939049707,0.04884628850312859
0,213.6,3957.9413653820684,1698.0013427734375,60408,611.1448814726526,91.4819560323136,0.07198186250283312
0,219.2,3958.1563600297545,1714.8004150390625,60495,610.5313496983222,90.84124307794032,0.08258744939018531
0,224.9,3948.0981172102893,1724.1396484375,60336,610.199748077433,90.49177936886767,0.088483492320548
0,230.5,3959.5497702652847,1716.9708251953125,59634,609.0234430023141,89.96785390884395,0.08395767228876777
0,236.1,3955.111970595606,1733.432373046875,59855,607.9769275749728,89.7111018294211,0.09435017333165537
0,241.8,3962.8443958998487,1729.566162109375,59510,607.633742228197,89.33402789447152,0.09190935782862365
0,247.5,3962.4108411972247,1712.154541015625,59237,605.8550736870537,89.17456994783666,0.08091705673963553
0,253.1,3963.3103883263443,1722.587646484375,58662,605.3175309399611,88.32985578398282,0.0875036827630352
0,258.7,3974.412804586718,1755.792236328125,58604,604.8183571087297,88.22836325165518,0.10846639767243982
0,264.4,3960.720687580576,1715.5955810546875,58175,602.7827589170606,88.2395358831113,0.08308945343750623
0,270.0,3966.1078149136356,1707.63232421875,56968,601.7089945232411,86.76200674062632,0.0780620917508343
0,275.6,3960.1773091464047,1741.1805419921875,57662,600.9430300717977,86.80959730845271,0.09924174577494697
0,281.2,3975.1550596855336,1748.8255615234375,57049,599.8516538414345,86.315483181125,0.10406819795112374
0,286.9,3986.491863554,1765.0489501953125,56843,598.4843516352057,85.80477807293774,0.11431034438911063
0,292.5,3956.2645067358967,1774.832275390625,57008,599.0549221161942,85.22879245018243,0.12048675126238913
0,298.1,3983.3088167709548,1782.14501953125,56574,597.7236539753244,84.91618057765051,0.12510343140651067
0,303.8,3955.4750430292597,1762.780029296875,56357,596.8225065209291,84.40261192043579,0.11287792970879836
0,309.4,3948.331997064982,1807.135498046875,55877,596.4849759292732,83.61420620290997,0.1408804152222362
0,315.0,3942.65645635946,1813.15087890625,55728,596.3456431237439,83.449576514499,0.14467804424340305
1,0.1,6140.071063154181,2262.056640625,34012,927.216952840174,72.76908150064683,0.00821630130161051
1,5.1,6168.556487463695,2266.129638671875,33742,926.1901191393515,72.81945350008891,0.010031668323054497
1,10.0,6133.432684341342,2240.4541015625,33796,926.3546573559001,72.6927447035152,-0.0014121189780424113
1,15.1,6127.098797699948,2224.756103515625,34434,925.2444095951676,74.03342626473834,-0.008408839238896387
1,20.1,6153.7090671109,2224.71533203125,33616,925.4049262256068,72.85572346501665,-0.008427011407725803
1,25.1,6119.956980616007,2303.57568359375,33636,924.5711440123677,73.26923534308479,0.026721662831359787
1,30.0,6114.158523084288,2345.427001953125,33421,924.0993088178092,73.1123545076449,0.045375122096299694
1,35.1,6096.0155836341755,2318.906005859375,33240,923.922202166065,73.56046931407943,0.033554507126602386
1,40.0,6131.776678101946,2377.984619140625,32939,922.0061021888946,73.60906524181063,0.05988630620657268
1,45.1,6119.492292286217,2385.5595703125,32954,922.4886811919646,73.40092249802755,0.06326252107046662
1,50.1,6074.2894029047875,2364.88623046875,33462,922.7201900663439,73.76707907477139,0.05404825213551284
1,55.1,6085.739023879973,2384.179443359375,33459,922.4809169431244,73.56675333990854,0.06264738771482178
1,60.0,6106.231638248779,2372.69287109375,33371,921.3170717089689,74.06340834856611,0.05752773279712604
1,65.1,6118.715063302559,2391.825927734375,33253,920.7095600396957,73.79562746218386,0.06605548548570386
1,70.0,6138.606849607765,2398.788818359375,32761,919.9748176185099,73.00421232563109,0.06915890018639213
1,75.0,6132.2784189005,2430.385498046875,33015,919.0673936089656,73.94826593972437,0.08324178695227841
1,80.1,6108.22723822824,2431.953369140625,32939,916.947023285467,73.99414068429522,0.08394059933684432
1,85.1,6067.7418043809585,2433.88525390625,33463,916.2596898066521,74.65331859068225,0.08480165545628846
1,90.1,6076.870591742436,2454.181396484375,33545,915.65810105828,74.91757340885378,0.09384780462572458
1,95.0,6044.786129051372,2457.50927734375,33754,914.6111868223026,75.78417372755821,0.09533106710065732
1,100.1,6011.129779530804,2435.220458984375,33973,913.6543137197186,75.01913284078533,0.08539676678160626
1,105.1,6032.152117234559,2439.763916015625,33369,912.2191854715454,74.77826725403818,0.08742182104457291
1,110.1,6015.076367297385,2415.58642578125,33771,911.6703680672766,75.53211335169227,0.07664572492872927
1,115.1,6028.8770643295775,2413.538818359375,33546,911.42016931974,74.9531985929768,0.07573309031811663
1,120.1,6027.65634061187,2408.478515625,33798,911.34362980058,75.12953429196993,0.07347767389100703
1,125.1,5996.798523549387,2377.5849609375,33865,910.8471873615828,74.23880112210247,0.059708175425891526
1,130.1,5990.142005228989,2376.579833984375,34041,910.5258658676302,74.78326136129961,0.059260182497324426
1,135.1,5968.909466588511,2335.77490234375,34120,909.6278429073857,74.46664712778428,0.041073105960545454
1,140.1,5970.747391930412,2341.354736328125,34029,909.7423961914837,74.2860207470099,0.043560081521002346
1,145.0,5944.093461203139,2340.973388671875,34410,908.1612321999419,74.94798023830282,0.04339011189398709
1,150.1,5944.079749623275,2353.87060546875,34508,907.4808450214443,75.3237799930451,0.04913850209010418
1,155.1,5971.150816828104,2379.560302734375,34585,906.6728350440943,75.17134595923088,0.06058860068336939
1,160.1,5974.043687059782,2396.5654296875,34358,905.9374818091857,75.33098550555911,0.0681679185005868
1,165.1,5988.675745632096,2416.799072265625,33998,904.0297076298606,74.59709394670274,0.07718621093217663
1,170.1,5981.52051402971,2413.771484375,33928,903.1244694647489,74.7337597264796,0.07583679137736474
1,175.1,6009.208454417448,2452.397216796875,33379,902.408550286108,74.16429491596513,0.09305258181251876
1,180.1,6011.5211530360475,2444.333984375,33234,900.9691881807787,73.69871216224348,0.08945873618420068
1,185.5,6015.983160738406,2439.32568359375,33315,899.2768422632448,73.951973585472,0.08722649743350225
1,191.1,6013.112507173276,2471.22265625,33109,898.1188498595548,73.32235947929566,0.10144322711950937
1,196.7,5993.6960178458385,2475.936279296875,33173,897.385494227233,73.67615229252705,0.10354412570387783
1,202.4,6040.948244270223,2509.689697265625,33291,896.3568532035686,74.24069568351807,0.11858828755622554
1,208.0,6040.905780746893,2482.296142578125,33231,895.0901567813187,74.28557672053203,0.10637876641050228
1,213.6,6047.112238558708,2487.43896484375,33803,894.414134840103,75.63870070703784,0.10867096243679958
1,219.2,6067.009448446912,2495.7958984375,33868,894.8317881185781,76.02695760009449,0.11239571296991878
1,224.9,6054.630764212212,2508.5966796875,33721,893.0077103288752,77.52821683817206,0.1181011210900621
1,230.5,6031.641506664318,2485.405029296875,34062,892.8289883154248,77.23718513299278,0.1077644214875908
1,236.1,6035.891601448429,2512.990966796875,34244,893.6595900011681,78.18797453568509,0.12005968915449718
1,241.8,6046.831399822433,2520.694580078125,33790,891.9355134655224,78.28097070139094,0.12349324972481687
1,247.5,6005.025901428237,2487.4404296875,34168,892.1396335752751,78.83253336455162,0.10867161532909285
1,253.1,5990.002638754508,2479.916015625,34107,889.9291054622219,79.27668806989767,0.10531792524931681
1,258.7,5967.600608618264,2512.203369140625,34833,889.4617460454167,79.376740447277,0.11970865073148103
1,264.4,5961.55573865279,2514.287353515625,34590,888.921451286499,79.89494073431628,0.12063749883404327
1,270.0,5955.318849343469,2424.8662109375,34728,888.5598940336328,79.54598594793826,0.08078179760661011
1,275.6,5950.959305196503,2556.261474609375,34427,886.1292299648532,79.37360211461935,0.13934569223623586
1,281.2,5980.304705133399,2594.12109375,34558,886.5805023438857,79.46513108397477,0.15622002000200838
1,286.9,5994.599255797854,2611.804931640625,34668,885.3798026998961,79.86295719395407,0.16410184458177535
1,292.5,5936.126654923575,2496.549072265625,35198,885.1246377635093,80.54647991363146,0.11273140842404301
1,298.1,5972.4590376746155,2498.262939453125,35435,883.6247777620996,80.68816142232257,0.11349529240717175
1,303.8,5929.311867551158,2469.5390625,35576,882.3521756240162,80.84419271418935,0.10069283624377492
1,309.4,5922.630821242428,2597.38037109375,35495,880.9606705169742,80.70702915903648,0.15767270535453953
1,315.0,5919.901574029909,2608.332275390625,35641,880.5078420919727,80.63477455739176,0.16255405458519084
2,0.1,7723.080151793928,1502.751708984375,8696,1131.8051977920884,38.00793468261269,-0.029531774348054533
2,5.1,7807.126050420168,1577.9046630859375,8687,1131.9993093127662,37.713249683435016,0.01900156191994221
2,10.0,7811.334368887355,1535.5416259765625,8691,1130.7963410424577,37.62064204349327,-0.008356238580945552
2,15.1,7899.549841053587,1561.568603515625,8808,1128.69527702089,37.8272025431426,0.008451830616651779
2,20.1,8002.328777244182,1564.638916015625,8121,1129.8006403152322,34.399088782169684,0.01043462039240639
2,25.1,7957.059018201875,2045.8861083984375,9065,1123.3917264202978,38.88063982349696,0.321221230116092
2,30.0,7991.141613400926,2279.20703125,9074,1122.3532069649548,39.38781132907207,0.4718985114350811
2,35.1,8004.839660562751,2377.993408203125,8956,1119.5037963376508,39.50368468066101,0.5356941733445764
2,40.0,8012.325902444013,2472.9130859375,9779,1119.015338991717,42.36312506391246,0.5969927436137725
2,45.1,8044.965248384941,2509.342041015625,8978,1115.8529739362887,39.44620182668746,0.6205183487990201
2,50.1,8047.7697594501715,2491.24072265625,8439,1115.5543310818816,37.67697594501718,0.6088286237398778
2,55.1,8079.99003283302,2511.5146484375,8528,1116.360928705441,36.81109287054409,0.621921405908947
2,60.0,8212.637648456057,2571.126953125,8420,1119.9410926365795,36.15866983372921,0.6604186820798722
2,65.1,8304.506981496197,2705.135009765625,8809,1122.9937563855149,36.393234192303325,0.7469602978195652
2,70.0,8448.053446369333,2764.945556640625,8139,1124.5080476717042,33.824302739894335,0.7855855976305915
2,75.0,8467.08524988943,2891.88671875,9044,1125.6356700574968,36.05274214949137,0.8675634543969232
2,80.1,8535.694441457908,2916.257080078125,9301,1127.42855606924,36.53585635953123,0.8833016905773939
2,85.1,8565.072201786652,2856.99072265625,9515,1129.602837624803,37.23657383079348,0.8450278251183203
2,90.1,8521.92397780974,2829.744140625,9734,1128.6135196219436,36.67464557222108,0.8274321425043122
2,95.0,8525.864608347627,2934.734375,8745,1125.5576901086336,33.813722126929676,0.8952342190919007
2,100.1,8475.962586660291,2950.997802734375,8366,1124.1796557494622,31.836361463064787,0.905737045182223
2,105.1,8603.038451232584,3193.103271484375,7464,1120.2777331189711,30.415058949624868,1.0620873346370514
2,110.1,8647.070226969292,3159.9326171875,7490,1120.224699599466,30.95901201602136,1.0406659209552407
2,115.1,8609.306910039113,3145.4404296875,7670,1121.725293350717,30.004954367666233,1.0313069514030146
2,120.1,8616.696052280608,3050.521484375,7498,1121.0541477727395,29.346225660176046,0.9700088541275627
2,125.1,8526.595128205128,3003.968994140625,7800,1121.513846153846,29.56628205128205,0.9399455294097578
2,130.1,8440.598295081967,2965.19921875,7625,1117.2410491803278,28.82990163934426,0.9149082362179951
2,135.1,8511.728599867287,3013.220947265625,7535,1118.7556735235567,28.170006635700066,0.9459203863866978
2,140.1,8460.423233250294,2920.420654296875,7627,1117.0934836764127,28.053100826012848,0.885990502348682
2,145.0,8475.348956282001,2899.73583984375,7617,1115.877379545753,27.782854142050677,0.8726323706891075
2,150.1,8386.829201784829,2797.181396484375,8068,1113.0730044620723,29.384977689638077,0.8064033136302009
2,155.1,8484.262227912932,2850.78515625,7810,1110.4786171574904,29.091421254801535,0.8410203067881572
2,160.1,8516.853018718692,3001.853759765625,7586,1108.2570524650673,28.86962826258898,0.9385795234764612
2,165.1,8541.629421442281,3152.1474609375,7294,1106.7352618590623,28.110364683301345,1.0356383127833844
2,170.1,8423.226328567574,3027.25244140625,7414,1105.3977609927165,28.27636903156191,0.9549818428738117
2,175.1,8429.367750865053,3030.079345703125,7225,1105.7568166089966,27.773979238754325,0.9568074410619051
2,180.1,8469.009133061683,3002.167236328125,7117,1110.3405929464661,26.77237600112407,0.9387819647989858
2,185.5,8448.507105568446,3110.610107421875,6896,1107.6526972157772,26.6002030162413,1.00881373389681
2,191.1,8429.206758876373,2962.87060546875,7013,1113.8203336660488,25.382432625124768,0.9134044314405502
2,196.7,8343.374778499705,2955.80224609375,6772,1113.6714412285883,24.34111045481394,0.9088397264797003
2,202.4,8360.73141025641,3057.86572265625,6240,1109.738141025641,23.832852564102563,0.9747517200654007
2,208.0,8424.498354721947,3073.89599609375,6078,1113.4323790720632,22.818196775255018,0.9851039764804808
2,213.6,8383.066003473867,2931.116455078125,6333,1116.839412600663,22.988157271435337,0.8928977876600537
2,219.2,8413.019809466203,2814.440673828125,6613,1120.2507182821714,23.372750642673523,0.817549253548076
2,224.9,8308.476146928822,2929.687744140625,6561,1116.7678707514099,23.20835238530712,0.8919751345296691
2,230.5,8280.788455439264,2954.33544921875,6306,1113.0274341896607,22.83079606723755,0.9078924776746166
2,236.1,8171.793193717277,2762.71923828125,6876,1116.1893542757416,22.95767888307155,0.7841478543127555
2,241.8,8206.056933115824,3037.074462890625,6130,1109.4125611745515,22.192332789559543,0.9613248466483333
2,247.5,8101.839305445936,2846.126708984375,6335,1108.9030781373324,22.302446724546172,0.8380119089103604
2,253.1,8150.592343507501,3007.039794921875,5799,1105.8234178306604,21.84997413347129,0.9419286345146752
2,258.7,7873.023411893242,2828.841552734375,6407,1098.8515685968473,23.076634930544717,0.8268492565468563
2,264.4,7798.42095649286,2852.611328125,6022,1095.2490866821654,22.49418797741614,0.8421996378570697
2,275.6,7760.926975189161,2997.76025390625,5683,1092.0448706669013,22.492697518916067,0.9359359614400365
2,281.2,7833.407837989875,3163.959228515625,5333,1092.0360022501407,20.921432589536845,1.0432662828963604
2,286.9,7893.145519429025,3251.158935546875,5044,1091.056304520222,20.216494845360824,1.0995793414369355
2,309.4,7858.933665338645,3307.561279296875,5020,1084.8394422310757,21.079083665338647,1.1360036436915422
2,315.0,7818.250560195559,3338.85595703125,4909,1082.189651660216,20.587696068445712,1.1562135627298338
3,0.1,13409.36426280777,9965.794921875,75462,414.05103230765155,390.4813018472874,-0.003672528068144253
3,5.1,13425.216030039797,10006.5546875,75633,412.88567159837635,389.32588949268177,0.00040241773999712935
3,10.0,13343.590738489189,10012.9775390625,75668,411.87549558598084,387.52055029867313,0.0010445404718037773
3,15.1,13380.36269354945,10053.4140625,75885,410.7542597351255,383.5490676681821,0.005087170235513352
3,20.1,13352.750506535298,9973.90625,75513,409.79000966720963,382.7812032365288,-0.0028616003791696416
3,25.1,13180.540910517233,9888.8408203125,76484,408.5585874169761,376.5404529051828,-0.011365992168660547
3,30.0,13246.463709142963,9923.9912109375,75446,408.26913288974896,377.3721602205551,-0.007851842007698333
3,35.1,13198.124236225492,9877.1123046875,75284,407.7977790765634,376.624209659423,-0.012538547134298047
3,40.0,13232.696158184594,9880.4296875,75355,407.2830999933647,375.7942538650388,-0.012206892744766775
3,45.1,13165.000767307412,9827.7509765625,75589,406.4337932767995,375.09570175554643,-0.017473431671609713
3,50.1,13166.042490646712,9803.5322265625,74840,406.4607028327098,377.72652324959915,-0.019894694215140937
3,55.1,13132.946696516618,9803.4150390625,75042,405.961754750673,375.2320034114229,-0.019906410001641898
3,60.0,13240.94596248793,9832.3125,73523,405.46715993634643,380.2037185642588,-0.01701739468205994
3,65.1,13262.807968442892,9809.685546875,73264,404.7643999781612,380.41945566717624,-0.019279517792286493
3,70.0,13227.071346892102,9751.6787109375,73458,403.8797408042691,379.457730948297,-0.025078734478706302
3,75.0,13282.949270984926,9771.7705078125,72838,403.4469919547489,381.20457728108954,-0.02307006288311713
3,80.1,13178.730530209283,9680.3349609375,73537,402.49558725539526,380.20305424480193,-0.032211305300489254
3,85.1,13022.838170588948,9571.69921875,74319,402.3126253044309,377.93336831765765,-0.043072132281539416
3,90.1,13085.762445332326,9634.1357421875,74084,401.7795070460558,380.38708763025755,-0.03683005886538342
3,95.0,12895.145563072025,9526.880859375,75390,400.99860724233986,375.75556439846133,-0.04755283482883063
3,100.1,12929.113179000362,9546.046875,74687,400.72787767616853,378.4938342683466,-0.04563671794659902
3,105.1,13005.311431422253,9563.2998046875,74164,400.1164176689499,380.22953184833614,-0.04391186127899555
3,110.1,13031.542752952702,9568.7392578125,73492,399.50438142927123,382.10757633483917,-0.043368053522242773
3,115.1,13050.547688722701,9563.2880859375,73812,399.53699940389095,381.5605863545223,-0.04391303285764565
3,120.1,13092.081540804395,9534.236328125,73546,399.5881081228075,381.4542599189623,-0.046817473962787196
3,125.1,12989.520478046668,9463.53125,73884,399.2326484759894,379.4923122732933,-0.05388619374813993
3,130.1,12985.416535859269,9481.2236328125,73900,398.5742083897158,380.16282814614345,-0.05211740288115786
3,135.1,13023.396053549208,9497.279296875,73129,398.6452843605136,382.27450122386466,-0.05051224249897251
3,140.1,13073.344110150709,9568.287109375,72192,398.5228003102837,382.8991578014184,-0.043413256931825635
3,145.0,13023.857492506118,9710.3837890625,72726,398.8315733025328,380.0912740972967,-0.02920718237853539
3,150.1,13113.08737012173,9861.2197265625,71798,398.6938076269534,381.49873255522436,-0.01412740304693624
3,155.1,13127.59703029544,9875.3359375,71859,399.0966336854117,380.4774767252536,-0.01271613893134173
3,160.1,13088.093349069703,9930.70703125,72020,399.6646903637878,379.8674812552069,-0.00718042980963929
3,165.1,13125.899035639413,9859.5947265625,71550,399.737679944095,379.9487211740042,-0.014289861953082851
3,170.1,13101.789130465335,9963.4794921875,71153,399.7724481047883,378.3516647224994,-0.0039040124830923392
3,175.1,13039.146810414744,9691.28515625,71514,399.95853958665435,375.2068825684481,-0.031116562683528946
3,180.1,12984.404209735536,9810.1123046875,71881,399.8668911116985,374.6294709311223,-0.019236852803112173
3,185.5,12973.104471153176,9867.5390625,71637,399.37636975306054,374.06384968661445,-0.013495629259872103
3,191.1,12935.638430443267,10001.8134765625,71740,399.36243378868136,373.0530248118205,-7.158345552077785e-05
3,196.7,12901.662041708712,9894.3271484375,71352,399.2865231528198,373.7344993833389,-0.010817498097307384
3,202.4,12966.08431485407,10050.185546875,71233,398.8342622099308,374.24637457358244,0.004764400317411971
3,208.0,12934.02121740108,9928.7958984375,71168,398.9391018435252,373.52021976169067,-0.0073714947611590725
3,213.6,13022.499787895928,10066.0244140625,70720,399.3449943438914,373.10998303167423,0.006347886494570558
3,219.2,13021.474438496616,10092.130859375,70614,399.8827286373807,371.39458181097234,0.008957870832321375
3,224.9,12995.634279382937,10126.0947265625,70398,400.4580527855905,370.54474558936334,0.012353398654961394
3,230.5,13077.207407194823,10182.166015625,69689,401.24158762501975,370.2462368523009,0.017959109601007054
3,236.1,12966.704947347507,10131.1923828125,70462,401.23927790866,365.97825778433764,0.012863035367753047
3,241.8,13101.418610375133,10247.2734375,69069,402.065890631108,368.57545353197526,0.024468205317830713
3,247.5,13133.461745222743,10329.1650390625,68083,403.15600076377365,364.04895495204386,0.032655294556254016
3,253.1,13209.193818971415,10357.7607421875,67238,404.68607037687025,360.8719325381481,0.035514141725596006
3,258.7,13297.817312599442,10432.287109375,66622,405.6600972651677,350.07544054516524,0.042964893782434135
3,264.4,13283.53913638437,10271.3759765625,65770,405.7949521058233,345.85391515888705,0.026877849706415158
3,270.0,13287.50798643985,10231.880859375,65486,405.7413951073512,343.73250771157194,0.022929336760929942
3,275.6,13383.92083572637,10217.6396484375,64423,405.9496297906027,342.6991291929901,0.021505575806401077
3,281.2,13465.231330800856,10280.92578125,63969,405.9866028857728,342.40636870984383,0.027832588674689022
3,286.9,13572.734857088775,10407.044921875,63396,405.3574831219635,345.60836645845166,0.04044131337012788
3,292.5,13468.715113342174,10314.8671875,63348,404.9853665466944,343.5827176864305,0.031225870971583025
3,298.1,13563.240571473676,10399.654296875,63345,404.69727681742836,344.0789170415976,0.039702437768134154
3,303.8,13475.561427017483,10292.69921875,63433,404.6117478284174,343.1026122050037,0.029009634691818557
3,309.4,13368.375991613337,10207.82421875,63911,404.2231853671512,338.91214344948446,0.020524281055391707
3,315.0,13307.961232944988,10146.6611328125,64204,404.30822067160926,338.4191639150209,0.014409519185879443
4,0.1,10630.60517489219,4131.69775390625,12522,1161.6826385561412,136.76074109567162,0.0037072101670329277
4,5.1,10698.423400936037,4169.1943359375,12820,1161.0634165366614,137.94648985959438,0.012816199251678154
4,10.0,10629.17024643907,4104.22021484375,13269,1160.297837063833,137.86102946717915,-0.002967867662317736
4,15.1,10648.372198956726,4162.1708984375,13611,1159.1916097274263,136.36250091837485,0.01111000599195999
4,20.1,10543.048221174453,4014.903076171875,13998,1158.4524217745393,134.44592084583513,-0.024665547748353337
4,25.1,10455.890068124776,4366.89697265625,13945,1157.9351738974542,131.88067407673,0.06084380769811767
4,30.0,10437.938611227775,4516.8037109375,14286,1156.7851042979141,131.38562228755424,0.09726042939394731
4,35.1,10430.318459901582,4508.89208984375,15038,1156.2795584519217,131.06417076738927,0.09533847101052036
4,40.0,10627.211598855469,4731.54150390625,14329,1157.0882825040128,132.72189266522437,0.14942636309379667
4,45.1,10409.266012732234,4598.60888671875,15394,1154.7690009094451,127.6186826036118,0.11713323947135292
4,50.1,10339.730386052304,4530.240234375,16060,1154.1907845579078,126.89738480697385,0.10052454411314396
4,55.1,10394.36541559759,4625.59814453125,16759,1152.9530998269586,130.1312727489707,0.12368969986051181
4,60.0,10451.01575295368,4662.8935546875,15997,1152.7809589297992,129.10514471463398,0.13274981855979803
4,65.1,10499.94373287453,4785.54052734375,15693,1152.0094309564774,131.98037341489837,0.16254426580460254
4,70.0,10447.803702275356,4714.1708984375,15558,1151.2740712173802,127.59757038179714,0.1452065476589751
4,75.0,10515.511066143923,4881.26611328125,15814,1150.1045276337422,134.22081699759707,0.18579874048443482
4,80.1,10542.251205309623,4934.6796875,15971,1149.0506543109386,137.31601026861185,0.19877442088445077
4,85.1,10451.119184033243,4911.88818359375,15883,1147.2128691053329,138.0724674179941,0.19323771462862036
4,90.1,10434.926577241513,4957.1923828125,15581,1146.0937038700981,135.6530389577049,0.20424339658193172
4,95.0,10288.561492178098,4835.9404296875,16620,1145.1900120336943,130.02990373044526,0.17478783936375503
4,100.1,10111.445138573376,4737.7705078125,17608,1142.7154702407997,127.62386415265789,0.15093956577832288
4,105.1,10089.334947277814,4618.2783203125,18588,1144.11146976544,125.30073165483107,0.12191150581459727
4,110.1,10128.576440447558,4582.2666015625,19126,1145.435062218969,129.602530586636,0.11316323236557516
4,115.1,10097.393071000855,4681.1650390625,18704,1142.9509730538923,126.61259623609924,0.1371884831717734
4,120.1,10051.343418982695,4580.955078125,19070,1142.1638699528055,125.90608285264814,0.1128446259212201
4,125.1,10081.573784445154,4678.33154296875,18798,1142.4690924566444,127.29566975210129,0.13650014616634068
4,130.1,10031.953162172878,4607.2373046875,20176,1141.488253370341,127.81943893735131,0.11922932825698136
4,135.1,9975.811313110853,4648.392578125,19747,1140.140071909657,125.15627690282068,0.1292271178209834
4,140.1,9918.413598873467,4596.28369140625,19884,1139.4315530074432,124.21952323476162,0.11656838322115978
4,145.0,9891.086859908153,4586.046875,20251,1137.9496321169324,123.19934818033677,0.1140815685875397
4,150.1,9925.362660420631,4621.23876953125,20493,1137.454447860245,124.51593226955546,0.12263068335447985
4,155.1,9970.800104557768,4573.05126953125,21041,1138.1133501259446,124.53338719642602,0.11092456541683622
4,160.1,9917.931644724289,4552.1572265625,20964,1138.2504770082046,121.78439229154742,0.10584880653359095
4,165.1,9898.555086732302,4600.658203125,21330,1137.5311298640413,120.17604313173933,0.11763107686783769
4,170.1,9862.049007358046,4571.54833984375,21609,1136.7178953213938,120.35559257716692,0.110559460935926
4,175.1,9848.976152918252,4549.939453125,21554,1136.8160898209148,119.70529832049735,0.10531004612024
4,180.1,9843.9747818539,4630.05029296875,21889,1135.6251998720818,121.79396043674905,0.12477125368018022
4,185.5,9824.956314427138,4643.15087890625,22021,1136.031333726897,120.15884837200853,0.12795375960052494
4,191.1,9806.628718376425,4710.99853515625,21582,1133.563108145677,119.78644240570846,0.1444358901500493
4,196.7,9710.76518312471,4673.9521484375,21570,1133.7491886879925,118.1894297635605,0.13543626634526085
4,202.4,9694.339158489045,4618.45654296875,22317,1134.279607474123,116.96339113680155,0.12195480118026725
4,208.0,9660.98999955355,4608.673828125,22399,1133.2487164605564,117.06379749095942,0.11957830076602549
4,213.6,9691.673430304136,4641.78271484375,21931,1132.6061739090785,117.6614837444713,0.12762139353310764
4,219.2,9716.131349782294,4671.20556640625,22048,1130.9816309869375,119.81599238026125,0.13476904324418224
4,224.9,9627.08379814077,4628.92724609375,22590,1131.0408145196989,119.65095174856131,0.1244984335677392
4,230.5,9583.348533137207,4573.74365234375,24474,1130.1003513933153,122.42142682029909,0.11109276494702812
4,236.1,9557.047404727853,4653.0634765625,23774,1128.0472785395812,122.14949104063263,0.13036181225385768
4,241.8,9458.642149588932,4564.10986328125,24935,1128.684499699218,119.96258271505916,0.10875244285204484
4,247.5,9389.545395851828,4525.78955078125,24782,1127.7685820353483,119.23016705673473,0.09944334614579614
4,253.1,9353.21344025909,4479.0224609375,25937,1127.2191463931836,119.25080001542199,0.0880822863416703
4,258.7,9345.266422372228,4517.12353515625,25925,1126.3150626808101,117.95378977820637,0.09733812381727291
4,264.4,9189.94338567113,4408.79296875,26813,1124.92033714989,115.96561369484951,0.07102153991889058
4,270.0,9126.344860049969,3055.912109375,27617,1124.8074012383677,115.12372813846544,-0.2576318016203973
4,275.6,9138.068250027789,4429.2841796875,26989,1126.0194894216163,115.31005224350662,0.07599943941397766
4,281.2,9088.571929951517,4425.18798828125,27638,1124.0100586149504,113.5062594977929,0.07500435770820904
4,286.9,9113.605355064028,4419.7294921875,27488,1123.4698050058207,111.17811408614668,0.07367833334430544
4,292.5,9032.401314626992,2984.13427734375,28297,1122.5932784394106,111.48096971410396,-0.275068683946025
4,298.1,9095.523858298307,2981.185546875,28313,1122.3160738883198,110.76950517430156,-0.275785014667343
4,303.8,9049.423614049936,2965.1982421875,28356,1121.808717731697,110.19092960925377,-0.27966878689410135
4,309.4,9062.978295506851,4424.8408203125,28243,1121.5157030060545,110.54098360655738,0.07492002070823271
4,315.0,9017.907940080175,4447.51220703125,28438,1120.5920247556087,109.0484562908784,0.08042754707377596
5,0.1,4973.294710691279,2461.623291015625,34617,286.9358696594159,186.91319293988502,-0.006208187115136161
5,5.1,4983.51399924875,2487.70263671875,34609,286.21763125198646,185.350833598197,0.0043204101482032554
5,10.0,4945.266541462005,2481.631591796875,34610,284.64362900895696,185.8199653279399,0.0018694442506038955
5,15.1,4944.254465976978,2491.499755859375,34315,282.6859390936908,187.4187090193793,0.005853360347477911
5,20.1,4930.230422700015,2462.547607421875,34185,282.09179464677493,186.26242504022233,-0.005835027631148902
5,25.1,4893.06293027361,2511.10595703125,33990,280.2363930567814,188.42374227714035,0.013768658467014317
5,30.0,4875.141356789833,2466.939697265625,33992,279.38094257472346,187.79868792657095,-0.004061879422767815
5,35.1,4865.906627125114,2470.569091796875,34057,279.16539918372143,187.37748480488594,-0.0025966419983212753
5,40.0,4882.953664998528,2462.633056640625,33970,278.5947600824257,186.27895201648514,-0.005800530584293239
5,45.1,4865.134823828229,2452.049560546875,33859,277.88006143122954,185.7263947547181,-0.010073236244844663
5,50.1,4872.355952829369,2447.08056640625,34513,278.92652044157273,183.5707704343291,-0.012079288800996985
5,55.1,4858.814654678731,2461.21875,34924,278.649381514145,182.7868800824648,-0.006371505991249972
5,60.0,4906.203000084748,2454.21728515625,35399,280.6052148365773,180.03211955139975,-0.009198095447611996
5,65.1,4891.434377044052,2409.07373046875,35163,278.7747632454569,181.20080766715012,-0.027423180990431898
5,70.0,4890.684260293991,2391.9814453125,34899,277.526949196252,181.17201065933122,-0.034323575991474696
5,75.0,4894.547206327836,2370.39013671875,35652,278.2093010209806,179.03890384831146,-0.043040289790963665
5,80.1,4867.927398516295,2392.48779296875,35991,276.9427912533689,178.83973771220582,-0.03411915634810714
5,85.1,4842.194780060273,2423.2216796875,36169,276.7334734164616,178.25740274820978,-0.021711455661044238
5,90.1,4840.427149443993,2414.384521484375,36870,277.2866829400597,175.50412259289396,-0.025279140246856926
5,95.0,4809.800885556732,2456.9189453125,36813,275.7987939043273,175.94387852117458,-0.008107397389026943
5,100.1,4782.323567934564,2441.616943359375,37411,275.66886744540375,174.50273983587715,-0.014285029976948088
5,105.1,4796.957397219437,2406.87451171875,36899,274.42331770508684,174.45467356838938,-0.028311036413505655
5,110.1,4787.549960703542,2374.264892578125,36899,273.75321824439686,175.05330767771486,-0.04147599656054587
5,115.1,4799.07639022513,2339.465576171875,36379,272.04365155721706,176.22796118639874,-0.0555249681740102
5,120.1,4785.4757461118115,2262.76953125,35685,270.1210592686003,177.66803979262997,-0.08648823611277026
5,125.1,4783.630727464126,2370.13916015625,36098,270.7407335586459,176.21023325391988,-0.0431416125457283
5,130.1,4784.101603384924,2360.167724609375,35924,269.4083899343058,176.3120198196192,-0.04716722078780216
5,135.1,4769.486335920177,2319.31494140625,36080,269.78046008869177,175.4739467849224,-0.06366006176351269
5,140.1,4781.727697616912,2428.165283203125,36801,271.96728349773105,173.09391049156272,-0.0197156536559576
5,145.0,4762.757371456421,2466.54443359375,36933,271.4163485230011,173.01296943113206,-0.004221452905223011
5,150.1,4754.568805145104,2506.016357421875,37628,272.1385404486021,171.9230626129478,0.011713915793300004
5,155.1,4763.839095130761,2432.242431640625,36823,270.21676669472885,173.82176900306874,-0.018069651705987386
5,160.1,4754.76008253611,2481.423583984375,37317,270.5769756411287,172.36088109976686,0.0017854685822581097
5,165.1,4753.30750330251,2497.5869140625,37850,272.1688243064729,170.19643328929988,0.008310831402484339
5,170.1,4730.1152508165815,2493.592529296875,37657,270.93146028626813,170.4318453408397,0.00669824230646861
5,175.1,4719.309252630437,2430.3828125,36876,269.8241403622953,170.96762121705174,-0.01882040600855763
5,180.1,4707.2167843475445,2428.292236328125,37106,270.42807093192476,169.56360157386945,-0.019664400900629188
5,185.5,4688.9535364676685,2361.30712890625,36265,268.21224320970634,170.94631187094996,-0.04670722730872964
5,191.1,4672.150559227958,2392.912353515625,35853,267.7857083089281,170.33124145817644,-0.03394775530673
5,196.7,4644.936738231018,2320.850341796875,35772,268.34325729620934,169.88180699988817,-0.06304019911301192
5,202.4,4657.47823680788,2392.37841796875,36139,268.69564736157616,167.9195052436426,-0.03416331256808239
5,208.0,4640.3999608347785,2310.134033203125,35746,267.1208247076596,168.70866670396688,-0.06736652304067615
5,213.6,4645.843793930373,2367.212646484375,36279,268.04851291380686,166.87689848121502,-0.044323087119039255
5,219.2,4636.490880275816,2360.918701171875,35966,267.2386420508258,166.56806428293388,-0.04686404102743639
5,224.9,4621.32998525361,2362.328125,35941,267.3957318939373,165.67018168665314,-0.046295036880299976
5,230.5,4632.042641561678,2376.523681640625,36115,268.7401910563478,163.27606257787622,-0.040564091767664165
5,236.1,4600.071699598077,2365.433837890625,35579,264.8427724219343,165.6759886449872,-0.045041217071583144
5,241.8,4611.6443270454165,2377.260498046875,36154,267.0023787132821,162.49300215743762,-0.04026662866077733
5,247.5,4601.579091857465,2393.275390625,36426,266.52385658595506,162.0194366661176,-0.033801192139088936
5,253.1,4598.52685387132,2386.459716796875,36680,266.20408942202835,160.5151308615049,-0.03655277515928765
5,258.7,4597.285948029618,2393.741455078125,36059,263.1502260184697,162.74608280873014,-0.03361303538923905
5,264.4,4582.338285074836,2330.444091796875,35745,261.82654916771577,163.70588893551545,-0.059167067818040105
5,270.0,4570.667519037851,2324.83642578125,35587,260.47289740635625,163.45780762638043,-0.061430961158690754
5,275.6,4565.650150361148,2289.853515625,35581,259.13723616536913,163.59070852421237,-0.07555405214139925
5,281.2,4581.549314338597,2300.126953125,35659,259.47727081522197,162.9056339213102,-0.07140652147943838
5,286.9,4601.395378232078,2329.007568359375,36393,260.56010771302175,159.6111340092875,-0.05974701245717931
5,292.5,4566.3015603704835,2315.168701171875,35953,259.5351152894056,159.65098879092147,-0.06533395703994048
5,298.1,4599.198627494212,2347.4130859375,36284,260.1800518134715,158.22789659353984,-0.052316447127460475
5,303.8,4571.1602847255435,2296.21435546875,35543,258.4154685873449,158.4683059955547,-0.07298609197346369
5,309.4,4563.861536256807,2305.639404296875,34890,257.34141587847523,159.6347377472055,-0.06918106770528404
5,315.0,4548.8919580621005,2275.96240234375,34718,256.1761046143211,159.7648482055418,-0.0811620892042379
6,0.1,6047.245411089866,3939.008056640625,20920,63.793451242829825,197.56099426386234,-0.0004630752845257599
6,5.1,6081.81223070897,3953.484130859375,20424,63.13107128867998,197.35257540148845,0.003210278640752197
6,10.0,6044.042747334491,3930.542724609375,20165,62.524621869575995,197.2452268782544,-0.002611182580459377
6,15.1,6068.109325079872,3946.8330078125,20032,62.50064896166134,196.94698482428115,0.0015225331524001313
6,20.1,6067.438961693549,3934.296875,19840,61.719808467741935,196.85045362903224,-0.0016585539281674224
6,25.1,6010.953306384743,3895.61767578125,19296,61.093128109452735,195.65101575456052,-0.011473534573456772
6,30.0,5981.888546347581,3871.769287109375,19138,60.786080050161985,195.12780854843766,-0.01752514572269492
6,35.1,5952.985520219039,3851.58203125,18992,60.38031802864364,195.03469882055603,-0.02264773175196362
6,40.0,5926.5531338046885,3823.9892578125,18811,60.66976768911807,193.64903513901442,-0.0296494934923575
6,45.1,5921.42381881231,3792.16552734375,18456,59.607282184655396,193.21098829648895,-0.03772487522001935
6,50.1,5907.495772780018,3781.3896484375,18097,59.08266563518815,192.86682875614744,-0.040459291780782974
6,55.1,5866.191005669621,3747.559326171875,18167,59.29537072714262,191.71646391809324,-0.04904385312040994
6,60.0,5878.527768390222,3733.341064453125,17754,58.22800495662949,190.78275318238144,-0.05265178623169165
6,65.1,5833.657115132142,3693.760986328125,17519,58.32661681602831,188.93492779268223,-0.06269536801679743
6,70.0,5818.061746632002,3670.226318359375,16924,57.89896005672418,186.64464665563696,-0.06866737145203446
6,75.0,5785.405512275732,3637.463623046875,16944,57.66105996222852,186.18159820585458,-0.07698101875794401
6,80.1,5724.964836998629,3581.212890625,16779,57.78777042731986,185.2679539901067,-0.09125483675716513
6,85.1,5670.504325001491,3547.303466796875,16763,57.96528067768299,184.43333532183976,-0.09985947039199548
6,90.1,5627.402244642111,3513.975830078125,16751,59.11873917975046,182.73888126082025,-0.10831647353463544
6,95.0,5496.681383197323,3416.255859375,17033,61.12176363529619,180.7750836611284,-0.1331132542457644
6,100.1,5554.942514326647,3484.00537109375,16752,59.805038204393504,181.77363896848138,-0.11592158121017086
6,105.1,5534.235046899744,3469.495361328125,16418,58.87860884395176,181.9005359970764,-0.11960354639789719
6,110.1,5477.79312021393,3433.828369140625,16454,59.705238847696606,181.16609942871034,-0.128654169085719
6,115.1,5517.103919724052,3470.264404296875,15945,58.76406396989652,180.84321103794292,-0.11940839908341974
6,120.1,5543.838040457571,3502.1220703125,15473,57.46002714405739,181.2133393653461,-0.11132440609330953
6,125.1,5453.692217974471,3449.10009765625,15433,58.35145467504698,179.31698308818764,-0.12477891512936741
6,130.1,5377.831763807585,3386.0498046875,15716,59.957495545940446,177.25445405955713,-0.14077814514621115
6,135.1,5323.422535211268,3349.120849609375,15549,59.89922181490771,176.1614251720368,-0.1501489952843612
6,140.1,5086.025934307909,3153.255859375,16349,66.42033151874732,169.8232307786409,-0.19985041431757317
6,145.0,4969.250104508808,3073.287109375,16745,69.79683487608241,165.96034637205136,-0.22014276134986388
6,150.1,4787.9865117597055,2916.544189453125,17645,76.43672428449986,160.1836214224993,-0.2599168196652588
6,155.1,4821.3014800139845,2939.647705078125,17162,73.87169327584198,161.5907819601445,-0.254054222629186
6,160.1,4771.420805018296,2900.40625,17217,75.26264738340012,159.87552999941917,-0.26401187764439327
6,165.1,4863.391507118311,2970.063232421875,16296,69.9485149729995,162.58511291114385,-0.24633617731736726
6,170.1,4851.300324270392,2970.87548828125,16036,68.69724370167124,162.45023696682463,-0.24613006458236206
6,175.1,5195.305541322012,3251.37890625,13661,54.53334309347778,172.73471927384526,-0.17495135163304668
6,180.1,5198.700599678222,3255.00634765625,13674,54.2211496270294,173.17551557700745,-0.17403087582399718
6,185.5,5200.897839343522,3237.90771484375,13283,52.94120304148159,173.547692539336,-0.17836971306740743
6,191.1,5292.182173323767,3285.008056640625,12543,50.51829705812007,174.2559196364506,-0.16641783835282586
6,196.7,5266.528142362509,3255.06396484375,12419,50.38642402769949,173.40180368789757,-0.17401625526329348
6,202.4,5238.248643905552,3227.485595703125,12536,51.46194958519464,172.26308232291,-0.18101436186351144
6,208.0,5241.302753049786,3232.90869140625,12132,50.56247939333993,172.1779591163864,-0.1796382325630392
6,213.6,5212.969584569733,3201.4267578125,12132,50.97700296735905,171.57995384108145,-0.18762688215093332
6,219.2,5126.653322327693,3157.004638671875,12115,52.34758563763929,170.00511762278168,-0.19889914859890612
6,224.9,5074.025917926566,3109.47998046875,12038,52.20726034224954,168.5689483302874,-0.2109586950698565
6,230.5,5025.704377390565,3046.85791015625,11765,52.01657458563536,166.5918402039949,-0.22684926210587697
6,236.1,4901.117322232605,2957.4833984375,11771,53.9509812250446,164.5386967972135,-0.2495283537215194
6,241.8,4897.953700602813,2947.732177734375,11944,54.15614534494307,164.62860013395849,-0.252002759717565
6,247.5,4625.316798732171,2702.07763671875,12620,62.30198098256735,155.67496038034867,-0.3143384495507455
6,253.1,4836.045143758765,2898.397705078125,11408,53.10685483870968,164.07722650771387,-0.26452155286858564
6,258.7,4657.509433962264,2726.99658203125,11872,59.18177223719677,157.64125673854448,-0.3080151809494491
6,264.4,4755.178801843318,2818.17724609375,10850,52.41299539170507,162.44,-0.28487777192666247
6,270.0,4778.797195654192,2845.59765625,10769,51.67220726158418,163.9268270034358,-0.27791974796532287
6,275.6,4756.9703067005275,2831.450927734375,10238,50.167903887478026,163.4856417268998,-0.28150952927878176
6,281.2,4776.994558226971,2836.040283203125,10107,49.46819036311467,163.9972296428218,-0.2803449644478145
6,286.9,4773.481890091591,2813.553955078125,9608,47.21950457951707,163.22699833472106,-0.28605094802007813
6,292.5,4708.323844201699,2752.700439453125,9063,45.171245724373826,161.99271764316453,-0.30149273818432887
6,298.1,4769.510049129076,2771.424560546875,8956,43.69696292987941,162.9745422063421,-0.29674142766479455
6,303.8,4726.388718342287,2682.589111328125,7818,39.75607572269123,157.71488871834228,-0.31928373030571755
6,309.4,4720.248951232302,2652.073974609375,7628,38.47155217619297,157.27621919244888,-0.32702705184112574
6,315.0,4699.208757364756,2611.871337890625,7468,37.4061328334226,156.119309051955,-0.33722861002366566
7,0.1,7784.740017724386,4428.20556640625,40622,897.0110285067205,286.41800009846884,-0.0078110917542295
7,5.1,7897.177848038731,4495.17724609375,40484,897.7451091789349,284.50560715344335,0.007194660972478938
7,10.0,7886.313341463415,4502.01123046875,41000,898.3790731707317,284.16465853658536,0.008725891488839713
7,15.1,7842.728040829284,4461.21484375,40951,894.7019852995043,286.2331078606139,-0.0004149945409158727
7,20.1,7845.313268673132,4428.72607421875,40004,893.4110838916108,286.2117538246175,-0.007694466166172871
7,25.1,7770.704002715349,4401.6220703125,41247,892.9454748224114,287.35318932285986,-0.013767420919864663
7,30.0,7761.770748118208,4368.97021484375,41317,892.877701672435,287.98576856983806,-0.021083433770647846
7,35.1,7667.665634598845,4286.9228515625,40695,889.4588524388746,289.9505590367367,-0.039467061761191594
7,40.0,7655.384463840399,4259.25927734375,40100,887.6738653366583,291.47735660847883,-0.045665394492287605
7,45.1,7601.005987874554,4209.84228515625,40081,885.5866370599535,292.31962775379856,-0.056737823446189335
7,50.1,7567.91049382716,4184.47802734375,40176,884.1728892871366,291.56737853444844,-0.06242096865931286
7,55.1,7583.851930579173,4196.96142578125,39988,883.5079023707112,291.0214564369311,-0.05962392383355696
7,60.0,7608.012116296165,4192.0595703125,39451,883.1096043192822,290.2686877392208,-0.06072223929181259
7,65.1,7604.580883093344,4174.916015625,39724,881.9291108649683,289.9479659651596,-0.06456344416673591
7,70.0,7577.802081253743,4148.4248046875,40072,881.185341385506,289.9821321621082,-0.0704990958125374
7,75.0,7575.217677503643,4172.20263671875,39802,879.2887292095875,289.90749208582486,-0.06517140701179285
7,80.1,7544.240584375387,4147.548828125,40385,878.9860344187198,289.69614956048036,-0.0706953681436571
7,85.1,7526.562982588948,4162.0751953125,39630,876.9278829169821,290.0952561191017,-0.06744057335502227
7,90.1,7535.411392086873,4159.591796875,39782,876.008873359811,290.6003468905535,-0.06799700650779526
7,95.0,7508.85882204883,4159.42041015625,39730,874.5045305814247,290.987842939844,-0.06803540761605781
7,100.1,7466.207943327707,4115.6171875,39102,872.2528003682676,292.2331082809063,-0.0778500088158441
7,105.1,7441.604138355427,4093.701416015625,39001,869.7052896079588,292.5826517268788,-0.08276048215687574
7,110.1,7463.197867329244,4123.41162109375,38637,868.7321738230194,292.34244377151435,-0.07610357892639946
7,115.1,7534.609762872799,4168.63134765625,39599,869.1086643602112,290.85615798378745,-0.06597159420789622
7,120.1,7495.009901752046,4139.56982421875,38983,866.2507503270656,292.5745068363133,-0.07248315307276908
7,125.1,7532.159415865262,4155.322265625,39306,868.1196000610594,290.9315117284893,-0.06895364266348679
7,130.1,7517.036323388841,4134.34521484375,39754,867.2903858731197,291.34240579564323,-0.07365378514800917
7,135.1,7462.068654225459,4103.501953125,39546,865.465103929601,292.24255297628076,-0.08056456237199897
7,140.1,7415.187875271205,4064.397216796875,39638,864.7213784752006,293.2712296281346,-0.0893264152405705
7,145.0,7409.169791510424,4084.763671875,40002,864.8785060746962,293.7096645167742,-0.08476308354203763
7,150.1,7402.304600581337,4083.165771484375,39908,864.216447830009,294.49859677257695,-0.08512111096878747
7,155.1,7411.253823084739,4095.2626953125,40347,864.3201477185416,295.5129253723945,-0.08241066009513927
7,160.1,7418.111315045389,4109.65087890625,40318,864.5817252839922,294.94855895629746,-0.07918682688382155
7,165.1,7439.493218127662,4117.4404296875,40623,865.0526302833371,294.23117445781946,-0.07744149104304536
7,170.1,7388.492500123353,4086.120361328125,40534,864.2272413282676,294.68700350323184,-0.08445910211950916
7,175.1,7440.280329043255,4104.9580078125,40481,864.7261431288753,293.02131864331415,-0.08023831705906757
7,180.1,7406.306602519159,4072.915771484375,41363,865.2956265261224,293.7673524647632,-0.08741773793359493
7,185.5,7362.942535762319,4049.66552734375,40895,863.2466071646901,294.65626604719404,-0.0926272147757136
7,191.1,7369.396119410189,4033.9970703125,41437,864.1033134638126,293.2996355913797,-0.09613790754789858
7,196.7,7297.998359073359,3964.7529296875,41440,863.6950530888031,294.5072635135135,-0.11165283052490303
7,202.4,7304.993244873342,3964.833984375,41450,862.5526658624849,295.7366948130277,-0.11163466931700679
7,208.0,7302.270496939316,3945.0615234375,41494,862.3862004145178,295.6898105750229,-0.11606490999502288
7,213.6,7315.560186541655,3934.598388671875,40956,860.9885242699482,297.45736888368003,-0.11840929218420813
7,219.2,7317.2166262135925,3909.942626953125,41200,860.5306553398058,297.7358980582524,-0.12393369093553976
7,224.9,7342.834119033589,3930.20703125,40728,860.3464938126104,298.1801463366726,-0.11939322485417746
7,230.5,7329.540934533949,3909.96142578125,41090,859.3041129228523,298.56948162569967,-0.12392947884816624
7,236.1,7358.597486596823,3937.308349609375,40662,858.0962323545325,298.4888593773056,-0.11780209517321912
7,241.8,7376.272473286933,3920.94580078125,40804,858.2975933731987,299.2111067542398,-0.12146830696362408
7,247.5,7374.722779580998,3915.642333984375,40668,857.5654814596243,299.2857037474181,-0.12265660792485962
7,253.1,7375.972136374786,3905.84716796875,40770,857.43424086338,299.43804267844,-0.1248513242562011
7,258.7,7370.968515083472,3933.109375,40972,856.6319925802987,300.0791760226496,-0.11874292232565156
7,264.4,7282.049255880941,3852.18017578125,41660,857.1028084493519,302.21809889582335,-0.13687601317112055
7,270.0,7272.53256714193,3880.17724609375,41591,856.5873145632469,301.1933591401986,-0.13060295691596951
7,275.6,7259.32933444856,3881.56494140625,41845,856.4142908352252,300.71635798781216,-0.1302920282843964
7,281.2,7300.592312326787,3918.693359375,41495,856.1866730931438,300.6147005663333,-0.12197299161437945
7,286.9,7333.07396808459,3935.015625,41234,855.8269631857205,300.76531503128484,-0.1183158057254892
7,292.5,7294.808640319868,3934.548095703125,41017,855.0893044347466,301.8954336007021,-0.11842056088549316
7,298.1,7360.602090149924,3972.681884765625,40954,854.4630316940958,301.8729550227084,-0.10987625959464264
7,303.8,7324.114759300849,3965.16796875,40964,853.7912069133873,302.4384093350259,-0.1115598363880849
7,309.4,7342.406914174795,3980.490234375,40699,853.1910612054351,301.63940145949533,-0.10812671166649293
7,315.0,7330.892073827475,3981.169921875,40852,853.2256682659356,302.13889160873396,-0.10797442009184488
8,0.1,11000.848021994807,5017.24658203125,26188,1090.4025126011913,235.11734382159767,0.007030647821835838
8,5.1,10995.403961934357,4991.61572265625,25745,1090.9256943095747,236.27430569042534,0.0018861805331288667
8,10.0,10918.43176433423,4943.546875,25324,1090.9586558205656,237.40195071868584,-0.007761900740908278
8,15.1,10959.180960482561,4988.31884765625,25862,1089.291122109659,237.23474595932257,0.0012244522100825076
8,20.1,10899.931906466602,4970.36376953125,26258,1087.7966714905933,236.01165359128646,-0.002379379824138569
8,25.1,10780.056753222492,4979.9111328125,26765,1089.7110031757893,237.65447412665796,-0.00046309222038776096
8,30.0,10790.743675200727,5018.0341796875,26404,1089.8771019542494,237.77022420845327,0.00718872954355885
8,35.1,10792.078621675508,5094.9072265625,26583,1086.3931083775344,237.44735357183163,0.022618211218192522
8,40.0,10814.190391329648,5150.37646484375,27496,1085.1860270584812,237.39543933663077,0.03375165304674546
8,45.1,10733.418515875846,5135.73974609375,28030,1084.7742062076347,238.25372814841242,0.030813861546206706
8,50.1,10750.49087912088,5176.0947265625,27300,1083.6024542124542,237.6370695970696,0.03891366319235783
8,55.1,10738.389305253691,5197.08056640625,26686,1081.9711084463763,238.84051562617103,0.0431258109406116
8,60.0,10781.646796657382,5192.38818359375,26925,1082.9317734447538,237.7947260909935,0.042183984935801846
8,65.1,10782.360291083687,5183.5966796875,26659,1082.4975805544093,237.52710154169324,0.04041940874260728
8,70.0,10782.997623747899,5178.5693359375,27354,1082.8710243474445,235.94710097243546,0.03941035145379133
8,75.0,10745.603911526758,5206.8037109375,26946,1080.3194537222594,238.46481852594076,0.04507738026774759
8,80.1,10757.434363971151,5241.5712890625,26068,1079.6576645695873,239.19897959183675,0.05205571313418612
8,85.1,10659.74478270626,5211.4306640625,26738,1078.6828857805372,239.0099109881068,0.04600607363107509
8,90.1,10687.665698315805,5186.04150390625,27194,1079.71541516511,238.81212767522248,0.04091011871202273
8,95.0,10598.37167787675,5131.20263671875,27505,1079.6287220505362,239.89576440647156,0.029903201063720516
8,100.1,10563.874564585054,5112.93701171875,27847,1077.879735698639,240.10618738104642,0.026237037984852298
8,105.1,10558.125031239959,5110.89990234375,28009,1075.3348923560284,240.26120175657823,0.025828162012733014
8,110.1,10562.79298349493,5145.71435546875,27022,1073.341277477611,240.6918806898083,0.03281590333874092
8,115.1,10615.365116451565,5116.87744140625,26964,1077.298917074618,241.27080551846907,0.027027936617403263
8,120.1,10618.765737051794,5132.9013671875,27610,1074.6246287576964,240.80010865628395,0.03024415971832334
8,125.1,10577.290704974333,5092.89697265625,27079,1076.1144059972673,242.01303593190295,0.022214725509368195
8,130.1,10592.715283876141,5109.98388671875,26191,1074.4354931083196,242.80394028483067,0.02564430503198139
8,135.1,10499.777481069612,5032.591796875,27337,1075.308739071588,242.15700332882173,0.010110644268574274
8,140.1,10483.876513668334,5027.7646484375,27582,1074.4803132477703,241.16967587557102,0.009141768942502546
8,145.0,10401.270659454813,4958.85498046875,27917,1074.7290898019128,242.6366013540137,-0.004689352657995601
8,150.1,10360.416017518039,4936.9755859375,27857,1073.364827511936,243.12129805793876,-0.009080849166790668
8,155.1,10365.307669927628,4922.41748046875,27497,1072.4007709931993,243.31356147943413,-0.012002861896593274
8,160.1,10277.93723081268,4849.302734375,28326,1072.7850384805479,243.7403445597684,-0.026678000724294507
8,165.1,10283.209592617763,4838.03515625,27959,1072.8922350584785,243.66064594584927,-0.028939559193284108
8,170.1,10191.789768523411,4792.27685546875,28383,1070.4462178064334,243.69999647676426,-0.03812388181438059
8,175.1,10148.29234020074,4754.9609375,28395,1071.3591477372777,244.7362916006339,-0.04561370166511695
8,180.1,10103.14210638449,4710.6201171875,28162,1070.9784461330871,245.80399119380726,-0.05451351638902688
8,185.5,10061.652110575422,4720.09375,28831,1068.5767403142452,245.2466095522181,-0.0526120275081404
8,191.1,10055.066409239545,4697.04150390625,28746,1070.6530299867807,244.9748486745982,-0.05723893151574432
8,196.7,10022.03655388428,4696.6572265625,29053,1070.3485698550924,243.65184318314803,-0.057316061283255795
8,202.4,10058.313455291503,4700.60009765625,29245,1069.8143272354248,243.72504701658403,-0.056524672626768926
8,208.0,10058.324388563555,4673.310546875,29030,1069.6771960041337,243.56393386152257,-0.06200206217752988
8,213.6,10117.013405191527,4699.6328125,29317,1068.767711566668,242.82235562983934,-0.05671882011017456
8,219.2,10100.098864695125,4670.68505859375,28979,1068.2675730701542,243.2390351633942,-0.06252903391820232
8,224.9,10082.570656908869,4675.77587890625,28695,1066.8320961840043,242.84903293256664,-0.06150723600705282
8,230.5,10086.724834161017,4669.7548828125,27587,1063.538188277087,245.18425345271322,-0.06271573303778219
8,236.1,10033.796716322848,4642.68994140625,28261,1064.3055447436398,245.53405753511908,-0.06814804038643986
8,241.8,10039.205059203445,4657.75634765625,27870,1063.6737710800144,245.9707570864729,-0.0651240046731818
8,247.5,9986.692242625031,4622.78662109375,28373,1063.9826243259438,245.8923624572657,-0.07214291152151328
8,253.1,9952.811580549314,4579.0,27598,1062.6982027683166,247.5371766070005,-0.08093149081197273
8,258.7,9908.219277023947,4557.37255859375,28521,1062.1745380596753,248.11461729953368,-0.08527241685058239
8,264.4,9807.524008205557,4502.63916015625,28761,1062.0371683877472,248.9397100239908,-0.0962581654648535
8,270.0,9754.973394463548,4501.46142578125,28791,1060.9838838525927,249.48615886909104,-0.09649455301153416
8,275.6,9754.331986741247,4531.4111328125,28962,1060.2535045922243,248.2038187970444,-0.09048323338021091
8,281.2,9742.804072817033,4518.58251953125,29169,1060.7187767835717,248.81686036545648,-0.09305811315381829
8,286.9,9750.958936464554,4530.35205078125,29637,1061.1547727502784,248.43293855653405,-0.09069580576360659
8,292.5,9642.560987169505,4458.5546875,29539,1059.6198923457125,249.0209214936186,-0.10510652767549339
8,298.1,9730.691595081691,4514.80712890625,29685,1058.9693447869295,248.87219134242883,-0.09381588616830207
8,303.8,9659.226213462947,4482.33447265625,30038,1057.8498568479924,249.29795592249818,-0.10033359653498972
8,309.4,9648.206476520118,4469.083984375,30047,1057.931806835957,249.5435484407761,-0.10299315244472151
8,315.0,9620.309956538917,4465.060546875,30372,1057.8501909653628,249.79099170288424,-0.10380071189109326
9,0.1,7321.932616935929,4469.3310546875,54346,639.5570051153719,404.5919478894491,0.004565018328184286
9,5.1,7335.235297332751,4454.884765625,54888,640.2377386678327,405.67920128261187,0.0013179470194648489
9,10.0,7277.654141711969,4430.5888671875,54265,636.7607297521423,405.2276605546853,-0.004143006613309495
9,15.1,7292.930717781721,4461.50634765625,51283,629.0257005245403,402.6670046604138,0.002806270348659207
9,20.1,7313.348047240412,4428.794921875,51312,632.2868724664796,402.14062987215465,-0.004546229082999051
9,25.1,7253.532840224728,4408.01220703125,49482,626.0654177276585,401.9605108928499,-0.009217529566776019
9,30.0,7237.243436704802,4389.39794921875,48337,624.245340008689,399.5678465771562,-0.01340142912842688
9,35.1,7222.980592671531,4363.869140625,48796,624.9816583326502,400.5955816050496,-0.019139502177631853
9,40.0,7238.959329563812,4354.048828125,49520,625.5485864297253,400.0459814216478,-0.021346799485850783
9,45.1,7198.179089989889,4312.6865234375,49450,624.0328614762386,400.40994944388274,-0.030643744343608625
9,50.1,7141.026863033873,4257.70361328125,50925,625.8506431026019,400.6182032400589,-0.04300217281377533
9,55.1,7110.462974875132,4209.70751953125,52856,627.6688928409263,402.1464355986075,-0.05379018475732585
9,60.0,7108.623221358369,4135.47998046875,54536,632.1229646472055,402.9407180577967,-0.07047420037988082
9,65.1,7101.629156386935,4110.0322265625,54314,630.6335751371654,402.7882313952204,-0.07619405488527294
9,70.0,7082.276467051686,4072.770263671875,54889,630.6270473136694,403.1144309424475,-0.08456937190165406
9,75.0,7064.892014267497,4052.928466796875,54109,627.0692491082814,402.2282984346412,-0.08902918362683228
9,80.1,7039.799533022015,4030.564453125,53964,624.8366688903714,402.0740678971166,-0.09405591034035601
9,85.1,6973.817194472821,3971.336669921875,55797,627.2904457228883,402.30994497912076,-0.10736845273002359
9,90.1,6951.8043653134555,3977.414306640625,55941,624.4769489283352,402.0574891403443,-0.1060023911948505
9,95.0,6893.833650918027,3966.872802734375,56153,621.2154114651042,400.4596726799993,-0.10837178964289836
9,100.1,6863.792243620352,3928.158935546875,56547,621.1223230233257,400.37895909597324,-0.11707344906908403
9,105.1,6888.178467850322,3929.6298828125,56548,620.1623576430643,400.4326236117988,-0.1167428263989861
9,110.1,6846.220384117314,3903.71875,54827,614.5350101227498,399.8594852900943,-0.12256683390485056
9,115.1,6854.257087426155,3922.189453125,57214,616.805135106792,400.09010032509525,-0.11841520092079597
9,120.1,6829.923326949769,3874.690185546875,56917,613.7154980058682,400.6078851661191,-0.12909154197079475
9,125.1,6815.355809911697,3872.44482421875,56963,611.916594982708,399.8544669346769,-0.1295962285594903
9,130.1,6788.332760878067,3850.158203125,58811,613.104521263029,400.61646630732344,-0.13460555985618067
9,135.1,6768.3983882270495,3892.5830078125,59934,612.4050789201455,400.13718423599295,-0.1250697984241048
9,140.1,6763.129702866342,3831.628662109375,57146,607.4341686207258,399.5589892555909,-0.13877041774703916
9,145.0,6759.260444899848,3956.9453125,60508,610.9494281747868,400.91017716665567,-0.11060317713405057
9,150.1,6773.811739550985,4038.5673828125,58929,604.9018479865601,400.31560012896875,-0.09225710351449543
9,155.1,6786.625865215461,4056.953369140625,60823,609.2885421633264,400.49601302138996,-0.0881245122012332
9,160.1,6777.736885570825,4129.49169921875,60544,606.8804505813954,400.57865354122623,-0.07182017761675417
9,165.1,6785.1571478890955,4138.376953125,59619,604.3783189922675,400.41444841409617,-0.0698230520639668
9,170.1,6738.785687437695,4115.89990234375,61191,606.4220555310421,399.98993316010524,-0.074875185963591
9,175.1,6755.74662717436,4149.90478515625,58408,600.729608957677,398.8058485139022,-0.06723195808277443
9,180.1,6753.974036532208,4261.7392578125,57812,598.4742959939113,398.069916280357,-0.04209508688236973
9,185.5,6730.867755257861,4297.37060546875,57628,597.3918060664954,397.97268688831815,-0.03408628087239259
9,191.1,6739.755365866563,4279.44384765625,56701,596.6942381968572,396.28636179256097,-0.038115652062425905
9,196.7,6697.316689502998,4260.640625,56197,595.6410840436322,394.9007776215812,-0.042342024976218806
9,202.4,6728.343781218781,4302.68603515625,56056,595.2013522192094,393.49605751391465,-0.0328915394992188
9,208.0,6713.80151036561,4305.16552734375,55086,593.5194786334096,392.99834803761394,-0.03233422765896742
9,213.6,6714.303380577241,4294.35986328125,56233,595.8608468337097,393.643109917664,-0.03476300099980299
9,219.2,6695.607898234928,4251.35791015625,59431,603.0059733135905,394.49968871464387,-0.04442848724384759
9,224.9,6678.539102852983,4281.51953125,57694,599.0370402468194,393.03489097653136,-0.03764910369044705
9,230.5,6656.927735985594,4240.2919921875,59421,603.541508894162,392.5380252772589,-0.04691575747535941
9,236.1,6636.667803547067,4243.5986328125,60106,603.9310384986524,392.8663694140352,-0.04617252868800566
9,241.8,6661.020908520984,4271.9619140625,59019,602.2658465917756,392.3964316576018,-0.03979735535667007
9,247.5,6638.624239190248,4240.525390625,59969,604.5267888409011,393.536310427054,-0.046863296849199466
9,253.1,6634.565022725731,4235.42236328125,58964,603.7335492843091,391.16476154942,-0.04801029685756244
9,258.7,6671.676023213711,4279.97998046875,59103,602.8863171074227,391.7167994856437,-0.03799514627262755
9,264.4,6628.257545543651,4273.09033203125,59174,601.8421942069152,391.43718525027884,-0.039543722496721084
9,270.0,6600.032972635179,4237.42578125,60808,604.7752762794369,391.28011116958294,-0.047559991524645656
9,275.6,6602.564071343952,4256.84130859375,60776,604.4501283401343,390.5358858760037,-0.04319599177988087
9,281.2,6613.7551917710425,4264.55419921875,61636,605.3610227788954,390.3294503212408,-0.04146237661079643
9,286.9,6634.121386347073,4274.916015625,61745,605.891051907037,389.6466920398413,-0.03913336625987589
9,292.5,6603.844906126965,4257.16015625,61466,605.4777112550028,388.9393485829564,-0.043124324857532675
9,298.1,6652.610237879181,4284.552734375,61712,606.1913080114078,388.3473716619134,-0.036967335050895736
9,303.8,6624.271222611387,4268.20703125,61385,605.7033803046347,386.98682088458094,-0.04064133488631424
9,309.4,6613.2358961842,4263.205078125,61455,605.5013587177609,385.919046456757,-0.041765616590043096
9,315.0,6596.322247519922,4237.98046875,61490,606.266693771345,385.76700276467716,-0.04743531522481786
10,0.1,8742.980600539811,5974.42724609375,23712,100.09113529014844,331.0632169365722,0.03801664365699223
10,5.1,8538.147327721616,5798.77783203125,24829,109.15848403077047,330.92279189657256,0.007498736628383903
10,10.0,8415.05141296604,5705.92578125,25266,112.64818332937544,330.64762922504553,-0.008633684127369546
10,15.1,8365.13862708137,5675.65380859375,25464,114.43842287150487,330.2073122840088,-0.013893236241601416
10,20.1,8317.404419584827,5623.30517578125,25387,114.71457832749044,329.8102572182613,-0.022988459916405014
10,25.1,8149.323493376216,5503.21728515625,26118,117.22559154606019,328.9151542997167,-0.04385292508365804
10,30.0,8069.561610656979,5427.7109375,26424,119.05653950953679,328.8484710868907,-0.05697164631675761
10,35.1,7988.409161227031,5359.54833984375,26503,119.8835603516583,328.6058559408369,-0.06881444026631042
10,40.0,8009.468723999697,5361.2666015625,26442,118.1533166931397,327.7026321760835,-0.06851590382277313
10,45.1,7921.311831989499,5265.27978515625,26665,119.79313707106694,327.34070879429964,-0.08519296907057246
10,50.1,7874.361695753127,5239.134765625,26702,119.15511946670661,326.7460115347165,-0.08973549077253458
10,55.1,7805.222093803594,5177.05029296875,26822,119.29595108493028,326.35165162925955,-0.10052225128953489
10,60.0,7837.8286583048275,5166.46044921875,26310,117.03063473964272,324.8054732041049,-0.1023621655797983
10,65.1,7837.82015651842,5176.10302734375,26195,114.33605649933193,323.4765794999046,-0.1006868323354179
10,70.0,7853.03997549395,5166.787109375,26116,112.6338642977485,321.1572599172921,-0.10230541056964586
10,75.0,7855.561311068924,5168.58203125,25811,111.24539924838247,320.48862887916005,-0.10199355493837473
10,80.1,7917.442577474835,5212.39208984375,25234,106.90005548070064,319.5377268764366,-0.09438185123746619
10,85.1,7799.683033278778,5147.60302734375,25662,108.21915672979503,319.1442599953238,-0.10563851609113972
10,90.1,7838.866677117216,5183.44580078125,25517,106.17251244268527,318.16808402241645,-0.0994110747230525
10,95.0,7764.994055766298,5163.25390625,25571,107.08036447538227,317.6765476516366,-0.1029192809036714
10,100.1,7679.40353816779,5109.34130859375,25663,108.61859486420138,317.6607567314811,-0.1122862329753633
10,105.1,7725.2989219079445,5154.82373046875,25137,105.95993953136811,316.64582090146,-0.10438396737643965
10,110.1,7689.260713143588,5142.77880859375,25016,104.84641829229294,315.84086184841703,-0.10647669172687389
10,115.1,7741.104575163398,5172.1474609375,24786,102.34547728556443,314.5809327846365,-0.10137408545536553
10,120.1,7729.6758266218785,5157.79296875,24709,101.35650977376665,313.92367153668704,-0.10386808214962796
10,125.1,7698.019306122449,4991.97705078125,24500,98.46371428571429,312.8873469387755,-0.13267748521790731
10,130.1,7677.457489382555,5124.47509765625,24488,100.61446422737667,313.15068605031036,-0.10965683867840535
10,135.1,7779.173924279623,5231.49072265625,23217,89.70345005814704,311.3932463281216,-0.09106359194433805
10,140.1,7561.315086241801,4863.74072265625,24698,101.36845088671147,311.9889059842902,-0.154957686722117
10,145.0,7410.665909001842,4771.67724609375,25517,106.50291962221264,312.2991339107262,-0.17095309799895236
10,150.1,7425.643361331283,4924.8486328125,25359,107.29109980677471,312.04258843014316,-0.1443405973864394
10,155.1,7461.860916613622,4955.39453125,25136,106.45221992361553,311.85407383831955,-0.1390334525058465
10,160.1,7351.988116111435,4899.7421875,25665,109.60596142606663,311.54716540035065,-0.1487026737870648
10,165.1,7390.456983419647,4897.08251953125,24909,105.78156489622225,310.44690674053555,-0.1491647732493972
10,170.1,7298.953169550443,4801.9140625,25603,111.11654884193258,310.2194664687732,-0.1656996540472481
10,175.1,7406.5322533505905,4757.83154296875,23951,100.3040374097115,308.1336478643898,-0.17335869600774567
10,180.1,7781.65117154418,5192.7744140625,21254,80.35574480097864,305.1055801260939,-0.09779029076346735
10,185.5,7714.739863907003,5106.71826171875,21162,80.26864190530196,304.5164445704565,-0.1127419697683961
10,191.1,7831.505574930006,5184.763671875,20359,76.24794930988752,302.9601650375755,-0.0991821034638575
10,196.7,7893.130163718384,5201.0478515625,19729,73.41375639920929,301.4284048862081,-0.0963528365153014
10,202.4,7844.897100281917,5192.59423828125,19864,74.34700966572694,300.4643072895691,-0.0978215950964214
10,208.0,7947.554540232886,5224.505859375,19151,70.33836353193045,298.47564095869666,-0.0922771650687487
10,213.6,7940.840655014958,5213.94091796875,19053,70.14533144386711,297.5560804072849,-0.09411275274388838
10,219.2,7944.429671430832,5230.033203125,18961,68.95770265281367,295.21612784135857,-0.09131682618246219
10,224.9,7851.661674608577,5176.69970703125,19097,69.25820809551239,294.09158506571714,-0.10058316324362973
10,230.5,7891.334319995772,5173.59912109375,18919,68.22733759712459,292.15233363285586,-0.10112186924432932
10,236.1,7844.459239842726,5214.6103515625,19075,68.24933158584535,290.37284403669724,-0.09399644314909167
10,241.8,7777.047090251951,5057.9599609375,19091,69.66654444502645,290.8240532187942,-0.12121339734506677
10,247.5,7759.267441860465,5090.66796875,19092,68.1358684265661,288.3605698721978,-0.11553060046902541
10,253.1,7661.484950875916,5137.47705078125,19237,70.09455736341425,287.92971877111813,-0.10739783657027485
10,258.7,7652.528120006186,5126.18994140625,19399,69.58075158513326,286.5171916078148,-0.10935889608400268
10,264.4,7705.052821383114,5082.11962890625,18856,66.40973695375477,285.6656236741621,-0.1170158171547337
10,270.0,7629.692802530978,5075.87646484375,18965,67.48083311363037,285.7810176641181,-0.11810052501692976
10,275.6,7630.7462326069835,5012.84423828125,19045,66.13641375689157,284.5896560777107,-0.12905195141540377
10,281.2,7661.853170189099,5026.3427734375,18879,66.1636209544997,283.8444832883098,-0.12670667151157067
10,286.9,7626.456979876406,4949.58935546875,18933,66.09301220091903,282.9261078540115,-0.14004206284321932
10,292.5,7516.6909733042485,4768.39306640625,19254,66.32954191336864,282.17575568712994,-0.17152370218174062
10,298.1,7582.314196683215,4802.13623046875,18934,66.23713953734024,282.14518854969896,-0.1656610538534972
10,303.8,7509.999268929504,4650.50390625,19150,64.74208877284595,279.55780678851175,-0.19200615268424556
10,309.4,7434.799336134018,4586.80224609375,19281,66.29163425133551,279.23152326124165,-0.20307388867751627
10,315.0,7494.9757805816935,4600.30517578125,18704,64.16541916167665,278.0846343028229,-0.20072784525336723
11,0.1,5715.212035967248,2773.519287109375,39814,191.94338674837996,540.6264630531973,-0.017557680981466973
11,5.1,5710.6224009218895,2812.029052734375,39918,189.87361591262086,542.3418507941279,-0.003916664089561293
11,10.0,5668.32818647465,2829.977294921875,40413,189.0169252468265,542.8781580184594,0.0024410031381187423
11,15.1,5672.996403143554,2850.90771484375,40591,187.86541351531127,544.0557512749132,0.009855024155261094
11,20.1,5658.230058545984,2848.997314453125,40481,188.13801536523306,543.0177614189373,0.009178317777648107
11,25.1,5617.830953024753,2866.360107421875,40681,188.362011749957,542.8054865907918,0.015328605849607256
11,30.0,5614.185286844709,2868.670166015625,40440,187.61308110781405,543.186350148368,0.01614688006621736
11,35.1,5587.383714899607,2871.061279296875,40491,186.06117408806895,544.3032278778,0.016993865658848875
11,40.0,5598.0200890112865,2882.425537109375,40669,185.70768890309571,544.0107206963535,0.021019338945127374
11,45.1,5589.012084891409,2893.97802734375,40381,184.8610485129145,544.5279958396276,0.025111488348612217
11,50.1,5559.764845546954,2882.311767578125,40433,184.37565849677245,544.3416021566542,0.020979039242639497
11,55.1,5556.100076507318,2894.467529296875,40519,184.10918334608456,543.8459734939164,0.025284880845368004
11,60.0,5566.55710653572,2895.917236328125,40118,184.47933595892118,542.49740764744,0.025798399371919557
11,65.1,5554.650096548992,2895.908935546875,40394,184.4095162647918,541.4917314452641,0.025795459050278812
11,70.0,5565.5979722947195,2907.042724609375,39848,183.84940273037543,541.3675717727364,0.029739295171002468
11,75.0,5572.285004058442,2925.826416015625,39424,183.84118810876623,540.777546672078,0.03639289712381882
11,80.1,5549.853798231511,2921.133056640625,39808,183.51836314308682,539.9478747990354,0.03473040467612143
11,85.1,5515.211686327548,2918.64306640625,39927,183.37676259172991,538.9018959601273,0.03384839466394573
11,90.1,5513.793978129525,2933.661865234375,40054,183.3905227942278,538.5652369301444,0.039168387792587016
11,95.0,5490.141324650412,2938.1552734375,39618,181.88772780049473,539.6707809581503,0.040760053080761714
11,100.1,5468.68812055844,2935.225341796875,39682,182.08893200947534,539.1925306184164,0.03972220602162645
11,105.1,5461.037250143847,2913.405517578125,39973,181.24794236109375,538.375828684362,0.031993138188682935
11,110.1,5773.519397799652,2903.7353515625,31086,215.71694653541786,506.235604452165,0.028567749957261492
11,115.1,5440.861863962231,2908.9658203125,40033,181.0982439487423,538.0285264656658,0.03042049851112483
11,120.1,5448.004943662325,2907.45654296875,39849,181.85919345529373,536.6206429270496,0.029885878852798507
11,125.1,5411.124531623287,2892.42333984375,39765,182.08932478310072,536.5378347793286,0.024560783401310043
11,130.1,5403.318138388816,2903.0947265625,39772,181.59345770894097,536.2134667605351,0.02834082631063447
11,135.1,5364.715277605575,2839.835205078125,40327,181.29042576933568,535.4373744637588,0.005932894526650008
11,140.1,5351.968886692203,2886.112548828125,40465,182.47132089460027,534.1053503027307,0.022325360633908373
11,145.0,5707.6335438094,2896.89208984375,30724,220.5660070303346,499.76012237989846,0.02614371420461076
11,150.1,5345.141906545741,2907.743408203125,40576,182.68732748422713,533.2561859227129,0.029987492909500778
11,155.1,5353.631784585521,2911.785888671875,40183,183.3333001518055,533.1234601697236,0.031419429548544334
11,160.1,5335.879472277397,2915.58740234375,40779,183.81134897864098,532.1608671129749,0.03276601037995798
11,165.1,5339.489687064178,2874.97021484375,40871,184.14413642925302,530.6956766411392,0.018378497711495714
11,170.1,5311.656911082506,2890.275390625,41173,184.93578315886626,529.4549826342507,0.023799931936742753
11,175.1,5324.129208103131,2808.544677734375,40725,185.4404174340086,528.83474524248,-0.0051509073382887734
11,180.1,5319.346507707129,2791.132080078125,41520,186.6842485549133,526.3806358381503,-0.0113188373400924
11,185.5,5285.791919914193,2778.555419921875,41955,186.07846502204742,526.0574663329758,-0.01577377054601641
11,191.1,5296.598352735471,2853.788818359375,43466,192.651727787236,515.3986104081351,0.010875575204744909
11,196.7,5262.661644284311,2797.954345703125,42742,190.51296148986944,519.2328622900192,-0.00890223887159179
11,202.4,5281.833163407174,2832.418212890625,43156,192.37406154416536,514.891115951432,0.0033056306605947342
11,208.0,5263.246604314518,2780.30029296875,42554,190.2316350989331,518.2845325938807,-0.015155697641121839
11,213.6,5285.728425215167,2805.36376953125,42990,193.2855315189579,514.4525238427541,-0.006277655887032492
11,219.2,5278.918561484918,2795.877197265625,43100,194.6972621809745,512.7607424593967,-0.009638011122164478
11,224.9,5255.099729779244,2796.518798828125,43668,195.91980397545112,511.1146377209856,-0.009410741555344423
11,230.5,5261.135536695876,2795.99853515625,43479,198.6450010349824,509.3161526254054,-0.009595030538180624
11,236.1,5256.183148013124,2808.115478515625,43888,200.3957801676996,507.1286000729129,-0.00530293926312502
11,241.8,5233.932616551817,2802.802001953125,44551,202.22785122668404,504.91728580727704,-0.007185091033395822
11,247.5,5183.099385990008,2818.796630859375,45439,205.47734325139197,504.3601311648584,-0.001519437151870306
11,253.1,5165.222586248598,2788.612060546875,45479,207.30125992216188,503.94630488797026,-0.012211484398203742
11,258.7,5124.232448831346,2753.951904296875,46806,208.5967397342221,504.6878391659189,-0.024488883889189097
11,264.4,5086.501879283661,2639.791259765625,45230,205.53977448596063,507.2740437762547,-0.06492712741437599
11,270.0,5096.167883700677,2621.896728515625,44781,203.9264866796186,506.63236640539515,-0.07126576903143943
11,275.6,5121.492989638847,2583.1494140625,43721,202.18419066352553,506.15027103680154,-0.08499093101029942
11,281.2,5140.105667671492,2575.555908203125,43457,202.60206641047472,505.88627839013276,-0.08768071995124468
11,286.9,5160.023086749507,2584.78515625,43055,202.62199512251772,505.33540819881546,-0.08441151468697584
11,292.5,5113.362904156377,2548.3271484375,43331,201.8573077011839,504.7461632549445,-0.09732575325332758
11,298.1,5154.012195976729,2564.19091796875,42801,201.79542534052942,504.61683138244433,-0.09170645267766796
11,303.8,5127.810266604303,2549.7373046875,42760,202.9811739943873,504.4045837231057,-0.0968262444945937
11,309.4,5112.036187587494,2542.781494140625,42860,203.4834811012599,503.3585860942604,-0.09929014754949103
11,315.0,5112.653801611874,2536.90966796875,42311,203.65498333766632,503.33256127248234,-0.10137007919012617
12,0.1,4895.713100843096,2146.39111328125,36532,77.32565969560933,500.1596956093288,-0.011153774766179866
12,5.1,4891.926293564397,2177.2783203125,36469,77.89936658531904,497.4832597548603,0.0030760167624365414
12,10.0,4856.246587455098,2165.24951171875,36190,78.12672008842222,495.80953302017133,-0.0024656768731684538
12,15.1,4856.908431875189,2200.8818359375,36279,78.6231704291739,494.16943686430164,0.013950198631531142
12,20.1,4830.007942238267,2163.206787109375,36010,78.32799222438211,493.40994168286585,-0.003406763754619783
12,25.1,4806.823911414536,2178.526123046875,36033,78.13665251297422,493.0568645408376,0.003650881714163295
12,30.0,4786.714628030092,2165.8896484375,35890,78.26132627472833,492.2642797436612,-0.002170764741799339
12,35.1,4762.209394882144,2167.5458984375,35679,78.29984024215925,491.17091286190754,-0.0014077274041913767
12,40.0,4777.120365898696,2140.990966796875,35201,77.45393596772819,490.82966393000197,-0.013641631911013372
12,45.1,4754.151185882887,2098.827392578125,35248,78.33979232864276,488.9485928279619,-0.033066465973450025
12,50.1,4731.38119430096,2100.317138671875,35234,78.31316342169495,488.4134926491457,-0.03238013728328437
12,55.1,4729.436820322535,2076.608154296875,35035,78.18721278721279,487.8133295276152,-0.04330290879416061
12,60.0,4708.515484458613,2029.3511962890625,35132,78.05618809062963,486.92513947398385,-0.06507427387898024
12,65.1,4699.783759853764,2037.721435546875,35012,78.21832514566434,485.87073003541644,-0.06121808968068718
12,70.0,4687.999688031764,2002.770263671875,35260,78.01094724900737,484.60745887691434,-0.07732015708221368
12,75.0,4673.764406732039,2012.7591552734375,35591,78.8542890056475,483.8297884296592,-0.07271825685379962
12,80.1,4662.613207278526,1982.61669921875,35117,78.3226357604579,483.0288464276561,-0.08660494027534453
12,85.1,4635.002059437659,1992.5628662109375,34961,78.49555218672235,482.04201824890595,-0.08202272335089295
12,90.1,4644.731447957351,2044.7618408203125,35077,78.59266755993956,481.66522222538987,-0.0579745623777288
12,95.0,4615.522439162422,2057.5234375,35340,79.35718732314658,480.1185625353707,-0.05209527196016179
12,100.1,4592.950073587683,2040.5416259765625,35332,79.31605909656969,479.5228404845466,-0.05991882290513022
12,105.1,4600.816563977647,2037.92041015625,34895,79.24800114629603,477.4093996274538,-0.061126421722233384
12,110.1,4582.759463676819,1217.7667236328125,34606,79.41313645032653,475.7324452407097,-0.4389726921489195
12,115.1,4591.462140166221,2026.1087646484375,34773,79.2652920369252,475.90038248066026,-0.06656806793569772
12,120.1,4594.950694524165,2033.7252197265625,34844,79.37243140856388,475.67739065549307,-0.06305915345731393
12,125.1,4560.98093220339,1782.829833984375,34928,79.77748511223088,475.0282867613376,-0.17864710645646345
12,130.1,4562.386150537634,1998.2850341796875,34875,79.56914695340502,474.1691182795699,-0.07938651033219374
12,135.1,4546.526705630461,2010.6683349609375,34562,79.4899600717551,472.9911752792084,-0.07368150151171156
12,140.1,4539.911796879498,1763.26513671875,34738,80.02461281593644,472.2333179803097,-0.18766059748298014
12,145.0,4543.4981830766565,1091.1322021484375,34674,80.03120493741709,471.722558689508,-0.497313442713566
12,150.1,4533.376201543715,2028.88623046875,34851,79.9084961694069,471.2954291125075,-0.06528848446410324
12,155.1,4542.798673007375,2052.073974609375,35117,80.09548082125467,471.6089073668024,-0.05460584926156912
12,160.1,4530.340037444684,2084.340087890625,35252,80.88046068308181,469.5922784522864,-0.03974079315706684
12,165.1,4520.742134062927,2069.421630859375,35088,80.00219448244414,469.22748518011855,-0.04661375299667063
12,170.1,4504.298373751783,1934.0533447265625,35050,80.10998573466476,468.2978601997147,-0.10897816455732516
12,175.1,4497.233812036227,1844.672119140625,35443,80.8739948649945,467.4596958496741,-0.15015625506493596
12,180.1,4485.832484436899,1936.73779296875,35340,80.62405206564799,466.49009620826257,-0.10774143445035754
12,185.5,4468.182004380849,1969.81787109375,35153,80.83950160725969,464.59974966574686,-0.09250138328636455
12,191.1,4465.970548599023,2046.542724609375,35618,81.21587399629401,464.1028693357291,-0.05715410603056175
12,196.7,4420.199614352783,2016.344482421875,35784,81.1674770847306,462.30994299128105,-0.0710664902232805
12,202.4,4429.498598351328,2040.1134033203125,36029,81.51913736156985,461.33078908656915,-0.06011610584884549
12,208.0,4416.061805074171,1996.6500244140625,36065,81.65287675031193,459.3260224594482,-0.08013976225583179
12,213.6,4425.025999394723,2020.07275390625,36347,81.76812391669189,458.76540017057806,-0.06934886888150409
12,219.2,4426.26664304984,2003.5013427734375,36697,81.81551625473472,457.94582663432976,-0.07698334763241017
12,224.9,4403.9180125923895,2002.966552734375,36530,81.61831371475499,457.01524774158224,-0.07722972636000897
12,230.5,4402.269577906285,1999.67333984375,37006,82.43020050802572,455.3430795006215,-0.07874691542943611
12,236.1,4396.400655435784,2017.2242431640625,36922,82.3737879854829,453.69568279074804,-0.0706611828756876
12,241.8,4383.932686243865,1821.2109375,36471,81.28524032793179,453.6890954456966,-0.1609648634128299
12,247.5,4364.546203234633,1887.766845703125,36913,81.87494920488717,452.5454176035543,-0.13030243745214012
12,253.1,4354.106377241473,2048.421875,37085,82.29286773628152,451.3824187676958,-0.05628837808428102
12,258.7,4356.75873015873,2054.637451171875,36855,81.80892687559354,450.6782797449464,-0.05342485102382095
12,264.4,4335.265554860299,1996.9945068359375,36757,81.92885708844574,450.2342683026362,-0.07998105858788296
12,270.0,4322.298146325459,2013.2762451171875,36576,81.76738845144357,449.5711122047244,-0.07248003263784242
12,275.6,4322.009243306807,1985.056640625,36567,82.20983400333634,449.0127710777477,-0.08548085490505355
12,281.2,4328.076122509664,1995.680908203125,36993,82.35958154245398,448.6654502203119,-0.08058623582771192
12,286.9,4323.021194239931,1932.8919677734375,36944,82.45103399740147,447.70363252490256,-0.1095132129970364
12,292.5,4281.815733289539,1777.244140625,36534,81.99614058137625,447.18933048667,-0.1812204453785054
12,298.1,4302.950319817866,1785.0765380859375,36896,82.8850552905464,446.13822636600173,-0.17761204585809415
12,303.8,4269.168995845249,1781.7891845703125,37066,83.09939027680353,445.4953056709653,-0.17912653550297788
12,309.4,4243.845890871894,1785.6607666015625,37149,83.27909230396511,444.55317774368086,-0.17734289073591022
12,315.0,4231.015188724574,1879.890625,37462,83.5034434894026,443.825930276013,-0.1339310264186157
13,0.1,7251.942270259195,4149.55322265625,39044,885.8244032373732,511.85477922344023,-0.006801092374638656
13,5.1,7272.99009051186,4135.880859375,38448,888.2613660008323,511.65124323761967,-0.01007358354343539
13,10.0,7268.305517381788,4145.63525390625,39294,883.2665292411056,510.3213213213213,-0.007738861352118924
13,15.1,7379.429182692308,4199.27099609375,41600,872.5760576923077,506.0593509615385,0.005098896761078673
13,20.1,7473.746379425862,4259.49951171875,38806,872.417718909447,510.29915476988094,0.01951464050911408
13,25.1,7406.251367178048,4228.3564453125,41326,866.174611624643,503.84244785365144,0.012060522469150348
13,30.0,7432.942846829503,4214.3037109375,41555,862.3987005173866,501.81229695584165,0.00869698917255487
13,35.1,7425.161067705124,4200.14013671875,40573,863.6498163803515,503.810292559091,0.005306926270041145
13,40.0,7449.047304758081,3803.7646484375,39848,865.9067205380446,504.69913170046175,-0.08956586625637954
13,45.1,7396.779086526514,4128.25390625,40242,865.471447741166,503.54853138512004,-0.01189910091983641
13,50.1,7346.586178778922,4080.9287109375,39244,868.4024054632555,505.1217510957089,-0.023226424553353674
13,55.1,7349.796195364589,3723.78125,37796,871.6587998730024,507.92874907397606,-0.10870995712441701
13,60.0,7397.839557479006,4105.94384765625,34891,876.2836834713823,512.9860709065375,-0.017239031422086028
13,65.1,7417.8653684789215,4114.11083984375,34561,873.4170307572119,512.7599317149388,-0.015284255260902706
13,70.0,7439.060022075713,4135.0595703125,33521,872.1864204528505,511.6935652277677,-0.01027015974235386
13,75.0,7403.0635135915045,4100.19189453125,34654,868.8081318173948,507.9456628383448,-0.01861576603757924
13,80.1,7417.483563034963,4112.974609375,34465,865.8521108370811,506.86586391991875,-0.01555621293919241
13,85.1,7397.41007758959,4121.41015625,33123,869.9879539896748,509.7416598738037,-0.013537157997149898
13,90.1,7370.090138697476,4099.775390625,34103,867.4935342931707,507.33486790018475,-0.018715456583166312
13,95.0,7420.724310004928,4185.20361328125,32464,855.4891572203055,498.82318876293743,0.001731857349163603
13,100.1,7413.191673408426,3999.661376953125,32138,856.7604393552804,499.6488580496608,-0.042677826429153416
13,105.1,7444.913138270981,4215.94580078125,31648,856.085503033367,500.13653311425685,0.00909002469988116
13,110.1,7347.467661981687,4125.37060546875,34294,850.6291187962909,496.80127719134543,-0.012589221285242813
13,115.1,7494.1471713757255,4107.89501953125,31358,849.8301230945851,497.32454238152945,-0.01677201686151634
13,120.1,7518.321262678927,4263.7197265625,31647,843.5433690397194,495.01756880589,0.0205247523326886
13,125.1,7511.028311168947,4232.146484375,31507,841.2655600342781,494.80264703081855,0.012967671372839511
13,130.1,7530.002702524554,4251.705078125,30342,843.1936589545844,497.3056159778525,0.017649036547559054
13,135.1,7518.9309570868645,4239.06982421875,29851,843.4047100599645,497.4345583062544,0.014624778343389452
13,140.1,7453.540120847813,4167.8037109375,31941,835.0413261951724,491.2234432234432,-0.002432823297958699
13,145.0,7436.53923785183,4181.7978515625,30519,843.0549493757986,494.9858448835152,0.0009166855373584099
13,150.1,7391.1962585138845,4127.720703125,32447,836.2749714919715,490.5073504484236,-0.012026723517469567
13,155.1,7405.713630342778,4158.9072265625,30953,843.735760669402,494.3828708041224,-0.004562204002057712
13,160.1,7252.1604140489435,4017.67431640625,33426,847.248219948543,495.4837551606534,-0.03836641485590618
13,165.1,7317.003069442334,4107.16455078125,32905,839.5864458289013,489.3060021273363,-0.01694685514545334
13,170.1,7350.069153689048,4150.30126953125,31336,840.1389137094716,490.7514998723513,-0.0066220467523181465
13,175.1,7357.310194633121,4108.68994140625,32831,831.1509244311778,485.6210289056075,-0.016581751670173138
13,180.1,7311.212386253203,4091.082763671875,33957,827.7711517507436,482.72638925700153,-0.020796043849067667
13,185.5,7304.336446128094,4115.0,34053,824.5784512377764,481.7221390185887,-0.015071434061003457
13,191.1,7325.357908411822,4123.052734375,33869,820.3811745253772,481.52159792140304,-0.013144005599312957
13,196.7,7286.841939986043,4083.81494140625,34392,818.8453710165155,480.5870842056292,-0.022535602964883352
13,202.4,7290.67583079837,4069.201904296875,34846,820.2219479997705,479.22656832922,-0.026033245172453232
13,208.0,7261.408744821409,4038.334716796875,35724,816.961734408241,476.72852983988355,-0.033421331373897974
13,213.6,7337.094324213965,4099.51220703125,34286,819.4868459429505,479.67249022924807,-0.01877844978840832
13,219.2,7467.993584343205,4194.6220703125,30862,828.7523167649537,486.35742984900526,0.003986172629150753
13,224.9,7378.942670293066,4112.82470703125,32723,823.8183235033463,482.3933624667665,-0.015592092185962903
13,230.5,7441.960150953051,4183.6298828125,31268,827.5223871050275,486.8327043622873,0.0013551836933287445
13,236.1,7443.116426050689,4160.638671875,31170,830.2756496631376,486.93657362848893,-0.004147781171281911
13,241.8,7456.309226696918,4147.0419921875,31734,828.3776706371715,485.8061700384446,-0.0074021574109274174
13,247.5,7496.276506122449,4163.119140625,30625,830.7921632653062,487.452506122449,-0.0035540789771642935
13,253.1,7489.947703632582,4166.53515625,31245,827.3051048167707,486.4312049927988,-0.002736452884635386
13,258.7,7421.150853305403,4126.30224609375,32462,828.3235475324996,485.47865196229435,-0.012366232350916747
13,264.4,7341.357164615572,4068.8125,32828,825.6631838674302,486.49902522237113,-0.02612644940469906
13,270.0,7353.666499009776,4079.592041015625,31811,829.3515136273616,488.05633271509856,-0.023546357576266466
13,275.6,7346.2278152730905,4074.91748046875,32004,827.7231596050493,487.9407261592301,-0.024665217410003673
13,281.2,7373.8780518739295,4056.440673828125,31538,830.1821929101402,487.7745893842349,-0.029087655968371328
13,286.9,7382.281444223746,4049.597900390625,31214,830.0772089447044,488.83680399820594,-0.030725479304663513
13,292.5,7365.509442475024,4046.794921875,31030,829.3044150821786,488.20522075410895,-0.03139637447106749
13,298.1,7440.638663702929,4058.63671875,30592,830.8607805962343,488.5576621338912,-0.02856203084670913
13,303.8,7407.941464050584,4048.387939453125,30682,829.3140929535232,488.9786193859592,-0.03101508443006183
13,309.4,7337.7126953748,3987.347412109375,31350,830.1704625199362,489.39783094098885,-0.0456251838373133
13,315.0,7343.984262043376,3998.30419921875,31262,830.7617554858934,490.48509372400997,-0.043002668013513635
14,0.1,9777.713206265653,4742.19873046875,23557,1061.9521585940486,531.3654540051789,0.015583395961873466
14,5.1,9852.998787270522,4883.97900390625,23913,1060.653870279764,527.6503575461046,0.0459468833992349
14,10.0,9781.774414021553,4736.92138671875,23849,1059.5593525934,527.961130445721,0.014453206572540685
14,15.1,9781.31949974035,4512.33837890625,23108,1058.3663666262767,529.1195257053835,-0.033643211716324554
14,20.1,9773.389739562885,4471.72802734375,22923,1057.556733411857,528.9606944989748,-0.0423402742173245
14,25.1,9868.529491525424,4756.4140625,23600,1056.9366101694916,524.4413983050847,0.018627733831196678
14,30.0,9860.332960941863,4628.75732421875,23273,1056.2962230911357,524.3411678769389,-0.008711074841689308
14,35.1,9828.24481432977,4630.18603515625,23671,1055.8179629082,522.6976469097208,-0.008405103880069422
14,40.0,9909.054147223273,2503.685791015625,23787,1055.365493757094,521.0567116492201,-0.46381375758797005
14,45.1,9878.577537903757,4698.8828125,24272,1055.4007086354648,518.3700972313777,0.006306912716397858
14,50.1,9852.30447858246,4625.248046875,24606,1055.308705193855,517.150776233439,-0.009462617323289483
14,55.1,9858.985817307692,2444.585205078125,24960,1054.7183894230768,516.5190705128205,-0.4764706657399002
14,60.0,9877.369572248726,4498.361328125,24734,1054.6208053691275,517.333831972184,-0.03663651956880891
14,65.1,9916.183555086809,4486.02197265625,24652,1054.3265455135486,517.2657796527665,-0.03927910062523273
14,70.0,9856.25445323595,4304.4921875,24645,1053.692797727734,517.5470886589571,-0.07815529417079307
14,75.0,9819.178537698725,4248.0517578125,25412,1053.5073193766725,515.8536518180388,-0.09024250656096482
14,80.1,9793.958004108723,4191.56591796875,25312,1052.398506637168,516.0389143489255,-0.1023394439338538
14,85.1,9746.75919923737,4179.39306640625,26225,1052.5590467111535,511.591496663489,-0.10494636672031442
14,90.1,9751.328340698448,3983.61669921875,25571,1051.4882092995972,513.8100191623323,-0.14687359059642274
14,95.0,9683.850746853805,2084.05810546875,25507,1050.401497628102,511.0031363939311,-0.553680702047548
14,100.1,9642.178173368517,2065.8642578125,25391,1049.5781969989366,511.115434602812,-0.5575770738865496
14,105.1,9654.093980095477,4037.15380859375,24718,1047.5488712679019,512.0416295816814,-0.13540814968191464
14,110.1,9609.042786838574,4004.294921875,24587,1046.2819782812055,510.86191890023184,-0.1424451680900521
14,115.1,9657.814616755793,1985.8106689453125,24123,1046.04535090992,512.0468018074038,-0.5747212511472604
14,120.1,9656.865046557268,1967.3778076171875,23949,1045.5157209069273,511.566286692555,-0.5786688098576608
14,125.1,9633.831406191719,3920.572021484375,24129,1045.7671266940197,510.04993990633676,-0.16037516055371331
14,130.1,9638.970840336135,3905.48974609375,23800,1044.7521008403362,509.84247899159664,-0.16360516193717053
14,135.1,9586.560595202967,3847.21435546875,23723,1044.7327488091726,509.01294102769464,-0.17608534728488417
14,140.1,9555.269850595938,3887.635009765625,23828,1044.741354708746,506.97448380057074,-0.1674289101149127
14,145.0,9544.091564648666,3912.93017578125,23852,1044.2554083515008,505.4190424283079,-0.16201172874743583
14,150.1,9508.335011139532,4031.803955078125,24238,1043.71581813681,503.4575872596749,-0.13655386767268302
14,155.1,9507.008426033539,4000.66552734375,24092,1042.7480491449444,502.54922795948863,-0.14322243471948495
14,160.1,9463.214158719897,4036.5517578125,24748,1043.0636010990788,498.7666074026184,-0.13553708413019808
14,165.1,9441.205191947183,3970.642333984375,24538,1042.1606487896324,499.86918249246065,-0.149652164556328
14,170.1,9369.514948139109,3924.6279296875,24585,1041.8161480577587,498.82810656904616,-0.159506552285533
14,175.1,9437.489823937975,4043.928955078125,24764,1043.1539331287352,497.18918591503797,-0.13395719271747283
14,180.1,9467.656550431808,4056.2626953125,24548,1042.9513605996415,497.07189995111617,-0.13131581421267532
14,185.5,9424.078888444623,4031.380615234375,25010,1043.385605757697,495.3896041583367,-0.1366445296083373
14,191.1,9453.33633682831,4039.59375,24416,1042.9670707732635,496.73197903014415,-0.1348856148578495
14,196.7,9369.202136400985,3962.58935546875,24340,1042.7711996713228,496.44075595727196,-0.15137678044303884
14,202.4,9418.384056508577,3991.997802734375,24775,1043.9099495459132,494.3918062563068,-0.14507870386685182
14,208.0,9371.90487389506,1938.119873046875,24662,1043.3244262428027,493.1913875598086,-0.5849346528217769
14,213.6,9408.247853111965,3995.635986328125,24454,1042.7951255418336,492.32191052588536,-0.14429955498269947
14,219.2,9404.843303663838,4022.828857421875,24155,1042.808238459946,490.1335541295798,-0.13847596345037785
14,224.9,9358.195859144389,3995.979248046875,24053,1043.0510539225877,488.17818983079036,-0.14422604247893364
14,230.5,9344.252989380382,3953.653564453125,23918,1042.6793210134626,486.8020319424701,-0.1532904583593494
14,236.1,9267.430183715898,3923.767578125,23569,1040.939369510798,485.3698077983792,-0.15969080410862743
14,241.8,9248.71956752173,3916.1669921875,23585,1040.6781852872589,485.0767860928556,-0.1613185361621391
14,247.5,9188.455402496771,3889.018798828125,23230,1039.4027120103315,484.6744296168747,-0.1671325595663034
14,253.1,9153.335606681918,3923.073974609375,23167,1038.5232442698666,484.07877584495185,-0.1598393453769053
14,258.7,9055.194436466581,3922.7060546875,24373,1036.8015426906823,481.24387642062936,-0.15991813865085627
14,264.4,8932.900754777582,3752.73974609375,24908,1036.0363337080455,480.05476152240243,-0.196317912403839
14,270.0,8903.463824701195,3762.262939453125,25100,1035.187689243028,478.27996015936253,-0.19427843713044413
14,275.6,8906.947809539233,3727.485595703125,24698,1033.5087861365294,478.6093205927605,-0.20172630991595839
14,281.2,8925.014233591275,3771.538330078125,24941,1034.0694839821979,477.6863397618379,-0.19229203098316752
14,286.9,8929.592074865892,3789.0615234375,25539,1034.3825130193038,475.7661615568346,-0.1885392856362319
14,292.5,8873.489603843427,3785.0869140625,25394,1033.4530991572813,476.1380641096322,-0.18939048304825715
14,298.1,8961.434013173557,3827.95703125,25202,1032.9973018014443,476.4266328069201,-0.18020947194494114
14,303.8,8874.299561369155,3756.281982421875,25534,1032.0187201378553,474.3488290122973,-0.19555931146704084
14,309.4,8828.46837727558,3721.047119140625,25488,1031.3629158819838,472.94440521029503,-0.20310516606767395
14,315.0,8763.098175465839,3628.31591796875,25760,1030.5021350931677,472.26851708074537,-0.22296436504908135
15,0.1,15824.985748818415,11088.3828125,27717,1138.0714723815709,670.7211097882166,0.007317266440073846
15,5.1,15778.830768137062,11018.0361328125,28133,1137.4485479685777,669.0463157146412,0.0009266659093936224
15,10.0,15918.924797265356,11039.6591796875,27499,1139.8877413724135,667.3755045638023,0.002890998205504145
15,15.1,16080.101001577576,11067.921875,27257,1141.4782991525112,664.7666654437393,0.005458505250113242
15,20.1,15890.188774226026,10825.177734375,27811,1140.8140663766135,663.417676458955,-0.01659343580508469
15,25.1,11144.445361136866,7339.92041015625,52847,1034.206672091131,677.3754612371563,-0.33320947802131995
15,30.0,11193.167158720786,7327.974609375,52501,1035.1613493076322,676.4362964514962,-0.33429468689189046
15,35.1,11164.277071518289,7276.3369140625,52546,1035.1738286453774,675.8301488219845,-0.3389856813287722
15,45.1,11134.112500235356,7161.04345703125,53111,1035.5992543917455,673.5046412230988,-0.3494594439990349
15,50.1,11059.363294689603,7049.94384765625,53480,1034.7417726252804,672.8760284218399,-0.3595522191773977
15,60.0,11062.182018286489,6957.02880859375,53154,1034.6316551905784,671.7378748541972,-0.36799302833255243
15,65.1,11067.930173206478,6952.640625,53289,1033.6563643528684,671.254743005123,-0.36839167015228746
15,70.0,11025.229611813402,6912.17041015625,53634,1031.1402468583362,671.078849237424,-0.3720681617451546
15,75.0,10964.6094125476,6908.91455078125,54098,1027.4790195571002,671.8174424193131,-0.3723639382728049
15,80.1,10816.144618089822,6776.27685546875,55733,1022.4440457179768,671.2828485816302,-0.3844133275235513
15,85.1,10680.66786900468,6725.33349609375,56002,1017.0119102889182,673.4039141459234,-0.3890412454423889
15,90.1,10705.824663468424,6749.4326171875,55864,1015.0663575827008,673.9971538020908,-0.38685197571800684
15,95.0,6512.890198758471,2300.165771484375,35118,923.8946978757332,687.5631869696452,-0.791042865630622
15,105.1,5843.798214403373,3485.806396484375,30354,908.023225933979,686.4908414047572,-0.6833340776539892
15,110.1,5751.9888839023715,3434.15283203125,28967,904.096316498084,687.1900093209514,-0.6880265137131188
15,120.1,6553.076913637061,2280.163818359375,32595,928.4896763307256,683.1594416321522,-0.7928599306694142
15,125.1,10780.585344856689,6043.07421875,59242,1032.9067384625773,656.1602410452044,-0.45102066677717034
15,130.1,10788.14326178955,6055.28857421875,59311,1032.1425873783953,655.747972551466,-0.44991106122240554
15,135.1,10813.426693734302,6143.21728515625,58126,1030.3684065650484,658.0672504559061,-0.44192323195632766
15,140.1,10782.613894237382,6148.23388671875,58168,1029.037202585614,658.1565121716408,-0.441467501895578
15,145.0,10752.991332945086,6149.69873046875,58382,1028.4714638073378,657.5906272481244,-0.44133442907269993
15,150.1,10793.041359506977,5921.76220703125,59551,1032.8207083004484,651.2779634263069,-0.46204118131903127
15,155.1,10876.196878283565,5965.8076171875,59006,1034.9060942954954,650.2475341490696,-0.45803990332312644
15,160.1,10936.160908415286,6167.55517578125,57859,1035.8014483485715,651.312310962858,-0.4397122713618165
15,165.1,10977.928932341236,6230.98828125,57790,1037.0165080463748,649.9138086174079,-0.43394973019751304
15,170.1,10968.896014045578,6139.70556640625,57527,1038.4244267908982,648.5855685156536,-0.44224225187037397
15,175.1,11123.50137220658,6240.64111328125,56114,1041.0848807784155,647.1975086431194,-0.4330728246523543
15,180.1,11176.459214121369,6354.98583984375,55632,1039.3322368421052,647.4281169111302,-0.422685248813709
15,185.5,11181.436210792732,6413.6904296875,55315,1038.7991864774474,647.532748802314,-0.4173522667216559
15,191.1,11216.162810952044,6391.361328125,55113,1041.230707818482,645.1976847567724,-0.4193807401183936
15,196.7,11148.228997658845,6325.958984375,55101,1040.9211811037912,643.9526505871037,-0.42532217551425283
15,202.4,11177.530751045644,6369.748046875,54990,1039.7370794689944,643.8808146935806,-0.4213441852623516
15,208.0,6235.1822642984325,2266.430908203125,23027,915.7848612498371,676.3576670864637,-0.7941074883838959
15,213.6,5668.770910528136,3070.64306640625,20241,877.1974210760338,680.8576157304481,-0.7210493331472443
15,219.2,5591.686590718548,3058.03076171875,20277,867.7193371800562,680.6277555851457,-0.7221950901522243
15,224.9,5568.326923076923,3072.427734375,19708,859.5360259792977,680.648721331439,-0.7208872060913712
15,230.5,5607.4780035613285,3082.130126953125,19094,861.2556824133236,678.9071959777941,-0.7200057982490384
15,236.1,5621.638430744596,3048.86962890625,18735,865.1040298905791,676.09570322925,-0.7230273275865037
15,241.8,5655.379047408554,3058.086181640625,18098,864.5593435738756,675.0527130069621,-0.7221900555637587
15,247.5,5645.225423422337,2947.852783203125,16591,876.4622988367187,670.6622265083479,-0.732204140346193
15,253.1,5646.291053435115,2948.835205078125,16375,877.8185648854961,668.3632977099237,-0.7321148928396495
15,258.7,5529.080534825871,2934.556884765625,19296,894.5864946102819,666.9519071310116,-0.7334119980018494
16,0.1,10388.541227496306,6958.26513671875,41271,405.6703254100943,678.9380921227981,-0.011305117094263125
16,5.1,10410.058144319915,6988.02685546875,41311,406.03151702936265,678.9442037229793,-0.007076295907308391
16,10.0,10363.318917741584,7036.28271484375,41321,405.28648871034096,678.5939594879117,-0.00021965559584424934
16,15.1,10467.33805188783,7123.1298828125,40973,405.8808239572401,677.8190515705464,0.012120395965635763
16,20.1,10478.722974472808,7083.4384765625,40545,405.6650881736342,677.4535454433345,0.006480672631780002
16,25.1,10421.254526693365,7060.80859375,40703,405.46817187922267,677.1186890401199,0.003265208877832567
16,30.0,10392.340152888715,7069.57080078125,40814,405.36654089283087,676.8075905326604,0.004510224565585269
16,35.1,10341.711438771517,7073.04541015625,40896,405.49315336463224,676.706279342723,0.0050039293097506755
16,40.0,10355.715186637122,7111.1015625,41069,405.9425844310794,677.1156590128808,0.010411300593548828
16,45.1,10372.194575936883,7133.4833984375,40560,405.7292406311637,677.0837771203156,0.013591519545636225
16,50.1,10322.515890740422,7131.83544921875,40747,406.13446388691193,677.7070704591749,0.013357363627766882
16,55.1,10219.922156548373,7119.81298828125,41789,406.2053650482184,679.2188135633779,0.011649100810054592
16,60.0,10254.743815096264,7144.81787109375,41189,405.9125737454175,679.3868265799122,0.015202026603858766
16,65.1,10278.257138017809,7168.77099609375,41328,406.11169183120404,679.6743370112273,0.01860550888741388
16,70.0,10291.41791081068,7202.54736328125,41126,405.7616836064777,679.1667315080484,0.023404768580063944
16,75.0,10346.228634577603,7259.80029296875,40720,406.0696709233792,678.4765225933203,0.03153979613379787
16,80.1,10394.872849924079,7310.0615234375,40173,406.3981280959849,679.0879944241157,0.03868137817998479
16,85.1,10388.292722751137,7301.37841796875,39809,407.5487703785576,679.9900776206385,0.037447601976289824
16,90.1,10451.077325478047,7367.203125,39379,407.9666319611976,680.9313085654791,0.04680058720060044
16,95.0,10443.045227284323,7343.439453125,39202,407.29559716341004,681.0269118922504,0.04342402417515889
16,100.1,10425.927016612652,7311.4833984375,39187,407.9889248985633,682.0860489448031,0.03888341137489903
16,105.1,10449.164900967296,7306.83203125,39078,407.97694354879985,682.8227135472645,0.0382225019604921
16,110.1,10443.059282970551,7294.34716796875,39050,407.74883482714466,682.9300896286812,0.036448536726713957
16,115.1,10490.43784948443,7343.357421875,38986,408.323577694557,684.2493972195147,0.04341236841391384
16,120.1,10534.19505274833,7377.19140625,38769,408.62421006474244,684.8137687327504,0.04821981489124793
16,125.1,10443.653949696178,7304.759765625,39003,408.3009512088814,686.2386483091044,0.037928055229992104
16,130.1,10459.894751831811,7334.5849609375,38623,407.7094477383942,686.9446443828807,0.04216589575600551
16,135.1,10431.39965254369,7297.97802734375,38566,408.1807291396567,686.9227817248353,0.036964442920869936
16,140.1,10396.673476767312,7284.55517578125,38717,407.1295296639719,686.9639951442518,0.03505719960761712
16,145.0,10398.277836911653,7286.23046875,38519,407.0652405306472,687.2249798800592,0.035295240779234814
16,150.1,10409.575789036546,7286.93212890625,38528,406.3216621677741,686.9105845099667,0.03539493916559874
16,155.1,10443.155850258445,7313.0810546875,38306,406.5922570876625,686.5704589359369,0.03911042120105265
16,160.1,10407.123170445355,7313.8330078125,38329,407.12987555114927,687.5639333142008,0.03921726567913229
16,165.1,10342.897876279118,7290.49658203125,38894,408.0559212217823,688.9222759294493,0.03590140974350873
16,170.1,10269.869026955279,7262.28564453125,39176,407.9775117418828,688.5322391259955,0.03189293794771045
16,175.1,10299.908200103146,7255.32080078125,38780,407.27026817947393,687.9751933986591,0.03090330831438058
16,180.1,10323.585060943848,7288.865234375,38396,407.40681320970936,687.6900458381082,0.035669612729700886
16,185.5,10323.190600863987,7273.88623046875,38195,406.9792381201728,686.9293624820002,0.03354125685044819
16,191.1,10342.115241733633,7256.48388671875,37955,407.04911078909237,686.701093400079,0.031068570357747922
16,196.7,10324.044264521799,7206.0947265625,37547,407.2850826963539,685.3468186539537,0.023908810874381212
16,202.4,10323.82277104279,7184.1005859375,37697,407.20489694140116,685.3999522508423,0.020783679270082928
16,208.0,10321.245802623527,7185.80029296875,37583,406.9944921906181,684.5269669797515,0.02102518941826165
16,213.6,10312.545710192604,7190.0595703125,37694,406.71828407704146,684.478882580782,0.021630387069098474
16,219.2,10295.474010819986,7164.5400390625,37708,406.0119868462926,684.0963721226265,0.018004335249387847
16,224.9,10242.08690349947,7148.69287109375,37720,406.03181336161185,683.321235418876,0.01575262256362502
16,230.5,10181.286451477015,7113.818359375,37982,405.85422042019906,683.920120056869,0.010797328305259946
16,236.1,10087.549859404291,7086.9736328125,38408,406.33657050614454,684.7145386377838,0.0069829804378167565
16,241.8,10028.605696530296,7003.7197265625,38620,406.9137752459865,686.2138529259452,-0.004846507153411257
16,247.5,9934.214705124903,6934.193359375,38830,407.4083183105846,685.3480298738089,-0.014725458603904833
16,253.1,9865.655120443456,6863.4052734375,39147,407.44999616828875,684.8744220502209,-0.0247836867630723
16,258.7,9829.844330702705,6836.29833984375,39661,407.64141095786795,684.623332745014,-0.028635291438780925
16,264.4,9705.952433214437,6712.57861328125,40091,406.7074405726971,684.1873986680303,-0.046214538300380484
16,270.0,9624.778179581795,6644.712890625,40650,406.9611070110701,684.2819188191881,-0.055857529965192984
16,275.6,9589.500036697247,6595.49951171875,40875,407.429749235474,684.2927461773701,-0.06285022353738062
16,281.2,9625.919108593942,6615.271484375,40610,407.02011819748833,684.1923664122137,-0.06004083817966704
16,286.9,9561.569653841514,6565.1318359375,41455,407.59536847183693,684.7263538776987,-0.06716514472258005
16,292.5,9521.593000364564,6533.890625,41145,406.612613926358,683.9138169886985,-0.07160418588913303
16,298.1,9574.686265447115,6553.86279296875,41108,407.03858129804416,683.7915977425318,-0.06876635492361903
16,303.8,9539.036389782588,6532.9951171875,41028,406.1979867407624,682.9194208832992,-0.07173142794939152
16,309.4,9520.493748011842,6497.4609375,40867,405.8779210610028,682.0032789292094,-0.07678045395443554
16,315.0,9522.577505283334,6501.32275390625,40694,406.17390770138104,682.1684032044036,-0.07623173124201225
17,0.1,5751.939240506329,3446.721923828125,23700,904.1091139240507,701.2611392405063,-0.023113041020916568
17,5.1,5770.125774420776,3461.258544921875,23566,903.375328863617,700.6344309598575,-0.018993000040548588
17,10.0,5840.027450980392,3525.52294921875,24225,908.7197110423117,699.2369453044375,-0.0007788650242689525
17,15.1,5969.009733149485,3624.894775390625,24658,912.8051342363533,698.4904290696732,0.02738558897654119
17,20.1,5917.196919646544,3582.956787109375,24218,911.6289949624246,697.5175076389462,0.015499317109192919
18,0.1,4486.459791547141,1923.7716064453125,20916,272.64300057372344,770.4165232358004,0.014888373295565374
18,5.1,4488.21228809501,1908.5902099609375,20882,272.12652044823295,769.9909970309358,0.0068794065706370795
18,10.0,4488.100556765916,1908.2503662109375,20655,272.03340595497457,768.6780924715565,0.006700121530013433
18,15.1,4515.782852134963,1884.4500732421875,20539,271.7265689663567,767.3792297580213,-0.005855755962972748
18,20.1,4490.0457114770215,1852.6875,20345,270.5770951093635,767.9713443106415,-0.022612145433242897
18,25.1,4449.320754716981,1814.9327392578125,20246,270.0503309295663,767.683295465771,-0.04252972171175067
18,30.0,4447.347392223369,1813.4281005859375,20343,269.25237182323156,767.7066312736567,-0.04332349592537389
18,35.1,4444.168692572741,1852.2684326171875,20896,268.0260336906585,767.0385241194487,-0.022833225010994686
18,40.0,4447.077259064437,1884.44970703125,21292,266.37474168701857,766.5616193875634,-0.005855949158059628
18,45.1,4429.945923537541,1887.2979736328125,21710,264.24601566098573,766.7484569322893,-0.0043533421706776106
18,50.1,4436.040078873756,1898.898193359375,21807,263.71912688586235,766.6764341725134,0.0017663697996616373
18,55.1,4427.297230660855,1947.058837890625,22713,262.2387619424999,768.8652753929467,0.027173584471834177
18,60.0,4433.024464700318,1952.060546875,23258,262.48512339840056,768.9088055722762,0.029812242968426588
18,65.1,4408.7114994934145,1961.5072021484375,23688,261.5616767983789,769.1449679162445,0.03479583903119315
18,70.0,4416.953154123348,1994.251708984375,24143,262.56397299424265,768.7974982396554,0.052070248927747996
18,75.0,4419.741842649264,2006.491455078125,24671,263.96477645818976,768.4355721292205,0.05852734391814015
18,80.1,4424.517113368417,2010.805908203125,24513,263.57512340390815,767.5384489862522,0.060803439635023104
18,85.1,4418.745342130379,2006.9566650390625,24099,262.4365741317067,765.7774181501308,0.058772766076838685
18,90.1,4422.618685092474,2020.2613525390625,24169,263.26302288054944,764.227109106707,0.06579167237987477
18,95.0,4419.13177827509,1999.4024658203125,23236,262.14671199862283,762.882768118437,0.05478753782470013
18,100.1,4405.266146016146,1985.028564453125,22792,261.24833274833276,761.409398034398,0.04720456626633988
18,105.1,4385.006348501664,1963.5203857421875,22525,260.45176470588234,760.8231298557158,0.035857896822128914
18,110.1,4373.330129073021,1943.662841796875,22158,260.20981135481543,759.7892860366459,0.025382022032843576
18,115.1,4395.894137323148,1986.0001220703125,22123,259.80445690005877,759.8534104777833,0.04771711283182968
18,120.1,4392.786608232052,1973.7257080078125,22133,259.05403695838794,758.9713098088827,0.04124172870654632
18,125.1,4376.1541715949415,1988.0084228515625,21982,257.3500136475298,758.5023655718315,0.04877659468827372
18,130.1,4394.573021385487,1993.1290283203125,21884,256.51201791263026,757.3861268506672,0.051477977189739496
18,135.1,4363.025895772964,1960.4967041015625,21741,255.57200680741457,756.771767627984,0.03426274938813189
18,140.1,4355.388047407679,1970.067626953125,21853,254.17704662975336,756.014734819018,0.0393119029837127
18,145.0,4339.126743508095,1970.0635986328125,22297,253.2796788805669,755.5486388303359,0.039309777837757034
18,150.1,4339.879828713095,1980.63623046875,22185,252.6691908947487,754.6576515663737,0.04488738439431401
18,155.1,4354.720062625811,1990.678466796875,22355,252.59078505927084,753.7771863117871,0.050185180066707996
18,160.1,4337.995307865965,1993.2010498046875,22591,252.72033110530742,752.7972643973263,0.05151597222349235
18,165.1,4335.780214381421,1971.6873779296875,22390,251.7451540866458,751.0739615899955,0.040166404852978205
18,170.1,4313.6772493860235,1954.8111572265625,22395,251.02947086403216,749.2223264121455,0.03126333126597423
18,175.1,4304.110812746151,1924.760498046875,22344,251.35132474042248,748.0822592194772,0.015410064428500776
18,180.1,4317.304246966452,1928.3358154296875,22416,250.74000713775874,747.4252765881513,0.01729622806169976
18,185.5,4306.836566569226,1912.7196044921875,22578,251.19514571706972,747.5330853042785,0.009057874370283882
18,191.1,4296.508276140493,1869.831787109375,22293,250.6320818194052,746.74727492935,-0.013567653042643544
18,196.7,4287.363685932388,1837.0494384765625,22008,250.65185387131953,745.5272173754998,-0.030862026431509218
18,202.4,4295.889182780007,1842.14453125,21928,250.84038672017513,745.3519244801167,-0.02817410318776268
18,208.0,4287.4048280974885,1827.5262451171875,21582,251.17880641275136,744.7886201464183,-0.03588600026743347
18,213.6,4279.325049382149,1830.0296630859375,21769,251.52299140980293,745.1016583214663,-0.03456531865352912
18,219.2,4262.8687162442875,1826.509033203125,21663,251.27115357983658,744.7081198356645,-0.036422631820420846
18,224.9,4228.679005473606,1800.1053466796875,21558,251.60506540495408,744.4712867612951,-0.05035193318602933
18,230.5,4218.93701153703,1799.05615234375,21496,250.8112206922218,744.1689151470041,-0.05090543710993747
18,236.1,4199.175647500348,1799.1746826171875,21583,250.41199091877866,743.8581290830747,-0.05084290630015098
18,241.8,4188.034320134479,1789.4549560546875,21416,250.5145218528203,743.2918845722824,-0.05597056149936693
18,247.5,4158.88387720348,1770.13671875,21727,249.9698992037557,743.579739494638,-0.0661619243240419
18,253.1,4142.643847006652,1765.9420166015625,21648,250.01584441980785,743.0680894308944,-0.06837484524751544
18,258.7,4146.067532348772,1761.4169921875,21871,250.14132870010516,743.2554981482328,-0.07076202813935378
18,264.4,4096.877250333809,1712.064453125,21719,249.136654542106,743.4492840370183,-0.09679802842095495
18,270.0,4078.3830936898985,1704.708984375,21838,248.77539151936992,743.4653356534482,-0.10067841613928052
18,275.6,4076.737117387547,1691.30517578125,21987,248.89443762223132,744.1367171510439,-0.1077496139124985
18,281.2,4094.153887908807,1707.048828125,22107,248.63133849007102,744.0914642420953,-0.09944402833084875
18,286.9,4094.7104773150463,1685.0260009765625,22019,248.26763249920523,744.8163404332622,-0.11106220127048691
18,292.5,4054.438510819408,1662.0487060546875,22321,248.30213700103042,745.5849200304646,-0.12318390500489385
18,298.1,4079.669935655647,1586.3458251953125,22535,248.98016418903927,746.3806523186155,-0.16312106456778147
18,303.8,4052.3933804290946,1538.1192626953125,22932,248.61582068724925,747.4034100819815,-0.1885630543555922
18,309.4,4040.163687513525,1511.9979248046875,23105,249.60506383899587,748.1404890716295,-0.20234340230921705
18,315.0,4040.9897928678197,1519.0416259765625,23415,250.00683322656417,749.024685030963,-0.19862748800818772
19,0.1,9579.280177565306,6814.65966796875,29285,721.4029025098173,829.7194809629503,-0.0005825032449650264
19,5.1,9590.576932305055,6837.32470703125,29175,723.2501113967438,830.2042502142245,0.002741483235265274
19,10.0,9539.374696113679,6802.96533203125,29205,721.2326313987331,829.1791131655539,-0.002297559391320227
19,15.1,9565.342847388187,6818.8310546875,29290,719.8418914305223,828.324650051212,2.9259788784972694e-05
19,20.1,9548.726224783863,6819.376953125,29148,719.6747632770688,827.4973926169891,0.00010931961223487308
19,25.1,9456.576076229368,6760.2763671875,29385,718.3212183086608,826.5901310192274,-0.008558194619186454
19,30.0,9469.164273721002,6779.8037109375,29183,718.5486070657574,825.8705068019052,-0.005694373099143148
19,35.1,9404.88835845325,6758.4521484375,29326,719.2651912978245,824.8257177930847,-0.00882572905604587
19,40.0,9461.80266235553,6691.81884765625,29072,719.9415588882774,824.258152173913,-0.01859796859727186
19,45.1,9397.871862120644,6791.59033203125,29359,717.3963350250349,822.4842126775435,-0.003965782689253035
19,50.1,9370.584776974492,6792.8544921875,29324,717.4891215386714,821.9000477424635,-0.003780384761782738
19,55.1,9331.641035207924,6631.2578125,29482,718.5941252289532,821.5272708771454,-0.02747966791987266
19,60.0,9363.901630918934,6792.5576171875,29186,715.3536284519976,820.5448502706777,-0.003823923556646369
19,65.1,9335.02712304434,6777.640625,29274,716.4648151943704,820.4815194370431,-0.00601160477882388
19,70.0,9268.772368510581,6745.44189453125,29394,717.0142886303328,819.7695448050623,-0.010733773775028514
19,75.0,9203.816190347803,6729.75341796875,29672,715.499191156646,818.294385279051,-0.013034598575963487
19,80.1,9170.726850605653,6730.36767578125,29720,714.1885598923284,817.52799461642,-0.012944513372117356
19,85.1,9151.538970513386,6736.837890625,29471,714.434087747277,817.0597197244749,-0.01199561111761411
19,90.1,9151.8853153489,6748.2314453125,29507,712.2820008811468,816.1029925102519,-0.010324666645002324
19,95.0,9071.198369656751,6694.853515625,29687,710.63263381278,814.7434904166807,-0.018152913317539186
19,100.1,9046.182227640624,6407.5078125,29529,710.1999390429747,814.5548443902604,-0.06029417015393559
19,105.1,9070.906157560097,6710.52294921875,29411,708.0863282445343,813.4554758423719,-0.01585488130114316
19,110.1,8965.115313807531,6635.65478515625,29875,707.9778410041841,812.7307782426778,-0.0268348211308151
19,115.1,9024.51785654292,6414.140625,29765,707.4373593146313,811.9282378632622,-0.05932142181606131
19,120.1,8971.796348034324,6640.27783203125,30066,706.7068449411295,811.4814408301736,-0.026156818976590005
19,125.1,8901.468782155542,6576.5537109375,30127,705.4897932087496,810.5266040428851,-0.0355024069720964
19,130.1,8884.531586955083,6569.90869140625,30234,704.7879208837733,809.7883508632665,-0.036476945556470006
19,135.1,8883.092177097204,6580.236328125,30040,705.3092210386152,809.2366178428762,-0.03496232540817945
19,140.1,8858.847952632805,6550.806640625,30063,704.2419585537039,808.4402754216146,-0.039278394888476766
19,145.0,8815.492518042773,6520.8564453125,30206,705.2427001258028,807.7895782294909,-0.043670800479505376
19,150.1,8801.802868094106,6508.25048828125,30264,707.4186822627544,807.2792096219931,-0.04551955223443031
19,155.1,8754.582922770727,6457.54736328125,30649,708.5535254005025,806.3765865117948,-0.052955520094034654
19,160.1,8565.773690498649,6308.49951171875,31806,710.763849588128,804.737062189524,-0.07481442985081649
19,165.1,8577.790199465997,6316.8447265625,31835,710.8468038322601,803.6079472278939,-0.07359054573401663
19,170.1,8504.554329132923,6260.17333984375,31981,711.3119664800976,802.3313529908384,-0.0819018009120719
19,175.1,8501.458100034408,6230.07373046875,31969,708.7572022897182,800.6743407676187,-0.08631611912025228
19,180.1,8406.94132708147,6155.330078125,32417,711.1670419841441,800.5047351698183,-0.09727779843563107
19,185.5,8330.343941435922,6083.1552734375,32648,711.1132381769174,799.8828412153883,-0.10786273827769152
19,191.1,8290.173586169112,6043.4072265625,32854,712.004535216412,798.7905277896147,-0.1136920673189399
19,196.7,8198.303911735205,5968.103515625,32901,713.0164432692015,798.1035834777058,-0.12473588314370782
19,202.4,8191.860303700785,5970.70947265625,32993,713.5597550995666,797.6952990028187,-0.1243537013210315
19,208.0,8225.982141755598,5940.896484375,32422,712.2801184380976,797.0558879772993,-0.12872598454140768
19,213.6,8268.830332431507,6055.12109375,32157,711.9429051217464,795.8566408558012,-0.11197414677818578
19,219.2,8379.001562799005,6180.33056640625,31354,711.7588186515277,794.8147604771322,-0.09361130199514954
19,224.9,8422.197427819818,6238.27880859375,30791,710.906011496866,793.5593192816083,-0.08511278703326468
19,230.5,8459.89657200745,6257.86962890625,30601,710.1927387993857,792.1265971700271,-0.08223965623142487
19,236.1,8530.879744093832,6315.416015625,30011,711.4825230748726,790.7243677318316,-0.07380007618429785
19,241.8,8683.235176778098,6436.0126953125,29076,708.365971935617,789.4906452056679,-0.05611372974842728
19,247.5,8801.981373524812,6406.81689453125,28132,705.279681501493,788.4873809185269,-0.060395498105797495
19,253.1,8831.300930416352,6427.13671875,27837,705.646190322233,787.4755181952078,-0.057415453783017885
19,258.7,8816.520370040918,6428.4326171875,28105,705.481622487102,786.8988080412738,-0.057225401214649335
19,264.4,8679.704052351624,6238.51513671875,28576,704.2839795632699,786.337695968645,-0.08507812786103772
19,270.0,8783.237209967467,6337.22509765625,27971,702.9196310464409,785.5408101247721,-0.07060162178860035
19,275.6,8748.795138888889,6321.3740234375,28224,702.5614370748299,785.1132015306123,-0.07292629267290636
19,281.2,8763.80980646974,6344.9404296875,28471,700.9768536405466,783.7954409750272,-0.06947011439116577
19,286.9,8830.436424268502,6394.0859375,27888,703.7124211130235,784.806691049914,-0.06226258198487553
19,292.5,8621.313766862677,6224.8134765625,28910,702.2708059494985,783.972846765825,-0.08708757214174223
19,298.1,8719.379176569271,6285.49365234375,28612,700.9643855724871,783.8219977631763,-0.078188400013308
19,303.8,8617.62358183376,6189.39794921875,29175,699.594824335904,782.6885689802914,-0.0922815068954495
19,309.4,8539.986823385949,6113.2529296875,29522,698.2690535871553,781.4320168010297,-0.10344870650895104
19,315.0,8496.54251626167,6065.05908203125,29671,697.9302686124498,780.6210104142092,-0.11051667129815373
20,0.1,10493.775618420037,6610.07763671875,38849,87.89438595588047,866.7152307652707,0.0022771691818908595
20,5.1,10503.386418129785,6609.18603515625,38787,87.61041070461752,867.8078995539743,0.0021419768378347845
20,10.0,10454.553995119672,6568.88525390625,38522,87.44748455428068,867.760214942111,-0.0039687763434424535
20,15.1,10495.531157735219,6600.44775390625,38273,87.16520784887518,867.836986909832,0.0008170030211712987
20,20.1,10455.145768148714,6586.701171875,38033,86.79039255383483,868.4809507532932,-0.0012673726974544895
20,25.1,10402.490382829703,6569.1474609375,37693,86.69745045499164,868.667020401666,-0.003929018244451154
20,30.0,10431.814760981912,6605.5078125,37152,86.62677648578811,869.2636735572783,0.0015842528905322566
20,35.1,10305.245801567415,6588.9140625,37514,86.34368502425761,871.6809990936717,-0.0009318350724478447
20,40.0,10422.52321540945,6728.21533203125,36549,87.07152042463542,870.9581657500889,0.020190228806749134
20,45.1,10353.971773419284,6714.35302734375,36455,86.64720888766973,871.6669318337676,0.018088306217618807
20,50.1,10351.842493688095,6669.265625,36043,86.66245872985046,871.2510889770551,0.01125176412682256
20,55.1,10362.246954719834,6699.03076171875,35711,85.7960292346896,871.5415138192714,0.015765011717903777
20,60.0,10358.397832729743,6658.42529296875,35344,84.98231665912178,871.936311679493,0.009608059181374078
20,65.1,10336.705604168437,6718.47607421875,35313,84.59119870869085,872.4432362019653,0.01871347826209279
20,70.0,10334.701496792588,6758.02099609375,35075,84.66651461154669,872.095481111903,0.024709621504378353
20,75.0,10335.907275280095,6770.7236328125,34899,84.55362617840052,872.2251926989312,0.026635705201321833
20,80.1,10325.790536459082,6777.27783203125,34765,84.7330936286495,871.964734646915,0.02762950960124774
20,85.1,10281.620583140877,6758.087890625,34640,84.96685912240184,871.8492205542725,0.02471976463205397
20,90.1,10283.086981517146,6789.51806640625,34789,85.57299721176234,872.6888671706574,0.02948547985360135
20,95.0,10234.60917521023,6772.650390625,34724,86.06208962101141,872.482173712706,0.02692785689335101
20,100.1,10174.887348204289,6763.4326171875,34833,86.36830017512129,872.6588292710935,0.025530178322107532
20,105.1,10160.682847710636,6766.7177734375,34835,86.26427443662983,872.6934979187598,0.026028302139637256
20,110.1,10102.289990565228,6742.02783203125,34977,86.45524201618207,872.7355119078252,0.022284599578193964
20,115.1,10153.742159678346,6819.6669921875,34820,86.11955772544515,872.6741527857553,0.03405692086331787
20,120.1,10134.70727303989,6822.42041015625,34896,85.95606946354883,873.218305823017,0.03447441792144066
20,125.1,10088.09615994008,6800.87353515625,34713,85.40797395788321,873.1427707199032,0.031207294285894936
20,130.1,10057.659543173559,6799.3017578125,34674,85.11135144488667,873.1262905923747,0.030968967804232007
20,135.1,9998.259104649489,6776.4580078125,34735,85.37817763063192,873.1925723333813,0.027505200759150174
20,140.1,9957.466220890015,6745.373046875,34696,84.53236684344017,874.0974463915148,0.022791829999403258
20,145.0,9946.692542343337,6730.55322265625,34421,84.08683652421487,874.0203364225328,0.020544720013397813
20,150.1,9925.677212620345,6740.63720703125,34484,83.970682055446,874.364197888876,0.02207374098242633
20,155.1,9903.495595224296,6641.4091796875,34508,83.11327808044511,875.7148777095166,0.007027928842923821
20,160.1,9852.387357950438,6627.09326171875,34583,83.1868837289998,875.9557875256629,0.0048572254829128275
20,165.1,9869.804095104568,6628.55859375,34236,82.9987732211707,875.9006601238463,0.005079411805208711
20,170.1,9780.608791977613,6575.9775390625,34304,82.56334538246269,876.6143015391791,-0.0028933826975418536
20,175.1,9753.551609973338,6551.50439453125,34131,82.73912279159708,875.8981278017052,-0.006604212640824741
20,180.1,9718.408020873032,6540.48828125,34111,82.52557825921257,875.8585500278502,-0.008274571060457335
20,185.5,9660.541852299884,6515.2841796875,33893,82.20600123919394,875.9669548284306,-0.012096235033889152
20,191.1,9612.06511394201,6484.91259765625,33833,81.96541837850619,875.2858451807407,-0.01670143711090555
20,196.7,9533.809978423433,6435.06884765625,33833,81.96671888392989,875.030236751101,-0.024259177790666872
20,202.4,9526.797433926566,6444.8720703125,33826,81.69878200201029,874.8969136167445,-0.022772728342904645
20,208.0,9482.224445758202,6416.7900390625,33830,81.79083653561928,874.2669819686669,-0.027030768918672995
20,213.6,9465.923135867963,6428.09912109375,33930,81.92172119068671,874.0198938992042,-0.025315988042066882
20,219.2,9451.031516510757,6436.4091796875,33887,81.8350694956768,873.5864195709269,-0.024055945050013024
20,224.9,9407.863262235596,6425.99951171875,33897,82.21231967430747,872.8770687671475,-0.025634348983710434
20,230.5,9441.522733339265,6467.02490234375,33717,81.2763294480529,873.4914731441113,-0.019413724258852027
20,236.1,9437.827375996194,6504.46728515625,33628,81.2250505531105,873.3369810871892,-0.013736386182779753
20,241.8,9439.940876565295,6506.60107421875,33540,81.01168753726893,873.7568276684556,-0.013412842621155958
20,247.5,9420.330664097779,6511.86181640625,33218,80.20263110361851,873.891083147691,-0.01261516336876814
20,253.1,9404.197805851063,6516.1181640625,33088,79.87336798839459,873.8467722437138,-0.011969779106371202
20,258.7,9411.268664833671,6539.72119140625,33097,79.49058827084026,874.1941263558631,-0.008390883860299665
20,264.4,9336.109103058652,6489.74365234375,32923,79.2824772955077,874.0737782097622,-0.015968910795412225
20,270.0,9308.4896073903,6480.38232421875,32908,79.06809894250638,874.4748693326851,-0.01738835637057273
20,275.6,9305.436071177854,6477.26220703125,32763,78.39248542563257,874.6838506852242,-0.0178614555373407
20,281.2,9335.314905764626,6504.20556640625,32578,78.00739763030266,874.5555896617349,-0.013776070244342763
20,286.9,9353.452820258808,6513.8271484375,32302,77.73534146492477,874.1220048294223,-0.012317162719904119
20,292.5,9263.851014402973,6453.06591796875,32285,77.3053740126994,874.493139228744,-0.021530306258783615
20,298.1,9320.027164579886,6472.01513671875,32027,77.06375870359385,874.5732975302088,-0.018657061741736425
20,303.8,9266.814251602364,6423.9716796875,31828,76.55331783335428,874.6619328892799,-0.025941826423395473
20,309.4,9218.832160772314,6379.87353515625,31697,76.33779222008393,874.3570053948323,-0.0326283686844778
20,315.0,9178.729861573061,6346.92431640625,31569,75.86375875067313,874.9844467673984,-0.03762441434543288
21,0.1,6176.905546091236,2846.187255859375,10566,1161.55214840053,859.1119628998675,-0.006844248535331665
21,5.1,6180.834435869166,2880.41015625,10884,1160.649393605292,857.643605292172,0.005097576544792642
21,10.0,6144.925350341358,2849.44140625,11132,1160.2725476104922,859.5829141214517,-0.0057087370998395595
21,15.1,6192.644479943202,2900.752685546875,11268,1159.7089989350372,858.206602768903,0.01219594996661789
21,20.1,6145.187023903336,2852.216064453125,11421,1158.9458015935556,858.7838192802732,-0.0047405408762393065
21,25.1,6193.016249451032,2907.725341796875,11385,1158.9694334650856,857.4100131752306,0.014629006204719363
21,30.0,6247.359141126159,2945.2919921875,11224,1159.3752672843907,856.5267284390592,0.02773760783375956
21,35.1,6131.528134171907,2906.79541015625,11925,1158.0106498951782,858.596394129979,0.014304513515261082
21,40.0,6023.593703383843,1331.8839111328125,12737,1155.6143518881997,860.4148543613096,-0.5352490726315846
21,45.1,5729.254191271296,2679.822509765625,14733,1149.9163781986017,869.222629471255,-0.0648959821603137
21,50.1,5908.416672723309,2785.06005859375,13759,1152.720255832546,862.5554909513772,-0.028174126747066
21,55.1,5266.292193269881,1412.6868896484375,19227,1140.2337858220212,883.1261247204452,-0.5070534777412412
21,60.0,5430.389597975823,2578.610107421875,17785,1142.9917346078155,877.5330896823166,-0.1002132928187442
21,65.1,5290.958187795357,2552.563720703125,19468,1139.7841586192726,881.2431682761455,-0.10930198461909764
21,70.0,5309.53659034117,2593.26953125,19609,1139.6542913968076,881.4000713957877,-0.09509799653664326
21,75.0,5326.375576498897,2637.785400390625,19948,1138.9112693001805,880.247894525767,-0.07956451700979773
21,80.1,5383.348511559966,2698.659912109375,19853,1139.219916385433,878.5928071324233,-0.05832281152938116
21,85.1,5257.288478998423,2658.185546875,20927,1137.1348497156782,879.2281741291155,-0.07244603850141115
21,90.1,5266.64117370892,2685.63427734375,21300,1136.2322065727699,878.3177934272301,-0.06286800934000539
21,95.0,5133.325936321376,1582.902587890625,22802,1132.840145601263,877.0847294097009,-0.44765798317187216
21,100.1,5190.399534800501,1600.09375,22356,1133.9138039005188,877.0245124351404,-0.44165925575569864
21,105.1,5132.326823590274,2627.146240234375,23196,1131.6991722710811,875.99491291602,-0.08327697235797651
21,110.1,5029.505979533967,2573.577392578125,24333,1128.3113056343238,872.2017424896231,-0.10196942101525064
21,115.1,5038.432333278983,1552.36279296875,24532,1126.8469753790966,870.8902657753139,-0.45831461615087604
21,120.1,5019.7089411291945,1582.2022705078125,24885,1126.2473779385173,870.6543299176211,-0.4479023536837417
21,125.1,5037.072840111056,2583.3798828125,24492,1126.9964478196962,870.3506042789483,-0.09854891537743508
21,130.1,5061.109077539015,2605.951171875,24478,1126.1864122885856,868.8255576435984,-0.09067283290807383
21,135.1,5054.028193653377,2609.969970703125,24580,1126.412855980472,868.3929617575265,-0.08927050312042019
21,140.1,5053.094347312222,2620.345703125,24537,1125.6206545217426,866.6484900354567,-0.08564996890952822
21,145.0,5061.234562835925,2648.689453125,24373,1125.9005046567925,865.2909366922414,-0.07575962937806363
21,150.1,5112.620345744681,2685.46337890625,24064,1126.1127825797873,862.9872839095744,-0.0629276430713314
21,155.1,5165.74602503383,2729.84814453125,23648,1126.4435470230042,861.8991880920163,-0.0474399111355174
21,160.1,5182.533887468031,2755.808837890625,23460,1126.3428815004263,860.0316709292413,-0.038381121391871734
21,165.1,5243.079210069444,2792.927490234375,23040,1126.3649739583334,858.9944010416667,-0.025428845329950454
21,170.1,5227.885845939836,2790.09912109375,23004,1126.5042601286732,858.3788906277169,-0.026415783583396028
21,175.1,5256.824746343392,2799.13037109375,22767,1126.4810032063951,856.9024026002547,-0.02326439645595031
21,180.1,5268.76405582706,2809.274169921875,22713,1126.3381763747634,856.1271518513627,-0.019724793737572223
21,185.5,5279.190681508206,2836.389404296875,22729,1126.3200756742488,855.3063487174975,-0.010263135543296944
21,191.1,5315.050551104422,2862.853759765625,22591,1126.1135850559958,853.8068257270595,-0.0010285966743290333
21,196.7,5275.798697011049,2840.895263671875,22717,1125.403618435533,852.9488928995906,-0.008690849621364141
21,202.4,5369.3645291479825,2908.3486328125,22300,1127.0870852017938,852.8702242152466,0.01484649894196982
21,208.0,5374.106486221787,2082.7158203125,22463,1126.744068022971,851.4153051684993,-0.27325189467013306
21,213.6,5399.417514099205,2977.288818359375,22519,1126.75114347884,851.4876770726942,0.038902660967840126
21,219.2,5437.693848226313,3006.4375,22270,1127.168837000449,850.538302649304,0.04907387537385025
21,224.9,5461.848505558593,3049.467529296875,21948,1128.2212502278112,849.8877802077639,0.06408888220233844
21,230.5,5443.803843903317,3039.4501953125,22217,1126.7929063329882,849.1300355583562,0.06059340844514161
21,236.1,5436.202828282829,3037.9453125,22275,1126.2087991021324,848.9813692480359,0.06006829084529366
21,241.8,5427.566302932328,3061.154541015625,22269,1125.7443980421212,849.1528582334187,0.06816697751459046
21,247.5,5412.548720028844,3064.239501953125,22188,1125.9182891653145,848.6016765819362,0.06924345155606981
21,253.1,5443.534605004345,3098.27392578125,21861,1126.1172407483646,848.3984264214812,0.081119509149646
21,258.7,5434.702848101266,3111.376220703125,22120,1125.308047016275,848.3376130198915,0.08569145694832217
21,264.4,5395.885079279035,3102.7734375,22137,1125.2744274291908,848.0950444956408,0.08268958010441525
21,270.0,5399.8870463504145,3112.830322265625,22071,1125.0227447782158,847.6271578088895,0.08619885481086183
21,275.6,5401.375215850223,3120.865478515625,22006,1124.7874670544397,847.0635281286922,0.08900266247572161
21,281.2,5378.074693272212,3108.185791015625,22251,1123.455350321334,845.94633949036,0.0845781803755102
21,286.9,5430.928843192318,3147.926025390625,22078,1123.5896820364164,845.8763474952441,0.09844523787597258
21,292.5,5343.126389133886,3089.4306640625,22676,1121.3527959075675,844.8807990827306,0.0780337191266589
21,298.1,5456.659982915973,3163.61181640625,22243,1121.7655442161579,843.7717034572674,0.10391867731020862
21,303.8,5407.274051579967,3138.447998046875,22722,1120.5042249801954,843.3866296980899,0.0951379511366317
21,309.4,5381.847017849369,3121.64013671875,22970,1118.3692642577275,841.7052677405311,0.08927297366071797
21,315.0,5396.254560566954,3144.2841796875,22859,1118.1902095454743,841.7392711842162,0.09717444306141516
22,0.1,9814.631844469053,6446.205078125,40635,552.8163652024117,956.902079488126,-0.01232312408375726
22,5.1,9896.054471402515,6545.68505859375,40021,549.9068738912072,955.628270158167,0.002919033920027952
22,10.0,9858.718063333417,6541.05810546875,39821,549.8041234524497,955.4627206750207,0.0022100998181609744
22,15.1,9906.267794997622,6593.25244140625,39941,548.3286096993065,955.0907087954733,0.0102072296076258
22,20.1,9818.480509207762,6506.96728515625,40455,548.2298109010011,954.5908045977011,-0.003013239262057328
22,25.1,9745.660825785433,6492.10302734375,40519,546.4220489153237,954.1154026506083,-0.0052907162490808115
22,30.0,9672.224754102383,6407.2421875,40769,547.0798891314479,953.3499963207339,-0.018292953715730385
22,35.1,9606.815910149831,6359.7080078125,40779,546.537654184752,952.5359376149489,-0.02557606207545498
22,40.0,9627.833508956797,6340.15234375,40807,546.9631680839071,952.6722621118926,-0.02857234856551117
22,45.1,9556.59049982966,6289.65576171875,41094,545.8031342775101,951.2016596096754,-0.036309351310633294
22,50.1,9544.722902715208,6258.76220703125,41065,546.8182637282357,951.7377572141727,-0.04104281064211532
22,55.1,9490.232015475758,6245.61865234375,41355,545.5744649981864,950.5785515657116,-0.04305664434347193
22,60.0,9536.88611308025,6218.4951171875,40909,544.6092791317315,950.5977657728129,-0.04721246752040405
22,65.1,9528.632333076033,6234.10595703125,41456,543.1517994982632,950.6610382091857,-0.04482060046987755
22,70.0,9509.867680736686,6217.3623046875,41483,541.1046693826387,948.9524142419787,-0.047386035177256244
22,75.0,9492.11449387243,6195.34912109375,41452,540.8638907652224,948.3177651259288,-0.05075885874357842
22,80.1,9467.013065013998,6179.572265625,41791,539.9556842382331,948.2792227991673,-0.05317616243347119
22,85.1,9472.630323720976,6159.7158203125,41301,539.9830754703275,948.310912568703,-0.05621853412896745
22,90.1,9442.947493746393,6138.951171875,41576,540.4877092553396,948.3561189147586,-0.059400059204526234
22,95.0,9418.337382753765,6106.044921875,41899,539.8608320007637,948.6255996563164,-0.06444190038150169
22,100.1,9394.842884953232,6087.8134765625,42122,539.0358245097574,948.4435924220122,-0.06723529226578927
22,105.1,9382.668991530853,6069.1640625,42153,539.3625364742722,948.5939079069105,-0.07009272463036371
22,110.1,9322.45984629486,6034.51416015625,42549,540.9566617311805,949.236339279419,-0.07540172533433019
22,115.1,9344.353664546714,6042.35888671875,42611,539.2012860528971,948.2047593344441,-0.07419976931062874
22,120.1,9328.927519370825,6024.22607421875,42977,539.1106405751914,948.4229006212626,-0.07697804883858696
22,125.1,9268.789914782732,5968.7939453125,42597,539.4802450876822,948.3246472756298,-0.08547126790933925
22,130.1,9207.600037166949,5932.75927734375,43049,537.9832748728194,947.371181676694,-0.09099244011107849
22,135.1,9168.010681527923,5910.1015625,43065,538.3687449204691,946.9699523975386,-0.09446401768905795
22,140.1,9163.718147620271,5892.9462890625,42799,538.0664968807682,946.5867894109675,-0.09709252029933595
22,145.0,9091.74120953186,5870.708984375,43769,536.3338664351481,945.796979597432,-0.10049968332880259
22,150.1,9119.685302366548,5871.51025390625,43143,535.8597918549939,945.0465892497044,-0.10037691413703774
22,155.1,9145.952992533026,5890.9287109375,43525,535.6212521539345,945.6274325100517,-0.09740165028128132
22,160.1,9102.180114365738,5882.87109375,42845,536.7570544987747,944.753996965807,-0.09863622505428775
22,165.1,9145.669143582749,5888.84375,42526,537.8298923011805,944.7184075624324,-0.09772110454626359
22,170.1,9077.00934181586,5860.47900390625,42283,538.006480145685,944.4593335383014,-0.10206710400928118
22,175.1,9161.985900846434,5857.75732421875,41350,539.3196372430472,945.1395405078597,-0.10248411526759761
22,180.1,9118.968608685249,5856.40576171875,41795,538.6593133149898,944.2325876300993,-0.10269119943749712
22,185.5,9097.723771066567,5842.91748046875,41357,539.1315617670527,944.6631767294533,-0.10475785157236135
22,191.1,9046.600403656654,5826.1171875,42115,536.7262495547905,943.5825952748427,-0.10733196466258266
22,196.7,8984.17980248334,5774.14599609375,41718,538.4343928280358,944.429646675296,-0.1152949046161934
22,202.4,8993.537920642893,5781.78466796875,41811,537.1397000789266,943.3739207385617,-0.11412451995076421
22,208.0,8962.43234299517,5744.48828125,41400,539.4828019323671,944.0414492753623,-0.11983901061168711
22,213.6,8982.174017372943,5762.66259765625,41674,538.8341891827039,943.528506982771,-0.11705437192388733
22,219.2,8979.15721294439,5756.71630859375,41377,539.917176209005,944.0154916982865,-0.11796545249507095
22,224.9,8915.6465184105,5698.83544921875,41145,539.6562401263823,942.2369425203549,-0.12683386199647573
22,230.5,8876.063209958349,5681.33544921875,42256,537.8234806891329,941.450823551685,-0.12951518304026133
22,236.1,8808.641886943991,5648.38427734375,42333,538.3493492074741,941.2447263364279,-0.13456390707259472
22,241.8,8835.101175059952,5655.47802734375,41700,539.137865707434,942.1424220623501,-0.13347701443520305
22,247.5,8754.971317903142,5602.7724609375,42082,538.4081792690462,941.3649066109025,-0.14155247411118693
22,253.1,8700.140175996818,5566.373046875,40228,542.0731082827881,941.5181217062742,-0.14712953210588678
22,258.7,8744.103376244839,5603.576171875,41170,539.6164683021618,942.119018702939,-0.1414293308511961
22,264.4,8668.732922945286,5557.3466796875,42074,536.4836240908875,940.8174169320721,-0.1485125371509599
22,270.0,8633.622573149096,5548.5263671875,40021,542.2433972164614,944.8549511506459,-0.1498639708377608
22,275.6,8638.792233837206,5536.78125,39891,541.7017623022737,945.2654984833672,-0.15166353825927917
22,281.2,8678.290666254921,5569.16259765625,38859,543.5846779381868,947.4476183123601,-0.14670212175088826
22,286.9,8696.392163730985,5558.525390625,39968,538.6869245396317,943.7660628502803,-0.14833193701145939
22,292.5,8650.17983167323,5541.47265625,38853,541.2568913597405,945.6173783234242,-0.15094472875624645
22,298.1,8725.38305760113,5535.701171875,39652,537.8074245939675,943.8673711288208,-0.15182902604245033
22,303.8,8705.46664322043,5544.53955078125,36964,544.9220322475923,951.413808029434,-0.15047482425077724
22,309.4,8690.88643424232,5486.61083984375,37661,542.1396935822204,949.2428506943522,-0.1593505654894111
22,315.0,8688.208670599533,5469.7353515625,36445,543.932336397311,951.9249828508712,-0.16193619988099242
23,0.1,4545.169019076088,2365.0673828125,64898,948.0255323738791,1073.7135042682364,0.04265135858572568
23,5.1,4566.736501834702,2392.923828125,62953,946.3675281559258,1074.1399297888902,0.05493200680806418
23,10.0,4542.327232321985,2382.1396484375,64798,944.7726473039291,1073.7240038272787,0.05017774919827333
23,15.1,4561.326471489883,1945.4503173828125,65240,948.9167228694052,1076.5202176578787,-0.1423388478394858
23,20.1,4491.748964659495,2256.02099609375,75579,977.958361449609,1083.931409518517,-0.005422266752577389
23,25.1,4519.470831805403,1928.74267578125,65448,951.3381921525486,1077.9564998166484,-0.14970449219331247
23,30.0,4472.83414188007,2258.27490234375,75444,977.4175017231324,1084.0165023063464,-0.004428621315341376
23,35.1,4450.523639926386,2253.572509765625,75529,977.5974261541925,1083.9276834063737,-0.006501693755398009
23,40.0,4468.741590071695,2254.799560546875,75179,977.1884169781455,1084.3722449088177,-0.005960742502414019
23,45.1,4513.746774822556,1890.9207763671875,64105,946.0362374229779,1075.8334607284924,-0.16637845890349956
23,50.1,4514.529377759935,2373.55615234375,62275,942.3198073063027,1074.2095062224007,0.046393673561104375
23,55.1,4502.776163624199,2401.3916015625,62778,943.3826659020676,1074.9073560801555,0.058665065554283184
23,60.0,4441.447893717872,2278.050048828125,74895,976.7391414647172,1084.717110621537,0.004289347355659466
23,65.1,4449.068362840713,2323.680908203125,74953,977.4379811348444,1085.6556241911599,0.024405931714537248
23,70.0,4511.537450894094,2396.519775390625,61347,941.1938970120789,1075.557093256394,0.05651729749751925
23,75.0,4431.8092318740355,2328.197998046875,75196,977.6982419277621,1085.5729693068781,0.026397312550730998
23,80.1,4422.6341589199055,2347.501220703125,75623,976.8891078111157,1085.1300794731762,0.034907231326781966
23,85.1,4404.282003883289,2310.014892578125,75194,976.8837939197276,1085.2305902066655,0.01838120283729255
23,90.1,4399.059981835652,2342.286376953125,75973,976.9014913192844,1085.010477406447,0.03260824231688582
23,95.0,4367.854470017222,2338.23291015625,76644,976.6502139763061,1084.3039376859244,0.030821251936206714
23,100.1,4399.5115976022935,2391.400390625,65229,945.3463796777507,1076.4895981848565,0.05426039204112822
23,105.1,4390.5489646606175,1957.629638671875,66017,947.4706514988563,1077.1313298089885,-0.1369695353281476
23,110.1,4374.521975407194,2369.928466796875,65141,944.2005495770712,1075.6584485961223,0.04479439089733814
23,115.1,4377.439279814497,2375.15869140625,65983,945.3646242213904,1075.397314459785,0.047100160633246624
23,120.1,4370.957352092133,2365.325439453125,65818,945.1918168282233,1075.1528913063296,0.04276512409993262
23,125.1,4342.970640206606,2329.27978515625,66213,945.162264207935,1074.669309652183,0.026874223613598498
23,130.1,4328.303467385606,2331.55029296875,66765,945.7636036845653,1074.0343143862801,0.02787518792970497
23,135.1,4327.172964342735,2324.5654296875,65765,944.0039838820041,1073.766045769026,0.02479587727553227
23,140.1,4300.982902103193,2285.292236328125,66090,943.5458163110909,1072.1377515509155,0.007482100632324227
23,145.0,4274.279538038166,2278.669189453125,66499,943.1783034331344,1071.2597482668912,0.004562298485298821
23,150.1,4276.4969724920775,2262.438232421875,67217,944.6348840323133,1072.1823794575778,-0.002593197177431311
23,155.1,4292.081108220366,2276.3896484375,65727,941.272156039375,1071.0019322348503,0.0035573518380422517
23,160.1,4261.254268678291,2264.304931640625,66414,940.2165507272563,1069.1058812900894,-0.0017702538267915203
23,165.1,4276.7543815649715,2245.405517578125,67784,944.4283459223416,1071.5741177859081,-0.010102151637375814
23,170.1,4228.775479395656,2250.08154296875,80153,975.410502414133,1079.9090614200343,-0.00804070329905461
23,175.1,4234.405988578871,2245.750244140625,79852,975.121938085458,1080.3123653759455,-0.009950177270242229
23,180.1,4229.402134924962,1833.07958984375,69698,947.9347040087233,1071.7367786737066,-0.19187802485631184
23,185.5,4212.290545609673,2233.8291015625,67979,941.5778696362112,1068.8787125435797,-0.015205670452087686
23,191.1,4196.019159068256,2251.25146484375,81267,974.5196082050525,1078.1552905853544,-0.007524937599830719
23,196.7,4154.264895152805,2247.829345703125,81738,974.7780469304363,1077.0499155839389,-0.009033595322289253
23,202.4,4154.335149432012,2228.655517578125,82044,975.0691214470285,1076.2874677002585,-0.017486469895379317
23,208.0,4134.1388625937525,2217.36865234375,82398,975.1104153013423,1075.2191800771864,-0.022462338852144707
23,213.6,4122.814222532869,2224.85791015625,82981,975.326098745496,1074.2156156228534,-0.019160663436996104
23,219.2,4112.925845646231,2208.482666015625,83043,975.3633298411667,1073.6348277398456,-0.026379768767556228
23,224.9,4100.354369588745,1882.822509765625,73920,952.5464962121212,1066.8443587662337,-0.1699486187795651
23,230.5,4121.6574023462135,2193.63916015625,71349,945.7204165440301,1064.8097800950259,-0.03292359989174517
23,236.1,4101.412810694144,2196.372802734375,71815,945.3157696859987,1063.4743159507066,-0.031718460381267306
23,241.8,4109.893255646222,2174.60791015625,70711,943.1354244742685,1062.8101426934988,-0.04131361821100661
23,247.5,4058.7504980842914,2164.132080078125,71775,942.2743434343435,1060.8351654475791,-0.04593193840883591
23,253.1,4038.496847484169,2134.10546875,72799,941.1830244920947,1059.7067542136567,-0.05916931478234327
23,258.7,4054.896231093479,2144.134765625,72594,939.4952613163622,1058.6561837066424,-0.05474785090001491
23,264.4,4014.8439793422126,2141.812744140625,73580,939.2419815167165,1058.2136178309322,-0.055771525266734116
23,270.0,4008.974632427671,2101.331298828125,73795,938.4638796666441,1057.2753709600922,-0.07361796560891108
23,275.6,3999.1485470841203,2096.7392578125,74643,938.9664670498238,1056.8778452098657,-0.0756423890305935
23,281.2,4023.5166668915,2095.1015625,74129,938.5161947415991,1057.216514454532,-0.07636437490504966
23,286.9,4038.7709294482665,1888.6583251953125,74130,936.504276271415,1056.372386348307,-0.16737587141074242
23,292.5,4016.4245507273936,2088.23486328125,73619,935.0557872288404,1055.724677053478,-0.07939159236255616
23,298.1,4040.3739454899414,2075.746826171875,73968,935.6785772225827,1056.2328304131515,-0.08489700373171337
23,303.8,4040.088156261509,1828.9886474609375,73313,933.3749130440713,1055.7138570239931,-0.1936815365297353
23,309.4,4027.1897234810453,1730.940673828125,73702,934.8648883341021,1055.965265528751,-0.23690645843164712
23,315.0,4028.3922944345677,1787.080810546875,73687,933.2623664961255,1055.2006052628008,-0.21215680848662752
24,0.1,10113.555419068318,5654.6103515625,31749,168.24413367350152,1094.9605026929983,0.01666320452632001
24,5.1,10090.032765276339,5624.55029296875,31863,167.08583623638702,1094.0413018234315,0.011258595968326951
24,10.0,10026.043433684406,5530.9306640625,32187,167.08015658495665,1093.1616801814398,-0.0055736216404588925
24,15.1,10030.700692469396,5520.9189453125,32348,166.75881043650304,1091.4486212439717,-0.0073736653984481015
24,20.1,10011.061736434109,5478.6435546875,32250,166.31317829457365,1091.7816434108527,-0.014974513455739639
24,25.1,9943.865059573289,5430.97119140625,32481,166.0655460115144,1091.3401373110435,-0.02354570308818991
24,30.0,9956.347105905621,5418.97509765625,32359,166.07367347569456,1090.946444574925,-0.025702524930088025
24,35.1,9755.769396101376,5312.52294921875,33499,165.67225887339922,1086.4939251917967,-0.04484194845009677
24,40.0,9645.561225086212,5300.49755859375,34218,165.76471447776024,1083.6100882576422,-0.04700403768496598
24,45.1,9548.778362371342,5307.92724609375,34782,165.60643436260133,1081.4002070036227,-0.04566822682749603
24,50.1,9567.848232125792,5271.921875,34533,165.6611646830568,1083.1394608056062,-0.05214176499909017
24,55.1,9540.328174088485,5275.9296875,34695,165.57160974203777,1083.3776624873901,-0.05142118564064424
24,60.0,9630.35586129688,5263.8564453125,33943,165.77055652122675,1086.7581533747752,-0.053591878284032904
24,65.1,9518.634726265913,5175.69287109375,35034,165.3579094593823,1083.6560769538162,-0.06944313174183496
24,70.0,9502.482997410201,5126.75927734375,35524,165.3889764666141,1083.1068854858688,-0.07824108264169093
24,75.0,9583.748012944248,5170.8369140625,35228,165.74741682752355,1085.7703815147042,-0.07031620212679413
24,80.1,9622.23399394597,5183.15380859375,35018,165.03275458335713,1087.0568279170711,-0.06810170233186252
24,85.1,9645.461439109096,5170.1650390625,34841,164.8870583507936,1088.954565023966,-0.07043700100559794
24,90.1,9706.256296381192,5214.1982421875,34901,164.53216240222343,1089.7852497063122,-0.06252010937004063
24,95.0,9747.22009665727,5240.845703125,34762,164.58920660491341,1090.7318623784593,-0.05772906430329741
24,100.1,9711.82068316606,5246.62939453125,35072,164.34631614963504,1090.4073049726278,-0.056689193140920205
24,105.1,9749.633465680254,5283.84912109375,35009,163.8446113856437,1091.0549287326116,-0.049997321530674134
24,110.1,9714.78104233238,5276.05517578125,35363,163.6907502191556,1090.9463280830246,-0.05139862364075138
24,115.1,9782.061724923371,5320.767578125,35561,163.44877815584488,1090.4230196001238,-0.0433596162781475
24,120.1,9771.07916038631,5312.814453125,35826,163.5257075866689,1090.873611343717,-0.04478953789003436
24,125.1,9720.022494201805,5280.458984375,35787,163.16341129460417,1090.586721435158,-0.050606846687312794
24,130.1,9710.84796609697,5272.44580078125,35867,162.71748403825242,1090.6214905065938,-0.0520475664547904
24,135.1,9661.687064787477,5258.16015625,35902,162.3381984290569,1090.6577070915268,-0.05461603505737967
24,140.1,9656.950997931459,5254.90087890625,35774,162.70067646894393,1092.1489629339744,-0.0552020325254141
24,145.0,9658.305904204424,5215.90283203125,35534,162.98688579951596,1093.1139753475545,-0.0622136348890057
24,150.1,9651.293006204174,5195.779296875,35460,162.62501410039482,1093.7596164692611,-0.0658317193309687
24,155.1,9639.435649154504,5049.32470703125,35423,162.80521130339045,1094.707449961889,-0.09216332900359478
24,160.1,9589.915809009617,5004.447265625,35562,162.7549069231202,1094.8231820482538,-0.1002320093466025
24,165.1,9641.352785748786,5018.4189453125,35197,162.44983947495524,1096.3277267948972,-0.0977199896386868
24,170.1,9548.670640750368,4986.31103515625,35396,162.04090857724037,1096.2543790258787,-0.10349278896535948
24,175.1,9543.057000537741,4946.17578125,35333,162.14040698497155,1096.4845894772593,-0.11070885396611245
24,180.1,9519.36518472489,4961.51611328125,35404,161.61114563326177,1096.7910688057846,-0.10795075921656373
24,185.5,9455.290597090378,4908.68017578125,35606,161.16561815424367,1097.0758580014603,-0.11745032686016968
24,191.1,9430.338333847405,4889.29736328125,35663,160.25460561366123,1097.3729635756947,-0.1209352340498468
24,196.7,9355.796347211312,4831.5556640625,35644,160.2348501851644,1097.9438615194704,-0.13131682664646277
24,202.4,9380.74518893103,4887.9423828125,35595,159.7858407079646,1098.3408905745189,-0.12117885097475999
24,208.0,9431.746148202494,4939.89404296875,35438,160.36362097183815,1099.252920593713,-0.11183827080899829
24,213.6,9447.423470247795,4970.7041015625,35594,159.8673371916615,1099.4934539529133,-0.10629881699094516
24,219.2,9466.325259807925,5004.6669921875,35507,159.67200833638438,1100.3799250851944,-0.10019250389931927
24,224.9,9433.571497311066,4969.85595703125,35330,158.76838380979336,1100.4030285876026,-0.1064513080174584
24,230.5,9446.700499120867,5011.4892578125,35262,158.0869774828427,1101.2819749305202,-0.09896590365611671
24,236.1,9400.382874237977,5020.40087890625,35432,157.2282400090314,1101.4355949424248,-0.09736365050419216
24,241.8,9418.968656547988,5072.13916015625,35446,157.2822885515996,1102.304547762794,-0.08806143451723661
24,247.5,9381.115217699617,5110.7802734375,35255,156.92182669124946,1102.4981137427314,-0.08111400655800953
24,253.1,9373.042265931443,5159.4248046875,35182,156.3805070774828,1102.7017508953443,-0.07236802726880173
24,258.7,9396.493813241636,5216.7548828125,35479,155.9837932297979,1102.5808788297302,-0.062060441543429656
24,264.4,9327.975886644694,5205.478515625,35499,155.7772613313051,1102.5230006479055,-0.0640878610980045
24,270.0,9321.53340304075,5191.0908203125,35386,155.56372576725258,1102.3421126999378,-0.06667467778610976
24,275.6,9320.983305414384,5231.73681640625,35221,155.9339314613441,1101.7616194883735,-0.05936678456789401
24,281.2,9343.088958527427,5241.5078125,35421,156.4617035092177,1100.8959374382428,-0.05761002122215064
24,286.9,9353.83291749362,5247.02978515625,35270,156.04493904167848,1101.0661468670257,-0.05661720543698189
24,292.5,9266.79282246387,5167.7099609375,35221,155.29485250276824,1100.939609891826,-0.07087840853657577
24,298.1,9307.64146424906,5154.7841796875,35076,154.65212681035464,1101.1890466415782,-0.07320238231542334
24,303.8,9261.2124939218,5115.94580078125,34961,154.0998541231658,1101.752581447899,-0.08018527738732247
24,309.4,9219.874252529899,5003.85986328125,34784,153.06945722171113,1102.2109303127875,-0.10033762057567297
24,315.0,9161.862493895958,4976.5673828125,34813,152.29710165742682,1102.4730416798322,-0.10524463607766316
25,0.1,12839.591992016964,8797.62890625,64136,397.6937913184483,1079.4134339528503,0.0010073884859657584
25,5.1,12833.57300651567,8779.76953125,64460,396.3606732857586,1078.9326248836487,-0.0010246779400278556
25,10.0,12797.490491640405,8761.30078125,64417,395.82149122126145,1078.0851793781144,-0.003126079965858522
25,15.1,12803.807557797654,8813.4462890625,64622,393.4603231097769,1077.3501284392312,0.0028071139836592495
25,20.1,12803.582087924075,8791.73046875,64169,391.98039551808506,1076.5487229035828,0.00033625543626095584
25,25.1,12784.931432162777,8845.9169921875,63645,389.43062298688034,1074.9455102521802,0.006501679199335522
25,30.0,12815.644587129975,8867.583984375,63543,387.4306689957981,1073.2779377744205,0.008966982009567385
25,35.1,12764.984923043061,8835.904296875,63607,385.4708601254579,1071.8557234266668,0.005362419735987286
25,40.0,12720.026054783446,8840.3935546875,64326,381.9046108882878,1069.8361315797656,0.005873214211068905
25,45.1,12613.787098258801,8802.2685546875,65185,379.34863849045024,1068.2657513231572,0.001535294631519983
25,50.1,12597.502744929185,8746.88671875,65029,378.6266127420074,1067.4727121745682,-0.004766133577388801
25,55.1,12524.418144154024,8725.9990234375,65652,377.3150551392189,1066.1971912508377,-0.007142766822444434
25,60.0,12515.974321260035,8647.2138671875,65268,376.7442084942085,1065.630017772875,-0.01610705985522335
25,65.1,12545.973732512764,8685.46484375,64833,376.2189471411164,1065.2936621782117,-0.011754806473785037
25,70.0,12560.903793974914,8682.072265625,64497,376.5294044684249,1064.8141774036,-0.012140819092108627
25,75.0,12530.521664448639,8661.173828125,64622,376.2312525146235,1064.1323233573705,-0.014518674599340873
25,80.1,12514.14467322634,8647.3076171875,64739,374.47102982746105,1063.6638965693014,-0.0160963928398638
25,85.1,12476.16870252674,8579.9052734375,64510,374.3326771043249,1063.0735389862036,-0.023765532424404445
25,90.1,12480.135604738443,8578.240234375,64747,373.6939780993714,1062.2643056821166,-0.023954983061779723
25,95.0,12435.476907053026,8495.662109375,64327,372.117089247128,1061.7842274628072,-0.033350845757646956
25,100.1,12376.071266264085,8440.3427734375,64252,371.40531034053413,1061.5643248459191,-0.03964516262298271
25,105.1,12327.72708785876,8403.7578125,64911,369.63342114587664,1060.2649319837933,-0.043807854252302415
25,110.1,12273.75104821803,8356.4853515625,64872,369.23993402392404,1059.6705358243926,-0.04918658563261043
25,115.1,12302.752133472495,8356.19921875,65152,368.8616926571709,1059.0751013015717,-0.04921914225240571
25,120.1,12285.457090387197,8324.2705078125,64799,368.4861340452785,1058.8641954351147,-0.0528520387855346
25,125.1,12179.434804528164,8218.55078125,65457,367.69900850940314,1057.5065462822922,-0.0648809875540599
25,130.1,12150.670643991345,8192.13671875,65622,366.5395294261071,1056.7570936576149,-0.06788641913161214
25,135.1,12080.286039074223,8107.9697265625,65977,365.59435864013216,1055.8753656577292,-0.07746306551487502
25,140.1,12036.570365890535,8053.06591796875,66140,365.34171454490473,1055.0654974296947,-0.08371010305692445
25,145.0,11951.984852595406,7981.94873046875,66348,364.0696479170435,1054.3747663833121,-0.09180192312508711
25,150.1,11907.19651240778,7914.66748046875,67095,363.27282211789253,1053.126104776809,-0.09945728448145501
25,155.1,11881.869953149711,7864.51953125,67022,362.05930888365015,1053.173002894572,-0.10516319322349411
25,160.1,11791.132354234456,7767.099609375,68226,362.0082519860464,1051.2558555389442,-0.11624777778846956
25,165.1,11754.01497027746,7691.3125,68803,361.23701001409825,1050.1471447465954,-0.12487094855922964
25,170.1,11622.008492569003,7608.65771484375,69708,360.7174068973432,1049.2799104837322,-0.13427553376244816
25,175.1,11606.99918125799,7503.4853515625,69619,360.0665910168201,1048.7689854781022,-0.1462422027173378
25,180.1,11569.9411773084,7495.8212890625,70211,359.1286265684864,1048.7058580564299,-0.1471142312229807
25,185.5,11504.815680938815,7410.47412109375,70557,358.2140397125728,1047.6317020281474,-0.1568251597735562
25,191.1,11484.44972598461,7360.98388671875,70434,356.9290541499844,1047.5150353522447,-0.16245623273596352
25,196.7,11419.006773704423,7266.56201171875,70567,357.2157807473748,1046.2328992305186,-0.17319969503892013
25,202.4,11433.26165158371,7248.3203125,70720,356.3342194570136,1045.7707437782806,-0.17527526288692688
25,208.0,11408.031417970458,7167.55810546875,70883,355.8116050392901,1043.9873735592455,-0.18446450771757456
25,213.6,11405.99383343211,7139.60595703125,70866,354.7989585979172,1043.941763327971,-0.18764494501586937
25,219.2,11354.939211045918,7077.08837890625,71411,353.5856240635196,1041.4839730573722,-0.1947582886542803
25,224.9,11301.670860355722,7006.3818359375,71854,353.23533832493666,1040.377807776881,-0.20280338497287329
25,230.5,11293.852150313152,6998.8876953125,71850,351.94352122477386,1040.9111899791233,-0.20365607951317705
25,236.1,11168.54556867026,6953.10009765625,73285,350.1519819881285,1038.4809169680016,-0.2088658609262539
25,241.8,11218.625413333699,6962.09326171875,72883,350.6336045442696,1038.3385014338048,-0.20784260525494072
25,247.5,11118.246209749857,6929.04541015625,73478,349.1860692996543,1037.3513704782383,-0.2116028392839242
25,253.1,10930.931852218417,6874.86572265625,76789,348.70041281954445,1031.9938272408808,-0.21776748524379547
25,258.7,10959.941524447702,6944.623046875,76408,346.57370955920845,1032.1953852999686,-0.20983039245571788
25,264.4,10863.713607636777,6888.935546875,75634,345.2007430520665,1033.1828146071873,-0.21616659957928852
25,270.0,10617.96753992016,6781.41015625,80160,343.87205588822354,1024.841130239521,-0.22840099950822843
25,275.6,10501.851427309099,6753.36669921875,81482,341.93650131317344,1021.7658869443558,-0.23159182603502446
25,281.2,10400.923032726054,6713.05908203125,83542,342.08681860621004,1017.080151301142,-0.2361780870659128
25,286.9,10460.764577126527,6767.76806640625,82235,339.6369550677935,1019.1437587401958,-0.22995321691515744
25,292.5,10352.182151779205,6708.87939453125,83661,340.3229820346398,1015.968432124885,-0.23665365816735925
25,298.1,10681.012960702647,6815.431640625,79471,340.44364610990175,1022.5282178404701,-0.22452998408014632
25,303.8,10739.235973700299,6771.61865234375,80153,345.55574962883486,1018.8109365837835,-0.22951509148221275
25,309.4,10734.877668629651,6721.3056640625,79301,343.6971791024073,1019.9815513045232,-0.23523977861587436
25,315.0,10618.06908149112,6677.04541015625,81469,344.2818986362911,1016.0348721599627,-0.2402757765703853
26,0.1,11094.015445249255,7020.03515625,37552,735.0688112484022,1111.5291595654026,0.00022900093562282697
26,5.1,10970.697301221062,6918.341796875,38573,733.8983745106681,1108.1642081248542,-0.014260477391118067
26,10.0,11125.227501129928,7090.53955078125,37613,732.0963762528913,1109.900273841491,0.010274611610489336
26,15.1,11163.384935914342,7087.63623046875,37918,731.5251331821298,1109.0640592858274,0.009860940580226399
26,20.1,11244.12355512645,6975.5869140625,37287,731.9580550862231,1111.281867675061,-0.006104075735220623
26,25.1,11139.24154025671,6774.34619140625,37708,731.0130476291503,1109.854115837488,-0.03477726646572804
26,30.0,11277.241386788106,6765.76708984375,36891,731.6056761811824,1111.9359464368004,-0.035999634444490204
26,35.1,11251.799221326988,6801.42333984375,36986,731.4998107391987,1111.9741794192398,-0.030919258845108984
26,40.0,11379.862229571449,6907.5322265625,36285,732.119801570897,1113.3676174727848,-0.015800647130095682
26,45.1,11357.84266856939,6994.435546875,36439,731.6446938719504,1113.6956008672028,-0.0034184838902475497
26,50.1,11308.1156766536,6848.32958984375,36481,731.8297744031139,1113.883062416052,-0.024235960181944037
26,55.1,11238.40343137255,6854.51171875,36720,731.4962145969499,1113.7123366013072,-0.02335511778131184
26,60.0,11329.018730633023,6853.177734375,36144,731.9160856573706,1115.3977700309872,-0.02354518660988203
26,65.1,11322.791450423381,6979.966796875,36610,730.9046435400164,1114.7273695711554,-0.005480021052836071
26,70.0,11364.637235033138,7041.6484375,36514,730.630114476639,1115.3167004436655,0.0033085055578156697
26,75.0,11367.067048130099,7073.91259765625,36526,730.9614521163007,1115.379565241198,0.007905569242088135
26,80.1,11329.205451132933,7120.60595703125,36763,729.7323123792944,1115.877104697658,0.014558534812553009
26,85.1,11335.894311385422,7153.64892578125,36617,729.9924078979709,1116.1061801895294,0.019266564741909464
26,90.1,11324.655463777928,7095.271484375,36925,728.3062965470548,1116.4545159106297,0.010948827209930661
26,95.0,11335.475866738894,7044.36669921875,36920,728.2235644637053,1115.8278981581798,0.0036958090602498724
26,100.1,11286.466240974243,7091.60302734375,37116,727.5595699967669,1115.680111003341,0.010426137931362642
26,105.1,11351.878190035452,7106.75,36951,727.5866417688289,1116.1757733214256,0.012584309648447499
26,110.1,11267.839805565942,7127.63134765625,37442,726.4691522888735,1116.3095721382406,0.015559526871655455
26,115.1,11384.0195743773,7199.26953125,37498,727.0618966344872,1116.393327644141,0.025766682136543918
26,120.1,11325.216363492775,7127.38232421875,37987,725.8873562008056,1116.8819596177639,0.015524045501753991
26,125.1,11398.639854185514,7135.89111328125,37582,726.0348837209302,1117.6675536160928,0.016736395211367504
26,130.1,11315.70453893683,7099.25732421875,38357,725.1622389655082,1116.8764762624814,0.011516737842294662
26,135.1,11208.5250509684,7056.2041015625,39240,722.6676860346585,1117.0900866462794,0.005382426414212937
26,140.1,11140.633526271144,7043.02001953125,40082,720.1108976597974,1118.3619080884187,0.003503931377527844
26,145.0,11040.655951537654,7007.50439453125,40939,718.6497960380078,1117.2308312367181,-0.0015564076835560751
26,150.1,11046.094110812577,7003.6494140625,41313,716.6592840026142,1117.4173020598844,-0.0021056732038934258
26,155.1,11103.8106174882,7046.62646484375,41102,717.7317648776216,1116.028684735536,0.004017785099277265
26,160.1,10993.551751232173,7078.31494140625,41999,716.544132003143,1114.4957498988072,0.008532824204895173
26,165.1,11291.658870888077,7184.806640625,40492,719.636026869505,1114.6719105008397,0.023705979829717783
26,170.1,11215.467682747823,7185.662109375,40876,720.0062628437224,1112.6867844211763,0.02382786877102634
26,175.1,11438.434442171201,7231.24169921875,39591,722.8958349119749,1112.8478947235483,0.03032214217532408
26,180.1,11395.895694662579,7269.9873046875,40113,723.1718146236881,1111.7137087727172,0.035842695475424034
26,185.5,11350.125226634877,7288.595703125,40263,721.9891215259668,1110.8869930208878,0.038494058234139227
26,191.1,11312.643494897959,7308.0595703125,40768,721.2026589481947,1110.214997056515,0.04126730993416297
26,196.7,11227.17812797307,7264.44873046875,40993,721.8489986095187,1110.1143121996438,0.03505354806602738
26,202.4,11233.857535302906,7295.2001953125,41498,721.1165357366621,1110.2493373174611,0.03943507982097684
26,208.0,11238.406553427298,7274.515625,41505,722.1554752439465,1110.0941091434768,0.036487899837122396
26,213.6,11216.035112794492,7238.69873046875,41979,721.8364182091045,1109.698658853236,0.03138463527558906
26,219.2,11172.043735364383,7165.72607421875,42277,722.2350687134849,1109.4431724105305,0.020987341610816876
26,224.9,11117.91112569433,7143.22705078125,42667,721.7905641362177,1109.0927649002742,0.017781634625876477
26,230.5,11200.271106499387,7207.185546875,42404,721.7078105839072,1110.4398877464391,0.026894572271529242
26,236.1,11098.741138460824,7158.13134765625,43023,721.1382283894661,1109.997396741278,0.019905229400135793
26,241.8,11154.187450486976,7201.6953125,42918,720.7517824688941,1110.962323500629,0.026112312422172285
26,247.5,11078.275482540492,7147.6435546875,43157,719.7772783094283,1111.0886067150172,0.01841090715677595
26,253.1,11103.084786237596,7091.71826171875,43132,718.7451312250765,1111.5093202262822,0.01044255676135626
26,258.7,11130.704615455339,7046.09326171875,43506,718.1554957936836,1110.8237254631545,0.003941813224900015
26,264.4,11001.66560988961,6995.59814453125,43844,716.3782045433811,1110.3176717452786,-0.003252834592727191
26,270.0,11019.390663947428,7058.712890625,44130,715.6238613188307,1110.7365284387038,0.005739883823141792
26,275.6,11035.546938035448,7190.0703125,44122,715.5284665246362,1110.6045736820633,0.02445595858959576
26,281.2,11091.193456356843,7180.66357421875,44165,715.27327068946,1110.2970904562437,0.023115667234396387
26,286.9,11115.724984266835,6888.42138671875,44492,713.7509439899308,1110.146835386137,-0.01852359877043559
26,292.5,10986.309487851464,7185.37109375,45026,712.943343845778,1109.3756718340514,0.023786404268161098
26,298.1,11113.62429948442,7218.66650390625,44610,712.8063438690876,1110.2614436225062,0.028530402566613742
26,303.8,11084.502773801001,6793.30419921875,44704,711.4813663206872,1111.0956290264853,-0.03207609064652374
26,309.4,11095.9323570121,6748.27587890625,44794,711.245077465732,1112.521185873108,-0.03849181803784354
26,315.0,11182.926662004556,6776.25048828125,44329,711.2864039342192,1113.3032100882042,-0.034505938342952146
27,0.1,9080.256325450637,4334.59326171875,6047,28.588390937655035,1083.7463204894989,0.04453735342614124
27,5.1,8864.62340036563,4135.845703125,6017,29.363636363636363,1083.0948977895962,-0.003356240348123393
27,10.0,8889.326341983648,4141.01123046875,5626,27.752755065766085,1082.2735513686455,-0.0021114669784182186
27,15.1,8867.28540423223,4099.06689453125,5529,27.687827816965093,1081.797431723639,-0.012219087925994914
27,20.1,8763.363416898794,4038.349609375,5385,27.732219127205198,1081.32739090065,-0.02685055817360515
27,25.1,8604.510589141317,3917.583251953125,5194,26.779168271082018,1079.258952637659,-0.055952474719828414
27,30.0,8606.806109979634,3934.06201171875,4910,25.883095723014257,1078.343380855397,-0.05198147235027599
27,35.1,8394.280948553054,3804.073974609375,4976,25.798030546623796,1076.314308681672,-0.08330560175785211
27,40.0,8157.998423334648,3565.143798828125,5074,27.595979503350414,1076.1468269609775,-0.1408822827508064
27,45.1,8068.386431263638,3489.582275390625,5041,27.623884149970245,1075.2449910731998,-0.15909087325670257
27,50.1,8042.686466625842,3465.86083984375,4899,26.990814451928966,1075.1077770973668,-0.1648071940299639
27,55.1,7899.209369221287,3369.5556640625,4867,27.650503390178756,1075.3809328128211,-0.1880145279960345
27,60.0,7840.078188421277,3319.9990234375,4681,26.975859859004487,1074.4883571886348,-0.1999565394184863
27,65.1,7816.219426048565,3328.693359375,4530,25.772185430463576,1073.6777041942605,-0.19786140428085794
27,70.0,7708.802333408122,3233.24951171875,4457,25.622167377159524,1072.8579762171864,-0.22086117796484514
27,75.0,7667.585714285714,3209.269287109375,4270,25.27634660421546,1073.6023419203748,-0.2266398609543787
27,80.1,7721.44095477387,3237.53857421875,3980,23.763065326633164,1073.7560301507538,-0.21982761247855245
27,85.1,7673.575584286425,3199.203857421875,4022,24.52362008950771,1072.9042764793635,-0.2290653981736908
27,90.1,7617.972904532793,3128.684326171875,3949,23.738161559888578,1072.485186123069,-0.24605898444330987
27,95.0,7511.983144587833,3029.28564453125,3797,23.490650513563338,1072.0376613115618,-0.2700117822229514
27,100.1,7417.902294197031,2959.2861328125,3705,23.554925775978408,1072.0790823211876,-0.286880055737231
27,105.1,7476.650892857143,2976.6181640625,3360,21.398214285714285,1071.2410714285713,-0.2827034345508188
27,110.1,7270.501158077591,2805.080810546875,3454,22.215691951360743,1071.8155761436017,-0.3240399942777372
27,115.1,7228.5458461538465,2747.09619140625,3250,20.630153846153846,1073.2344615384616,-0.3380129548208806
27,120.1,7079.792050874404,2619.2294921875,3145,20.823847376788553,1073.6972972972974,-0.3688258905518631
27,125.1,6961.563800062093,2545.7763671875,3221,21.748214840111768,1074.420055883266,-0.38652640549197925
27,130.1,6853.727600721588,2461.211669921875,3326,23.6876127480457,1074.7131689717378,-0.4069045539690739
27,135.1,6731.19179632249,2379.24853515625,3535,26.215275813295616,1074.9734087694483,-0.4266557856757943
27,140.1,6577.619714786089,2278.74609375,3997,29.1228421315987,1076.3522641981485,-0.4508745641910648
27,145.0,6598.363469601677,2271.2294921875,3816,28.109538784067087,1076.4033018867924,-0.45268589241237506
27,150.1,6543.843612334802,2214.404296875,3632,26.78579295154185,1076.0539647577093,-0.46637945846016304
28,0.1,4109.213985413985,1812.728271484375,11655,1148.5818961818961,1128.3034749034748,0.0006426945078763631
28,5.1,4099.225033288948,1788.6163330078125,12767,1144.191509360069,1128.7267956450223,-0.012667317514630788
28,10.0,4129.13503131524,1791.0225830078125,11975,1146.4564509394572,1128.5491440501044,-0.011339045361801218
28,50.1,4118.440661106435,1806.17919921875,13069,1141.1618333460863,1130.58260004591,-0.0029724536759358567
28,55.1,4125.7684595798855,1859.2735595703125,12568,1143.4092934436665,1130.3897994907702,0.02633612204449175
28,70.0,4170.166875322188,1962.81298828125,13579,1141.3333824287504,1133.1789527947567,0.08349083991529521
28,100.1,4089.6993202021963,2021.3426513671875,11474,1151.6803207251176,1129.24010807042,0.11579975278450982
28,110.1,4012.6041614648357,2001.6082763671875,12015,1150.0689970869746,1127.5176862255514,0.10490619610253743
28,115.1,4037.8973776223775,2044.2403564453125,11440,1152.5356643356643,1127.8850524475524,0.12843949679239666
28,120.1,4021.095776116809,2039.865966796875,11506,1152.3518164435945,1127.8413001912045,0.12602479343420633
28,125.1,3994.9610288386593,2066.70703125,11547,1152.8225513120292,1127.9729799948038,0.1408413081211215
28,130.1,4016.092695883134,2051.164794921875,11295,1153.8684373616645,1127.8808322266489,0.13226185058040688
28,135.1,3997.019304390323,2029.52099609375,12277,1150.448888164861,1127.6171703184816,0.12031427436644584
28,140.1,4015.98754851229,2068.78369140625,12368,1150.132519404916,1127.913001293661,0.14198764364587477
28,145.0,4020.805719292656,2128.681884765625,12554,1150.2766448940577,1128.5095587063884,0.17505199782522393
28,150.1,4080.6274740020126,2175.797119140625,11924,1152.8478698423348,1128.8623783965113,0.20106004096053867
28,155.1,4084.9799940941975,2188.655517578125,13546,1146.8239332644323,1129.4922486342832,0.20815799527722167
28,160.1,4105.497026213378,2187.724609375,13619,1146.6938101182172,1129.9967692194728,0.20764412537881066
28,165.1,4181.5178902953585,2243.755859375,11850,1153.2886075949368,1130.9462447257383,0.23857389122327066
28,185.5,4176.725408873934,2286.2099609375,12779,1149.6980984427576,1132.0006260270757,0.2620089461339687
28,230.5,4086.546797168575,2198.77880859375,11443,1155.998689154942,1126.2984357248972,0.2137461451166168
28,236.1,4067.6724511930584,2171.706787109375,11525,1155.8045986984816,1125.726507592191,0.19880214002217558
28,241.8,4020.328919026725,2184.37353515625,12535,1151.9829278021539,1123.8433187076187,0.20579430155882905
28,247.5,3990.525556700214,2181.286376953125,12619,1151.5644662810048,1124.8205087566369,0.20409016180918113
28,253.1,3989.4260748276993,2182.90380859375,12188,1153.129553659337,1125.0045126353791,0.20498299896548144
28,258.7,3976.485705284713,2177.047119140625,12697,1151.066551153816,1125.2636055761204,0.20175005246850208
28,264.4,3947.9573258606883,2195.898681640625,12490,1151.9404323458766,1126.4321056845477,0.2121562885229753
28,270.0,3950.3052384422313,2185.711669921875,12351,1152.2372277548377,1127.118775807627,0.20653296426881879
28,275.6,3963.1407987866532,2207.30712890625,11868,1153.9520559487698,1129.9767441860465,0.2184538564439953
28,281.2,3975.725103220479,2228.71923828125,12110,1152.8451692815854,1130.5655656482247,0.23027353794681232
28,286.9,3987.7460215913634,2235.241943359375,12505,1151.195281887245,1130.9464214314273,0.23387413120037845
28,292.5,3962.382242632989,2254.59130859375,13065,1148.9036356678148,1131.8693455797934,0.2445551589471832
28,298.1,4024.055533581204,2292.6953125,12641,1150.249584684756,1132.546238430504,0.26558891990301947
28,303.8,4017.03087761373,2302.0126953125,13343,1147.4349846361388,1133.065352619351,0.2707322009947999
28,309.4,4064.942462051975,2307.820068359375,12583,1150.043073988715,1133.9247397282047,0.27393792438150416
28,315.0,4052.172898616811,2317.203857421875,13158,1147.9460404316765,1133.3213254293967,0.2791178623346451
29,105.1,15560.80832044009,9548.56640625,29085,1140.884270242393,642.3005329207496,0.0010307992284951258
29,110.1,15449.152296914994,9528.9013671875,29692,1138.081806547218,644.5305132695676,-0.0010307992284951258
30,165.1,6012.918918918919,3240.27001953125,74,310.4594594594595,334.93243243243245,0.0
31,165.1,6112.596153846154,3329.874755859375,52,311.36538461538464,334.96153846153845,0.0
32,175.1,6271.941176470588,3027.853515625,34,311.6470588235294,342.9117647058824,0.0
33,213.6,14519.13906865706,8387.7841796875,34767,1132.8335778180458,618.5248942963154,0.008451009360824628
33,219.2,14402.084958686977,8349.931640625,35582,1130.8529031532798,617.6431341689619,0.0039000540183052705
33,224.9,14219.389799534832,8275.5986328125,36116,1129.9270406468047,616.781675711596,-0.0050368946622382105
33,230.5,14182.808876636802,8300.6123046875,36275,1129.157794624397,616.6291936595452,-0.0020295375212126747
33,236.1,14156.483454728974,8273.5380859375,36657,1128.685462531031,613.863409444308,-0.005284631195679449
33,241.8,14100.600081168832,8315.7255859375,36960,1127.9633116883117,613.2886904761905,-0.00021248984749864353
33,247.5,13993.109112741828,8279.763671875,37475,1127.8523815877252,611.4073115410273,-0.0045361381147847124
33,253.1,13860.011204188482,8251.0927734375,38200,1127.388612565445,609.3855497382199,-0.007983198249998607
33,258.7,13779.610022346082,8266.001953125,38933,1126.8518480466441,608.3376826856394,-0.006190689408269988
33,264.4,13670.031104956792,7938.1728515625,38997,1126.8047029258662,607.5315793522578,-0.045605102236053595
33,270.0,13637.095177177946,7958.57568359375,39085,1126.3284891902265,607.4456696942561,-0.04315209961760759
33,275.6,13627.344384424361,7981.64599609375,39061,1126.3827602979954,606.4279204321446,-0.040378389728500566
33,281.2,13646.683900841668,8016.09765625,39089,1125.9295198137584,606.3656527411804,-0.03623631707683861
33,286.9,13632.13723740567,8061.572265625,39224,1124.8441005506832,606.3570008158271,-0.030768971381945384
33,292.5,13457.825429950719,7950.59521484375,39772,1124.4091069093836,604.643392336317,-0.044111579689305125
33,298.1,13554.310794869863,8059.2734375,39843,1123.7277313455313,604.6102201139472,-0.031045356121149496
33,303.8,13543.45674853566,8116.75390625,39779,1123.7432816310113,604.5496618818975,-0.02413456353425315
33,309.4,13466.227788960958,8083.81103515625,40239,1123.2405874897488,603.1530107607048,-0.02809523668631003
33,315.0,13411.235421327368,8077.6748046875,40230,1122.159781257768,604.2018642803878,-0.028832986690043687
