cell_id,time_seconds,mean_intensity,mean_intensity_sub,area,centroid_x,centroid_y,dF_F0
0,0.1,1599.3777911888956,1091.76611328125,9942,67.38171394085697,32.34600683967009,0.006136910607818904
0,5.1,1568.7764819277108,1057.0501708984375,10375,62.482313253012045,36.406072289156626,-0.025856197250149527
0,10.1,1605.040750610704,1094.989501953125,9006,59.861203642016434,32.77148567621585,0.009107483041379203
0,15.1,1601.222856515534,1084.874755859375,9109,60.62268086507849,32.81655505543967,-0.00021394511301019435
0,20.1,1603.921883718335,1096.85400390625,8961,60.99598259122866,32.04352192835621,0.010825748713961194
0,25.1,1642.2046718576196,1128.8800048828125,8091,56.486590038314176,31.156717340254605,0.040339892164373205
0,30.1,1618.4791930835736,1115.482666015625,8675,60.18651296829971,31.42801152737752,0.027993330960265184
0,35.1,1583.0717000513612,1071.1229248046875,9735,62.04108885464818,34.36558808423215,-0.01288719503737343
0,40.1,1574.806083265966,1070.7049560546875,9896,62.776879547291834,34.56356103476152,-0.01327238173783963
0,45.1,1608.8309308302603,1102.18359375,8949,62.01877304726785,31.537937199687114,0.0157373291293684
0,50.1,1608.568747867622,1103.3935546875,8793,60.37768679631525,31.768679631525078,0.01685239062908247
0,55.1,1604.1400908697533,1102.0728759765625,9244,61.62289052358287,32.77077022933795,0.015635295152346542
0,60.1,1623.9034795042899,1102.3031005859375,8392,59.80886558627264,30.71234509056244,0.015847462826727166
0,65.0,1597.2209574468086,1080.537841796875,9400,60.54531914893617,34.00425531914894,-0.004210707114810177
0,70.1,1580.1935222672064,1056.656005859375,9880,63.158704453441295,34.45080971659919,-0.026219447208036605
0,75.1,1603.0865019011408,1077.7379150390625,8416,61.34588878326996,30.01722908745247,-0.006791030522693711
0,80.0,1605.612734409071,1068.1888427734375,9172,61.356410815525514,32.7398604448321,-0.015591151676510573
0,85.1,1599.7902722479284,1050.552490234375,9293,62.35047885505219,32.73689874098784,-0.03184425299755471
0,90.1,1599.3216760502382,1066.270751953125,9236,62.976829796448676,32.21665223040277,-0.01735880314392453
0,95.1,1630.8495104556994,1085.7664794921875,8273,60.99709899673637,29.74181070953705,0.0006078390128384004
0,100.1,1622.3169722057953,1089.582763671875,8455,62.23512714370195,29.733885274985216,0.004124805080792489
0,105.1,1635.8415818950737,1096.593017578125,8749,62.36918504971997,30.762029946279576,0.0105852320184014
0,110.1,1625.3204942669486,1094.57666015625,8983,61.701992652788604,31.905599465657353,0.0087270211777762
0,115.1,1637.902238722016,1093.453369140625,8889,63.10676116548543,30.941275734053324,0.007691831920273289
0,120.1,1654.4429373246023,1119.8255615234375,8552,62.692586529466794,29.912652011225443,0.03199560527173889
0,125.1,1664.3641420118342,1125.84423828125,8450,62.48698224852071,29.604970414201183,0.03754222626078269
0,130.1,1649.251811992093,1104.32080078125,9106,62.728640456841646,31.817482978256095,0.017706911124626058
0,135.1,1646.5270552079903,1111.3818359375,9111,66.12128196685326,30.3721874657008,0.024214136446403762
0,140.1,1686.3132956152758,1135.541015625,8484,62.684582743988685,29.773455917020275,0.046478467714705894
0,145.1,1665.5255262239796,1139.5771484375,8599,63.863472496801954,29.538550994301662,0.050198039287198425
0,150.1,1681.3065265216328,1139.7330322265625,8182,63.14971889513566,28.393180151552187,0.050341696827062715
0,155.0,1663.2482484820177,1150.3685302734375,8564,62.57706679121905,29.9316907986922,0.0601430334114138
0,160.0,1632.8865750528541,1110.182861328125,9460,66.36279069767441,31.439112050739958,0.023109199597110826
0,165.1,1638.65553937493,1124.4239501953125,8927,66.37817855942646,29.66685336619245,0.03623333395356183
0,170.1,1671.346410492407,1154.2259521484375,8692,62.659917165209386,30.35342843994478,0.06369791067038924
0,175.1,1645.5507344632767,1130.22509765625,8850,64.60146892655368,30.111412429378532,0.041579486864267205
0,180.1,1640.8707252514557,1118.664306640625,9445,63.63366860772896,32.56982530439386,0.03092542972222518
0,185.4,1668.0777349069451,1150.264892578125,8812,60.07637312755334,32.062074443940084,0.060047524209107785
0,191.1,1662.4520185307742,1151.73974609375,9066,59.85804103242886,33.129384513567175,0.06140670228008693
0,196.7,1665.2529971988795,1150.619140625,8925,61.36515406162465,31.804593837535013,0.06037398793713141
0,202.3,1685.7287366749829,1162.2342529296875,8818,59.96665910637333,32.14572465411658,0.07107810585070015
0,208.0,1674.439324969468,1161.2310791015625,9007,61.293993560564004,32.15165982013989,0.07015361277113495
0,213.6,1675.4222469410456,1165.1436767578125,8990,61.29388209121246,32.078420467185765,0.07375933827444764
0,219.3,1725.7258005152742,1199.4052734375,8151,55.80787633419212,31.8444362654889,0.10533373558944434
0,224.9,1646.5663437021929,1119.0684814453125,9805,62.36970933197348,34.5532891381948,0.031297904361607065
0,230.5,1645.9833671791896,1115.0001220703125,10341,63.58301905038198,35.882990039648,0.02754863381454588
0,236.2,1653.8290553881327,1134.4354248046875,9623,61.47573521770757,34.33918736360802,0.04545959039399258
0,241.8,1661.5607127144742,1137.287841796875,9092,63.52012758468984,31.417839859216894,0.04808828713166597
0,247.4,1643.9725600249453,1129.39013671875,9621,64.70699511485293,32.67175969233968,0.04081001343226113
0,253.1,1649.7112277019937,1113.8665771484375,9530,63.01007345225603,33.21542497376705,0.02650399488331658
0,258.8,1666.5298287708583,1146.78076171875,9169,61.48162285963573,32.59657541716654,0.05683666007221927
0,264.4,1690.9592958062346,1169.182373046875,8918,58.74613141960081,33.16259250953129,0.07748127226537177
0,270.0,1655.7017366720518,1129.1741943359375,9904,58.73515751211632,37.0421042003231,0.04061100780342798
0,275.7,1678.4869137353435,1160.4654541015625,9552,58.96335845896147,35.51643634840871,0.06944803713289781
0,281.4,1676.6762717153854,1149.093505859375,9613,58.6145844169354,35.92021221262873,0.05896801148198347
0,287.0,1665.8152152152152,1141.9952392578125,9990,59.412412412412415,36.89319319319319,0.05242647484488971
0,292.6,1641.7687378640776,1117.9254150390625,10300,60.4073786407767,37.36980582524272,0.03024449073334612
0,298.3,1639.3054277828887,1104.4102783203125,10870,60.62723091076357,39.41987120515179,0.017789370777500396
0,303.9,1652.345656719255,1113.7529296875,10522,60.871887473864284,37.95780269910664,0.026399260999515752
0,309.6,1635.6520507901707,1108.937255859375,10947,61.285557687037546,39.35461770348041,0.02196128923158597
0,315.2,1619.7798976671581,1097.27978515625,11531,61.98863932009366,41.03486254444541,0.011218135165837976
1,0.1,606.8564157514064,110.00706481933594,44796,530.2631038485579,46.87016697919457,0.014392839687552105
1,5.1,609.4927943677943,104.731689453125,42328,532.8446182196183,45.2216735966736,-0.03425224512529052
1,10.1,603.8920609918838,112.01310729980469,45711,532.3764520574916,48.527619172628036,0.0328908800783078
1,15.1,610.9250980941704,106.705078125,42816,526.6367012331839,44.73542600896861,-0.016055310756047415
1,20.1,614.2485836206273,108.77413940429688,41479,525.2778996600689,43.72506569589431,0.003023836115477904
1,25.1,611.5594580559883,108.59938049316406,42366,523.115989236652,44.420691120237926,0.0014123560853920656
1,30.1,612.194770737902,109.88977813720703,44098,527.1019774139417,46.45283232799673,0.013311320325703261
1,35.1,612.8060640327939,108.07906341552734,42447,526.7582868047211,45.61636864796099,-0.0033855713821633383
1,40.1,612.504721298839,104.95075988769531,41514,520.6535626535626,43.52852049910874,-0.032232161409937135
1,45.1,614.9072834060836,101.06941986083984,43757,521.9430262586558,46.91573919601435,-0.06802262212353702
1,50.1,612.996222479722,105.63258361816406,43150,520.7923522595597,45.60794901506373,-0.025944955117755554
1,55.1,614.5382798482887,101.22245788574219,44031,519.666530399037,46.376870840998386,-0.0666114338792564
1,60.1,610.9702292087468,102.2277603149414,45548,522.6194783525073,48.71408184772108,-0.05734137847349718
1,65.0,614.1604090681542,89.8067398071289,41949,520.0066032563351,44.014303082314235,-0.1718776065369386
1,70.1,609.6008140750462,92.68525695800781,44959,521.6330434395783,47.60214862430214,-0.14533433686998773
1,75.1,608.236713962862,97.97765350341797,42921,517.3004589827823,44.95538314577946,-0.09653229702583796
1,80.0,616.086069528918,103.8940200805664,44557,513.258500347869,46.86390466144489,-0.04197652915145286
1,85.1,614.2352494651852,101.26757049560547,43473,515.7216433188415,45.84463920134336,-0.0661954432471994
1,90.1,611.8224939299341,103.49889373779297,46128,516.1379639264654,49.12020898369754,-0.045620052715503574
1,95.1,615.2523558279381,99.61599731445312,43403,513.5704213994425,45.57431513950649,-0.08142486521143724
1,100.1,611.9508532860591,99.98369598388672,46819,513.2388346611418,49.23945406779299,-0.07803425663508226
1,105.1,620.0943945980945,95.62264251708984,43244,513.736680233096,45.60371381000832,-0.11824823214182399
1,110.1,616.8313552490147,104.38082122802734,44656,512.465424579004,47.05036277319957,-0.03748765746719298
1,115.1,619.999195332931,107.61650848388672,44739,508.0630993093274,47.09175439772905,-0.00765086481026271
1,120.1,617.948509694222,118.33419799804688,51835,515.9706568920614,55.37158290730201,0.09117867417446857
1,125.1,618.6750187707819,105.9393539428711,46615,512.6448139011048,49.371425506811114,-0.023116176608643468
1,130.1,620.3415640599002,106.74073028564453,45075,510.9940765391015,47.94331669439823,-0.015726556447980048
1,135.1,617.6964420276573,103.79936981201172,49101,513.2221543349423,52.4077106372579,-0.042849314502594264
1,140.1,620.2420681054344,111.80928802490234,47309,509.21368027225265,50.089517850726075,0.031011429759450593
1,145.1,617.784318895994,107.01131439208984,45507,510.88210604961876,48.22179005427736,-0.013231456878128293
1,150.1,618.0869838517394,106.31996154785156,46135,510.82436328167336,49.223604638560744,-0.019606532661167166
1,155.0,616.1111814806726,106.06588745117188,45790,513.0090849530466,48.79004149377593,-0.02194939077528218
1,160.0,619.1622178867557,110.42704010009766,45106,510.9277258014455,48.0218152795637,0.01826549930582396
1,165.1,617.4529337180833,105.74510192871094,45744,508.63153637635537,48.795863938440014,-0.024907405677272454
1,170.1,622.6210171017102,107.2563247680664,44440,510.35391539153915,47.58800630063006,-0.010972176790545273
1,175.1,616.4481860825408,103.1830062866211,46474,509.7662133666136,49.67020269397943,-0.048532901714266954
1,180.1,618.4494183849158,99.94498443603516,47626,512.9039810187712,51.26136984000336,-0.0783912220446979
1,185.4,616.6709962389574,99.852783203125,45732,509.1539184815884,48.815031050467944,-0.07924142444422584
1,191.1,616.3390838913294,101.79232025146484,46894,511.0631637309677,50.24075574700388,-0.0613566413407424
1,196.7,616.2434904239294,101.82898712158203,46470,509.4720249623413,49.89130621906607,-0.061018530233408405
1,202.3,617.2025628596118,101.20349884033203,47447,511.42729782704913,51.361118721942375,-0.06678625828660659
1,208.0,619.1513104060973,98.49014282226562,42773,509.6431627428518,45.49021579033502,-0.09180655058119655
1,213.6,616.0926392387349,103.62743377685547,46449,508.1217679605589,49.72485952334819,-0.04443476433923158
1,219.3,616.9012756747758,103.86710357666016,48053,507.8872494953489,51.521549122843524,-0.04222473056357819
1,224.9,617.1162925946668,103.02409362792969,46426,506.2715719639857,49.73809934088657,-0.049998260901670165
1,230.5,618.0450933986983,106.20755004882812,47324,508.21811343081737,50.47960865522779,-0.020643097175411674
1,236.2,617.351765129683,113.64726257324219,49968,510.06792347102146,54.023434998398976,0.04795968871378086
1,241.8,619.3634185986825,104.83726501464844,46756,506.7680511592095,50.32962614423817,-0.03327871589031594
1,247.4,617.6332873744337,114.86832427978516,50770,512.438782745716,54.699093953121924,0.059219295121497095
1,253.1,615.0918274939124,110.26187133789062,49691,512.0460646797206,53.587108329476166,0.0167424515815889
1,258.8,613.521487072739,122.65177154541016,51403,515.7901289807988,55.47059510145322,0.13099171435022894
1,264.4,615.0314081312162,120.35066223144531,51579,517.3037864247077,56.16933248027298,0.10977281522536123
1,270.0,614.5681731609492,100.06273651123047,44629,510.2353402496135,47.550628515091084,-0.07730541121852375
1,275.7,619.450537736296,100.45111846923828,42214,510.06462311081634,44.92414838679111,-0.07372407871125275
1,281.4,619.088026513727,105.48079681396484,42544,509.0716199699135,45.21657578036856,-0.027344605654669802
1,287.0,621.0811305695103,101.08418273925781,42598,508.53408610732896,45.353279496689986,-0.06788649124698869
1,292.6,615.0292660570481,102.2823486328125,45821,511.7691669758408,49.581414635210926,-0.05683801081370218
1,298.3,618.2522643408253,105.15957641601562,44715,509.4437884378844,47.625673711282566,-0.03030663061348863
1,303.9,621.0184039125699,99.66175079345703,43143,510.4681871914331,46.04188396727163,-0.08100296502194869
1,309.6,620.3556511202452,99.6355972290039,42089,511.8634322507068,44.701608496281686,-0.0812441312466555
1,315.2,621.7229949158996,106.42928314208984,44649,511.37028824833703,47.988040045689715,-0.018598460655967656
2,0.1,1028.243259883344,487.044189453125,92580,921.4294232015554,160.37181896737957,0.02238873340000691
2,5.1,1029.188900087785,478.75933837890625,92271,916.8857712607428,159.14086766156214,0.0049974194707943075
2,10.1,1027.889637650343,477.8456726074219,91707,918.39751600205,159.9643647704101,0.0030794793514229545
2,15.1,1034.5293040089705,467.6272888183594,90073,917.9542815272057,158.72142595450356,-0.018370649170231953
2,20.1,1033.254875759249,470.61688232421875,90550,917.8490999447819,158.77424627277748,-0.012094983051992338
2,25.1,1033.3827092511012,471.8180236816406,90800,916.6041079295154,160.0488436123348,-0.00957358269933069
2,30.1,1036.5265695178064,480.5278015136719,91063,916.6637053468478,159.5108441408695,0.008709724891063872
2,35.1,1035.6538422925473,474.87872314453125,89647,915.598335694446,158.8277577609959,-0.003148653062665769
2,40.1,1035.48570428926,472.0462646484375,91461,915.9382687702955,160.26329255092335,-0.009094466023664224
2,45.1,1039.9941554054053,480.0429382324219,88800,915.0432882882883,157.45254504504504,0.007691914255552598
2,50.1,1038.7833674530993,483.3499450683594,89391,914.0729827387545,158.35958877291898,0.014633885032651275
2,55.1,1048.8206357921629,486.2801208496094,89243,917.0879844917808,158.86649933328104,0.020784823223691715
2,60.1,1044.8777922456952,490.0882263183594,89086,914.2851177513863,158.88309049682329,0.028778685405315516
2,65.0,1052.1064698669127,488.1302185058594,88889,915.471014411232,160.08693989132513,0.024668493412968878
2,70.1,1045.597499067238,484.8213195800781,88447,916.7875790021143,158.9289631078499,0.01772255081692498
2,75.1,1039.8989376651116,483.067626953125,88955,915.7499859479512,159.33061660390084,0.014041251209066507
2,80.0,1051.8902887786928,492.36151123046875,89134,914.9942334013956,158.89060291246886,0.033550697744808865
2,85.1,1051.1529427421233,493.254638671875,90171,916.1295871178095,160.96160628139867,0.035425524410145785
2,90.1,1053.2991884479768,493.83673095703125,89335,915.9623775675827,160.40760060446632,0.036647435290164794
2,95.1,1053.4256137137172,488.7500915527344,88437,917.8663907640467,159.67445752343477,0.025969712548700563
2,100.1,1052.658606760843,488.233642578125,88628,918.7495148260143,160.57411878864468,0.024885598161442424
2,105.1,1060.6413641364136,497.2984924316406,89082,918.7115578904829,159.92806627601536,0.043914262420025156
2,110.1,1055.073395943493,496.37921142578125,88697,918.8202081242883,159.06471470286482,0.04198453496700992
2,115.1,1056.69102815246,499.07293701171875,89335,917.8816701180948,158.6539877987351,0.0476391239130893
2,120.1,1058.4353503687498,502.5882263183594,88678,919.59081170076,158.55453438282325,0.05501831508214193
2,125.1,1056.2969341472565,503.4165344238281,87969,918.005479202901,157.43781332060158,0.05675707491780702
2,130.1,1058.2930141492789,502.1856994628906,87849,920.2205261300641,157.51737640724426,0.05417334263234374
2,135.1,1060.2040098447983,507.3261413574219,88981,919.2566390577764,158.8833234061204,0.06496400596736325
2,140.1,1057.287687714957,508.1271667480469,88099,920.9858908727681,157.53153838295555,0.06664549473630207
2,145.1,1055.5071565372107,506.29779052734375,88241,921.3971509842363,159.15020228691878,0.06280532237063469
2,150.1,1057.8864876833657,506.0372619628906,90325,917.4354497647385,160.25680597841128,0.06225842852651588
2,155.0,1056.5682773694953,503.5910339355469,89671,918.9766145130533,160.43921669213012,0.05712337912310999
2,160.0,1055.2047393892196,509.6363525390625,89885,919.266229070479,159.79293541747788,0.06981353283788434
2,165.1,1056.4677586816294,507.4171447753906,90536,917.8622536891402,160.35785764778652,0.0651550376463093
2,170.1,1062.154473611495,510.9812927246094,90475,917.9212268582481,160.26334346504558,0.07263679143038292
2,175.1,1056.5857644893179,502.95550537109375,89635,919.9666871199867,159.96231382830368,0.05578929638868638
2,180.1,1061.0660161626927,507.1727600097656,90084,921.729241596732,159.8551463078904,0.06464203238641665
2,185.4,1058.0309272638624,504.7562255859375,90244,919.7335002881078,160.37906121182573,0.0595693149158124
2,191.1,1057.0864494341818,505.97100830078125,89428,921.8719304915686,159.6640202173816,0.06211935080183719
2,196.7,1061.875494380265,506.38311767578125,89506,921.7297276160258,159.8054879002525,0.06298443859274507
2,202.3,1063.0532560184308,505.6436462402344,89849,921.4357310598893,159.3679840621487,0.06143216206271776
2,208.0,1062.898256039558,512.3521118164062,90197,920.1054247923988,159.37694158342296,0.0755143742561968
2,213.6,1062.8237903403337,510.7884521484375,90852,920.3876304319112,160.17102540395368,0.07223198620594966
2,219.3,1065.2590845156217,512.0509643554688,90291,920.9943958977085,159.595131297693,0.07488221442794747
2,224.9,1065.870093821129,511.0150146484375,90065,922.7307278076944,160.2212402154,0.07270757949384213
2,230.5,1069.8668463791266,512.1419067382812,90144,923.4594759495918,159.9512890486333,0.07507311798370173
2,236.2,1061.994563592679,512.855224609375,90317,920.6957937043967,159.4675863901591,0.07657049372605071
2,241.8,1066.837505001556,518.8724365234375,89972,920.380062686169,159.25078913439737,0.08920164671100973
2,247.4,1068.0513497260456,522.0188598632812,89796,922.03855405586,159.29492405006906,0.09580652537053161
2,253.1,1064.5231271967748,509.1056213378906,89051,922.8226858766325,159.5179279289396,0.06869943762374936
2,258.8,1060.0113572645814,515.9241333007812,90955,920.4409653125172,159.76335550546975,0.08301265593201022
2,264.4,1063.0999480875223,518.7272338867188,90537,920.9370202237759,160.6707313032241,0.08889684163776183
2,270.0,1057.6519770600664,511.0389404296875,89451,922.3833942605448,159.28329476473152,0.07275780378502043
2,275.7,1067.7078270634474,514.6940307617188,89050,923.013587871982,159.72107804604155,0.08043046112484831
2,281.4,1063.7642733612274,520.5516357421875,89625,921.8191352859135,159.20943933054394,0.09272657196329903
2,287.0,1068.635220834225,518.1626586914062,88777,921.7496874190388,158.56427903623685,0.08771170211378408
2,292.6,1059.5165945649865,511.5971374511719,89457,923.5748907296243,159.1424595056843,0.07392955443545703
2,298.3,1065.160029752323,511.1243591308594,90077,922.9618104510586,159.58074758262376,0.07293711219191847
2,303.9,1068.7721637762593,517.1228637695312,90587,922.2180334926645,160.4436398158676,0.0855289954185965
2,309.6,1067.9056040888008,513.8318481445312,88828,924.3169270950601,158.7858895843653,0.07862059291774455
2,315.2,1066.4469702908207,513.8025512695312,89299,923.299544227819,158.61453095779348,0.0785590937856895
3,0.1,2300.858159933918,1632.5718994140625,50846,1119.7704834205247,221.37780749714824,-0.010914074341235053
3,5.1,2325.804760367,1647.560791015625,52643,1117.55241912505,219.2236574663298,-0.0018331256065109035
3,10.1,2341.831016373185,1655.2637939453125,51792,1118.6715129749768,217.79332715477292,0.0028337021061286493
3,15.1,2349.4091856042505,1650.0989990234375,52321,1117.7939641826417,217.44515586475794,-0.0002953643490601607
3,20.1,2358.071044502917,1667.4371337890625,52446,1117.4681767913664,218.10343972848264,0.010208862190677194
3,25.1,2358.321224513195,1668.572265625,52331,1118.7814679635399,216.936729663106,0.010896576418207345
3,30.1,2374.8892053600443,1690.7406005859375,52313,1118.825511823065,216.74690803433182,0.02432715678837169
3,35.1,2349.476076959174,1663.2254638671875,53275,1115.7917597372125,218.47267949319567,0.0076572419865428435
3,40.1,2376.4356583793738,1691.5919189453125,52128,1119.0461364333946,217.17648864333947,0.024842923970089647
3,45.1,2355.3557337193547,1666.3306884765625,53883,1114.3550470463783,218.40816212905742,0.009538527557024832
3,50.1,2353.091279648825,1677.5740966796875,54218,1114.6250138330445,218.35379394297098,0.016350292977058405
3,55.1,2385.9934448335925,1701.7572021484375,53393,1115.5828853969622,218.78373569569044,0.031001512483192765
3,60.1,2372.010415116798,1691.6558837890625,53768,1115.013223478649,218.02213212319595,0.024881676766651192
3,65.0,2384.5977115940955,1696.955078125,53924,1114.9568652177138,218.51396409761887,0.028092168468050422
3,70.1,2381.55506272734,1699.3734130859375,53884,1114.4863039121076,218.59021230792072,0.029557305209807583
3,75.1,2364.7065831875516,1689.653564453125,54305,1114.520430899549,218.7556394438818,0.023668581113981325
3,80.0,2399.66277094642,1714.4302978515625,54162,1114.8085373509102,217.98818359735608,0.03867944727980803
3,85.1,2402.798788241454,1718.624267578125,53476,1116.221650834019,218.4710898346922,0.04122034390474119
3,90.1,2387.3070368385056,1702.8724365234375,54101,1115.260956359402,219.20681687954013,0.031677171928586406
3,95.1,2398.964729444053,1712.4656982421875,53926,1116.3728813559321,218.37948299521565,0.0374892039441945
3,100.1,2393.4738898026317,1702.3555908203125,53504,1116.8804762260766,218.96463815789474,0.03136404341591164
3,105.1,2408.0797189016344,1720.4700927734375,53789,1116.5700050196137,220.23915670490248,0.04233862832612881
3,110.1,2395.942975606128,1714.8214111328125,53784,1116.7917038524467,219.77616019634092,0.038916401402295034
3,115.1,2404.0489471430433,1717.5628662109375,53711,1117.2531325054458,219.79432518478524,0.0405772989312629
3,120.1,2402.0086192515155,1721.557861328125,53949,1116.7319876179354,221.59155869432243,0.042997647734830946
3,125.1,2393.0287813501272,1703.0618896484375,54306,1115.7215224837034,219.80834530254484,0.03179195120389846
3,130.1,2410.481940048408,1719.1153564453125,53710,1117.1559113759076,219.62035002792777,0.04151786776078526
3,135.1,2405.902641312063,1727.698974609375,53534,1118.0218179101132,219.6537714349759,0.046718212027613705
3,140.1,2400.527997181741,1726.8839111328125,53934,1117.4571884154707,220.79897652686617,0.04622440969432853
3,145.1,2391.5083967194214,1724.1304931640625,53771,1117.803760391289,220.7631808967659,0.044556264504935036
3,150.1,2390.8319010416667,1714.80224609375,53760,1117.8317708333334,220.02193080357142,0.038904790354470295
3,155.0,2382.727284544391,1710.5765380859375,53851,1117.8934095931365,220.68299567324655,0.03634466524269362
3,160.0,2381.0078059814955,1713.46044921875,53933,1118.26015611963,220.88459755622716,0.03809186909530141
3,165.1,2393.535020512148,1715.6591796875,53383,1118.710619485604,219.4054286945282,0.03942395949924518
3,170.1,2404.3516090360768,1718.7724609375,53386,1118.5789720151352,219.6129509609261,0.04131012614715668
3,175.1,2386.2026003391748,1709.8714599609375,53070,1119.517071791973,219.11865460712266,0.03591749701189309
3,180.1,2416.019417661463,1724.7142333984375,52272,1120.491754667891,218.87748699112336,0.04490992075141844
3,185.4,2383.817251131222,1699.4595947265625,53040,1119.3266591251886,219.52160633484164,0.02960951794715959
3,191.1,2393.512574713083,1699.055419921875,52367,1120.497698932534,218.9550289304333,0.029364650562779298
3,196.7,2393.520932182397,1698.196044921875,52479,1119.8310562320166,219.4235789553917,0.028844002303631832
3,202.3,2391.5409516529717,1692.62109375,52330,1119.346837378177,219.38897381998854,0.025466444633849915
3,208.0,2383.848095760372,1688.5897216796875,52882,1118.4957452441283,219.2206232744601,0.023024057026130453
3,213.6,2387.18646978022,1690.551025390625,52416,1119.6257631257631,219.50915750915752,0.024212303557341008
3,219.3,2394.849038259908,1690.5946044921875,52457,1119.4446117772652,219.8349695941438,0.024238705748891524
3,224.9,2403.8542085330037,1699.1383056640625,51752,1121.16403230793,218.1483420930592,0.02941486649572832
3,230.5,2406.3722201684923,1699.1092529296875,51397,1121.5148744090122,219.29515341362335,0.029397265034694642
3,236.2,2398.890083701465,1681.8275146484375,51612,1121.0260792063862,217.6408199643494,0.01892720603696384
3,241.8,2395.081213307241,1689.5894775390625,52122,1120.7430643490272,217.4498676182802,0.02362975436170115
3,247.4,2399.1940572621647,1684.9588623046875,51727,1121.00481373364,217.4662941983877,0.020824318131232415
3,253.1,2385.752386310725,1666.2371826171875,51544,1120.7379520409747,217.0211081794195,0.009481877476555094
3,258.8,2381.738731218698,1671.89501953125,51514,1121.359902162519,217.57498932329077,0.012909651079286035
3,264.4,2373.9485099049207,1659.0421142578125,51641,1121.7716930346044,216.4641273406789,0.005122779509130399
3,270.0,2366.9588065148605,1647.9390869140625,51513,1121.5953060392521,217.0340690699435,-0.0016039368344799387
3,275.7,2373.845857976729,1651.9925537109375,51738,1121.3308593296997,217.5170474312884,0.0008518367583113547
3,281.4,2369.1061629298038,1647.723388671875,51826,1121.5400957048585,216.11694902172655,-0.001734616589297207
3,287.0,2375.9790647509726,1644.0247802734375,51922,1120.8565348022032,216.69224991333152,-0.0039754009080342845
3,292.6,2367.155763422001,1639.4859619140625,51315,1121.5041021143916,217.64708174997563,-0.006725222438094089
3,298.3,2376.5440475259907,1647.2408447265625,51172,1121.4965997029626,218.56257328226374,-0.0020269635450372537
3,303.9,2383.8161132090163,1653.322998046875,51374,1121.885000194651,216.5498501187371,0.001657880135647749
3,309.6,2386.959790175699,1652.4610595703125,51281,1121.8289034925217,217.44106004173085,0.0011356788064090775
3,315.2,2379.2978164409155,1652.4317626953125,51384,1121.827494940059,217.01416783434533,0.0011179294339381412
4,0.1,1487.460025462863,1008.7725219726562,92684,293.7533554874628,188.35656639765224,-0.012605520703381487
4,5.1,1509.6130784569896,1027.94677734375,87258,286.987519768961,186.92274633844463,0.006162391274453581
4,10.1,1505.2375897881686,1030.9976806640625,87428,285.6616873312897,185.14291760076864,0.009148639442131111
4,15.1,1503.5024614737868,1018.6277465820312,90393,288.20674167247466,186.36646642992267,-0.0029591493366276874
4,20.1,1504.5777949881065,1021.9100952148438,90385,288.65592742158543,187.44771809481662,0.000253639323424371
4,25.1,1501.5837241869874,1026.197021484375,89974,285.1436081534666,185.60516371396182,0.004449716476090451
4,30.1,1512.603406599584,1037.012939453125,88945,283.7599977514194,186.33476867727248,0.01503642205960983
4,35.1,1505.300039568142,1020.7898559570312,88455,286.26836244418064,187.3266406647448,-0.0008428596736858875
4,40.1,1508.5739663717216,1029.4854736328125,88378,288.5859150467311,190.03509923284076,0.007668479305245213
4,45.1,1518.231585256896,1029.258544921875,88421,287.8410671673019,186.4604675359926,0.007446359698006685
4,50.1,1504.8495498176128,1024.3594970703125,90741,290.7779945118524,186.67305848513902,0.0026511331260304395
4,55.1,1514.111596605443,1023.7999267578125,91087,293.98715513739614,187.6964440589766,0.0021034213026945537
4,60.1,1517.321392638783,1024.439453125,90447,288.48821962033014,187.56905148871715,0.0027293947412758597
4,65.0,1520.476695718075,1018.7815551757812,89726,291.1065911775851,188.65515012370997,-0.0028086002752395513
4,70.1,1542.2141887916232,1048.8245849609375,83277,282.37631038582083,190.56081511101505,0.02659775359054431
4,75.1,1534.4252924011294,1046.0858154296875,84302,275.75760954662996,188.75339849588386,0.023917024430779053
4,80.0,1520.5446610833417,1022.6211547851562,90627,295.2488551976784,188.29971200635572,0.0009496300238893657
4,85.1,1535.9517997302999,1037.380615234375,86763,286.40317877436235,191.50982561691043,0.015396306006356709
4,90.1,1512.488967862905,1021.9615478515625,91732,294.06680329655956,189.56250817599093,0.00030400156896016417
4,95.1,1535.2287973851728,1036.60986328125,87501,283.0508451331985,188.92440086399012,0.01464188793206727
4,100.1,1540.0850781840377,1040.4755859375,86015,280.7730512119979,189.90371446840666,0.01842568767495576
4,105.1,1557.3752386273688,1048.6429443359375,85908,281.4776272291288,190.7161963961447,0.026419962318047847
4,110.1,1543.2022902515146,1040.3228759765625,87152,284.88380071599045,189.9774417110336,0.01827621396400611
4,115.1,1542.037877854559,1043.2734375,89287,288.09244346881405,190.1102400125438,0.02116424679163519
4,120.1,1544.789103612474,1050.52099609375,89883,288.23932223001015,189.86055205099964,0.02825821415094981
4,125.1,1542.5997811501775,1044.9517822265625,90473,290.16722115990405,190.31461319951808,0.022807023811496685
4,130.1,1541.6366916732472,1037.8685302734375,91176,292.53657760814247,190.6917719575327,0.01587388108442685
4,135.1,1539.96924987849,1037.5318603515625,92585,298.0530647513096,191.0765890803046,0.015544345916721708
4,140.1,1554.7790590716354,1057.27880859375,89146,286.2539093172997,191.15801045475962,0.03487281418146348
4,145.1,1553.9602970547048,1056.8590087890625,87122,280.26286127499367,190.67335460618443,0.034461910830579506
4,150.1,1528.7400115251633,1026.452880859375,93708,297.0227621974645,188.0369979083963,0.004700153644875795
4,155.0,1536.4224029128925,1039.2130126953125,89533,286.52936905945296,189.7866596673852,0.017189871054370448
4,160.0,1560.7627377139572,1065.625244140625,85239,280.8916106477082,192.6143549314281,0.04304237094602889
4,165.1,1528.0881438320544,1028.1966552734375,94221,301.40766920325615,190.9857675040596,0.006406973757518275
4,170.1,1567.932110197274,1068.60546875,86935,279.2027376775752,192.17401506872952,0.04595943823549711
4,175.1,1547.0946809346822,1050.3228759765625,89057,287.8704537543371,192.23578157809044,0.028064292621876045
4,180.1,1570.6871237789187,1069.5538330078125,85887,281.3283966141558,193.45679788559386,0.04688770463067523
4,185.4,1560.7314626007972,1065.8604736328125,86312,278.6200991750857,192.0781467235147,0.0432726154232471
4,191.1,1564.5698997277993,1074.1741943359375,85966,277.6337156550264,192.1651815834167,0.05141015064142202
4,196.7,1577.7844132219536,1084.556396484375,83558,276.12193925177723,191.48189281696546,0.06157233176850327
4,202.3,1565.8578077540508,1068.542724609375,86587,281.1768625775232,191.74247866307874,0.045898023777121315
4,208.0,1585.0768183991468,1091.3194580078125,81569,273.8852995623337,189.79749659797227,0.06819206958444525
4,213.6,1572.887858217531,1087.1512451171875,84411,276.63468031417705,192.06685147670328,0.06411219002082677
4,219.3,1577.3679769940109,1090.3642578125,84152,276.67012073391004,189.66608042589598,0.0672571121198721
4,224.9,1583.5255761393555,1089.318115234375,83183,277.36256206195975,192.74187033408268,0.06623313953566867
4,230.5,1583.1563136396276,1090.5030517578125,84951,281.4771691916517,194.83446928229213,0.0673929647252676
4,236.2,1593.7610499831012,1103.76708984375,79887,271.14449159437703,191.13411443664177,0.08037590953588147
4,241.8,1597.0969992936648,1097.2244873046875,82114,272.37562413230387,191.630026548457,0.07397195870792915
4,247.4,1602.9120838195497,1109.2772216796875,80554,270.79744022643195,191.99613923579213,0.08576926991842043
4,253.1,1594.7579958288063,1096.42236328125,80073,272.6358447916276,191.7287350292858,0.07318683340445181
4,258.8,1592.1243259251946,1095.5533447265625,81037,267.68202179251455,191.7397978701087,0.07233623120760883
4,264.4,1589.7322903567817,1086.9622802734375,81114,270.32571442660947,190.8662253125231,0.06392722974540706
4,270.0,1588.8720882305186,1078.453125,80063,269.7241047674956,192.16589435819293,0.055598401632563556
4,275.7,1593.4037629119528,1086.1878662109375,81320,271.34670437776686,191.75205361534677,0.06316922716965599
4,281.4,1593.3865283818445,1086.1258544921875,80703,270.8598193375711,192.3331846399762,0.06310852961157253
4,287.0,1604.1448478826828,1095.3858642578125,79511,268.7451421815849,191.8906566387041,0.07217230000743065
4,292.6,1591.3258276989097,1080.9229736328125,80162,269.72373443776354,193.41542127192434,0.058015908901663686
4,298.3,1599.8310308452906,1087.3607177734375,78683,272.53593533546,193.35486699795382,0.06431722350443156
4,303.9,1597.622277543412,1079.4130859375,81544,271.3775262435004,194.16708770725006,0.05653801894903681
4,309.6,1601.3223993434633,1087.476806640625,80422,269.65955832981024,194.36757354952624,0.06443085220076498
4,315.2,1599.1918061008384,1090.17529296875,80743,273.88915447778754,195.08797047422067,0.0670721518444524
5,0.1,1277.1461952725388,804.0340576171875,44379,63.989048874467656,269.1171950697402,0.004344974010971383
5,5.1,1281.3024193548388,805.10205078125,43896,65.83786677601604,266.9496992892291,0.005679038851188567
5,10.1,1275.8780232971724,796.5447387695312,44984,68.40979014760804,266.58718655521966,-0.005010176647323819
5,15.1,1279.1895637807202,801.9926147460938,43579,65.28334748387985,267.19298285871633,0.0017949416237988995
5,20.1,1282.4121522693997,795.1048583984375,43712,65.50976848462665,264.9900942532943,-0.00680877783863503
5,25.1,1277.0705723874974,802.4725952148438,43799,66.38430101143862,265.8573255097148,0.0023945007678992498
5,30.1,1283.4563048774883,797.0235595703125,43506,65.96166046062612,266.0370523605939,-0.004412066082030426
5,35.1,1278.146051744578,780.9119873046875,43019,65.1134382482159,265.35395987819334,-0.024537552652027582
5,40.1,1278.4545768328042,789.856689453125,43458,66.17331676561278,264.7050715633485,-0.013364435591001856
5,45.1,1290.0684556407448,792.6857299804688,43824,67.58301387367652,263.63629518072287,-0.009830589470936325
5,50.1,1288.8500920386562,786.1577758789062,43460,66.95485503911642,263.5811320754717,-0.01798486829826451
5,55.1,1296.5240053601958,805.8313598632812,43282,66.44577422485098,263.61214823714243,0.006590042438784584
5,60.1,1290.504447945142,780.1884155273438,43166,66.42975953296576,264.16350831673077,-0.02544138958657866
5,65.0,1297.7002107728338,782.7616577148438,42700,66.00983606557377,263.144074941452,-0.022227069454931817
5,70.1,1295.4605305801194,770.486083984375,43198,66.47622575119219,261.2329737487847,-0.037560886054486084
5,75.1,1292.001415027593,777.080078125,42402,65.96070940049998,260.7859299089666,-0.029324114476151207
5,80.0,1305.8262276759726,785.57275390625,42947,67.2511467622884,261.6738771043379,-0.018715638185879194
5,85.1,1306.4898716924379,769.8695068359375,42554,66.94707900549889,261.09865112562863,-0.03833107253384795
5,90.1,1302.8376660207023,788.1155395507812,42314,66.36574183485371,262.6086874320556,-0.015539362308162422
5,95.1,1307.0200860496657,780.6949462890625,42766,66.55530093999907,261.7310012626853,-0.024808665611897984
5,100.1,1303.6394804832064,772.4412231445312,42963,66.10399646207202,262.4949375043642,-0.03511865842694711
5,105.1,1318.2879072899975,781.96630859375,43059,66.79281915511275,262.53501010241763,-0.02322056579353452
5,110.1,1317.081351016303,797.4002075195312,42753,66.68853647697237,261.88021893200477,-0.003941582933728892
5,115.1,1317.5347181701482,787.3292236328125,42845,66.1023923444976,263.11651301202005,-0.016521574980268832
5,120.1,1314.8478069362018,790.536376953125,43136,66.29893824183976,263.6536071958457,-0.012515415928145611
5,125.1,1320.066908356661,816.566650390625,43582,67.15357257583406,262.29686567849114,0.019999841418741133
5,130.1,1323.8589332896859,812.904541015625,42767,66.1103187036734,263.12109804288355,0.01542538202835189
5,135.1,1324.0367603108189,814.2221069335938,43498,66.68754885282083,262.6249482734838,0.0170711962760241
5,140.1,1325.1587923801665,812.394287109375,43623,66.61357540746853,263.9456708617014,0.014788007353290987
5,145.1,1317.9325080981027,821.23193359375,43220,65.46163813049515,263.9673993521518,0.02582739771813767
5,150.1,1318.6006745823743,810.4511108398438,43879,67.30274163039267,264.09535313019893,0.012360722959760616
5,155.0,1322.7781486890603,840.1077270507812,43137,66.38551591441222,261.92621183670633,0.04940576247699047
5,160.0,1314.9981882006568,811.6693725585938,44155,67.05720756426226,264.4829804099196,0.013882493116963436
5,165.1,1320.7937495741444,831.8858032226562,44029,67.72184242204001,261.9909605033046,0.0391354912176479
5,170.1,1322.4956882562938,832.1826782226562,43138,64.5542445175947,264.62837869164076,0.039506327392228785
5,175.1,1310.6298839152626,817.1978759765625,44278,66.25337639459777,264.53898098378426,0.02078832573566456
5,180.1,1315.8926594848201,816.2567138671875,43907,66.39230646593937,265.57296103127067,0.019612689672334524
5,185.4,1311.3970372744757,816.7666625976562,43676,65.52374301675978,265.1887764447294,0.020249683142446226
5,191.1,1315.6511306908371,821.3699951171875,43469,66.26416526720192,266.1404679196669,0.025999854837155344
5,196.7,1325.994516246473,831.5061645507812,43948,66.7874988622918,262.6138618367161,0.03866127226084421
5,202.3,1325.5858549033906,828.0701904296875,43888,67.24544294567991,263.12228855267955,0.034369285737811506
5,208.0,1332.5759497926706,831.0405883789062,44615,68.83335201165528,262.62938473607534,0.03807970599034606
5,213.6,1322.4004428277717,831.6224365234375,44261,66.35498520141886,263.04001265222206,0.03880651134648907
5,219.3,1329.851413368806,833.2510986328125,45105,68.23070613014079,262.9018290655138,0.04084092591937485
5,224.9,1320.1266525289898,820.4844360351562,44326,66.96938591345936,265.26111086044307,0.024893674315569388
5,230.5,1324.1830281722296,817.7145385742188,43802,64.66496963608968,264.41230994018537,0.021433705714658642
5,236.2,1326.4885247375637,835.4660034179688,44487,67.39768921257895,263.55452154562005,0.043607635199672104
5,241.8,1326.9141939396661,818.9673461914062,44519,66.27094049731575,264.37974797277565,0.022998628272110803
5,247.4,1327.8953819068256,820.1683959960938,44304,65.81028801011195,264.09024015890213,0.024498898470178793
5,253.1,1327.1384088432196,805.2399291992188,44961,67.55697159760682,263.3892929427726,0.005851267247236722
5,258.8,1319.613978298532,810.7664794921875,43868,64.68692440959241,264.8893726634449,0.01275466015426297
5,264.4,1323.5561782759542,809.9884643554688,44964,67.24810959879014,265.49446223645583,0.011782816256774775
5,270.0,1314.141237600378,795.9098510742188,44457,67.14501653282947,267.2554378388105,-0.005803235423637635
5,275.7,1326.3529239502614,819.280029296875,44392,66.91604343124888,265.30557307622996,0.023389210863060204
5,281.4,1324.6147802602504,803.80859375,44803,67.19371470660447,265.4805481775774,0.004063339794503086
5,287.0,1334.6670068953003,812.1417846679688,44088,66.81305570676828,265.41260660497187,0.01447259837832365
5,292.6,1322.5214177145226,813.922607421875,43422,65.69929989406292,266.22076366818663,0.0166970817388801
5,298.3,1327.9274443034876,810.8362426757812,44931,68.80870668358149,267.4035743695889,0.012841803605649885
5,303.9,1326.8891499654458,793.1895751953125,43410,65.44330799354988,268.37641096521537,-0.009201220099808605
5,309.6,1328.030872762592,806.0733642578125,43242,65.01914805050646,268.6012672864345,0.006892337963499474
5,315.2,1330.0160414269276,810.1595458984375,43450,66.08545454545454,268.1980437284235,0.011996519751295792
6,0.1,1936.9464972669919,1493.530029296875,149469,683.668740675324,361.8606935217336,0.021776307332725692
6,5.1,1923.248582063678,1456.5130615234375,152863,673.6514460660853,357.3648299457684,-0.0035482994031722404
6,10.1,1909.5516239784863,1454.527099609375,153204,672.9640675178193,355.3314534868541,-0.0049069656443923955
6,15.1,1933.8648246645018,1449.763427734375,150597,674.3732079656302,358.14961785427334,-0.008165960751490271
6,20.1,1941.7033696437652,1454.1644287109375,149452,674.6880403072558,356.5907783100929,-0.005155081533670476
6,25.1,1927.5491725205381,1440.8983154296875,151182,674.5244076675795,356.9017144898202,-0.014230895193443146
6,30.1,1933.2974804656355,1466.2630615234375,150504,669.2308044968904,353.8795447297082,0.0031220177655988104
6,35.1,1935.8477128773222,1464.2581787109375,150932,672.4302798611295,357.06339941165555,0.0017504070737431445
6,40.1,1941.7512050649498,1450.0986328125,149577,673.2938887663211,357.7591407769911,-0.007936635193779868
6,45.1,1966.5790265486726,1497.115478515625,146900,673.2875833900613,356.1950987066031,0.024229238971862604
6,50.1,1970.9724349262715,1497.1248779296875,145873,675.270447581115,357.21359675882445,0.024235669440887987
6,55.1,1996.6621668081643,1531.20263671875,142523,674.0970860843513,358.536741438224,0.04754946016129026
6,60.1,1979.662593919938,1514.47509765625,144538,673.4246080615478,357.07568943807166,0.03610556364848183
6,65.0,1990.1979426564264,1510.71142578125,143486,671.4898805458372,359.19074334778304,0.03353070363561689
6,70.1,1946.83052459998,1452.042724609375,150305,665.2038721266757,353.33779315392036,-0.006606613769127327
6,75.1,1928.571449260098,1434.2303466796875,151912,663.9723063352467,351.11068908315343,-0.018792686622566616
6,80.0,1995.4593473086718,1524.762939453125,144111,674.7766999049344,361.9722991305313,0.04314383726564037
6,85.1,1969.0230582688687,1475.810791015625,147626,669.1525747497053,357.0437389077805,0.009653954581447013
6,90.1,1985.6640918393364,1506.0869140625,145123,674.2685652859988,364.44803373689905,0.030366912875128573
6,95.1,1966.4585090015385,1464.292724609375,150141,669.9258163992514,358.0723186871008,0.0017740411352260446
6,100.1,1947.3341883138128,1452.1309814453125,152830,668.8542890793692,359.45847673886016,-0.006546234170356525
6,105.1,1971.1619122513844,1470.45654296875,152595,669.7275533274353,360.08000917461254,0.0059909255893517135
6,110.1,1963.5614138787091,1479.94189453125,152262,670.6594619800081,360.5802629677792,0.012480187474395105
6,115.1,1981.2553071364048,1499.853759765625,150552,672.8648573250439,363.72066794197355,0.026102593272867614
6,120.1,1988.0770034913253,1507.25732421875,149227,673.0849578159448,364.0657722798153,0.031167631537665844
6,125.1,1987.7407912596366,1507.6416015625,149559,674.3200944109013,362.6659846615717,0.03143052915444383
6,130.1,1994.687414144285,1515.614501953125,147777,672.9908984483377,361.53448100854666,0.036885070114493816
6,135.1,2005.3022323400496,1527.2674560546875,147155,677.7287146206381,369.0104923380109,0.04485726496685826
6,140.1,1979.4356026209716,1496.0543212890625,153073,673.671156898996,362.194462772664,0.023503264072672315
6,145.1,1963.5843766233766,1480.4818115234375,154000,667.0542012987013,359.4007077922078,0.012849563636723259
6,150.1,2004.2934502955989,1524.72119140625,146144,674.1664317385593,370.7481388219838,0.0431152759616575
6,155.0,1974.3037637064112,1487.2274169921875,151845,670.1606506635055,365.3646810892687,0.017464469069744696
6,160.0,1966.978158888955,1491.08837890625,151137,662.1280493856567,355.68815048598293,0.02010588861265159
6,165.1,2014.3812831279686,1531.43310546875,145270,679.2150547256832,373.3167343567151,0.04770713192128925
6,170.1,1982.7394839973874,1502.7413330078125,153100,667.1700783801437,359.99460483344217,0.02807808346501604
6,175.1,1980.3894856414038,1487.8582763671875,150537,671.75861083986,363.64194849106866,0.017896062107708048
6,180.1,1972.9374851147372,1481.6531982421875,155355,670.5594284059091,361.04581120659134,0.01365095039993849
6,185.4,1965.6707562872227,1471.3988037109375,153804,667.7511898260124,360.2070752386154,0.006635559231000148
6,191.1,1962.0016168567013,1476.7275390625,154621,667.002386480491,358.146648902801,0.010281134092883695
6,196.7,1963.704536767707,1474.040283203125,154361,663.7748978044973,355.21950492676257,0.00844268805230219
6,202.3,1973.8210784313726,1468.7550048828125,153816,669.5605138607167,361.54329198522913,0.004826843670587945
6,208.0,1959.348463620137,1485.6761474609375,156309,661.135647979323,355.4711245033875,0.016403191142802306
6,213.6,1961.3450615651545,1482.4068603515625,155039,663.9072426937738,357.86446636007713,0.014166557098155544
6,219.3,1974.2438330725226,1467.6876220703125,154007,666.0522898309817,358.6673073301863,0.0040966096295756505
6,224.9,1963.4835299505285,1457.1466064453125,155039,664.6546030353653,357.22377595314725,-0.003114869088344494
6,230.5,1975.1987241885033,1470.860107421875,154098,668.1892626769977,359.36184765538815,0.006267018194519446
6,236.2,1953.1648277301094,1474.2421875,158153,662.3927589106751,355.9041877169576,0.008580817867470803
6,241.8,1964.8007086483237,1475.297119140625,156354,664.1308696931322,355.0776123412257,0.009302533624839083
6,247.4,1960.911060144326,1473.226806640625,157837,663.659724906074,354.1385163174668,0.007886160187559974
6,253.1,1949.6923641424685,1442.5313720703125,158070,664.5646295944834,353.6819004238628,-0.013113663834721451
6,258.8,1943.1658396350228,1460.0228271484375,160010,665.443028560715,354.425785888382,-0.001147145566577373
6,264.4,1946.805328372797,1458.5416259765625,158585,663.7537219787496,355.8778825235678,-0.002160487269876
6,270.0,1923.9004865350646,1424.6776123046875,161345,662.43447271375,353.5428863615235,-0.025328047454389373
6,275.7,1942.7183646337448,1431.2098388671875,160967,665.2555244242609,355.35619102051976,-0.020859122019502598
6,281.4,1939.6050115685161,1439.1591796875,160349,662.9304392294308,352.16035023604763,-0.015420698988308444
6,287.0,1955.1281125947312,1451.6990966796875,157947,659.2383774304038,349.8335960796976,-0.00684170169518515
6,292.6,1940.3336961818632,1434.226806640625,158009,660.8966071552886,351.3570302957427,-0.018795108487524227
6,298.3,1946.8096686693539,1430.4873046875,157788,659.3068864552438,352.9930666463863,-0.021353433008609618
6,303.9,1967.3213953908487,1439.5743408203125,154996,661.6956050478722,352.6922823814808,-0.015136672687589916
6,309.6,1944.7489995636727,1427.3380126953125,160430,660.9693261858755,353.05664775914727,-0.023507974182451822
6,315.2,1950.3968780426521,1434.4805908203125,159195,663.8513395521217,354.3899431514809,-0.018621485823838893
7,0.1,775.6029107831944,478.1903991699219,69191,284.0038877888743,422.0946943966701,0.010968624295829564
7,5.1,775.6669049008168,473.06231689453125,68560,275.6376021003501,420.6746791131855,0.00012706350283407436
7,10.1,771.9510992128734,474.16131591796875,68731,276.9381647291615,421.03467140009604,0.002450517785387045
7,15.1,775.6208491147714,469.77752685546875,68118,274.4714319269503,420.6621304207405,-0.00681749178864853
7,20.1,775.3229110668779,469.81951904296875,68827,276.32371017188024,421.8510758859169,-0.006728713795402032
7,25.1,772.1667927602863,471.02325439453125,68732,274.22581912355236,420.1719431996741,-0.004183830680856342
7,30.1,773.5994535279592,473.1120300292969,68439,274.0774850596882,421.4149534622072,0.00023216477536208696
7,35.1,772.2774316852195,471.59576416015625,68543,275.77258071575505,421.66336460324175,-0.0029734562961875174
7,40.1,771.3191501805793,470.5097961425781,68391,273.51740726118936,421.66064248219794,-0.005269361012522279
7,45.1,776.5607902514304,470.7374572753906,68687,273.1191346251838,420.7271099334663,-0.004788050089834144
7,50.1,777.4453484668617,473.1411437988281,69074,274.60564032776443,421.9870573587746,0.00029371579684258053
7,55.1,781.4638247946813,473.8377990722656,69039,273.56260953953563,420.91962513941394,0.0017665530278244536
7,60.1,780.8084742596876,480.43359375,69599,275.39114067730856,422.2824609548988,0.015711085337678284
7,65.0,778.98656,473.5788879394531,68750,272.47383272727274,421.6188072727273,0.00121917476132497
7,70.1,776.5575395666647,465.27593994140625,68492,271.8366524557613,422.0982450505168,-0.016334544279785475
7,75.1,772.7117246169206,475.1040954589844,69111,270.6017421249873,422.1396883274732,0.00444369986777372
7,80.0,780.3616896364464,473.2747497558594,68133,267.92720120939924,421.15312697224545,0.0005761794991922669
7,85.1,780.9372086964074,471.75701904296875,69086,270.6851460498509,422.6711490026923,-0.002632538479098494
7,90.1,777.3221357226791,474.7425231933594,68080,268.4258813160987,423.03607520564043,0.0036792800538314892
7,95.1,781.010776280243,466.24822998046875,66999,265.179569844326,421.45836505022464,-0.014278972430342575
7,100.1,779.8127386065378,461.3990783691406,67056,267.72707885946073,422.4199922452875,-0.024530830564709435
7,105.1,787.4772250724961,469.47479248046875,67245,267.8462934047141,423.7692765261358,-0.007457519181820958
7,110.1,786.0186498127619,469.3670654296875,67561,266.2019952339367,423.9406906351297,-0.007685270865076872
7,115.1,786.0700355143563,468.2422180175781,66452,267.7921657737916,424.0947450791549,-0.010063372647833175
7,120.1,789.821782916822,479.16455078125,67025,268.1297575531518,424.8530846698993,0.013028131797589349
7,125.1,788.380711117793,476.79754638671875,66515,267.3365406299331,424.82076223408257,0.008023917617222428
7,130.1,793.3055692092289,474.6251220703125,67137,267.448262508006,424.70153566587726,0.0034310758823058512
7,135.1,789.318282004831,476.6271667480469,66240,267.5987620772947,424.87391304347824,0.007663708651891615
7,140.1,796.2753287961687,489.91290283203125,67443,270.0378245333096,426.9392079237282,0.03575181404860905
7,145.1,792.5969954278249,491.3777770996094,67364,268.7787542307464,427.240692357936,0.038848785308656396
7,150.1,793.5088573097138,486.8193054199219,66781,267.41517796978184,426.3604618079993,0.02921146960573786
7,155.0,794.0506136330031,484.8648376464844,67630,266.8448321750702,427.0391246488245,0.025079421786349254
7,160.0,794.4527076678514,496.27618408203125,66681,269.0067335522863,427.3289392780552,0.04920477693219466
7,165.1,795.3567230525971,488.34246826171875,67038,267.3596915182434,426.7560637250515,0.03243167194652708
7,170.1,803.4717918126911,494.5731201171875,67055,269.6543881888002,426.6096935351577,0.04560423573225711
7,175.1,795.250995714264,485.5683288574219,66033,268.61849378341134,425.8860721154574,0.02656671124878986
7,180.1,798.7407744460118,483.3883056640625,65931,269.7403345922252,426.5979736391076,0.021957804310153532
7,185.4,795.2444851258581,475.0848388671875,65550,270.14742944317317,425.9291533180778,0.004402988447905595
7,191.1,794.3663105293009,475.44415283203125,65237,269.22307892760244,426.36237104710517,0.0051626338639552075
7,196.7,798.8821028101024,486.12225341796875,66083,266.60023001377056,425.77195345247645,0.027737793629180257
7,202.3,799.4364797192005,485.3008728027344,66097,269.6510280345553,426.55294491429265,0.02600126769296696
7,208.0,802.5724613519249,486.589599609375,65980,269.2006062443165,426.2050318278266,0.028725835917390193
7,213.6,801.6520616221114,491.93994140625,66210,271.7766802597795,427.5315058148316,0.0400372877894658
7,219.3,805.0148806370063,492.5019836425781,66059,271.1782648844215,426.6405637384762,0.04122553219471344
7,224.9,801.0568216486668,492.0538330078125,65556,271.9424308987736,426.8530874366953,0.040278072288590754
7,230.5,804.4960113916492,490.3459777832031,65311,271.8440844574421,426.56939872303286,0.036667401622854
7,236.2,803.5805565671279,490.4976806640625,65904,272.04972384073807,426.5213795824229,0.03698812502723506
7,241.8,805.5973763107032,500.9147644042969,65709,272.75644127897243,426.944482490983,0.059011454722520215
7,247.4,805.2252026975827,502.8096618652344,65985,273.02486928847463,426.92443737213006,0.06301756166776844
7,253.1,803.2390142427647,490.2816467285156,65858,272.9993470800814,426.2778705700143,0.03653139580180486
7,258.8,800.1754571026723,495.53192138671875,65412,272.8659726044151,426.14881061578916,0.04763129023212519
7,264.4,800.3094979085909,490.1320495605469,65267,274.33059586008244,426.7213446305177,0.03621512420086421
7,270.0,793.0973133684568,483.5799255371094,64914,275.60529315710016,427.4724558646825,0.02236291842323112
7,275.7,799.5555401512701,490.7565002441406,64917,273.18417363710586,426.6853520649445,0.037535309737063226
7,281.4,799.0418830418369,492.2550354003906,64895,274.80408351953156,427.3539101625703,0.04070344533326674
7,287.0,801.5254164029576,486.1613464355469,64781,274.7751038113027,426.3096278229728,0.02782044232783488
7,292.6,797.6644288166228,490.80010986328125,65837,272.54053191974117,427.06324711028753,0.037627507231503085
7,298.3,797.8323489115543,500.6373291015625,65690,275.7578626883848,427.8766783376465,0.05842491348952318
7,303.9,801.1709115384027,495.01800537109375,65373,277.18724855827327,427.99239747296286,0.046544792117102635
7,309.6,801.6940168056918,495.23406982421875,65216,277.23123159960744,427.9196822865554,0.04700158586142328
7,315.2,800.9537968963034,494.62457275390625,65277,276.8851050140172,427.8786862141336,0.04571301458154024
8,0.1,2590.959936931126,1885.302978515625,97671,1000.7859753662807,598.2631999262832,0.0030022002089910437
8,5.1,2597.4219503720055,1889.9547119140625,97848,995.6164867958466,597.4318330471752,0.0054769742302424995
8,10.1,2581.9397507066024,1870.342041015625,98358,996.291028691108,597.0277354155229,-0.004957185311899564
8,15.1,2594.5543970988215,1870.175537109375,99270,992.784496826836,595.0453409892214,-0.005045767246058301
8,20.1,2592.3662041575294,1882.5240478515625,98953,993.5386193445373,596.3836669934211,0.0015237781187244423
8,25.1,2598.351784466099,1885.573486328125,97284,991.9105711113853,596.5423707906747,0.003146113380615502
8,30.1,2587.006830164563,1878.5484619140625,100144,988.0699293018054,594.1089630931459,-0.0005912779162328464
8,35.1,2595.008911881498,1878.8045654296875,98969,990.2077923390152,596.7715244167365,-0.00045502799111185675
8,40.1,2597.9783199210524,1866.14697265625,98293,988.9495284506527,595.8946110099397,-0.0071890084418842785
8,45.1,2591.3838703261736,1892.7880859375,100560,989.0328062848051,595.8999701670645,0.006984360794581533
8,50.1,2614.8377185847908,1883.063232421875,98360,988.7198759658397,595.9795953639691,0.0018106303204686804
8,55.1,2602.162892133867,1897.1199951171875,100189,986.0198025731368,593.389463913204,0.009288984766349198
8,60.1,2600.70292225657,1879.296142578125,99957,987.0006902968277,592.8557579759297,-0.0001935034684892517
8,65.0,2602.840538490709,1870.7215576171875,100206,984.5032832365328,593.535965910225,-0.004755278249363264
8,70.1,2590.9155567500848,1849.9892578125,100458,984.6119273726333,594.4509247645782,-0.01578509285023255
8,75.1,2581.85511241192,1855.111572265625,99767,985.390169093989,595.6491926188019,-0.0130599644622788
8,80.0,2627.7387674359625,1898.4847412109375,98575,983.5007050469186,595.5606593963987,0.010015044901169343
8,85.1,2617.167171282467,1867.9677734375,98755,983.3169763556276,595.0892106728774,-0.006220322129632285
8,90.1,2621.7204171028425,1889.562744140625,98393,983.2079924384865,596.5142438994644,0.005268443005474388
8,95.1,2633.2473912999217,1885.1553955078125,98229,983.4370806991825,596.8583005018885,0.0029236844037139817
8,100.1,2642.743868670886,1884.7252197265625,96064,982.5213295303131,596.554723934044,0.0026948260928815852
8,105.1,2673.4920725863576,1917.33203125,95996,984.608712863036,597.031199216634,0.020042013294355922
8,110.1,2656.2650435142978,1907.9110107421875,96520,983.1448611686696,597.1127227517613,0.01502992536725267
8,115.1,2683.462222922576,1929.461669921875,95190,983.127681479147,596.7832755541549,0.02649511627794613
8,120.1,2663.6002581444577,1917.70458984375,96845,981.4439774898033,596.6149620527648,0.020240218619174445
8,125.1,2675.109929262187,1922.766845703125,96271,982.7413135835299,597.1037799545035,0.02293339516577475
8,130.1,2657.787782557526,1903.6026611328125,98564,980.2837750091311,596.0653281116838,0.012737835349511865
8,135.1,2665.5714418030257,1921.6182861328125,97170,984.6519193166615,597.4185551096017,0.02232234867127361
8,140.1,2679.2952764464135,1932.6414794921875,96601,983.9924120868315,597.7518866264325,0.028186810414970277
8,145.1,2652.6067620736753,1908.876708984375,98106,981.6781542413308,596.4712657737549,0.015543687596819948
8,150.1,2658.800100313223,1917.29541015625,97694,983.2889942063996,597.4395561651688,0.020022530464262358
8,155.0,2645.286554827151,1907.8236083984375,98236,984.1170344883749,597.6718616393175,0.014983426346096031
8,160.0,2614.9653316572058,1878.7493896484375,101822,980.6992987762959,594.5100567657285,-0.0004843821217861596
8,165.1,2645.712274173707,1908.72216796875,98361,986.347546283588,598.3691605412714,0.015461470053825109
8,170.1,2672.56302803624,1936.37646484375,98123,984.2383233288831,597.168828918806,0.03017386425621285
8,175.1,2648.466011683484,1901.5191650390625,97916,983.1773050369704,596.326402222313,0.011629392202722041
8,180.1,2676.750763831544,1951.0814208984375,96880,986.8768786127167,598.3582266721718,0.03799706479474945
8,185.4,2653.4243456602067,1938.3995361328125,97159,984.3972869214381,597.3556953035745,0.0312501607333483
8,191.1,2651.1527309404705,1933.1688232421875,98153,984.2280215581795,595.5881531894083,0.0284673631683176
8,196.7,2657.6771789576987,1934.5894775390625,97822,983.9003598372555,594.0124614094989,0.029223167090413917
8,202.3,2660.7503810661615,1927.9390869140625,97096,986.5972027683941,595.717156216528,0.025685085145422726
8,208.0,2643.8934849947705,1962.0911865234375,99432,985.805887440663,593.5505772789444,0.04385438283407848
8,213.6,2641.249022361893,1930.407958984375,98963,985.3142285500642,593.4763497468751,0.02699855260756382
8,219.3,2649.58126936552,1915.1002197265625,98758,987.4207355353491,594.1090747078717,0.018854664685687163
8,224.9,2637.4196259612677,1904.24072265625,99348,986.0975258686636,593.1825904899947,0.013077291192508726
8,230.5,2630.9900226802483,1901.908935546875,100528,988.3415665287283,593.3345535572179,0.01183675445768454
8,236.2,2642.1469661468855,1927.0281982421875,99016,987.3935626565403,592.7803890280359,0.025200482218228817
8,241.8,2660.4098277299813,1941.064208984375,98334,986.5292675981858,592.4903390485488,0.03266779639372298
8,247.4,2660.683791399518,1930.5958251953125,97948,987.5015518438355,593.2869583860825,0.027098499525943804
8,253.1,2671.018544062892,1924.7449951171875,96419,987.2310229311651,593.8583163069519,0.023985792704662088
8,258.8,2667.407946284541,1933.0911865234375,95466,989.813682358117,595.5960865648503,0.028426059568519242
8,264.4,2638.048121171487,1891.427734375,98439,986.7637420128201,594.8283505521185,0.006260638599372615
8,270.0,2636.8646220125142,1894.4573974609375,97490,987.8308954764591,595.3243101856601,0.00787245313301315
8,275.7,2677.7149226986708,1921.6832275390625,95988,988.7270283785473,596.097949743718,0.022356898223306196
8,281.4,2663.5450004119975,1921.51416015625,97088,987.7766253295979,594.8279911008569,0.02226695249104091
8,287.0,2650.3435816740302,1902.2257080078125,99138,983.948758296516,592.1770562246566,0.012005280937993865
8,292.6,2638.9264233694935,1894.39892578125,98727,987.0153048304921,593.600362616103,0.007841345547630427
8,298.3,2623.1486351962094,1872.94287109375,100454,985.7660521233599,593.3188026360324,-0.003573514718654661
8,303.9,2655.0098180738555,1899.939453125,97677,985.4219417058264,592.6860366309367,0.010788967855252676
8,309.6,2668.6509378451756,1919.2130126953125,96871,985.8625801323409,592.1799816250477,0.021042716390728338
8,315.2,2671.986148719017,1925.689453125,96020,986.1593938762758,592.6628098312851,0.0244882548927751
9,0.1,1179.1708327641943,873.3252563476562,65889,544.2232087298335,650.7730273642035,-0.011602699371046746
9,5.1,1183.4434187929342,883.9744262695312,65216,536.1669222276741,644.8730066241413,0.00044963820675281363
9,10.1,1180.0177205117218,877.2653198242188,65348,540.4220328089613,647.035869498684,-0.007143480911216897
9,15.1,1191.2849797903148,887.6484985351562,64573,536.4300713920679,642.6431635513295,0.004607817628754822
9,20.1,1199.172560224797,895.6721801757812,63346,535.0321725128658,639.1084835664446,0.013688724446755752
9,25.1,1182.5513597251406,880.6044311523438,65197,536.5901191772627,643.4381183183275,-0.003364397918677761
9,30.1,1197.5081310356702,899.6340942382812,63891,535.8668044012459,640.0243383262118,0.01817267259349298
9,35.1,1191.9292781807733,891.3473510742188,64379,537.6265707761847,643.9536650149894,0.008794042449875255
9,40.1,1192.3529727491605,889.25732421875,65209,535.0478154855924,640.6972197089359,0.0064286271739829245
9,45.1,1199.905035093073,903.6063232421875,65540,537.6038907537381,639.9605279218798,0.0226682948103066
9,50.1,1199.9274936693687,894.957275390625,66739,536.7481532537197,640.3913903414795,0.012879621589922913
9,55.1,1204.3435752049652,906.7017822265625,65255,537.6298521186116,638.775143667152,0.026171621070627118
9,60.1,1206.4217394677632,907.739990234375,64445,539.2094033672123,639.9962138257429,0.027346626585416374
9,65.0,1205.5990117299343,894.4319458007812,64962,539.8271604938271,641.8850558788215,0.012285072944079812
9,70.1,1204.400351007983,894.261962890625,64386,539.1935358618333,639.1337713167459,0.012092692558501442
9,75.1,1192.439928425358,883.4713134765625,66504,538.7000180440274,641.9225460122699,-0.000119766288156525
9,80.0,1205.374528003851,901.3046264648438,66473,536.3217998285018,640.6416138883457,0.02006331932716623
9,85.1,1200.5908144756015,878.0939331054688,67258,536.2816765291861,642.9782628088852,-0.006205686974192854
9,90.1,1204.3708591065292,890.130126953125,65475,535.5422833142421,640.2811454753722,0.007416433103523571
9,95.1,1206.1217444791166,903.5313110351562,66656,533.4695901344215,638.2037325972155,0.02258339876223629
9,100.1,1199.1483182077318,883.2521362304688,64901,533.4686060307237,644.4747230397066,-0.0003678230079453683
9,105.1,1217.6624517788255,900.1664428710938,65324,535.2703294348172,642.1770865225644,0.018775165133175044
9,110.1,1209.806097878932,893.5452880859375,65203,533.7803321933039,642.4045979479472,0.01128158645887443
9,115.1,1216.3756136721524,898.7037963867188,64774,534.6441936579491,643.9613579522648,0.017119795811810567
9,120.1,1218.4126007003879,901.8519897460938,63679,532.2562540240896,643.7227971544779,0.020682804891929904
9,125.1,1221.1273745470517,906.9069213867188,63749,535.6888735509576,642.0233729156536,0.026403790002738035
9,130.1,1224.426111819001,906.3836059570312,64354,536.9273860210709,643.9066724679119,0.02581152090904003
9,135.1,1219.3087852274678,897.666748046875,64119,538.7152638063601,645.991500179354,0.01594610276643818
9,140.1,1225.406829329447,900.7108764648438,63813,536.9891088022816,647.3167379687525,0.019391334985727673
9,145.1,1219.8615706378162,895.69091796875,63592,536.8885866146685,649.8360642848157,0.013709931189438897
9,150.1,1216.85116315624,890.6187133789062,63620,535.8789688777114,648.8878811694435,0.007969397192053142
9,155.0,1215.1279979921883,894.400146484375,63751,534.1240764850747,649.3314144091858,0.012249083651122422
9,160.0,1217.5412625857064,902.2227172851562,64756,536.8348878868368,648.4847890542961,0.021102380641302623
9,165.1,1213.847178563799,896.4053344726562,65534,534.2166814172796,648.4220557267982,0.014518481427569892
9,170.1,1228.9091289522628,915.9002075195312,64520,535.0339739615623,646.7377247365158,0.03658205940791957
9,175.1,1213.136645962733,904.196044921875,65044,536.4435305331775,648.0743342967837,0.023335720047454975
9,180.1,1221.1756123454918,903.7400512695312,65935,533.6437097141123,647.847865321908,0.022819643257273283
9,185.4,1211.6719630880173,901.0626220703125,65453,534.9567017554581,647.4725681023024,0.019789427683066324
9,191.1,1217.54303881268,907.6472778320312,64953,534.6149831416562,645.057749449602,0.02724169810940433
9,196.7,1218.9499222906331,912.974609375,66916,536.4565126427162,644.7268366310001,0.03327097537850197
9,202.3,1221.3026410601835,905.8095703125,63838,536.6545317835772,645.6115636454776,0.025161848547688295
9,208.0,1221.9851273271988,913.2747192382812,65422,535.6600073369815,645.138470239369,0.03361062864812094
9,213.6,1226.3748227910608,911.7832641601562,62779,534.423294413737,642.9310438203858,0.03192265482334785
9,219.3,1229.3972070641148,915.5069580078125,63589,535.9261664753337,640.6488858135841,0.03613699412092444
9,224.9,1224.1553103405342,909.7366943359375,64252,536.0719666313889,642.4897746373654,0.02960642261191936
9,230.5,1228.6815371918842,913.309326171875,64221,537.9688575388113,641.5889506547702,0.03364979549861392
9,236.2,1228.0574392557685,905.4878540039062,65356,537.3561570475549,644.6178774710814,0.02479774190051286
9,241.8,1232.2300105405811,916.7505493164062,66410,538.1756361993675,643.168935401295,0.03754444487717554
9,247.4,1231.7305007995458,915.2173461914062,66913,537.8607744384499,640.2295667508556,0.03580922215339504
9,253.1,1222.0099614958287,898.28955078125,68564,537.9239105069715,644.2678227641328,0.016650967920636275
9,258.8,1220.7549333758645,902.379150390625,68969,539.4724006437675,641.4194058200061,0.021279425857904908
9,264.4,1218.8101281419417,892.7682495117188,64928,535.7763522671266,645.5238263923114,0.010402162872232334
9,270.0,1214.076137204142,881.1846313476562,64896,537.8598526873767,643.9016580374754,-0.002707748746215287
9,275.7,1219.9823844588122,872.1588745117188,66816,539.601098539272,644.391567887931,-0.012922767295069245
9,281.4,1222.430686990896,895.4168090820312,66784,539.1506798035458,642.3492902491615,0.01339970486569295
9,287.0,1227.9613137032843,897.1422729492188,66225,539.7046130615327,641.476134390336,0.015352521203323302
9,292.6,1213.788609190013,886.33935546875,68248,537.8517758762162,642.4396612354941,0.003126177811781583
9,298.3,1215.9629830739873,868.3046264648438,64457,538.2180988876305,646.6672200071365,-0.01728486301805055
9,303.9,1225.0132125556772,871.6610717773438,66679,540.531306708259,640.9169753595585,-0.013486162061596065
9,309.6,1220.1311045202565,869.6815795898438,64399,537.0851410736192,645.9026071833414,-0.015726478278859157
9,315.2,1226.8449689202794,879.9530639648438,62581,538.146162573305,640.0957798692893,-0.004101591266933549
10,0.1,1537.556845114472,1107.7647705078125,81854,268.79304615534977,626.2546607374105,-0.0012906787545284297
10,5.1,1548.141565633518,1111.9678955078125,81079,263.4609331639512,626.1037753302335,0.00249866373732171
10,10.1,1537.2921262143013,1103.086181640625,82146,265.6051420641297,626.08140384194,-0.005508677409417496
10,15.1,1552.8794667517768,1111.471435546875,81463,262.80484391687025,626.2027300737758,0.002051078470292362
10,20.1,1558.7812891929816,1111.691650390625,80531,261.6710335150439,626.505867305758,0.0022496139563314434
10,25.1,1545.3016830466831,1103.794189453125,81400,263.4039680589681,626.2501351351351,-0.004870370414391624
10,30.1,1553.408893031013,1111.797119140625,81547,261.58491422124666,626.3026230272113,0.002344699688004263
10,35.1,1549.7436510745274,1105.9012451171875,81943,262.83626423245425,625.9069353086902,-0.002970746786608595
10,40.1,1556.4447858461463,1114.3131103515625,80713,260.1106265409538,626.4655259995292,0.004613000631879822
10,45.1,1561.9008614879356,1116.2952880859375,81603,261.8396505030452,625.7437839295123,0.006400040112091909
10,50.1,1563.7082322357019,1118.8992919921875,80780,258.0562144095073,625.8440084179252,0.008747689218624994
10,55.1,1562.1981339455815,1118.763427734375,81884,260.20211518733817,626.4972033608519,0.008625200307338132
10,60.1,1557.406191710472,1115.9210205078125,82562,261.3695041302294,626.7670720186042,0.006062617828169611
10,65.0,1554.6271017606184,1110.035888671875,83323,261.2474466833887,626.1468262064496,0.0007568560114123188
10,70.1,1550.8478113990639,1104.887939453125,82884,260.4767144442836,626.6908088412721,-0.003884296160006829
10,75.1,1543.0322302821514,1102.2252197265625,82438,258.6861156262888,625.9526795895097,-0.006284880725954991
10,80.0,1562.8509099280298,1117.7705078125,82534,258.35403591247245,626.1529430295393,0.0077300297732794355
10,85.1,1563.4522600710536,1117.3341064453125,81347,256.41200044254856,626.8102818788647,0.007336590547897109
10,90.1,1559.6764555233055,1114.2593994140625,81998,256.2847874338398,626.8838508256299,0.0045645773426019965
10,95.1,1566.0350951992302,1123.48486328125,82091,257.05234434956327,627.0953210461561,0.01288182754071928
10,100.1,1555.5368004058068,1111.6915283203125,82798,258.2467813232204,627.2357907195826,0.0022495039034012665
10,105.1,1575.7007589095988,1128.8507080078125,82355,257.08770566450124,627.7958958168903,0.01771942419250415
10,110.1,1575.6261371309313,1125.57421875,81455,256.43032349149837,627.9272236204039,0.014765493493626663
10,115.1,1574.4180815609284,1128.9263916015625,82515,257.2093073986548,627.2969157122948,0.017787657009213812
10,120.1,1580.8939565869907,1137.3402099609375,81957,257.00972461168664,627.9480581280427,0.02537316527458506
10,125.1,1578.2404110912516,1131.916748046875,82804,258.5902854934544,627.4476716100671,0.020483623639756705
10,130.1,1582.3151699718426,1133.73486328125,82749,258.57632116400197,627.6637784142407,0.022122751981811073
10,135.1,1568.0888582006928,1127.263427734375,83999,260.93634448029144,627.5742449314873,0.01628840594141425
10,140.1,1583.6931205390142,1140.743896484375,82521,259.34140400625296,628.8581451994038,0.028441771126706848
10,145.1,1576.8814297114943,1133.260498046875,82702,259.97742497158475,628.5406640710019,0.021695086295143738
10,150.1,1574.508522075255,1135.5211181640625,82785,259.46678746149666,628.6927704294257,0.023733156509089276
10,155.0,1576.372348859049,1134.156494140625,81993,258.0935323747149,629.0971668313149,0.022502874802641997
10,160.0,1575.7272760229114,1138.253662109375,82754,260.13403581699976,629.220533146434,0.02619669135109861
10,165.1,1577.8085010367117,1141.6177978515625,81990,257.0729967069155,628.5585925112819,0.02922964005384309
10,170.1,1595.4807654707206,1153.6226806640625,81832,258.0447257796461,628.2724117704565,0.04005268541915763
10,175.1,1578.4076989315124,1140.1268310546875,82453,260.4116284428705,628.717075182225,0.027885453564662748
10,180.1,1600.0126439488788,1154.0347900390625,80671,257.54738381822466,627.093094172627,0.04042422411143476
10,185.4,1583.4920829452424,1140.75048828125,81596,259.47949654394824,627.6581082406001,0.0284477139849364
10,191.1,1591.2993542832544,1146.6962890625,81305,259.5658077609003,627.0931677018633,0.0338081721079916
10,196.7,1594.2967644084933,1151.2578125,81098,259.834052627685,627.8165059557572,0.037920630002841044
10,202.3,1586.4153409851629,1142.7523193359375,82159,260.2679195219026,628.0671015956864,0.030252471986906962
10,208.0,1595.4372888020546,1149.5350341796875,81381,259.15375824823974,627.367100428847,0.03636745299925481
10,213.6,1592.1163549395965,1146.640625,81535,258.9569387379653,628.6191451523886,0.033757987971830945
10,219.3,1594.044125029078,1144.9852294921875,81677,259.45329774599946,628.3965865543544,0.03226556018570235
10,224.9,1594.2283567982913,1145.8607177734375,81469,259.71681252991937,628.5789195890461,0.03305485980093089
10,230.5,1600.3452048758995,1148.8424072265625,81708,262.3699637734371,628.9859622068831,0.035743012673431225
10,236.2,1597.315919485411,1145.1697998046875,81774,260.1861716437988,628.2976129332062,0.032431960216129783
10,241.8,1607.228130698339,1154.6983642578125,81164,259.9215662116209,628.5544329998521,0.04102247183987625
10,247.4,1615.0918542028514,1159.5162353515625,80029,259.3407889640005,628.7372952304789,0.04536604088809713
10,253.1,1614.5726454860019,1154.2626953125,79475,259.6331299150676,628.3812897137465,0.04062969293207498
10,258.8,1602.9007569805578,1147.0662841796875,80187,259.55699801713496,628.2213326349657,0.03414174253935771
10,264.4,1598.3165917626054,1141.914794921875,81215,260.5474973834883,628.8668718832728,0.02949739883296343
10,270.0,1596.4857727864987,1135.74267578125,80585,261.8571570391512,628.4727802940994,0.023932902577360304
10,275.7,1607.9816053304983,1148.8896484375,80893,261.6355679725069,628.8679490190746,0.035785603157409675
10,281.4,1611.2548455764274,1151.1942138671875,80331,261.7112820704336,629.2418493483214,0.037863292426218886
10,287.0,1607.2029995956427,1148.7003173828125,81611,261.4883287792087,628.6321819362586,0.03561491106270535
10,292.6,1607.6576330840298,1149.3494873046875,79555,259.72941989818366,629.7853183332286,0.03620017254538596
10,298.3,1600.7734362516746,1142.9400634765625,81359,262.32291449009944,629.8676729065008,0.030421733393518995
10,303.9,1604.6665390741723,1144.28955078125,80987,259.42673515502486,630.0565399385086,0.03163836853662434
10,309.6,1613.8921774063558,1146.827392578125,80651,260.8624939554376,629.5280777671696,0.03392636895500156
10,315.2,1614.3775826574397,1144.4522705078125,80634,261.4215963489347,629.157725029144,0.03178506909255011
11,0.1,1193.307861211357,643.3109130859375,91996,729.1193095351972,776.4979020826993,-0.0006464884349454393
11,5.1,1195.254245081266,657.8666381835938,93520,721.8526411462789,774.6722198460222,0.021965151899182054
11,10.1,1195.1055889175536,631.0450439453125,92254,722.8790404752098,775.1790166280053,-0.019700944295611898
11,15.1,1202.608664719135,632.041748046875,92767,719.0599027671478,776.4253667791348,-0.018152610941355993
11,20.1,1201.3825752399373,654.3710327148438,95129,716.4297953305512,773.3650621787257,0.0165348917727311
11,25.1,1192.4992468907346,635.9681396484375,92948,720.6676098463657,775.8937255239489,-0.012053144641338711
11,30.1,1198.8981496345286,668.1574096679688,93441,715.829432476108,777.1052107747134,0.03795138563224772
11,35.1,1201.3521978380495,651.73486328125,91954,718.1380037845009,776.394827848707,0.012439725458973188
11,40.1,1198.0410028445656,611.6196899414062,92457,715.7264349914014,777.4871994548818,-0.04987732610775243
11,45.1,1205.7977197261953,686.1285400390625,93059,717.6450316465898,775.2948989350842,0.06586869882843595
11,50.1,1207.7565084723756,625.59716796875,92418,716.1698695059404,775.0050314873725,-0.02816396563879459
11,55.1,1207.3507559860102,692.1297607421875,92925,715.4946354587032,775.6242238364272,0.07519131540674931
11,60.1,1206.0447437011294,637.5145263671875,92080,714.6030734144223,776.8455039096438,-0.00965090496813433
11,65.0,1206.8005822576215,624.6026611328125,91025,716.0168525130458,778.4155122219171,-0.029708885643341173
11,70.1,1198.221898577545,604.0546875,91321,713.5672736829426,779.9431346568697,-0.06162920471113564
11,75.1,1192.1367431340157,610.6177368164062,90191,715.7675821312548,780.1447151046114,-0.051433813575202825
11,80.0,1208.3842026890904,646.108642578125,91332,715.5568584942846,779.1353851881049,0.003699653897717272
11,85.1,1205.323555058692,600.2570190429688,89450,714.7167915036333,781.5454220234768,-0.06752870560734854
11,90.1,1199.4505150563377,614.691650390625,91058,713.2573195106415,782.3448571240308,-0.045105178768312514
11,95.1,1205.6722489867707,610.6982421875,91539,712.6773615617387,781.3347971902687,-0.051308752234464086
11,100.1,1205.5622340897005,593.2374877929688,90256,714.9235175500797,780.9470173728063,-0.0784332201453928
11,105.1,1218.2118485395833,610.2013549804688,90796,713.4898673950395,781.9188730781092,-0.05208064334511916
11,110.1,1212.8609089098834,614.0530395507812,90394,712.3003849813041,781.8064694559373,-0.04609723093521879
11,115.1,1219.4925161389656,610.8331298828125,90929,714.2576845670798,781.2997723498554,-0.05109921048841966
11,120.1,1219.7653798446238,626.0715942382812,91906,713.1774312884904,781.0403129284268,-0.027426966547390356
11,125.1,1222.223382889078,622.078125,91614,711.9086056716222,780.9608356801363,-0.03363063482881164
11,130.1,1227.1390268452665,620.1779174804688,90407,713.4427975709846,782.2663068125256,-0.03658251862048641
11,135.1,1224.905668878051,621.0986328125,88783,714.7127490623205,782.6772017165448,-0.03515223027701119
11,140.1,1228.5958772984284,621.42431640625,89844,714.613752726949,782.6046257958238,-0.03464629599787405
11,145.1,1220.592416428102,621.168212890625,89773,716.6371514820714,783.0143138805654,-0.03504414086954936
11,150.1,1222.5536569679766,620.0567016601562,90184,715.440931872616,782.5385655992194,-0.03677082174611728
11,155.0,1216.0083033613073,620.1510620117188,90084,715.9058767372675,783.7554948714533,-0.03662423733915589
11,160.0,1221.1724748374454,625.0470581054688,89816,717.5517057094504,783.3706132537633,-0.02901853566463099
11,165.1,1218.3696182508827,612.072021484375,89771,716.610197056956,783.9632843568636,-0.049174650143980814
11,170.1,1229.3069652560514,648.5955810546875,91095,716.6082880509358,782.5108952192766,0.007562996877050463
11,175.1,1217.0475444096135,615.3619384765625,89958,718.339480646524,783.9406834300452,-0.04406391747643019
11,180.1,1224.9826794036956,665.7330932617188,90759,719.3624764486167,781.863407485759,0.03418532311963017
11,185.4,1219.1493490705745,671.2947387695312,90486,719.0981919855005,781.9569325641536,0.042825080125539934
11,191.1,1225.7148107678554,679.665771484375,90603,716.650960784963,781.711245764489,0.05582908918062574
11,196.7,1229.561515420457,668.0330810546875,90140,719.1616374528511,780.6737519414245,0.03775824692786196
11,202.3,1228.183567515023,648.6348876953125,90528,718.3396628667374,781.0429480381761,0.007624057910739428
11,208.0,1223.0697512079666,746.3642578125,91683,720.5096364647753,782.3940316089133,0.1594420781292234
11,213.6,1224.71698770648,684.7198486328125,91837,717.0242712632164,781.8802443459608,0.06368036240368234
11,219.3,1233.3613749533858,636.2830810546875,91174,715.2215982626626,781.0207515300415,-0.011563897849669363
11,224.9,1234.571132259639,643.6185913085938,90156,717.421081236967,781.7951883402103,-0.0001685246603707911
11,230.5,1241.3782025350592,650.258544921875,88992,717.2410553757641,782.754854368932,0.010146333715388266
11,236.2,1246.186493318069,676.5308837890625,88223,719.4424923205967,780.5860603244053,0.05095918729812166
11,241.8,1248.323991766755,659.8706665039062,88422,719.2960914704486,780.9556784510642,0.025078316464622243
11,247.4,1249.4427601631066,656.1946411132812,88531,718.3570500728558,780.5602105477177,0.019367782400928152
11,253.1,1248.4203619078237,626.614990234375,87094,720.9537626013273,780.1430752979539,-0.026582826201221325
11,258.8,1241.2665994939143,637.5044555664062,87337,720.6517856120545,781.5046200350367,-0.009666549487635383
11,264.4,1247.1984831944844,627.9818725585938,87025,717.4268888250502,780.5621717897156,-0.02445943823621453
11,270.0,1240.7677506806199,623.0960083007812,87053,717.4797766877649,780.7935740296141,-0.03204940057596867
11,275.7,1255.9535171769105,623.88427734375,85580,719.2493105865857,781.6291306379995,-0.030824861367749742
11,281.4,1251.8804642922878,637.744384765625,86928,718.6821047303515,781.0098012147985,-0.009293830662431469
11,287.0,1260.623104040076,642.2688598632812,86236,716.661405909365,780.5831903149497,-0.00226526953459094
11,292.6,1248.5394718473708,631.2539672851562,85960,719.1874941833411,780.0386226151699,-0.019376391627417288
11,298.3,1251.1644377076896,624.5256958007812,85765,718.0788899900892,781.4442138401446,-0.02982844769843711
11,303.9,1252.9961118311423,624.6981201171875,86416,717.3974611183114,781.0210030549898,-0.029560594561525114
11,309.6,1257.5368922056768,633.2232666015625,86563,718.2262282961542,779.3296674098633,-0.01631717695043831
11,315.2,1253.3623199909287,637.4400024414062,88190,714.7221340288014,779.1458328608686,-0.009766674412442134
12,0.1,1446.0239946327795,798.40869140625,25339,1153.9799123880184,736.3362405777655,-0.004949462713719423
12,5.1,1483.5664143691909,802.8015747070312,25499,1152.2112239695675,730.4925683360132,0.0005253535498402232
12,10.1,1468.378250404451,797.99951171875,25343,1152.5001775638243,730.3963619145326,-0.005459420173195948
12,15.1,1491.9805518039745,808.9374389648438,25915,1150.9396874397066,732.1447038394753,0.008172433412783984
12,20.1,1471.6487940772402,803.7529907226562,26204,1151.2397725538085,733.9240192337048,0.0017110959242913058
12,25.1,1478.263025737602,807.8578491210938,27081,1150.0679443152026,729.5061482220007,0.006826948994045803
12,30.1,1492.4845915659098,808.4385375976562,27128,1149.0588690651725,731.867443232085,0.007550656522306492
12,35.1,1487.7599242424242,803.6658325195312,26400,1150.1067424242424,732.4713257575758,0.0016024713341760797
12,40.1,1487.662428294786,804.4720458984375,27369,1149.474478424495,731.1047535532903,0.002607248792741922
12,45.1,1485.1987612612613,808.3191528320312,26640,1150.4722597597597,731.2488363363364,0.007401868218199081
12,50.1,1488.6720761460194,804.1458740234375,27421,1149.2378469056562,733.0592246818132,0.0022007433238513275
12,55.1,1490.6794684527415,814.3590698242188,28069,1148.214542733977,732.3923189283552,0.014929369750847929
12,60.1,1491.0710339099346,810.2886352539062,27691,1147.7763894406125,732.7320067892094,0.009856418830130536
12,65.0,1505.0746274016878,810.0145874023438,27845,1148.2001436523612,729.8777877536362,0.009514875125916695
12,70.1,1491.7970174287173,796.7213745117188,27426,1148.7399912491796,731.666630204915,-0.007052352625298855
12,75.1,1466.41517728452,793.3148803710938,27752,1148.948364081868,732.016070913808,-0.011297839756609081
12,80.0,1505.9826004761237,813.0463256835938,28564,1147.3793586332447,729.644482565467,0.013293306946787504
12,85.1,1499.6536061630704,810.4801635742188,28687,1146.7688151427476,730.2772335901279,0.010095119084879542
12,90.1,1474.333288743228,820.10888671875,29902,1146.1879472944954,731.3702762357033,0.02209532178992698
12,95.1,1488.8388249710667,796.7054443359375,29378,1146.6840833276601,732.6216896997753,-0.007072206279374537
12,100.1,1509.5165631126026,821.9476928710938,30097,1145.2491278200484,728.1651659633851,0.02438701158432573
12,105.1,1511.2483411364478,828.012939453125,29689,1146.1174845902524,731.5152413351747,0.031946081187631314
12,110.1,1489.517663668002,827.616943359375,30458,1145.6290301398647,730.3237901372381,0.031452554338424324
12,115.1,1512.8965922444183,842.5538940429688,30636,1145.1887648518084,729.069036427732,0.05006835970616169
12,120.1,1507.851206347142,838.5260009765625,30754,1144.4143851206347,730.7141835208428,0.04504842793061959
12,125.1,1520.498354552405,823.881591796875,30083,1145.2408669348138,729.629092843134,0.026797214762057483
12,130.1,1516.3427844420212,847.4891357421875,30261,1145.5331945408282,728.7388057235386,0.05621911301997617
12,135.1,1492.4345734227825,829.96923828125,29514,1145.9405705766756,733.1872670597005,0.034384201189293244
12,140.1,1510.1151354045523,846.0507202148438,30095,1145.708356869912,732.0904801462037,0.054426426944874255
12,145.1,1512.9767449553424,848.4402465820312,30230,1145.3573271584519,729.8021171022164,0.05740447505622657
12,150.1,1502.3739548424223,834.7553100585938,29541,1146.0503029687552,731.2906468975323,0.040349045190613594
12,155.0,1494.8020775814466,831.4341430664062,28976,1146.5385491441193,733.1642738818332,0.03620990062021449
12,160.0,1496.7578450430435,826.7884521484375,28808,1147.251249652874,733.0679672313246,0.03042001219120858
12,165.1,1477.754689352207,825.6428833007812,28682,1147.0999232968413,736.0437556655743,0.02899229865348261
12,170.1,1507.8135860438017,837.9409790039062,29177,1147.0448983788601,731.4332179456421,0.044319319599909195
12,175.1,1498.8703552470397,831.7664184570312,29388,1145.907853545665,731.2446576834081,0.036624012853118754
12,180.1,1495.183366839488,822.966796875,28353,1147.3724473600678,733.7184424928579,0.02565711297168843
12,185.4,1486.3080128748095,824.8182983398438,29515,1146.4723022192106,730.0007453837032,0.027964624835235617
12,191.1,1493.0768518518519,805.8751831054688,29160,1147.0153978052126,730.02280521262,0.004355967771844818
12,196.7,1506.1485890652557,833.4197998046875,29484,1146.1859313525981,728.3784086284086,0.03868460915678217
12,202.3,1489.488940028852,822.7207641601562,29114,1146.898055918115,730.1691626021845,0.025350484314297338
12,208.0,1484.7721567802553,820.3219604492188,28524,1147.6977632870564,730.7365727106998,0.022360873921644243
12,213.6,1489.469914139316,821.4351196289062,28884,1146.6907976734524,730.5131906938097,0.023748195542457617
12,219.3,1477.6452136480716,815.7559814453125,28341,1147.5293391200028,731.7716735471578,0.016670329830656878
12,224.9,1482.0494246038686,819.5828247070312,28589,1146.8122004966945,730.5856448284305,0.021439694799588647
12,230.5,1479.7203900514955,816.4671630859375,27381,1148.4590044191227,732.7268178664037,0.017556669973529858
12,236.2,1480.5316380426038,817.9066772460938,28589,1147.0891251880093,731.6153415649376,0.019350725266154237
12,241.8,1496.9304065154322,852.8323364257812,28609,1146.7779020587927,730.9859135237164,0.06287830244046444
12,247.4,1491.1766807973934,819.0774536132812,28543,1147.7778439547349,729.2707493956486,0.020809854739256665
12,253.1,1484.9230555844515,847.0764770507812,28839,1146.637470092583,730.259787093866,0.05570481970501185
12,258.8,1470.4653349807797,814.3126220703125,29136,1146.919000549149,731.1723640856673,0.014871482276703889
12,264.4,1478.752858554489,808.2903442382812,28336,1147.3445793337098,730.4589568040655,0.0073659642920545524
12,270.0,1466.6593866497856,805.7012939453125,28434,1148.4535063656185,727.5337975662939,0.004139251065095322
12,275.7,1481.1760392060078,808.2349243164062,28363,1147.9363607516834,728.1619715826957,0.007296894874810417
12,281.4,1478.657591107359,809.8433837890625,28428,1147.8801885465034,727.7424370339103,0.009301505395333216
12,287.0,1491.2837109698812,818.3345947265625,28952,1146.7580478032605,726.2910679745786,0.01988403549115273
12,292.6,1465.0077902405596,794.5148315429688,27727,1148.269737079381,729.4286435604284,-0.009802349951521305
12,298.3,1467.366363966582,802.8370361328125,27530,1148.3909553214676,729.7436977842353,0.0005695488487596534
12,303.9,1493.1360295386314,821.1792602539062,28979,1146.8475102660548,725.907208668346,0.023429319995004513
12,309.6,1491.193538534632,824.4476928710938,29467,1146.0942749516407,725.9900906098347,0.027502742124325498
12,315.2,1489.2693498452013,822.3027954101562,29716,1146.3909005249698,723.7917283618253,0.024829573114641127
13,0.1,2101.3784959699506,1603.02880859375,127790,191.8678222083105,1037.72235699194,-0.004109961327165045
13,5.1,2115.6886613936326,1609.708984375,126303,188.8198696784716,1037.4081375739293,4.013284548208776e-05
13,10.1,2116.509896944839,1612.3179931640625,126049,188.3990987631794,1037.501915921586,0.0016609932129988477
13,15.1,2133.2186375075657,1610.6229248046875,125564,187.9164808384569,1037.7680863941894,0.0006079231216060752
13,20.1,2135.551897174047,1612.543212890625,124949,186.6009972068604,1037.4306557075286,0.001800912147077752
13,25.1,2132.4562663290003,1613.2064208984375,124778,186.55139527801376,1037.91064931318,0.0022129335936092896
13,30.1,2143.0169681447096,1620.7728271484375,124940,186.1221466303826,1037.3052825356172,0.006913603084095363
13,35.1,2149.9481121802887,1625.4388427734375,123979,185.4345574653772,1038.1411287395447,0.00981238971619945
13,40.1,2144.3945362237087,1618.648681640625,124090,185.27120638246433,1037.5177290676122,0.005593966568156602
13,45.1,2157.8200061373473,1637.426025390625,123832,185.12638090315912,1038.097083144906,0.017259489666125914
13,50.1,2160.3233296042285,1636.5343017578125,123354,184.22068193978308,1037.9470223908427,0.01670550169135822
13,55.1,2173.4861235452104,1651.15576171875,122870,183.39064051436478,1037.9751037682104,0.025789160230673708
13,60.1,2168.8892266814464,1638.412109375,122692,183.7711505232615,1038.3818423369087,0.017872099503247533
13,65.0,2176.622742327585,1647.765869140625,122582,183.33586497201873,1038.162903199491,0.023683171721529443
13,70.1,2177.508115430401,1645.4901123046875,121805,183.0483231394442,1039.06039160954,0.022269345874357076
13,75.1,2162.748547479147,1630.2900390625,121685,182.415293585898,1038.5650491021902,0.012826220805212857
13,80.0,2199.368772161293,1660.2440185546875,121270,182.1603281932877,1038.9525521563453,0.03143528736406585
13,85.1,2187.1052527303796,1649.9991455078125,121137,182.32814912041738,1039.2964824950263,0.025070606355119443
13,90.1,2186.955027352705,1664.7576904296875,120829,182.09808075875824,1039.6798450703059,0.034239429644012505
13,95.1,2201.5650890028037,1661.908447265625,120558,181.67725907861777,1039.5655120357007,0.03246932241347825
13,100.1,2193.0330221587324,1652.6124267578125,120404,181.70639679744858,1039.5763762001263,0.026694121011358568
13,105.1,2227.571427380565,1689.04736328125,119961,181.83299572361017,1040.3276564883588,0.04932951605157589
13,110.1,2219.2385203440126,1671.07861328125,119298,181.05734379453133,1040.241655350467,0.038166336053519136
13,115.1,2233.835516349606,1683.7532958984375,119483,181.7454114811312,1040.7293840964824,0.046040548977284296
13,120.1,2245.529376099972,1693.41162109375,118753,180.79459045245173,1040.7315604658409,0.05204083406306044
13,125.1,2248.2151307412746,1691.791748046875,118593,180.79669120437126,1040.9239837089879,0.05103447945318128
13,130.1,2256.154606593851,1694.7413330078125,118656,180.8225458468177,1041.0016096952536,0.05286692455028077
13,135.1,2247.608268432313,1696.551513671875,118257,180.83425082658954,1041.3502625637384,0.05399150876353609
13,140.1,2264.2887325736297,1701.9739990234375,117853,180.2790170806004,1041.3440302750037,0.05736025617313989
13,145.1,2251.221572196588,1691.738525390625,118115,180.86280320027092,1041.5171993396266,0.051001414599382684
13,150.1,2257.540119078964,1695.533447265625,117737,180.42869276438162,1041.6451582764976,0.05335902967940706
13,155.0,2252.4704566144005,1687.841064453125,117539,180.585405695131,1041.8601740698832,0.04858009659002157
13,160.0,2258.481269457818,1694.9580078125,117562,180.6703781834266,1042.1232285942738,0.05300153490691494
13,165.1,2261.0657803911545,1698.1529541015625,117345,180.1643700200264,1041.7067024585624,0.05498641201349877
13,170.1,2278.6821290894823,1712.7835693359375,117252,180.03664756251493,1041.6103179476684,0.06407575831436219
13,175.1,2271.7740941360275,1701.6812744140625,116491,179.93583195268303,1042.3675820449648,0.057178399477247635
13,180.1,2288.2497544500543,1703.071533203125,116066,179.72588871848777,1042.7365722950735,0.05804210502750489
13,185.4,2271.7405163104036,1700.5748291015625,116674,180.0962939472376,1042.3706309889092,0.056491014534975986
13,191.1,2286.9991801297983,1704.4622802734375,115872,179.38222348798675,1042.4649872272853,0.05890611392504471
13,196.7,2288.6175413805286,1700.4326171875,116057,179.8598964302024,1042.717078676857,0.056402664638931586
13,202.3,2288.60185871683,1701.365478515625,115994,179.7589358070245,1042.5410710898839,0.056982209622254615
13,208.0,2298.776282422994,1699.7874755859375,115543,180.00874133439498,1043.2386470837696,0.056001867041854614
13,213.6,2299.6794244728653,1713.4493408203125,115720,179.83644141030072,1042.9701348081576,0.06448937233412715
13,219.3,2309.611049455504,1719.700927734375,115336,179.3651851980301,1043.0885759866824,0.06837320342951084
13,224.9,2314.541557198782,1716.771728515625,114950,179.1735363201392,1043.4312570682905,0.06655342308145806
13,230.5,2320.559996871089,1723.7923583984375,115056,179.62819844249756,1043.5695313586427,0.07091502614686729
13,236.2,2319.0458617357467,1554.19091796875,114867,179.40304874332924,1043.7373484116413,-0.03445075652840517
13,241.8,2331.376519633977,1729.273681640625,114419,179.14057105900244,1043.9513979321616,0.07432032690401907
13,247.4,2330.536792939674,1728.866943359375,114329,179.08646974958233,1043.93570310245,0.07406763861765002
13,253.1,2324.2082096329154,1728.0198974609375,114524,179.76989975900247,1044.5099105864274,0.07354140691923618
13,258.8,2317.3817009587797,1721.697265625,114312,179.5304954860382,1044.4172265378963,0.0696134387942406
13,264.4,2322.047367267307,1559.2098388671875,114045,179.84952431057917,1045.25566223859,-0.03133272564783382
13,270.0,2312.815641673687,1718.8065185546875,113952,179.51712124403258,1045.1318274361136,0.06781754704468909
13,275.7,2336.7957320291334,1570.2618408203125,113684,179.53538756553252,1045.448145737307,-0.024466611580822525
13,281.4,2338.9369423329313,1575.8380126953125,113531,179.34641639728355,1045.45226413931,-0.02100238561403426
13,287.0,2351.0752778415817,1756.5689697265625,113194,179.6097496333728,1046.4526653356186,0.09127766750935525
13,292.6,2328.9248667504826,1738.6729736328125,112946,179.64338710534238,1047.1614222725905,0.08015968625639931
13,298.3,2346.025142175666,1744.0882568359375,112361,179.1945514902858,1047.0184494620019,0.08352395929358541
13,303.9,2353.0359496651176,1746.1629638671875,112129,178.56862185518466,1046.6056417162376,0.08481288189716539
13,309.6,2357.9709504685407,1754.4715576171875,112050,178.2369567157519,1046.748032128514,0.08997463925713642
13,315.2,2361.3071544032937,1758.8055419921875,111973,178.10604342118188,1046.9466567833317,0.0926671497371025
14,0.1,1432.0176402782924,902.6688232421875,97164,1038.6410193075624,1009.4117780247828,0.03865680371086073
14,5.1,1434.0802665515891,872.9637451171875,99643,1034.9302811035395,1010.92577501681,0.004476625216963751
14,10.1,1382.8878302974406,853.8109130859375,108425,1022.6725847359926,1024.4084113442473,-0.017561600528040996
14,15.1,1393.06706238018,858.0565795898438,108496,1022.4386521162071,1024.8287770977731,-0.012676320027568482
14,20.1,1391.4377633443119,857.8660888671875,108698,1022.6441516863235,1024.0599183057645,-0.012895508372215262
14,25.1,1391.3820345921226,858.15283203125,108464,1022.7160993509367,1025.2617366130698,-0.012565567057524273
14,30.1,1396.5688249268503,860.9048461914062,109023,1021.5244306247306,1024.58743567871,-0.009398959152436577
14,35.1,1397.5263632101057,859.3150024414062,108769,1021.5329551618568,1024.4653439858782,-0.011228314487700706
14,40.1,1448.1129032258063,899.818359375,100068,1033.4066734620458,1011.8530898988688,0.03537691454979249
14,45.1,1464.9499139763182,913.0323486328125,98810,1034.4364436797896,1011.3980062746685,0.05058160478988822
14,50.1,1402.2438223620434,862.7800903320312,109346,1021.0695590145044,1024.6338594918882,-0.007241207566109216
14,55.1,791.4106778386507,354.145751953125,9309,891.8575572027071,1173.9168546567837,-0.5925018286881487
15,0.1,1909.6951294871076,1350.45458984375,17801,557.3998651761137,1163.5390146620975,-0.011192134187199112
15,5.1,1926.4389387436597,1362.6783447265625,17941,552.2425171395129,1163.455102837077,-0.0022418554671341045
15,10.1,1934.9201919857128,1368.668212890625,17918,551.3371470030137,1163.4479852662128,0.0021439482469263306
15,15.1,1944.816633266533,1377.9639892578125,17964,552.1923291026498,1163.1318748608328,0.008950350224333985
15,20.1,1936.832928311057,1368.935546875,18106,550.7500276151552,1163.3541367502485,0.002339691183073233
15,25.1,1929.9395496283341,1368.2694091796875,18296,552.2571053782248,1162.6623305640578,0.0018519426887564994
15,30.1,1947.5580565468022,1380.5150146484375,18215,550.2403513587702,1162.8083447707934,0.010818220488990591
15,35.1,1969.222993395276,1396.486328125,17866,550.4708384641218,1163.3404791223554,0.022512475528557837
15,40.1,1931.7869635193133,1368.8358154296875,18640,549.6275214592275,1162.5505901287554,0.0022666674484467402
15,45.1,1964.5220616307608,1395.7425537109375,18335,549.7494409599127,1162.6006544859558,0.021967881140455975
15,50.1,1964.5529469441115,1395.147216796875,18358,549.3648545593202,1162.739078330973,0.02153197324110052
15,55.1,1956.483249986557,1389.2928466796875,18597,548.3899553691456,1162.6680109695112,0.01724538170015564
15,60.1,1961.7772826086957,1392.3033447265625,18400,548.4741847826087,1162.899347826087,0.019449679550043723
15,65.0,1977.8468324419694,1404.36328125,18137,546.851794673871,1163.3062248442411,0.028280009859008665
15,70.1,1973.826510829225,1400.16748046875,18053,546.9041710519027,1163.4045864953193,0.02520782894519984
15,75.1,1963.2020530934378,1392.167724609375,18119,545.393399194216,1163.3871626469452,0.019350377996592033
15,80.0,1996.4179694019472,1414.8577880859375,17975,544.5671210013908,1163.6357719054242,0.035964126737312474
15,85.1,1963.8310732912435,1396.6143798828125,18215,545.5347241284655,1163.2287674993138,0.02260623550116884
15,90.1,1957.8335530652603,1392.29052734375,18204,545.5312568666227,1163.4151285431774,0.01944029461474901
15,95.1,1986.4992184010719,1411.55224609375,17912,544.5354510942385,1163.879466279589,0.03354379661497368
15,100.1,1970.1096334376398,1400.0185546875,17896,545.4046714349575,1163.9364103710327,0.02509878493510887
15,105.1,1990.4195168219605,1416.205322265625,17923,545.1996875523071,1164.0805668693856,0.03695079626796346
15,110.1,1968.4612844642563,1398.1297607421875,18171,544.4525342578835,1163.8089813438996,0.023715802994012516
15,115.1,1985.1264406213463,1413.5643310546875,17961,546.1393574967987,1163.8455542564445,0.03501705269557157
15,120.1,1980.9216757741349,1408.579833984375,18117,544.3728542253133,1163.8621184522824,0.031367385429961314
15,125.1,1989.6012851049686,1415.075439453125,18053,543.5483299174653,1163.927879022877,0.03612349187665034
15,130.1,2015.5950089525516,1434.4356689453125,17872,544.0246754700089,1163.97722694718,0.050299123808140105
15,135.1,1987.6231153023741,1417.6588134765625,18239,543.3502384999177,1163.8095838587642,0.038015047930384085
15,140.1,2012.089043381535,1433.3074951171875,17980,543.8950500556174,1164.0953281423804,0.04947307074153295
15,145.1,2010.0497772828508,1436.1768798828125,17960,545.3357461024499,1163.8727728285078,0.05157404492284303
15,150.1,2016.4980357439274,1441.686279296875,18073,545.3504122171195,1163.8681458529297,0.055608047633855885
15,155.0,2003.4155609167672,1432.143310546875,18238,544.6701392696567,1163.772178966992,0.04862065047576445
15,160.0,2022.2368888888889,1448.817626953125,18000,545.4847777777778,1163.8171111111112,0.06082964687116275
15,165.1,2004.761840543748,1436.745849609375,18538,543.1353436185133,1163.5821016290863,0.051990646669592216
15,170.1,2020.9464169733708,1446.605712890625,18476,542.2150357220178,1163.9109655769646,0.05921007518030345
15,175.1,2025.4669247968588,1449.900634765625,18337,542.1841086328188,1164.038337786988,0.061622629213398054
15,180.1,2041.8027207167831,1460.807861328125,18304,542.8055616258741,1163.9916411713286,0.06960894100819168
15,185.4,2020.8831798351914,1450.3590087890625,18567,543.8462864221468,1163.4204233317175,0.061958252375604275
15,191.1,2025.544452805848,1448.6968994140625,18604,541.5381638357343,1163.7078585250483,0.06074124971872015
15,196.7,2036.4197157217748,1457.859130859375,18503,542.3041668918554,1163.6777279360103,0.0674498696083905
15,202.3,2019.4001693838661,1447.355712890625,18892,541.6936798644929,1163.4457971628203,0.05975922796554846
15,208.0,2031.753527103002,1453.7899169921875,18854,541.0459318977405,1163.3560517662036,0.06447037610315899
15,213.6,2046.0016053082193,1465.6065673828125,18688,541.1304045376712,1163.4694456335617,0.07312257140219663
15,219.3,2050.626675209568,1472.133056640625,18729,540.2523893427306,1163.2444337658178,0.07790129107392912
15,224.9,2075.6171618964386,1484.879150390625,18308,540.2528949093293,1163.778239021193,0.08723402825233778
15,230.5,2067.419181034483,1478.7095947265625,18560,541.1037715517241,1163.4942887931034,0.08271665668347906
15,236.2,2078.9901296165735,1490.4512939453125,18439,541.86881067303,1163.3605401594446,0.09131397245612666
15,241.8,2074.721283238239,1484.8154296875,18578,540.6995909139843,1163.7450748196793,0.08718737171687263
15,247.4,2061.273587412959,1476.8238525390625,18813,540.4331047679796,1163.5613671397439,0.08133590925078621
15,253.1,2093.0746842394287,1500.7174072265625,18210,542.516364634816,1163.8961559582647,0.09883085872551227
15,258.8,2064.1933275843485,1481.7967529296875,18554,542.8002587043226,1163.5054974668535,0.08497708538446315
15,264.4,2082.9625904846107,1495.9124755859375,18097,543.7654307343759,1163.7778637343206,0.09531266993436416
15,270.0,2060.034850795034,1484.7318115234375,18364,543.9514267044217,1163.5430734044871,0.08712614618661663
15,275.7,2104.2528236799644,1512.5997314453125,17973,543.4032715740277,1164.1832192733546,0.10753114064539332
15,281.4,2092.5742791360594,1506.4681396484375,18242,542.8903628988049,1164.0837079267624,0.10304156636107419
15,287.0,2105.8451580918804,1522.3388671875,18154,545.1440453894459,1163.8908780434065,0.11466217200366195
15,292.6,2123.9084301493735,1535.3095703125,17473,547.1405024895553,1164.1293424140101,0.12415936900056847
15,298.3,2104.910993598664,1520.8284912109375,17965,545.3266907876426,1163.9509602003895,0.11355626910460002
15,303.9,2089.1163561301537,1508.726806640625,18409,544.8099842468358,1163.5916671193438,0.10469537072067515
15,309.6,2113.558388520971,1525.4747314453125,18120,544.9883002207506,1163.755298013245,0.11695826345876596
15,315.2,2120.6773926024216,1530.6180419921875,18087,545.0478796925969,1163.7290871896942,0.12072421454169453
16,0.1,776.8423543939082,348.4596252441406,9718,901.809837415106,1172.5728544968101,-0.006400519880169292
16,40.1,780.5393973848778,351.52337646484375,8795,888.281409891984,1174.7303013075611,0.002335475338715279
16,45.1,790.9749844301432,352.12994384765625,9634,895.923396304754,1173.3805272991488,0.004065044541454013
17,55.1,1458.1439466820061,911.5111694335938,100829,1033.242142637535,1009.7805790000892,0.04451448223042539
17,60.1,1405.0779546286133,860.2222900390625,109320,1020.7008964507867,1024.1151573362606,-0.014258223032469822
17,65.0,1412.9562986245385,867.1543579101562,109127,1021.6468884877253,1025.0832149697142,-0.006314661257290547
17,70.1,1413.626178213078,865.2284545898438,108533,1021.7463075746547,1025.2225958924935,-0.00852158309972072
17,75.1,1400.756565619696,859.2084350585938,109586,1020.4255379336777,1025.097366451919,-0.015420014840944426
17,80.0,1419.7657086746615,871.4107666015625,109987,1021.665151336067,1024.5586569321829,-0.0014371779421624195
17,85.1,1413.7074859723552,865.16162109375,109605,1021.2702613931846,1025.572501254505,-0.008598168617165768
17,90.1,1415.2775628538243,870.4714965820312,109341,1021.5933547342717,1026.2761818531017,-0.0025135017119905846
17,95.1,1039.1289826471589,193.46539306640625,73475,964.6964273562436,1007.7979176590677,-0.7783050700367913
17,100.1,1421.490242487314,865.2938232421875,108583,1020.7671458699797,1026.5860678006686,-0.008446676168959399
17,105.1,1430.8973017245303,875.2306518554688,109885,1021.3476998680438,1025.4609182326978,0.00294008654121504
17,110.1,1424.1796736366464,872.0029296875,109326,1021.6978760770539,1025.7924738854435,-0.0007586092752657491
17,115.1,959.5392464116544,342.70892333984375,69879,961.0358906109132,1003.3618540620215,-0.6072846437630601
17,120.1,1435.946121478229,885.98828125,109320,1021.8997164288328,1026.602661909989,0.015267417323171217
17,125.1,1093.3711983807796,216.3535614013672,76086,969.633769681676,1009.930591698867,-0.7520771705888337
17,130.1,1437.1090314076632,890.6641235351562,110005,1022.5086950593155,1026.253933912095,0.020625535958739866
17,135.1,2222.8357130469967,1133.4542236328125,34598,1139.482050985606,1062.173651656165,0.29884239626530124
18,115.1,2260.927069044353,1287.2305908203125,39366,1130.4410150891633,1063.273332317228,0.0
19,135.1,1061.640807923137,431.09722900390625,74314,966.7053987135668,1009.1712328767123,-0.49088136574261787
19,140.1,1442.2543868499986,893.9049072265625,109019,1022.7420633100652,1026.7524743393353,0.055686779928329364
19,145.1,2235.374682916069,1215.25390625,36268,1136.6703430020955,1062.5678283886623,0.4351945858142885
20,145.1,1035.1393994970335,422.5827331542969,71973,966.0787656482293,1009.5005349228182,-0.47083379034926504
20,150.1,1440.6520590076982,893.41162109375,108596,1022.5736767468416,1027.511823639913,0.11874718037634331
20,155.0,1436.0510709461632,891.2363891601562,108829,1023.245320640638,1027.0444274963475,0.11602331319696484
20,160.0,1437.7958205715443,893.4825439453125,108723,1022.8283895771824,1027.4509441424539,0.11883599133238691
20,165.1,1439.094413448968,892.1978759765625,108618,1022.6721261669337,1027.6289197002338,0.11722730544356966
20,170.1,2279.6848083293894,1607.8819580078125,44373,1118.2732292159646,1067.4581389583757,1.0134206500437675
20,175.1,2282.590911212772,1599.634765625,42844,1121.8040332368594,1065.8005321631967,1.0030933574426288
20,180.1,2268.517544633017,1589.8497314453125,45370,1115.168547498347,1068.1968260965396,0.9908403498255914
20,185.4,2262.0290892817184,585.7644653320312,35752,1136.394942940255,1063.0688073394494,-0.26649449315132634
21,170.1,875.330241332003,407.7536315917969,64144,956.5802257420803,999.5945684709404,0.3206042684234989
21,175.1,884.0940113648481,415.80389404296875,65641,957.8635151810606,1002.3119848874941,0.34667690182579297
21,180.1,854.867157717904,387.7223205566406,61908,956.0979517994443,998.9806325515281,0.25572824328087385
21,185.4,936.791525722858,175.00765991210938,67994,960.6956202017825,1005.8900638291614,-0.4331972917457414
21,191.1,990.8381646630858,157.527099609375,70374,964.7330690311763,1006.5529741097564,-0.4898121217844245
21,196.7,836.1158804618816,370.7175598144531,60968,955.3425567510825,994.7055832567904,0.2006543999603698
21,202.3,875.5933946940985,386.8542175292969,62798,958.7591961527437,995.8999012707411,0.25291669121972826
21,208.0,927.606370895282,250.193603515625,58987,971.5858918066692,979.4245511722922,-0.18969025623354382
21,213.6,846.7931447630458,385.42913818359375,61763,955.5869857357965,995.3434904392598,0.24830124277005816
21,219.3,844.1739677867713,379.23553466796875,61155,954.8764614504129,994.130488103998,0.2282418279520303
21,224.9,847.1744476933073,382.0075988769531,61560,955.7801494476934,995.7143112410656,0.2372197978414404
21,230.5,846.5581710885522,377.8305969238281,61173,956.7214293887827,994.3783858891995,0.2236916127288369
21,236.2,843.6774099554837,374.8237609863281,61775,955.9606475111291,995.7616349656009,0.21395328039808553
21,241.8,846.4653675103096,376.7825927734375,61835,955.3282768658527,993.7087733484273,0.22029740934938807
21,247.4,853.9888522043116,376.1174621582031,51490,967.6359487279084,961.7993008351136,0.2181432303023281
21,253.1,847.4332204268836,376.47979736328125,61703,956.0322512681718,995.3777612109621,0.21931673651135508
21,258.8,847.148245369383,378.8838806152344,60953,956.6175249782619,995.3527636047446,0.22710291512068034
21,264.4,846.4329878764177,368.3914794921875,51140,967.043664450528,962.8907313257724,0.1931208518463088
21,270.0,842.2092361750189,368.99798583984375,59765,958.0380992219526,997.4035806910399,0.19508516266903284
21,275.7,850.9081934028009,374.4346618652344,60268,957.2216931041348,998.2014170040486,0.21269309306842207
21,281.4,850.0309019221291,373.8934020996094,60870,957.5602595695746,1001.1769180220141,0.21094009836419378
21,287.0,855.6316118988798,375.90460205078125,59098,957.743358489289,1000.1113066432029,0.21745383370433574
21,292.6,849.0543183052689,372.98370361328125,58912,958.3142483704509,999.7726269690386,0.20799382980655162
21,298.3,856.7674291397315,381.4749450683594,60330,958.7463285264379,1000.8031824962706,0.23549467551579759
21,303.9,850.3279525064203,378.1841735839844,59966,957.3825167594971,998.3106260214122,0.2248367523681687
21,309.6,851.1702880411201,376.81793212890625,59922,957.7532291979574,998.9066953706485,0.2204118640103881
21,315.2,857.2158720272729,381.3800354003906,61013,958.7606247848819,1000.7216330945864,0.23518728864558164
22,196.7,2234.009411063322,1561.14453125,46966,1111.7907422390665,1068.6382063620492,0.04443184266895083
22,202.3,2249.3425544306065,1526.760009765625,44644,1114.549816324702,1071.6586327390019,0.021428021809096726
22,208.0,2291.205899504325,1256.9495849609375,41156,1125.029619010594,1066.2561473418214,-0.15907967207137796
22,213.6,2238.870280694236,1565.5391845703125,46670,1113.1792371973431,1067.7701521319905,0.047371939356571476
22,219.3,2241.9295353278167,1563.2611083984375,47130,1110.8127943984723,1069.7117547209846,0.04584786823675879
22,224.9,2266.4941519835693,1582.995849609375,46255,1112.4287104096854,1069.4500270241056,0.05905074069023415
22,230.5,2253.733901636542,1577.30859375,46806,1111.8056873050464,1069.3813186343632,0.05524587125115619
22,236.2,2273.725573657145,1557.704833984375,46282,1112.3189576941359,1069.1566051596733,0.0421306275787096
22,241.8,2269.7157112572004,1587.366943359375,46699,1112.3484228784341,1068.1041992333883,0.06197507563066137
22,247.4,2284.3143198090693,1600.9246826171875,46090,1112.5579518333695,1068.7074419613798,0.07104543030443673
22,253.1,2276.4282949529215,1591.7896728515625,45987,1112.9077565398918,1068.6562724248156,0.06493395574757989
22,258.8,2245.1894643933524,1563.4178466796875,46452,1111.3615129596142,1070.429906139671,0.045952728772491264
22,264.4,2279.660849139445,1595.763427734375,45552,1113.8218739023534,1067.9205084299263,0.06759246432990022
22,270.0,2235.8710903119163,1568.6666259765625,46583,1111.0817894940215,1070.641049309834,0.049464250046186785
22,275.7,2264.2980321693763,1590.811279296875,46193,1112.4645942025847,1069.560972441712,0.06427939407009094
22,281.4,2285.1025449266435,1607.7158203125,45463,1113.9536546202407,1068.614609682599,0.07558881518325673
22,287.0,2259.6193108491784,1584.717041015625,46492,1110.6380667641745,1071.88002236944,0.06020224657327771
22,292.6,2234.8634413470454,1569.33837890625,46383,1111.0465903456009,1071.7618955220662,0.04991366400890939
22,298.3,2261.170100601854,1592.0101318359375,45526,1113.3098009928392,1071.341079822519,0.06508144650111014
22,303.9,2244.352551842699,1576.0899658203125,46535,1111.2656495111207,1071.5201246373697,0.05443058875254457
22,309.6,2249.082117495158,1580.0797119140625,46470,1111.2233914353346,1071.8664514740692,0.05709979572285632
22,315.2,2270.802822784532,1601.7783203125,45487,1114.5867610526084,1069.5931584848418,0.07161652822217598
23,241.8,694.3559015829319,70.7578353881836,11624,1162.2646249139711,479.9547487955953,0.020979384340152417
23,253.1,694.3592386994449,67.84992980957031,12610,1162.1494052339413,476.2107057890563,-0.020979384340152417
24,247.4,819.696749444781,368.45587158203125,9906,898.0280637997173,1172.7989097516656,0.010038088199752191
24,264.4,820.1738470297969,361.1322021484375,10538,905.4830138546214,1172.1750806604668,-0.010038088199752191
