cell_id,time_seconds,mean_intensity,mean_intensity_sub,area,centroid_x,centroid_y,dF_F0
0,0.1,8463.461806696147,5649.32177734375,39575,101.50655716993052,142.08042956411876,0.00585005689970252
0,5.1,8343.604060142763,5668.6630859375,39506,98.91439275046828,145.35622437098164,0.009293736887547968
0,10.1,8311.130980372745,5631.73681640625,40403,99.2204539266886,144.22047867732593,0.002719090979067699
0,15.1,8307.851340694006,5666.74560546875,40576,98.53921037066246,144.5945139984227,0.008952333456373064
0,20.0,8380.725881652696,5465.8583984375,40322,98.5610584792421,143.55527999603194,-0.02681521822269109
0,25.1,8353.690764035046,5782.7802734375,40862,99.89347070627967,143.7169007880182,0.02961206607184867
0,30.0,8476.35566014367,5918.30419921875,40370,99.57240525142433,141.9046073817191,0.053741820727536915
0,35.1,8590.208793164828,5866.939453125,39326,98.50447541066978,139.61849666887048,0.04459643393292426
0,40.1,8660.374468194828,5866.67333984375,38783,97.69597504061058,138.36797050253978,0.04454905301364993
0,45.0,8689.88031747695,5890.763671875,38176,97.2040025146689,136.86266240569992,0.04883828680124254
0,50.0,8650.035457078273,5858.9482421875,38046,97.38145928612732,136.48722598959154,0.04317361535522922
0,55.1,8688.663197379543,5896.5283203125,37856,97.27055156382079,135.82084742180896,0.049864670531431204
0,60.1,8767.768968936774,5928.85205078125,37311,96.0285974645547,134.82742354801533,0.05561984388013184
0,65.1,8811.643865628042,5968.21826171875,36972,95.92072379097695,133.47019366006708,0.06262891630900451
0,70.0,8740.281905429449,5918.35595703125,37094,96.53421038442875,133.12675904458942,0.05375103609899211
0,75.1,8745.20993741703,5954.1318359375,36911,95.67470401777248,132.61672672103168,0.06012085733626075
0,80.0,8719.941628971532,5939.79248046875,36919,95.32899049270024,131.83217313578373,0.057567764755839725
0,85.1,8736.475311163766,5943.8828125,36717,94.92662799248305,130.88563880491324,0.05829603991319958
0,90.1,8744.261111862572,5947.65869140625,36965,94.78907074259435,130.12647098606791,0.05896832734209582
0,95.1,8634.5555495921,5875.28076171875,37264,94.65602189781022,129.06123872906826,0.0460815866741417
0,100.0,8660.346805349183,5875.57861328125,37015,94.26124544103742,128.19100364717008,0.04613461852874234
0,105.1,8667.64334831339,5906.09228515625,36938,93.73016947317126,127.22819318858627,0.051567514688910916
0,110.0,8589.373715914591,5907.64111328125,37186,94.07661485505298,126.04178992093799,0.05184328033283421
0,115.1,8591.72206046423,5938.3828125,36749,93.02995999891154,124.39299028544994,0.057316776289885574
0,120.0,8598.478042385843,5962.2705078125,36616,92.41419051780642,123.41135022940792,0.06156993102885644
0,125.1,8614.880388349515,5975.41796875,36050,91.6546185852982,121.94748959778086,0.06391080925340838
0,130.1,8623.061068490104,5957.1064453125,35976,91.38759172781855,121.92672893039804,0.06065048038253462
0,135.1,8625.360015706512,5825.11669921875,35654,90.55230829640433,121.64065742974141,0.03714997910979619
0,140.1,8561.54135211742,5762.4111328125,35633,90.44888165464597,121.06583784693963,0.025985382716897754
0,145.0,8600.524016598454,5704.5009765625,35184,89.58256593906322,120.14890291041382,0.015674599183069526
0,150.1,8653.553125270166,5723.224609375,34701,89.08982450073485,118.80081265669577,0.019008303275718574
0,155.1,8730.760677160677,5738.9111328125,33670,87.1117315117315,117.10920700920701,0.021801256326374273
0,160.1,8811.855563989677,5821.57080078125,32935,85.1964171853651,114.89127068468196,0.036518639227648975
0,165.0,8833.844148919487,5860.5859375,31883,82.87695637173415,112.72229714895086,0.04346520361806615
0,170.1,8927.342879207155,5947.94189453125,31078,81.03858034622563,110.63739622884356,0.0590187510726997
0,175.0,9022.930133877175,5985.30224609375,30401,79.73333114042302,108.99496727081346,0.0656706843889504
0,180.0,9100.949542815191,6048.1298828125,29966,79.16141627177468,108.07505172528866,0.07685701514848844
0,185.4,9098.247043010753,6048.65283203125,29760,79.08088037634408,107.26202956989248,0.07695012517517251
0,191.1,9052.957431629013,6049.77685546875,29435,78.58145065398335,106.73867844402922,0.07715025522318998
0,196.7,8991.001891700165,6067.380859375,29603,79.21980880316184,105.89224065128535,0.08028461170502059
0,202.3,9023.272236459936,6100.11962890625,29265,78.96415513411925,104.96736716213907,0.08611368190029588
0,208.0,8966.972415439172,6089.0283203125,29328,78.82412711402073,104.8950831969449,0.08413889734742143
0,213.6,8808.193482891758,5959.22802734375,30044,80.13649980029291,106.37115563839701,0.061028223674730944
0,219.2,8770.713955281419,5935.73779296875,29831,79.8715430257115,105.65351480004023,0.056845836033538634
0,224.9,8679.40171990172,5919.64892578125,30118,79.59934258582908,106.25144431901188,0.0539812465104388
0,230.5,8700.379943077181,5943.7099609375,29865,78.93336681734472,105.83505775991964,0.0582652640500379
0,236.2,8654.977285806168,5923.03515625,29541,78.25666023492772,104.83216546494702,0.05458415784102142
0,241.8,8670.026095890411,5928.74462890625,29200,78.02417808219178,103.83164383561643,0.055600717637488986
0,247.4,8695.724779526197,5959.35498046875,28915,77.39342901608161,103.20937229811517,0.06105082741603613
0,253.1,8596.07991569637,5892.7529296875,28943,77.33565974501606,103.29416439208099,0.049192470040001525
0,258.7,8557.027411902627,5872.298828125,29002,77.50451692986691,102.76239569684849,0.04555065956586945
0,264.4,8471.369862544134,5804.7734375,29173,77.89085798512323,102.09203715764576,0.033527903440572875
0,270.0,8427.17600491367,5762.23828125,29306,78.42656793830615,101.4284446870948,0.025954606853736073
0,275.6,8401.54555388608,5729.421875,29284,78.57761917770796,100.9001844010381,0.020111713601278
0,281.3,8398.312455467716,5707.05615234375,29473,78.73840464153632,101.23655549146676,0.01612954294556972
0,286.9,8388.541267123288,5696.521484375,29200,78.83239726027398,100.36075342465753,0.014253867104571877
0,292.5,8420.315563346394,5722.193359375,29094,78.54437341032515,100.166151096446,0.0188246913463472
0,298.2,8398.223061013443,5720.62939453125,29010,78.67721475353326,99.78741813167873,0.01854623064096059
0,303.8,8345.952710655682,5713.5712890625,28886,78.37436820605137,99.32801357058783,0.017289549561858675
0,309.4,8344.311629041249,5723.21630859375,28704,78.10050863991081,98.78898411371237,0.01900682533878708
0,315.1,8336.384083286752,5710.63818359375,28624,77.9136039686976,98.69361375069872,0.016767316200242265
1,0.1,8000.205603764361,5424.11767578125,65456,381.6804876558299,90.53909496455634,0.0122007599774951
1,5.1,7928.46937766794,5377.68359375,66765,373.625162884745,91.67402081929154,0.003535643191635734
1,10.1,7940.712465081163,5423.98095703125,66225,375.1787240468101,91.87694979237448,0.01217524673627781
1,15.1,7888.512495252564,5369.66748046875,65825,374.8922293961261,91.66467147740221,0.002039747187834844
1,20.0,7993.585774468502,5198.2353515625,61242,389.9131804970445,95.94497240455897,-0.029951397093243657
1,25.1,7639.916312863833,5231.732421875,68541,370.24788083045183,95.74265038444143,-0.023700470757570355
1,30.0,7626.104844540853,5232.02880859375,69150,369.0165003615329,96.63689081706436,-0.023645161695360014
1,35.1,7628.44046905385,5227.0791015625,68393,370.94911759975435,96.41048060474026,-0.024568832146144543
1,40.1,7661.793320340184,5284.828125,67728,372.42136191826125,95.72888613276636,-0.013792221293398535
1,45.0,7639.631053390196,5270.103515625,67297,372.27482651529783,95.15391473616951,-0.016539997372500663
1,50.0,7596.016164737694,5246.02490234375,67307,373.2043026728275,95.79639562006923,-0.02103333474445859
1,55.1,7550.854085745695,5232.962890625,68225,372.31872480762183,96.90427262733603,-0.023470851586614744
1,60.1,7694.56366187832,5311.1123046875,66272,373.8852909222598,94.7842527764365,-0.008887300669374543
1,65.1,7604.196014374387,5255.86865234375,67342,372.9883727837011,96.68379317513588,-0.019196381376813714
1,70.0,7461.396711217462,5178.75390625,68536,372.4397980623322,98.70561456752655,-0.03358685172927021
1,75.1,7382.98254136276,5131.02880859375,68963,370.7412960573061,99.56054695996404,-0.0424928864071957
1,80.0,7323.021318611623,5086.05908203125,69376,370.06933233394835,100.33136819649447,-0.05088473815587417
1,85.1,7370.170457550912,5109.28369140625,68058,371.6540009991478,99.39099003790884,-0.046550767422805665
1,90.1,7368.152566043838,5114.32275390625,68023,371.9771988886112,99.59840054099348,-0.04561042224651127
1,95.1,7329.223992183221,5085.296875,67547,371.864923682769,98.98664633514441,-0.051026974475660555
1,100.0,7371.785563711932,5104.5009765625,66887,372.19017148324787,98.8166160838429,-0.04744327527181765
1,105.1,7408.87541470884,5130.64501953125,66613,372.1771275877081,98.67420773722847,-0.042564505720041376
1,110.0,7392.327445385509,5140.21875,66237,372.6245753883781,98.45605930220269,-0.04077794100380065
1,115.1,7328.743024146895,5099.060546875,66551,373.394749891061,98.82772610479181,-0.04845852003482852
1,120.0,7344.870518800284,5131.8564453125,66249,374.54793279898564,98.44497275430572,-0.04233844017911246
1,125.1,7339.047448238285,5133.7119140625,66072,374.92724603462887,98.46110303910885,-0.041992189048306386
1,130.1,7360.454277689213,5148.3701171875,65865,375.2263569422303,98.38871935018598,-0.03925680511493837
1,135.1,7335.136479941515,5130.16650390625,65658,375.60621706418107,98.20835237137896,-0.042653802064301895
1,140.1,7272.953203317234,5090.08203125,65838,375.22043500713875,98.29777636015675,-0.050134011033055405
1,145.0,7298.928560464188,5091.73486328125,65146,375.6775550302398,97.65084579252755,-0.0498255741704821
1,150.1,7302.24370070282,5094.6962890625,65166,375.58176042721664,97.71115305527422,-0.04927293914197187
1,155.1,7315.8893869131625,5032.68359375,64477,375.6219116894396,97.4697489027095,-0.060845198645822794
1,160.1,7290.3897565954285,5087.9150390625,64666,375.7596882442087,97.35024587882349,-0.050538395906349454
1,165.0,7254.324828951265,5093.2978515625,64163,375.4794040178919,97.1115440362826,-0.04953390315213729
1,170.1,7248.802153850942,5098.86669921875,64257,375.8620850646622,97.26713042936956,-0.048494694166125896
1,175.0,7248.598798845644,5098.9873046875,64105,375.5184151002262,97.19394742999766,-0.0484721878426235
1,180.0,7269.099356126156,5123.2724609375,64143,375.6232168747954,97.23244937093682,-0.04394030725268374
1,185.4,7284.5268756471805,5133.7119140625,63738,375.95563086384885,96.97900781323543,-0.041992189048306386
1,191.1,7212.208349688339,5089.82373046875,63691,376.28160964657485,97.02177701716099,-0.05018221283521236
1,196.7,7181.325051662597,5092.013671875,63876,376.71369528461395,97.38917590331266,-0.049773545382142556
1,202.3,7208.733395240493,5105.87841796875,63536,376.84175900277006,97.3475667338202,-0.04718622936655345
1,208.0,7205.587699244801,5113.68603515625,63427,376.5927444148391,97.18156305674239,-0.04572924105560893
1,213.6,7222.958655063291,5113.86181640625,63200,376.37634493670885,96.8988924050633,-0.045696438316900984
1,219.2,7242.6794079609135,5110.0263671875,62631,376.16993182289923,96.02442879724099,-0.0464121758517646
1,224.9,7183.588705971828,5040.044921875,63113,376.09703230713166,96.66742192575222,-0.059471492843709
1,230.5,7196.921504041754,5066.6259765625,62844,377.1056425434409,96.39407103303418,-0.05451117203875603
1,236.2,7108.772923971067,5012.61767578125,63318,378.3036735209577,97.68058056160966,-0.06458972238805326
1,241.8,7069.843346425766,4989.9326171875,63650,378.12663000785545,98.07435978004713,-0.0688230069370321
1,247.4,7043.844814368635,4980.75341796875,63917,377.88522615266675,98.39496534568268,-0.07053594772861721
1,253.1,6989.272135802662,4952.21142578125,64093,378.8711871811274,98.67306882186823,-0.07586220130760103
1,258.7,6936.45449615766,4913.29638671875,64544,378.73123760535447,99.45083973723351,-0.08312418094522808
1,264.4,6879.99703804264,4871.03955078125,64822,378.0606429915769,99.58287309863935,-0.0910097770931806
1,270.0,6901.171333333334,4880.251953125,64500,377.61293023255814,99.38027906976744,-0.08929064022872843
1,275.6,6887.3597017920265,4860.1650390625,64787,377.61404294071343,99.44661737694291,-0.09303908207586012
1,281.3,6928.361251010384,4868.4208984375,64332,377.2218647018591,98.74390660946341,-0.09149844678121034
1,286.9,6893.298248607728,4838.73486328125,64463,377.3028869273847,99.09338690411553,-0.09703819151795169
1,292.5,6955.074229932888,4820.1181640625,63923,378.5423243589944,98.92348606917697,-0.10051227490327888
1,298.2,6942.605924470026,4871.103515625,64107,378.9347965120814,99.32241408894504,-0.09099784054103965
1,303.8,6885.204917013738,4856.8564453125,64348,378.15565363336856,99.71710076459253,-0.09365650251331853
1,309.4,6907.127417413192,4886.9013671875,63963,377.53127589387617,99.06366180448072,-0.0880497855183818
1,315.1,6910.202967755985,4882.88916015625,64291,377.8115288298518,99.78126020749406,-0.08879850802939063
2,0.1,4051.799284605521,2411.414306640625,29634,785.1999730039819,69.70999527569684,0.005038812294320993
2,5.1,4019.376611418048,2384.4609375,31494,781.5957642725599,73.87946910522639,-0.006194919725027632
2,10.1,4040.911660662707,2405.5,30813,780.3493655275371,73.01862850095739,0.002573824131453624
2,15.1,4007.979904216358,2389.00439453125,31947,780.4564747863649,75.15691614236079,-0.0043012796956793655
2,20.0,4017.4396322516577,2406.2431640625,31217,777.7954960438223,74.35720921292885,0.0028835629949321906
2,25.1,4046.437894194877,2409.844970703125,31076,776.7629038486292,73.24971038743725,0.004384738242270985
2,30.0,4086.320011821884,2443.5068359375,30452,774.444896886904,72.40289636148692,0.01841446385250793
2,35.1,4067.3378757898768,2423.196533203125,31334,773.7505584987554,75.71739962979511,0.009949455379562655
2,40.1,4053.7282172087826,2398.87841796875,33111,774.6626800761077,79.95219111473529,-0.00018594507198450977
2,45.0,4015.2682494279175,2361.108642578125,34960,777.3174485125858,85.3903890160183,-0.01592778175872946
2,50.0,4072.606160796124,2428.017822265625,30548,772.420420322116,74.184038234909,0.011958891344074721
2,55.1,4045.588238987787,2400.168212890625,31851,771.6401054911934,78.16972779504569,0.00035162076762037414
2,60.1,4088.136869679109,2424.498291015625,32067,775.0295631022547,77.29329216952007,0.010492007160136806
2,65.1,4105.237465056802,2412.791015625,33626,776.9021887824897,79.05031820615001,0.005612602521376064
2,70.0,4088.9222080863874,2419.72119140625,32227,774.7519471250814,77.06261830142427,0.008500988651041829
2,75.1,4099.113946510953,2448.94775390625,30997,773.1283350001613,74.40149046681937,0.02068215120844858
2,80.0,4089.2569186156466,2436.059326171875,31726,774.1201538170585,74.9999369602219,0.015310461214395688
2,85.1,4108.01856512502,2471.712646484375,30595,771.9260336656316,71.95022062428501,0.030170193365169646
2,90.1,4128.411959271029,2490.827880859375,30838,773.3271937220312,71.57299435761074,0.03813711651067485
2,95.1,4102.923129696178,2478.831298828125,30610,770.5946749428291,71.04155504737014,0.03313713350357571
2,100.0,4108.946643884196,2475.13720703125,31018,771.9744019601521,71.41150299825908,0.03159749528304542
2,105.1,4121.082105061227,2479.161376953125,31277,771.2951689740065,72.40918246634908,0.03327470477276855
2,110.0,4103.915664188391,2492.974365234375,31339,770.9737707010435,71.46462873735601,0.03903173677601767
2,115.1,4085.0840069844144,2492.8779296875,30926,770.5709112073984,70.56829205199509,0.038991543986571536
2,120.0,4089.9453142367174,2501.98046875,31489,771.506145003017,71.57242211565944,0.042785336294697315
2,125.1,4081.678945894652,2501.170654296875,32141,773.1358078466756,72.18266388724682,0.04244781861724712
2,130.1,4096.66884646377,2505.924560546875,32266,773.1004772825885,72.45258166491043,0.04442917050609556
2,135.1,4103.299048203869,2494.73779296875,32570,773.9998464844949,72.8206938900829,0.039766705176446614
2,140.1,4086.790990935438,2476.24560546875,32434,773.3309490041314,72.29228587284948,0.03205945797693264
2,145.0,4098.1914102954615,2461.1162109375,32830,774.3698446542796,73.02278403898873,0.02575376895926944
2,150.1,4111.6902109215225,2457.825927734375,32761,774.0557370043649,73.31821372973963,0.024382431684926265
2,155.1,4111.143242911501,2414.371826171875,32588,774.1772124708482,73.48889161654597,0.006271459006600676
2,160.1,4116.154966020325,2456.147705078125,32078,771.5168963152316,72.37178128312239,0.023682975394666187
2,165.0,4085.2805681606264,2432.240234375,32174,771.223254802014,72.54087151115807,0.013718724998431426
2,170.1,4094.3998622675767,2426.601318359375,31946,770.8498716584236,71.57744318537532,0.011368515231754537
2,175.0,4090.225389512749,2428.922119140625,31257,769.4543622228621,70.50750231948044,0.012335787779792398
2,180.0,4106.59072549081,2434.101318359375,31937,770.6928953877947,70.85192723173748,0.014494394957793158
2,185.4,4098.89132955222,2437.082275390625,31913,770.3581299157083,70.90004073575032,0.01573681004421671
2,191.1,4064.108640019498,2407.27197265625,32824,772.5979466244212,72.6129661223495,0.003312353918289181
2,196.7,4065.142920480096,2434.974365234375,31577,768.1596731798461,70.32615511289863,0.01485826689465234
2,202.3,4051.9197477098664,2402.988037109375,33295,772.8636131551284,73.41417630274816,0.0015268782818048164
2,208.0,4024.1304685400305,2383.344482421875,33487,772.0689222683429,73.8889419774838,-0.006660240297526806
2,213.6,4029.6475020181183,2383.838623046875,33447,771.9007683798249,73.33369210990523,-0.006454290409326865
2,219.2,4027.1725944887817,2386.77880859375,33205,770.7061285950911,72.49805752145761,-0.005228868223757753
2,224.9,4007.61742886656,2401.34765625,31947,765.8608007011613,69.9789338592043,0.0008431938456312002
2,230.5,4008.833307079172,2396.38427734375,31741,765.0538105289688,70.24807031914558,-0.0012254628871280824
2,236.2,3995.4853573687537,2381.78662109375,31620,765.1664452877925,70.0292220113852,-0.00730953191640221
2,241.8,3984.795759305287,2380.650634765625,32589,767.5063058087085,70.99232869986805,-0.007782992800687943
2,247.4,3976.4428750114403,2346.880126953125,32779,768.0395070014339,71.75502608377315,-0.021857998895237624
2,253.1,3954.960598563929,2326.888427734375,33146,767.9685029867858,72.42674832558981,-0.030190218532164657
2,258.7,3923.172536535957,2277.098388671875,34555,771.1293879322818,75.13861959195485,-0.05094190835404996
2,264.4,3901.9171724798884,2268.142333984375,34433,768.4237795138384,74.26219034066158,-0.05467464832377654
2,270.0,3930.9178441542954,2255.584716796875,33546,767.3516365587551,72.89116437131104,-0.05990846178694459
2,275.6,3919.2049379749496,2243.061767578125,33293,765.4321028444418,73.25747154056408,-0.0651278261966915
2,281.3,3932.4857416153523,2252.451171875,33454,765.829855921564,73.02173133257608,-0.061214473059200636
2,286.9,3926.881689378215,2230.806884765625,33243,765.1711638540445,72.0985771440604,-0.07023546482716789
2,292.5,3917.360675659254,2172.73291015625,32916,762.262942034269,71.51828897800462,-0.09443976613942481
2,298.2,3933.0453842186694,2175.997314453125,32963,762.0318538967933,71.40314898522585,-0.09307921477819882
2,303.8,3917.9718712394706,2188.41259765625,33240,762.2450361010831,70.97436823104694,-0.08790472383717532
2,309.4,3917.243233565098,2139.21630859375,33511,760.9916743755782,71.01936677508877,-0.10840894818074923
2,315.1,3950.8046982269716,2121.097900390625,33502,761.2633275625336,70.7596262909677,-0.11596041016344794
3,0.1,6966.766968661815,4879.24267578125,20199,979.8859349472746,51.506708252883804,0.00044524352624295243
3,5.1,7041.938895594448,4948.04150390625,19884,973.0636189901428,51.95212230939449,0.01455183033314224
3,10.1,6994.5934012615235,4879.44482421875,20610,973.4453178068899,51.79509946627851,0.00048669226249601353
3,15.1,6984.611424404473,4864.44873046875,20570,975.0432182790472,51.92518230432669,-0.0025881231669822756
3,20.0,6942.806938521252,4814.17822265625,20869,971.7888734486559,52.612056159854326,-0.012895642954899303
3,25.1,6948.29349404589,4770.16748046875,20658,970.9893503727369,53.61186949365863,-0.02191965356705729
3,30.0,6954.980982415902,4756.13134765625,20928,967.8677370030581,54.86142966360856,-0.02479763755819375
3,35.1,6926.254076973255,4710.06982421875,21462,966.9748858447489,54.391715590345726,-0.034242142596107424
3,40.1,6942.018997312575,4741.71728515625,21582,965.6377073487165,55.464507459920306,-0.027753112664933754
3,45.0,6952.275560569737,4765.24853515625,21273,962.9612654538618,55.59117190805246,-0.022928239482548442
3,50.0,6930.216782240424,4773.89892578125,21487,960.6431795969656,56.25624796388514,-0.021154553947622768
3,55.1,6887.12996811425,4738.326171875,22267,959.6420263169713,57.187272645619075,-0.028448430233236916
3,60.1,6970.921251497558,4838.94189453125,21702,960.2173532393327,57.35798543913003,-0.007818072646178904
3,65.1,7112.441657421253,4987.16552734375,20731,964.6318074381361,55.88924798610776,0.022573862799356664
3,70.0,6951.550454940332,4802.8876953125,21871,961.5469800192035,57.46371908006035,-0.015210665004125224
3,75.1,6883.8761862130705,4766.92138671875,22340,960.4224709042077,58.304028648164724,-0.0225852361723963
3,80.0,6907.547038642109,4801.9921875,22152,963.5062748284579,57.51273022751896,-0.015394280903371875
3,85.1,6855.012843145909,4763.3466796875,22658,963.2367375761321,58.55013681701827,-0.023318198003576637
3,90.1,6795.168744377329,4751.53955078125,23343,964.8136914706764,60.36396350083537,-0.025739144601004828
3,95.1,6707.837720408335,4698.95703125,23706,961.3124947270733,61.73344301020838,-0.036520721795101185
3,100.0,6732.2423174872665,4714.86572265625,23560,962.9103140916808,61.39804753820034,-0.03325878634616162
3,105.1,6735.317828167256,4693.58935546875,24035,960.5128770542958,62.62109423757021,-0.0376213158956565
3,110.0,6658.954262382975,4676.65380859375,24247,961.7179857301934,63.592032003959254,-0.04109379891063517
3,115.1,6556.331676620305,4582.0439453125,24949,962.5791815303219,64.56535332077438,-0.06049270853655152
3,120.0,6509.416310359707,4553.98486328125,25493,965.3630016082847,65.27309457498137,-0.06624597334037315
3,125.1,6520.693189375269,4611.78369140625,25563,969.2650314908266,64.66142471540898,-0.054394838539051055
3,130.1,6540.575810118291,4643.9345703125,25953,970.7493931337418,64.652487188379,-0.04780258723812641
3,135.1,6616.596853529044,4671.43017578125,25616,972.310626171143,63.13015302935665,-0.04216485828366717
3,140.1,6585.2975533057215,4620.423828125,26076,972.0750498542722,64.18599478447615,-0.05262325547625416
3,145.0,6713.775516655471,4695.59375,25307,972.1647765440392,62.0,-0.03721033265334052
3,150.1,6780.380256962732,4756.29931640625,25062,971.8097119144521,60.644401883329344,-0.02476319706236995
3,155.1,6777.010230179028,4688.75439453125,25024,971.5555466751919,59.79583599744245,-0.03861268156323575
3,160.1,6768.972268179312,4664.1650390625,25386,969.8140707476562,59.96336563460175,-0.04365450984576692
3,165.0,6703.354521038496,4593.31591796875,25691,970.4079249542641,60.15476236814449,-0.05818149096070148
3,170.1,6696.691306550287,4573.62158203125,25663,970.1575419865176,60.28207925807583,-0.06221963909604198
3,175.0,6610.713169221475,4521.30126953125,26486,969.220984671147,61.76413954542022,-0.07294745307427386
3,180.0,6580.258184662371,4487.8359375,26849,970.7618160825357,63.95005400573578,-0.07980922127856382
3,185.4,6482.893794101683,4414.0458984375,27635,970.629527772752,65.81418491043966,-0.09493921142357614
3,191.1,6482.120755557205,4414.6416015625,26947,972.426021449512,63.88889301220915,-0.09481706780466614
3,196.7,6323.666141014858,4366.8876953125,28536,968.4351345668629,67.06777403980936,-0.10460858086154869
3,202.3,6383.439898532343,4412.57275390625,27595,973.7220510962131,64.88679108534154,-0.0952412665860773
3,208.0,6366.3709282213895,4446.61669921875,27752,973.6191625828769,64.40162871144422,-0.08826085888309199
3,213.6,6367.730325326408,4461.81689453125,27726,974.5549303902475,63.7559691264517,-0.08514419424647897
3,219.2,6372.353972602739,4316.4921875,27375,974.1946666666666,62.61643835616438,-0.11494173078589273
3,224.9,6257.358212672098,4242.70166015625,28109,971.1689138710021,63.713935038599736,-0.13007182104862547
3,230.5,6266.984035714286,4237.41650390625,28000,970.2428571428571,62.96471428571429,-0.13115549525443013
3,236.2,6228.359225413403,4208.3486328125,27576,970.4615607774876,61.630983463881634,-0.1371156032686354
3,241.8,6241.573082328575,4217.70166015625,27038,973.1376211258229,60.81899548783194,-0.13519784833402818
3,247.4,6281.42748063031,4185.91943359375,26717,975.0570423325972,58.74368379683348,-0.14171451075603722
3,253.1,6277.550611117418,4151.9306640625,26427,975.4337230862376,57.678132213266736,-0.14868360515661533
3,258.7,6300.1054235457495,4168.39599609375,25924,977.8955793858972,56.07583706218176,-0.1453075355063992
3,264.4,6253.648618529762,4049.59912109375,26023,976.848364907966,56.56922722207278,-0.16966577641322225
3,270.0,6253.870333307675,4034.626708984375,25982,976.1061119236394,56.31852821183897,-0.17273573613326026
3,275.6,6222.502419110977,4014.2392578125,26456,973.3482007862111,57.400929845781675,-0.17691600137273414
3,281.3,6248.8938369176985,4046.985107421875,26318,974.5418344859032,57.04236644121894,-0.17020175662948014
3,286.9,6209.974075615941,4009.29833984375,26423,974.942852817621,57.53941641751504,-0.1779290925856441
3,292.5,6201.223681281994,3970.1669921875,26958,973.0703316269753,58.02615179167594,-0.1859526268176648
3,298.2,6211.925030725112,3959.416748046875,26851,973.4577855573349,57.79866671632342,-0.18815686860924818
3,303.8,6166.334463613668,3915.695556640625,26837,974.0955024779223,58.157282855758844,-0.19712150941319828
3,309.4,6178.860129695886,3860.409423828125,26832,974.7562239117472,57.772175014907575,-0.20845743842524925
3,315.1,6210.559545607413,3819.7685546875,26761,974.6586450431598,58.2341840738388,-0.21679048658994224
4,0.1,5295.61170185442,3097.74169921875,38934,1131.2750809061488,156.25792366569067,0.015347358610858697
4,5.1,5305.166051115379,3070.963134765625,40614,1128.0048751661989,154.5709853745014,0.00657014368305232
4,10.1,5337.213426203315,3074.2958984375,40056,1127.8151587777113,154.9830487317755,0.007662524236268209
4,15.1,5320.320163487739,3030.48779296875,39636,1127.8509940458168,154.52071349278432,-0.006696466438990217
4,20.0,5314.966002403365,2981.102294921875,39944,1127.3081313839375,153.99987482475467,-0.022883560091189307
4,25.1,5319.201233981965,2920.7255859375,40033,1126.889391252217,152.89631054380138,-0.0426732449459215
4,30.0,5323.841248303935,2898.917724609375,40535,1125.8209448624646,152.02427531762675,-0.04982121160887728
4,35.1,5309.456167076167,2875.830078125,40700,1125.2985257985258,152.229828009828,-0.057388653684620226
4,40.1,5304.771958843132,2887.800048828125,41111,1124.2684439687675,151.30716839775243,-0.05346525421618408
4,45.0,5270.04929053324,2864.998779296875,41651,1122.408393555977,148.83412162973278,-0.06093883046605916
4,50.0,5242.348240608654,2868.7939453125,42060,1121.0660722776986,147.4096528768426,-0.059694888212763364
4,55.1,5252.288504650608,2864.328125,41930,1119.989816360601,146.89098497495826,-0.061158650946586894
4,60.1,5275.892134511257,2882.813720703125,42108,1118.7613042652229,144.75719578227415,-0.05509962389011869
4,65.1,5292.754296429928,2905.562744140625,42128,1118.3022692745917,143.94585548803647,-0.04764317235186826
4,70.0,5269.378266685777,2860.4521484375,41862,1117.9620897233767,143.5916821938751,-0.06242908048748906
4,75.1,5265.338480205558,2866.6689453125,42032,1117.2942757898743,143.03697183098592,-0.060391399848188684
4,80.0,5272.043888716714,2854.112548828125,41947,1116.4183135861922,143.07924285407776,-0.06450701220130907
4,85.1,5277.047490017114,2837.15087890625,42072,1115.840487735311,143.48388476896747,-0.07006654182805246
4,90.1,5290.469805673018,2824.39306640625,42094,1115.091723285979,144.75530954530336,-0.07424817234514641
4,95.1,5220.4366167720345,2780.590576171875,43024,1112.7860961323913,144.79055875790257,-0.08860532251401528
4,100.0,5238.973623505837,2805.744384765625,42917,1112.564112123401,144.53780553160752,-0.08036065410892897
4,105.1,5248.672761107235,2790.031005859375,42990,1110.8066992323795,143.17317980925796,-0.08551103116307014
4,110.0,5231.9461280251635,2775.60986328125,42601,1110.1384474542851,141.85756202906035,-0.09023785168156032
4,115.1,5228.737606266119,2722.9140625,41876,1109.2562326869806,141.05919858630241,-0.10750996386141702
4,120.0,5245.407858915363,2706.9609375,41507,1109.6350013250776,141.95217674127255,-0.11273892253619097
4,125.1,5233.565929010701,2664.53955078125,41302,1108.739237809307,142.23512178586992,-0.12664338815524354
4,130.1,5262.550735920205,2663.64013671875,41105,1108.620800389247,142.79287191339253,-0.12693818926564185
4,135.1,5244.10145206733,2667.802978515625,41527,1107.7077804801695,144.09234955571074,-0.12557373385483794
4,140.1,5221.931531488321,2604.600341796875,41698,1107.506619022495,144.66386877068445,-0.14628967355562345
4,145.0,5221.378550683573,2565.19677734375,42351,1106.1146844230361,144.53247857193455,-0.1592049870233097
4,150.1,5254.6993049974,2587.761474609375,42302,1105.8169353694861,143.60042078388727,-0.1518089521078472
4,155.1,5234.180168698151,2525.18505859375,43154,1104.7277888492376,145.24672104555776,-0.17231963533518763
4,160.1,5237.151660192379,2503.197998046875,43248,1103.380456899741,144.4954217536071,-0.17952633815857566
4,165.0,5217.474494415937,2439.355712890625,43069,1103.3025842253128,145.1306043790197,-0.2004519355437378
4,170.1,5232.202990809972,2400.881103515625,43199,1102.8195791569249,145.20282876918446,-0.2130627652369763
4,175.0,5236.92617481093,2380.62109375,42709,1103.6930389379288,144.84567655529278,-0.21970339231254735
4,180.0,5264.3175072790455,2383.318115234375,42588,1105.0529491875645,145.92918192918194,-0.2188193890914371
4,185.4,5266.998554125483,2706.105712890625,42189,1106.018322311503,145.74701936523738,-0.11301923966152357
4,191.1,5230.494807574832,2405.971923828125,42562,1104.5981391851888,145.79559231239134,-0.21139414613979238
4,196.7,5216.963768960134,2681.8447265625,42919,1104.8085463314617,146.49099466436778,-0.12097126755066888
4,202.3,5227.793023255814,2259.2421875,42570,1104.7110641296688,146.13695090439276,-0.259487778429406
4,208.0,5196.154890928377,2517.194091796875,43366,1103.4561638149703,147.8938569386155,-0.17493883597157392
4,213.6,5180.5891636578335,2602.866455078125,44037,1103.3369666416877,149.66475917978065,-0.14685798991991467
4,219.2,5148.092893254047,2575.245361328125,44901,1102.537849936527,150.7428787777555,-0.15591136082817286
4,224.9,5112.657891255457,2601.026123046875,45354,1102.14446355338,151.31774485161176,-0.1474611958835907
4,230.5,5105.079596733364,2645.60205078125,45429,1101.6306104030466,150.84067445904597,-0.13285053596506333
4,236.2,5080.444923319259,2086.683349609375,45709,1100.8343214684198,150.64210549344767,-0.3160474200229555
4,241.8,5087.657329105004,2081.41650390625,45408,1100.6343375616632,150.12224718111347,-0.31777373499435146
4,247.4,5095.668804883983,2081.13134765625,45209,1101.1643478068527,150.42283616094142,-0.31786720071013463
4,253.1,5073.257833779923,2014.28759765625,45157,1100.681732621742,149.7012423323073,-0.3397765887715283
4,258.7,5064.745007203813,2005.4676513671875,45115,1100.3393549817133,149.75956998780893,-0.3426675041664264
4,264.4,5075.133794488453,2025.7264404296875,44815,1100.0496039272566,149.56619435456878,-0.33602727720094
4,270.0,5083.180351612113,2060.57080078125,44879,1099.7174402281692,149.84623097662603,-0.32460633488855595
4,275.6,5129.776070901034,2686.427490234375,44005,1100.4773093966594,149.11305533462107,-0.1194691742707322
4,281.3,5155.4331029150935,2152.725830078125,43978,1100.2188139524308,149.95115739688026,-0.2944006642211512
4,286.9,5163.608901232585,2176.656982421875,43567,1100.5038216999105,149.9772304726054,-0.28655674607688864
4,292.5,5204.602860056552,2202.224609375,43146,1100.971770268391,149.9551986279145,-0.278176440353093
4,298.2,5221.174057753609,2202.656494140625,42664,1101.0078754922183,150.20047346709168,-0.27803488140513033
4,303.8,5197.977614939133,2185.36669921875,42305,1101.1109325138873,149.80926604420281,-0.2837019606226379
4,309.4,5232.555413828789,2172.981201171875,41551,1102.142403311593,149.90423816514644,-0.2877615575639019
4,315.1,5246.186204897841,2136.393798828125,41406,1101.8545621407525,150.41182437327925,-0.29975381706621235
5,0.1,2713.5940922668437,1150.14794921875,36156,630.0330512224804,238.95004978426817,-0.019589843613021046
5,5.1,2727.4724145633236,1179.416748046875,35816,624.1187178914452,240.40889546571364,0.0053594923883453225
5,10.1,2732.294245567079,1179.883056640625,35868,624.2053362328538,239.03708040593287,0.005756983582094413
5,15.1,2714.313602442334,1173.7083740234375,35376,621.2958502939846,240.9811736770692,0.0004935550340812544
5,20.0,2724.1436506800287,1182.49072265625,34925,620.0736148890479,239.92057265569076,0.00797981260849967
5,25.1,2720.7385956807943,1169.2991943359375,34636,616.2726354082457,241.27032567271047,-0.0032649219078604115
5,30.0,2755.644284549056,1192.3619384765625,34328,615.951380797017,241.40602423677464,0.01639424333690811
5,35.1,2761.7245747903075,1200.7845458984375,34336,615.3599137931035,241.57645037278658,0.02357384998253632
5,40.1,2769.796999405823,1208.967529296875,33660,612.8506833036245,242.69272133095663,0.030549196101114937
5,45.0,2761.001552563222,1203.7149658203125,33493,611.3775117188667,243.19323440718955,0.02607180118597629
5,50.0,2750.9915971256373,1195.451171875,34512,613.3247855818266,241.70888386648122,0.019027570467852674
5,55.1,2755.3499566996147,1193.1475830078125,33487,609.2390778511063,244.07743303371458,0.0170639431596749
5,60.1,2776.9925407790097,1193.9781494140625,34454,612.23625703837,242.77427874847623,0.0177719353278081
5,65.1,2795.3998861661976,1195.4578857421875,33382,610.3697501647595,242.3235576058954,0.01903329350860037
5,70.0,2774.0078534816103,1179.6383056640625,33361,609.0862683972302,242.77938311201703,0.005548352733019301
5,75.1,2791.5932525325616,1194.484375,33168,610.7897370959961,240.9135612638688,0.018203452600184404
5,80.0,2791.438717885069,1186.264404296875,32228,608.7118344296885,241.88941293285342,0.011196577729850297
5,85.1,2789.191366279974,1182.2501220703125,32153,608.340030479271,241.5399807171959,0.007774719639159497
5,90.1,2792.2728176396167,1185.2532958984375,33198,609.7811012711609,240.84604494246642,0.010334687793247229
5,95.1,2758.8265950342984,1166.224365234375,32946,606.9228737934802,242.66217446731014,-0.005885970515019011
5,100.0,2760.4627757491626,1159.464599609375,33137,606.5602498717445,243.05978211666718,-0.011648136050372324
5,105.1,2793.7922760984547,1179.55224609375,33843,610.0567325591703,241.54058446355228,0.005474993756162466
5,110.0,2767.847555658897,1165.979736328125,34406,609.4033017496948,243.0864674766029,-0.006094497308807801
5,115.1,2749.6671537112798,1154.016357421875,34220,610.2997077732321,243.94336645236703,-0.01629233158948474
5,120.0,2762.781857948659,1160.165771484375,34748,611.9263266950616,243.62996431449292,-0.011050442485740185
5,125.1,2724.922406304294,1126.23583984375,32232,603.1967609828741,248.59983866964507,-0.03997302554001631
5,130.1,2705.629672031787,1100.1041259765625,29698,596.8167553370597,252.4283790154219,-0.06224824473819999
5,135.1,2699.4586367313914,1090.220458984375,29664,595.7877562028048,253.10096413160733,-0.07067328910581325
5,140.1,2708.1337650736937,1106.286376953125,31346,599.5703439035284,249.9323358642251,-0.05697836476243488
5,145.0,2649.872559327125,1034.879150390625,26632,585.9522754580955,262.9826899969961,-0.11784737749149725
5,160.1,2689.700834093575,1074.2015380859375,30692,594.2929753681741,253.66013945001956,-0.08432815216395774
5,165.0,2658.9441174588956,1064.8670654296875,31262,594.3464909474761,254.0899494594076,-0.09228505179840943
5,170.1,2639.7926971729917,1048.769287109375,29961,591.9031073729182,255.29001034678416,-0.10600713457151778
6,0.1,4294.1928710851635,2460.5244140625,56867,856.3892239787574,311.67874162519564,-0.0031216038747097267
6,5.1,4314.402918980755,2484.744384765625,54197,852.9585216893925,313.16558112072624,0.006691087034082644
6,10.1,4334.275847831391,2488.180908203125,53283,855.0777170955089,309.89760336317397,0.008083390216706114
6,15.1,4322.409407225788,2466.96240234375,55468,852.3304968630562,314.8050948294512,-0.0005132609558562936
6,20.0,4316.196662672366,2440.734130859375,55913,852.1694954661707,313.50862947793894,-0.011139612420222739
6,25.1,4310.865850454522,2416.08447265625,57093,851.0390590790465,312.25109908395075,-0.021126390683477835
6,30.0,4330.961234009471,2421.834716796875,56596,851.7633401653827,308.8950455862605,-0.018796686445034343
6,35.1,4342.623561557459,2426.75244140625,57093,851.1151454644177,314.48695987248874,-0.016804276455862376
6,40.1,4360.1037678894845,2448.18408203125,56318,851.6432756845059,318.57422138570263,-0.008121273998955673
6,45.0,4373.433128208862,2460.71875,54926,851.7586388959692,322.90935076284455,-0.0030428689121231763
6,50.0,4290.7478202317025,2390.4306640625,57919,851.9457863568086,312.01008304701395,-0.031519999224519965
6,55.1,4292.206388248947,2383.378662109375,57731,851.1226204292321,314.0816026051861,-0.03437710901636985
6,60.1,4289.946064862632,2377.194091796875,48410,861.2094815120843,296.3441850857261,-0.036882779961398104
6,65.1,4318.331583331719,2386.818115234375,51619,858.7348650690637,302.7303512272613,-0.03298361887451141
6,70.0,4290.352374524481,2366.164794921875,48894,857.9420378778582,293.20804188653005,-0.041351285827993585
6,75.1,4309.896486523652,2377.63916015625,58176,848.8977929042904,309.36310506050603,-0.03670246107095177
6,80.0,4317.289488026706,2371.293212890625,58714,846.355724358756,308.68983547365195,-0.039273513687173134
6,85.1,4297.071971013054,2367.1455078125,60441,844.2533048758294,306.2732085835774,-0.04095395122408633
6,90.1,4335.517189003089,2381.033935546875,59253,845.0895482085295,307.2615732536749,-0.03532707205742667
6,95.1,4307.6590250196905,2365.1005859375,59673,844.0186181355052,306.6874298258844,-0.04178244877009757
6,100.0,4307.012211838006,2357.89404296875,56175,847.2792701379617,299.46695149087674,-0.04470217066159229
6,105.1,4335.301617083833,2390.19140625,51698,851.724031877442,295.0683778869589,-0.03161693422870944
6,110.0,4329.366876234305,2395.1259765625,55193,848.8183646476908,301.27494428641313,-0.029617699223936377
6,115.1,4307.776910080721,2430.341796875,53270,849.5084475314436,294.5141918528252,-0.015350053566481142
6,120.0,4322.641388174808,2450.92919921875,49014,853.4338556330845,288.51964744766804,-0.00700909319578586
6,125.1,4266.586639075434,2411.575927734375,51224,846.8505583320318,282.722083398407,-0.022953022032831887
6,130.1,4247.68059422626,2402.199951171875,54592,841.2211313012896,281.6532275791325,-0.026751687237824198
6,135.1,4248.1273543955,2385.996826171875,52986,840.805288189333,278.2814894500434,-0.0333163631133822
6,140.1,4264.5070176471745,2374.386962890625,50943,844.9979388728578,279.64161906444457,-0.038020084735041516
6,145.0,4192.54756146715,2319.56591796875,54582,830.9897951705691,269.5274083031036,-0.0602307626796673
6,150.1,3688.5680544834286,1904.0277099609375,80318,750.2386264598222,265.76673970965413,-0.22858554914718462
6,155.1,4122.9912628933,2094.220703125,57685,820.9190084077317,263.0723931698015,-0.15152909528879063
6,160.1,4280.727818701289,2342.7646484375,51451,843.4270082214146,275.5217974383394,-0.05083182597753264
6,165.0,4252.967553899902,2310.322265625,51809,845.6119400104229,276.5572969947306,-0.06397581689254665
6,170.1,4234.393066728849,2270.4326171875,51462,844.0021374995142,272.3247056080215,-0.08013705818286235
6,175.0,3630.466663413325,1798.6856689453125,81967,750.6924494003684,264.4792660460917,-0.2712647456193044
6,180.0,3643.495453875264,1799.373291015625,81388,750.2897110139087,264.19956258907945,-0.27098615639552925
6,185.4,3656.007113833248,1811.780517578125,83921,751.84937024106,267.71513685489924,-0.2659593840354181
6,191.1,3604.0439823174147,1784.9542236328125,80305,748.7544113068925,263.3254467343254,-0.2768280235536234
6,196.7,3593.6083600804286,1791.6771240234375,80071,747.9945798104183,262.4413707834297,-0.27410424884916884
6,202.3,3585.5413113414697,1765.3433837890625,78332,747.9107006076699,261.94921615687076,-0.2847733308459943
6,208.0,3593.170332056194,1779.1358642578125,78300,749.3680715197956,262.32984674329504,-0.27918532459428
6,213.6,3598.164543902998,1770.3800048828125,78514,751.5729551417581,262.15532261762235,-0.28273275009453636
6,219.2,3613.439897665818,1776.55810546875,78957,754.0098154691794,261.89884367440504,-0.280229700351152
6,224.9,3993.1612261750283,2014.6820068359375,59339,813.0778240280423,248.89551559682502,-0.18375409884224986
6,230.5,3626.908106925443,1788.488037109375,77699,755.0722017014376,259.2883949600381,-0.27539630343307187
6,236.2,3626.92675731974,1795.0045166015625,77291,755.295131386578,259.4000595153381,-0.27275615989804813
6,241.8,3624.6469171101053,1823.9149169921875,75546,753.2373520768803,258.1637412966934,-0.2610431472540638
6,247.4,3676.958892444261,1855.5313720703125,77504,755.5612097440132,260.06066783649874,-0.24823377993004261
6,253.1,3636.0382078539105,1829.7474365234375,75351,752.6866929436902,257.8726095207761,-0.25868010924377144
6,258.7,3657.4896175739595,1876.9923095703125,74838,753.506306956359,259.17255939495976,-0.23953890788078616
6,264.4,3633.84983156784,1872.7781982421875,73917,753.1783216310185,257.84272900685903,-0.24124624982702542
6,270.0,3670.522729982908,1899.0882568359375,75473,756.5183575583321,258.97245372517324,-0.2305867624173493
6,275.6,4094.6454951985606,2239.796142578125,56129,818.2978139642609,249.908229257603,-0.09254938764278502
6,281.3,4128.027617972292,2273.6826171875,55797,820.5478072297793,250.8593114325143,-0.07882032473819883
6,286.9,4121.62769951373,2242.78125,55936,822.4860733695652,251.50212743135012,-0.09133997509561699
6,292.5,4125.062501120574,2135.38330078125,55775,818.5114836396235,249.1373375168086,-0.13485212021087914
6,298.2,4174.802976377692,2219.357421875,60409,822.7012034630601,260.8388154083001,-0.1008301098323054
6,303.8,4141.486166640013,2208.50048828125,56277,825.8371270678963,253.760328375713,-0.10522878293057664
6,309.4,4333.390625879176,2258.26904296875,53317,847.6796143819045,278.75418721983607,-0.08506511509993159
6,315.1,4381.429321070106,2284.3115234375,52406,851.1776514139602,282.0366942716483,-0.07451403663371635
7,0.1,6876.503342825306,4840.4775390625,16154,53.556642317692216,282.8259873715488,0.016251998151959355
7,5.1,6764.907776008493,4789.33447265625,15072,50.805334394904456,287.5479033970276,0.005514577513698064
7,10.1,6739.844791455418,4761.8369140625,14793,51.36740350165619,288.876360440749,-0.0002584993448738858
7,15.1,6689.993015133877,4729.8173828125,14603,51.288844757926455,290.3412997329316,-0.006980958513438463
7,20.0,6670.755968347639,4693.87451171875,14912,51.67254560085837,290.2585166309013,-0.01452711780734488
7,25.1,6642.666779317337,4678.6474609375,14795,51.34971274079081,290.949780331193,-0.017724017422626175
7,30.0,6629.432203940951,4644.49072265625,15377,52.033751707095014,290.95246146842686,-0.0248951804429171
7,35.1,6628.392543443918,4579.48828125,15825,52.87191153238547,289.7839494470774,-0.03854235893527954
7,40.1,6665.449848980619,4546.8125,15892,52.618046816008054,288.5549962245155,-0.045402596942482505
7,45.0,6630.5810369274395,4505.30517578125,16221,52.81869181924665,287.6849146168547,-0.05411700597234357
7,50.0,6597.320044365026,4490.0380859375,16229,52.41413519009181,286.59387516174746,-0.057322311737006075
7,55.1,6613.0675962981495,4473.96142578125,15992,52.059154577288645,285.32022261130567,-0.060697585741596
7,60.1,6619.001330967169,4449.58837890625,15778,51.27785524147547,284.29534795284576,-0.06581467540638296
7,65.1,6627.475423405068,4431.95263671875,15706,50.72717432828218,283.3054246784668,-0.06951727666675589
7,70.0,6552.704031590344,4384.470703125,15701,50.19056111075728,283.1818355518757,-0.07948604720672059
7,75.1,6482.992011949604,4329.18017578125,15398,49.65144824003117,283.5996233277049,-0.09109422190405513
7,80.0,6433.154125412541,4264.0849609375,15150,49.43102310231023,283.41531353135315,-0.10476087805961794
7,85.1,6430.34703440889,4264.82470703125,14938,48.46947382514393,282.9484536082474,-0.10460556932409922
7,90.1,6427.197737803216,4253.4072265625,14676,47.875034069228676,283.4426955573726,-0.10700265457996334
7,95.1,6335.418129059002,4185.65869140625,14474,46.789760950670164,284.5466353461379,-0.12122637190305664
7,100.0,6327.4509134012,4176.6767578125,14342,46.17521963463952,284.53967368567845,-0.1231121172429027
7,105.1,6295.904918491569,4156.228515625,14293,45.583502413768976,285.44917092282935,-0.12740519924029728
7,110.0,6203.524656766601,4088.68701171875,14276,45.073760156906694,286.80954048753154,-0.14158545062024872
7,115.1,6136.476203866432,4025.818603515625,14225,44.65230228471002,288.04604569420036,-0.1547845916019943
7,120.0,6056.676809557273,3965.297607421875,14230,44.15966268446943,289.7683766690091,-0.16749089644776216
7,125.1,6024.2746143866225,3897.055908203125,13874,43.2087357647398,288.62217096727693,-0.18181815292786796
7,130.1,5972.452014865554,3849.533203125,13723,42.2540989579538,288.5757487429862,-0.19179548338823912
7,135.1,5898.956031734263,3717.125,13487,41.33447023059242,289.52420849707124,-0.21959441436387037
7,140.1,5797.811838697743,3648.1923828125,13515,40.14028856825749,291.1621901590825,-0.23406672817781046
7,145.0,5757.596693462763,3536.12548828125,13186,39.325951767025636,293.2768087365387,-0.25759502772573595
7,150.1,5745.160176853863,3470.9580078125,12892,38.610378529320506,294.1133260937015,-0.27127685595579165
7,155.1,5703.154632638503,3419.531005859375,12617,37.71799952445114,294.36736149639376,-0.28207388849484777
7,160.1,5663.5685838952795,3409.7939453125,12605,37.23911146370488,294.75263784212615,-0.28411817176174314
7,165.0,5645.181855002025,3404.05810546875,12345,37.017253948967195,295.726285945727,-0.28532240391761005
7,170.1,5630.097027481772,3442.20458984375,12481,37.098069064978766,295.5009214005288,-0.27731359886568646
7,175.0,5624.668586759252,3494.72412109375,12673,36.65414661090507,295.8803756016728,-0.26628719121394184
7,180.0,5186.163476525968,3178.208984375,16039,31.631273770185174,325.785273396097,-0.3327391347546341
7,185.4,5209.689850689851,3215.435546875,15873,31.467712467712467,326.5637245637246,-0.3249234661104447
7,191.1,5183.55462184874,3209.578125,15589,31.090833279876836,328.1722368336648,-0.3261532242565058
7,196.7,5638.20888040105,3431.925537109375,12567,36.128113312644224,300.2091986949948,-0.2794716726912787
7,202.3,5242.581643960629,3255.359130859375,15341,31.406101297177496,327.57844990548205,-0.3165415612942173
7,208.0,5220.728632203171,3264.017578125,15514,31.788771432254737,327.7179966481887,-0.3147237314905304
7,213.6,5226.063145509217,3261.7978515625,15298,31.510066675382404,326.2533010851092,-0.3151897602111034
7,219.2,5224.108319522705,3257.734619140625,15085,30.884653629433213,326.3332449453099,-0.31604283060227106
7,224.9,5220.409096945551,3295.711669921875,15060,31.106839309428953,322.8491367861886,-0.30806959791419236
7,230.5,5222.695156889496,3305.43701171875,14660,30.713165075034105,324.59038199181447,-0.30602777498370126
7,236.2,5193.660814606742,3293.539306640625,14240,30.185603932584268,325.9146769662921,-0.3085256827751315
7,241.8,5175.633911229408,3287.146484375,13901,29.852600532335803,326.54765844183873,-0.30986784754066204
7,247.4,5422.593351662084,3428.51708984375,12003,32.22694326418395,309.2649337665584,-0.2801872717858585
7,253.1,5408.905254237288,3445.002685546875,11800,31.516016949152544,309.6533898305085,-0.27672614229216175
7,258.7,5371.3582262743475,3434.542236328125,12065,30.826605884790716,311.6164939908827,-0.2789223000750115
7,264.4,5227.12695732269,3369.663818359375,13028,28.69688363524716,321.11245010746086,-0.2925434400070956
7,270.0,5275.475808936826,3412.234130859375,12980,28.325654853620954,320.49075500770414,-0.28360585796256504
7,275.6,5495.470037774725,3535.182373046875,11648,29.866414835164836,308.2073317307692,-0.2577930335492702
7,281.3,5314.977086348287,3450.2431640625,12438,27.290319987136197,321.4193600257276,-0.2756259106063831
7,286.9,5270.881174239301,3421.0498046875,12127,26.619938979137462,323.3809680877381,-0.2817550186454544
7,292.5,5256.18699325766,3419.93505859375,11717,25.796108218827346,327.4166595544935,-0.2819890581459093
7,298.2,5184.515950069348,3378.890380859375,11536,25.155339805825243,331.43229889042993,-0.29060633514481066
7,303.8,5123.9990178571425,3352.052490234375,11200,24.708303571428573,333.52544642857146,-0.2962409155666263
7,309.4,5066.320075928772,3314.876220703125,11063,24.438036698906263,334.0255807647112,-0.30404602526708074
7,315.1,5093.418213887858,3320.615234375,10772,23.926568882287413,334.11548458967695,-0.3028411267701044
8,0.1,6508.309327867348,4400.2705078125,65374,471.0016979227216,522.566004833726,-0.08901865100237374
8,5.1,7054.951317758085,5136.3388671875,52134,459.6387578163962,472.8977059116891,0.06336846833208142
8,10.1,7066.530089188518,5145.837890625,52361,459.3673917610435,473.8705334122725,0.0653350367896092
8,15.1,7064.6338134073685,5139.20751953125,51867,459.45661017602714,474.8797694102223,0.0639623610887369
8,20.0,6505.0051526957395,4329.61083984375,63656,459.74434460223705,518.2548227975368,-0.10364721520805396
8,25.1,7052.882885166624,5143.951171875,51283,456.78916990035685,471.2477234171168,0.06494443225995528
8,30.0,7076.06011547164,5166.6259765625,51268,454.13601076695016,469.20681516735584,0.06963876278481779
8,35.1,7115.484321044332,5227.89990234375,50099,452.517036268189,467.3906065989341,0.08232421097885005
8,40.1,7098.282741542517,5232.205078125,50074,450.898490234453,465.5600111834485,0.08321550501041285
8,45.0,7083.798665072723,5224.671875,50190,450.9570233114166,466.43574417214586,0.08165591735940335
8,50.0,7023.36512539185,4917.10498046875,51040,451.2273706896552,469.18526645768026,0.017980808297442967
8,55.1,6987.736045684401,5095.66357421875,52009,451.20773327693286,473.5718048799246,0.054947523939286265
8,60.1,7030.133516728337,5151.67041015625,51619,451.06577035587674,472.36965071000986,0.06654253448803468
8,65.1,7049.691980114074,5173.03076171875,51896,451.01104131339605,473.47198242639126,0.07096473577018798
8,70.0,6617.680706361632,4707.1875,59403,447.27677053347475,497.79423598134775,-0.02547809023983607
8,75.1,6453.897434277047,4455.56494140625,63296,448.5106009858443,512.3051061678464,-0.07757112803353347
8,80.0,6319.711292321938,4377.53857421875,66957,450.97934495273086,522.3046880833969,-0.09372480883830496
8,85.1,6345.477946017117,4369.15380859375,66836,451.13398467891557,523.9873122269436,-0.09546069418592844
8,90.1,6363.630352400561,4272.33740234375,67026,451.06740667800557,524.5738966968042,-0.11550444836288992
8,95.1,6353.296835776024,4361.1796875,66525,450.0044795189778,522.1903945885006,-0.09711156441723748
8,100.0,6396.0551288460665,4284.19140625,66009,449.9979093759942,521.6351406626369,-0.11305033186019628
8,105.1,6413.54194552294,4393.53857421875,66193,450.22408713912347,522.5308567371172,-0.09041235303403487
8,110.0,6411.414294998715,4293.36474609375,66163,450.3498481024137,521.3116394359386,-0.11115118918457305
8,115.1,6407.843184725014,4403.5927734375,65676,449.0531092027529,518.154135452829,-0.0883308473740701
8,120.0,6390.806909008806,4388.251953125,66435,449.13270113644916,519.1370964100248,-0.09150683420447042
8,125.1,6373.368903034034,4398.486328125,66611,447.9811892930597,517.9338097311255,-0.08938802702498126
8,130.1,6409.612449768747,4426.3603515625,65945,446.7895367351581,514.619243308818,-0.08361731010473704
8,135.1,6351.765097465596,4369.6513671875,66998,446.3718319949849,515.9235051792591,-0.09535768538268896
8,140.1,6335.439086675679,4358.90576171875,66570,444.79704070902807,515.0780381553252,-0.0975823318330238
8,145.0,6333.657118522503,4344.86572265625,66924,444.40599784830556,515.6838353953739,-0.10048901988832111
8,150.1,6369.611830528358,4370.73779296875,66489,443.88489825384653,515.2655476845794,-0.09513276429612581
8,155.1,6377.685894915152,3925.61767578125,66118,443.4886868931305,515.8704286276052,-0.1872853090320707
8,160.1,6429.6407426144815,4393.92138671875,65229,443.372426374772,514.3928927317604,-0.09033309994106162
8,165.0,6358.237676561674,4286.98095703125,66195,442.97122139134376,514.4016768638114,-0.11247281538040517
8,170.1,6355.049056204567,4328.43115234375,66169,443.437999667518,514.5424594598679,-0.10389144412721645
8,175.0,6356.8805363061165,4338.19140625,66380,443.44614341669177,515.6563272069901,-0.10187079352078472
8,180.0,6456.713521082931,4408.98681640625,64270,441.3032207873036,509.5466936362222,-0.08721412681530022
8,185.4,6362.734584809599,4286.0029296875,67174,444.9101586923512,519.4474350195015,-0.11267529490237639
8,191.1,6356.580925814234,4247.15283203125,66320,443.85738841978286,518.4419933655006,-0.12071837186974547
8,196.7,6298.016536194916,4323.3720703125,68214,444.7379130383792,521.9322719676313,-0.10493881822963474
8,202.3,6378.213485171719,4388.29296875,66562,444.31079294492355,519.6251314563865,-0.09149834280165187
8,208.0,6360.316305515759,4369.16357421875,67008,445.7649534383954,522.7387326886342,-0.09545867242335258
8,213.6,6261.681871312479,3937.478271484375,71864,455.05312813091393,536.5331737726817,-0.18482982783963836
8,219.2,7076.6559434506635,5232.974609375,48524,441.8110831753359,461.603330310774,0.0833748199013897
8,224.9,6267.747585345545,4148.37841796875,72060,455.73194560088814,538.8429641965029,-0.14116748944316457
8,230.5,6282.6092467995595,4189.12060546875,71787,453.7740120077451,537.6607463746918,-0.13273269597672485
8,236.2,6964.659688364411,5113.3662109375,50251,439.8064914131062,467.01311416688225,0.058612474048655536
8,241.8,6223.10681082283,4172.9443359375,71959,451.3984074264512,539.0750288358648,-0.13608164459548902
8,247.4,6972.91736128136,5144.2734375,48948,437.64247773147014,460.5968578900057,0.06501115042495828
8,253.1,6245.557954856066,4242.60498046875,69511,445.27142466659956,532.606522708636,-0.1216599067013181
8,258.7,6204.919958577839,4174.50341796875,72425,448.9318191232309,538.9100724887815,-0.13575887020025482
8,264.4,6315.880726962769,4387.89453125,65698,437.09361015556027,520.0183567231879,-0.09158083071474649
8,270.0,6287.813497619714,4289.93994140625,67849,440.64721661336205,528.0558445960884,-0.1118602213199231
8,275.6,6310.322954026737,4288.796875,67474,439.2652280878561,526.6843376708065,-0.11209686862942615
8,281.3,6278.608139518504,4169.23486328125,70987,445.3089579782214,531.6177469114064,-0.13684961110992505
8,286.9,6320.687407968975,4240.1630859375,68591,441.5961569302095,528.2663760551676,-0.122165448433409
8,292.5,6532.6289741759665,4492.34130859375,61648,432.4450103815209,507.82891577991177,-0.06995737234914581
8,298.2,6543.563417319988,4519.0830078125,60843,430.9984879115099,502.930558979669,-0.06442107879957122
8,303.8,6476.580555783261,4498.04443359375,60995,430.11812443642924,501.1827690794327,-0.06877666300485033
8,309.4,6380.051972738653,3862.69384765625,64707,432.35288299565735,514.45758573261,-0.20031233401329254
8,315.1,6317.443741178867,4234.935546875,68727,437.33654895455936,525.8084595573793,-0.12324769794026066
9,0.1,4516.450814374353,2527.841064453125,30944,673.4755687693898,410.9088676318511,-0.0023185555983121896
9,5.1,4535.409043412178,2544.58447265625,31581,671.4328868623539,411.7352838732149,0.0042896872675875705
9,10.1,4534.016926530365,2535.291015625,32966,674.638718679852,411.3427167384578,0.0006217708923037414
9,15.1,4517.186416938111,2544.25634765625,30700,668.0656351791531,410.37084690553746,0.00416018378394386
9,20.0,4510.2320369361,2516.605224609375,31189,669.3277437558113,408.08762704799767,-0.006753086345522623
9,25.1,4513.494726966874,2517.358154296875,30912,668.9992883022775,407.2411037784679,-0.006455922101804467
9,30.0,4515.449679809141,2516.218505859375,31856,671.3833186840784,407.54536037167253,-0.006905715451245568
9,35.1,4504.4783071170705,2536.0712890625,31024,667.4270887055183,407.5772627643115,0.0009297270929922067
9,40.1,4484.802694591661,2541.8486328125,31322,667.5090990358215,407.5796245450482,0.0032099134300046725
9,45.0,4470.703059827427,2536.133056640625,31407,667.9744324513644,407.38322666921385,0.0009541053529340658
9,50.0,4449.720583679286,2488.0380859375,32278,670.3260115248776,407.4588264452568,-0.018027887033494464
9,55.1,4460.511227219008,2478.99072265625,32154,670.0394041176836,407.3509672202525,-0.02159867579604551
9,60.1,4483.012716876971,2488.913330078125,40576,697.2403144716088,410.33970820189273,-0.017682448053685906
9,65.1,4505.84604202458,2515.70849609375,37835,688.622756706753,408.81414034624026,-0.007107004720093566
9,70.0,4478.588448179544,2478.427734375,41171,698.4505112822133,408.7130747370722,-0.02182087448152348
9,75.1,4431.478620356679,2444.73486328125,33139,674.0971061287305,404.5753643743022,-0.03511868531763498
9,80.0,4417.40751920966,2405.61669921875,32796,673.5560739114526,403.50436028784,-0.050557736044766204
9,85.1,4431.097280698978,2365.34033203125,31589,674.3289436196144,400.9333945360727,-0.06645390323499696
9,90.1,4453.929852820415,2364.07177734375,31662,676.6554860716316,399.16382414250523,-0.06695457295301237
9,95.1,4442.184332235175,2359.968505859375,31568,679.3731943740497,398.8334389254942,-0.06857404099586939
9,100.0,4453.977783593591,2348.6513671875,34389,688.2428974381343,400.781965163279,-0.07304065854371476
9,105.1,4458.887983543492,2342.709228515625,37432,698.0826832656551,402.96075550331267,-0.07538588569282507
9,110.0,4445.631237082965,2347.82275390625,33870,690.5614112784175,400.5579864186596,-0.07336769338261859
9,115.1,4440.169867347505,2362.218017578125,36034,699.8250263639895,402.23608258866625,-0.06768620982154414
9,120.0,4464.577688834154,2393.883056640625,38976,710.1591748768473,402.3680726600985,-0.05518873822289146
9,125.1,4469.101475636625,2406.116455078125,39034,711.4308551519189,400.9989496336527,-0.05036049375978207
9,130.1,4471.293938349811,2417.7099609375,37729,708.1012218717698,399.4518540115031,-0.04578480036112965
9,135.1,4454.856205800964,2398.67529296875,39028,710.7931485087629,398.8634057599672,-0.053297351407086115
9,140.1,4435.0557429880655,2381.386474609375,39718,712.5336874968528,397.76436376454,-0.06012085527184008
9,145.0,4434.054642645021,2381.821533203125,40408,714.1306919421896,396.1294050683033,-0.059949147527901765
9,150.1,4422.989986487791,2382.11181640625,41444,715.1788919988418,394.2201283659878,-0.059834579341850894
9,155.1,4410.047976637464,2241.36767578125,40749,714.0272890132273,394.39186237699084,-0.11538309443024011
9,160.1,4419.043841387249,2349.54150390625,40829,714.9655881848686,394.68267652893775,-0.07268934180162773
9,165.0,4399.299666151776,2349.539794921875,40138,714.9566246449748,394.4621804773531,-0.07269001629893837
9,170.1,4397.584839988398,2343.383056640625,41372,719.0334042347481,393.5551580779271,-0.07511994103891388
9,175.0,4414.437891668691,2364.677001953125,41170,720.7943405392276,391.88416322564973,-0.06671570454828561
9,180.0,4427.448556216424,2386.34814453125,41696,722.0286838066002,391.2128981197237,-0.05816259686552228
9,185.4,4388.392770658864,2394.83935546875,39644,716.1110886893351,388.89698315003534,-0.05481130879920663
9,191.1,4379.034337166717,2379.9833984375,42869,725.3428351489421,389.6845506076652,-0.06067461756387907
9,196.7,4356.320148303157,2391.165283203125,43964,726.660176508052,388.19918569738877,-0.05626138166033326
9,202.3,4391.621889209954,2410.349853515625,44643,730.8698564164595,387.80238783235893,-0.04868966756455742
9,208.0,4383.152509870276,2442.671142578125,44325,731.3245346869712,388.45089678511,-0.035933188998617326
9,213.6,4391.722487929823,2424.025634765625,44117,732.3221660584355,388.2926536255865,-0.04329214737126422
9,219.2,4397.789255818232,2414.86181640625,43484,731.7519317450096,388.2368227393984,-0.04690889830769774
9,224.9,4435.204367531933,2383.861572265625,43686,735.6284393169436,389.05065696104015,-0.05914399045250977
9,230.5,4443.4673073343265,2446.667236328125,42976,734.5524711466866,389.04621183916606,-0.034356021572813575
9,236.2,4413.879770768255,2446.275146484375,42577,733.6858397726472,388.32339056298,-0.03451077052722711
9,241.8,4440.187053015273,2523.68798828125,43346,736.9536750795921,387.96546394130945,-0.0039576804199365585
9,247.4,4433.803785848963,2527.457275390625,40308,732.7903890046641,388.63630048625583,-0.002470028422931172
9,253.1,4442.626193887297,2517.565185546875,41880,737.3073304680038,387.09601241642787,-0.006374211570457841
9,258.7,4433.3883630758855,2545.922607421875,41523,737.4007899236568,387.0309226211979,0.004817818661822075
9,264.4,4415.14029787832,2549.591064453125,42702,739.955599269355,385.0240035595522,0.006265675317499446
9,270.0,4429.5905405072335,2578.18896484375,40573,738.3500850319177,385.6975328420378,0.017552616957062884
9,275.6,4433.404288347725,2584.643798828125,41228,740.6779615795091,385.6317308625206,0.020100193299366492
9,281.3,4443.726336186809,2611.97216796875,40769,740.4142853638795,384.38188329367904,0.03088607979387986
9,286.9,4435.632286099595,2581.169677734375,40042,741.0511462963888,384.96011687727884,0.018729036623585247
9,292.5,4463.538217586284,2562.16357421875,40361,743.5421818091722,384.0124129729194,0.011227759318392405
9,298.2,4426.523528225225,2630.357177734375,34703,730.36305218569,380.0520704261879,0.03814222550503283
9,303.8,4401.272048881955,2572.670654296875,38460,740.3801612064483,382.0755590223609,0.015374665140992366
9,309.4,4357.21070155967,2596.501220703125,34238,729.0774285881184,376.4271277527893,0.024780048354134134
9,315.1,4350.749184149184,2624.33203125,34320,729.0199883449883,373.83487762237763,0.03576423705797693
10,0.1,8655.996470609974,5884.97021484375,54117,1028.8067335587707,430.171831402332,-0.0034834368697780715
10,5.1,8594.912056226347,5913.3818359375,55490,1025.3152820327987,431.85855109028654,0.00132757320702545
10,10.1,8593.322826748808,5928.791015625,55838,1025.983828217343,432.7048067624199,0.003936847718578985
10,15.1,8588.075109817604,5886.63818359375,55319,1026.123339178221,431.75352049024747,-0.0032009955955697293
10,20.0,8636.40838767421,5913.927734375,54747,1026.7570460481852,431.0062834493214,0.00142001153974352
10,25.1,8684.065515518294,5934.162109375,54033,1027.5245127977348,430.6907260377917,0.004846348308828331
10,30.0,8736.598409506061,5970.8623046875,54197,1027.258409137037,429.8730003505729,0.011060883160130278
10,35.1,8812.040689108013,6050.3125,52938,1027.2724319014696,428.47733197325175,0.024514381254842295
10,40.1,8859.27561198462,6107.2998046875,52534,1028.5068336696236,428.09359652796286,0.03416418251738786
10,45.0,8868.571019909985,6023.52880859375,52436,1029.4242123731788,428.51008848882447,0.019979032538756165
10,50.0,8864.059196536333,5934.36181640625,52199,1029.4124216939022,428.4268855725205,0.004880165194411239
10,55.1,8900.46250215505,5923.00341796875,52203,1029.3791544547248,428.8164473306132,0.0029568194916493934
10,60.1,8910.987122751705,5918.48095703125,52651,1029.2400904066399,429.808417693871,0.0021910199946594436
10,65.1,8956.78348672701,5977.28466796875,52588,1030.00256712558,428.2522628736594,0.012148397820452973
10,70.0,8875.214241682701,5940.203125,53533,1030.3441241850821,427.4067771281266,0.005869288427243324
10,75.1,8850.818719009805,5986.578125,53646,1032.5086492935168,427.32123550684116,0.013722081887199866
10,80.0,8803.094323336578,5951.76708984375,54451,1032.883601770399,427.23079465941856,0.007827443198050168
10,85.1,8806.512386729026,5888.26171875,54736,1033.277970622625,426.89935325928093,-0.002926078371698904
10,90.1,8856.243633898803,5906.0205078125,54586,1033.972740263071,426.55228446854505,8.106130715279985e-05
10,95.1,8901.061881512243,5884.705078125,53457,1033.2954150064538,424.79310473838785,-0.003528333126187653
10,100.0,8840.36807022054,5872.28076171875,54457,1033.5262500688616,425.5304919477753,-0.0056321733551780735
10,105.1,8856.801933873987,5827.16015625,54502,1033.0237239000403,424.9387178452167,-0.013272557086375472
10,110.0,8850.27453976436,5719.0927734375,54320,1033.4052466863034,423.29399852724595,-0.03157187432593601
10,115.1,8831.941150507577,5763.69970703125,54376,1033.0240363395615,423.4334449021627,-0.024018471923915187
10,120.0,8861.352245425984,5702.86767578125,54110,1031.6637220476807,422.0030863056736,-0.034319310245335605
10,125.1,8862.087105624143,5660.283203125,53946,1030.2357542727914,422.52608163719276,-0.04153024433419163
10,130.1,8894.021547900651,5734.5830078125,54112,1030.078633205204,423.2645808693081,-0.028948874623656893
10,135.1,8735.706722748731,5782.0908203125,56346,1030.6811841124481,422.6152876867923,-0.02090425922102958
10,140.1,8783.784829861677,5709.56884765625,55161,1030.9397944199707,422.55348887801165,-0.033184584236191784
10,145.0,8815.481267433594,5764.51318359375,54851,1031.56524037848,421.5704727352282,-0.02388072392542833
10,150.1,8817.270937652524,5752.5419921875,55319,1031.967660297547,420.80375639472874,-0.025907835377350443
10,155.1,8800.616116819903,5709.412109375,55470,1031.8928069226608,419.3522264287002,-0.033211125117052695
10,160.1,8830.041890013898,5720.34619140625,55407,1033.2334903532044,416.9410002346274,-0.03135962996092055
10,165.0,8771.66884449244,5632.79443359375,55560,1030.990910727142,420.1059215262779,-0.046184985673215946
10,170.1,8797.504563020484,5603.88232421875,55117,1032.4676597057169,419.44002757769834,-0.051080744668656336
10,175.0,8768.21839807668,5537.919921875,55321,1032.602483686123,418.7212812494351,-0.06225032141750857
10,180.0,8792.479188766429,5487.4521484375,55619,1034.3221740772037,417.52866826084613,-0.07079615432723511
10,185.4,8518.778953850251,5613.830078125,60087,1043.9232279860869,408.4067435551783,-0.04939626689364271
10,191.1,8677.433692517296,5531.4296875,56517,1038.3175504715396,414.27241361006423,-0.06334932885801714
10,196.7,8515.528749497387,5611.1279296875,59688,1045.696588929098,406.605314301032,-0.04985382837240997
10,202.3,8685.950167688012,5456.103515625,56951,1037.890941335534,414.95320538708717,-0.07610449586316134
10,208.0,8433.443546939508,5512.34521484375,61281,1044.195182846233,408.75628661412185,-0.06658094981891675
10,213.6,8560.171087264629,5619.384765625,59268,1046.5708814199907,406.2229364918675,-0.0484556779195812
10,219.2,8626.178182500938,5651.63623046875,58586,1047.2377701157272,405.965742668897,-0.04299445760262124
10,224.9,8594.196957306893,5570.12158203125,58698,1046.50833077788,406.6183515622338,-0.05679753465147637
10,230.5,8591.990877204817,5554.48486328125,59302,1045.3005126302655,406.5618528886041,-0.05944533891530774
10,236.2,8678.204643315348,5396.6748046875,56899,1038.8068331605125,413.2086855656514,-0.08616770648491116
10,241.8,8605.446208600404,5399.9287109375,57881,1035.4197750557178,415.53922703477826,-0.08561671449096374
10,247.4,8621.580175128924,5411.064453125,57786,1035.5186723427819,414.0794136988198,-0.08373107172176132
10,253.1,8601.795717492661,5366.7587890625,57910,1036.0213780003453,413.28824037299256,-0.09123345940885634
10,258.7,8614.492441800132,5439.71826171875,57818,1036.0751496073888,412.95757376595526,-0.07887905143652474
10,264.4,8570.909669320585,5375.0810546875,58153,1035.9798118755696,413.5042388182897,-0.0898242295852009
10,270.0,8562.20848383176,5422.54296875,58417,1035.612116335998,413.5254292414879,-0.08178738627852662
10,275.6,8630.062391289222,5794.91650390625,57492,1037.0976309747443,411.3173832881096,-0.018732454493385984
10,281.3,8648.042665604213,5406.744140625,57728,1036.8633938470066,411.14315410199555,-0.08446264092380916
10,286.9,8690.96438317576,5424.46826171875,56799,1038.242222574341,410.10501945456787,-0.08146137165785815
10,292.5,8741.454545454546,5439.103515625,56826,1039.273519163763,409.27007003836275,-0.07898314791317236
10,298.2,8750.465316536438,5452.7236328125,56439,1036.9685323978101,409.2234979358245,-0.0766768197800437
10,303.8,8805.094449287997,5492.31494140625,55056,1040.485378523685,406.9920081371694,-0.06997272556557209
10,309.4,8834.035132819194,5489.88818359375,54849,1039.2077886561287,406.61133293223213,-0.0703836544686211
10,315.1,8855.302767758423,5497.52099609375,55171,1039.53515433833,406.0321908248899,-0.06909117144800495
11,0.1,3956.702792022792,1903.8839111328125,8775,22.457549857549857,442.9594301994302,0.04155520665979156
11,5.1,3882.132854821235,1820.7095947265625,7384,19.58491332611051,445.06717226435535,-0.003946854577625645
11,10.1,3898.4113259668507,1811.18896484375,7240,19.250552486187846,443.6689226519337,-0.009155292742967341
11,15.1,3896.042808219178,1805.5128173828125,7008,18.96218607305936,442.24543378995435,-0.01226053508843711
11,20.0,3887.7992937021777,1798.325439453125,6796,18.603296056503826,442.6954090641554,-0.016192524250761342
11,25.1,3881.5710394916023,1793.34423828125,6609,18.144651233166893,441.89907701619006,-0.018917583265992622
11,30.0,3881.301552454132,1800.630126953125,6377,17.729653442057394,441.90418692175007,-0.01493170196463757
11,35.1,3853.2522159548753,1793.35888671875,6205,17.233843674456082,441.258017727639,-0.018909569565021496
11,40.1,3820.014630091438,1773.192626953125,6015,17.02177888611804,442.621778886118,-0.02994189813028734
11,45.0,3781.2350042480884,1752.533935546875,5885,16.82820730671198,442.7383177570093,-0.04124362060986586
11,50.0,3727.091377533494,1728.1844482421875,5822,16.72569563723806,443.2432153899004,-0.054564461829960914
11,55.1,3712.927610619469,1715.4755859375,5650,16.46920353982301,444.11699115044246,-0.06151708201166811
11,60.1,3722.864506890997,1723.21484375,5587,16.797565777698228,445.166636835511,-0.05728317666525672
11,65.1,3764.9837898267187,1744.430908203125,5367,16.4056269796907,444.5790944661822,-0.045676532863726874
11,70.0,3753.9334608030595,1737.1552734375,5230,15.891013384321223,443.1988527724665,-0.049656804574402136
11,75.1,3718.280368338558,1714.9019775390625,5104,15.554075235109718,442.74627742946706,-0.06183088518552911
11,80.0,3729.3179487179486,1718.6846923828125,4875,14.991589743589744,442.64717948717947,-0.05976148047141876
11,85.1,3739.5501493811353,1727.47607421875,4686,14.41015791720017,440.1914212548015,-0.05495199105275627
11,90.1,3711.8837552742616,1722.630126953125,4740,14.681856540084388,440.2518987341772,-0.05760305689568749
11,95.1,3659.4106342088403,1699.9383544921875,4683,14.312193038650438,439.03074951953874,-0.07001701428921682
11,100.0,3653.1004395604396,1698.222412109375,4550,13.907912087912088,437.56395604395607,-0.07095575257714276
11,105.1,3617.861029245069,1670.949951171875,4411,13.845386533665835,438.3223758784856,-0.08587566104518453
11,110.0,3573.6021779425396,1655.8609619140625,4316,13.61005560704356,437.829703429101,-0.09413037407301679
11,115.1,3514.587029893925,1621.24560546875,4148,13.617164898746383,440.8903085824494,-0.11306735049535956
11,120.0,3478.2876204595996,1602.318603515625,4047,13.796392389424264,441.70719051149,-0.12342171995846817
11,125.1,3465.774636510501,1580.6534423828125,3714,13.312331717824447,444.3718362950996,-0.13527405047560445
11,130.1,3450.055328427364,1575.9976806640625,3669,13.159716544017444,442.88252929953666,-0.1378210717675939
11,135.1,3452.1981566820277,1583.29296875,3472,12.50950460829493,441.70017281105993,-0.13383004834144904
11,140.1,3416.1320377250645,1589.8807373046875,3499,12.221491854815662,438.08916833380965,-0.13022608667220956
11,145.0,3435.3968882602544,1622.1588134765625,3535,12.092503536067893,438.831117397454,-0.1125677630206513
11,150.1,3455.7015995587426,1649.0423583984375,3626,11.841974627688913,444.38444567015995,-0.09786061831339293
11,155.1,3461.742752603434,1670.69677734375,3553,11.830002814522938,443.199268224036,-0.08601416451030214
11,160.1,3478.862564692352,1714.6768798828125,3478,11.571880391029326,444.39505462909716,-0.06195402905711874
11,165.0,3468.0859513930054,1739.2261962890625,3374,11.441315945465323,444.3606994665086,-0.04852386759960924
11,170.1,3495.746749226006,1788.7037353515625,3230,11.120433436532508,442.92879256965944,-0.021456256952803805
11,175.0,3455.1524691358027,1794.1259765625,3240,11.4,443.80123456790125,-0.018489918757500216
12,0.1,5405.844425158726,3388.0458984375,21893,162.83771068378022,521.4118668067418,-0.0009806883835234176
12,5.1,5404.374646496386,3418.791748046875,22277,159.01059388607084,523.3083449297482,0.008085215217719707
12,10.1,5438.8627160950355,3401.10498046875,21634,156.2926412129056,522.6028473698807,0.0028699900111285436
12,15.1,5388.04247011184,3381.342041015625,20744,155.87114346317009,519.5965580408792,-0.002957427550447108
12,20.0,5392.418112747397,3367.57421875,21322,155.20199793640373,521.8831254103743,-0.007017089294877993
12,25.1,5371.746081661176,3356.116943359375,20034,154.49940101826894,516.379504841769,-0.01039544948150394
12,30.0,5396.1788246490605,3398.001708984375,21015,155.15455626933144,519.1487033071616,0.00195494097253402
12,35.1,5385.380509304603,3388.291015625,22462,156.58191612501113,523.7962336390348,-0.0009084116755736967
12,40.1,5359.730483108699,3375.927978515625,22852,155.1462016453702,522.613688079818,-0.004553850135599508
12,45.0,5331.807569579862,3348.861572265625,22564,155.57915263251198,521.1275039886544,-0.012534811241314501
12,50.0,5310.311367167271,3359.5615234375,23172,156.05027619540826,522.4600811324012,-0.009379760166302134
12,55.1,5288.699934501392,3311.2080078125,24428,155.91223186507287,525.4113312592108,-0.02363756461818452
12,60.1,5316.073580998267,3342.391845703125,23661,155.53738219010185,522.6572418748151,-0.01444251319417068
12,65.1,5394.908763557483,3402.67529296875,23050,154.62859002169196,522.5661605206074,0.00333302167002556
12,70.0,5341.5667265110715,3380.359130859375,23394,156.13157219799947,523.0513379499017,-0.003247254269775371
12,75.1,5372.741430544511,3399.93798828125,23893,156.64089900807767,526.8246766835475,0.0025258837720850517
12,80.0,5363.0338691864035,3398.354248046875,24447,157.45960649568454,528.5203501452121,0.002058892731776447
12,85.1,5367.883065035416,3424.581298828125,23295,158.55587035844601,526.5937325606353,0.009792356504890702
12,90.1,5321.025516351118,3384.660888671875,23240,159.3644148020654,525.7419104991394,-0.0019788124430083574
12,95.1,5230.562091222031,3322.677490234375,23240,160.47814113597246,526.2127366609294,-0.020255604993911675
12,100.0,5198.780533791428,3285.288330078125,23867,164.16562617840532,530.4256504797419,-0.03128039455134987
12,105.1,5166.715751931841,3253.359619140625,25235,165.30219932633247,534.9440459679017,-0.04069508366057746
12,110.0,5127.286680295644,3198.2333984375,25436,165.30146249410285,536.4367431986161,-0.056949928107712045
12,115.1,5080.236347565428,3194.30859375,26021,166.08973521386574,538.3593251604474,-0.05810721929994283
12,120.0,5077.069889386458,3187.537109375,26127,166.041642745053,539.8624411528305,-0.06010389935143034
12,125.1,5083.824281642401,3176.797119140625,25962,166.16762961251058,540.6239889068639,-0.06327075658192453
12,130.1,5121.161832474925,3206.313720703125,25823,166.8215544282229,541.6292452464857,-0.054567316351724085
12,135.1,5151.052883306762,3212.35986328125,25717,166.83738383170666,543.6031807753626,-0.05278451488521528
12,140.1,5148.456138306138,3217.984375,25740,168.04382284382285,544.4389277389278,-0.05112603799503035
12,145.0,5175.74375653386,3236.175537109375,25827,169.71239400627252,545.0725597243195,-0.045762084024869344
12,150.1,5202.6925850627185,3247.190185546875,26069,170.59607196286777,544.9327170202156,-0.04251423944731993
12,155.1,5197.34453018611,2864.697265625,26436,171.65717203812983,546.8036011499471,-0.1552983707764595
12,160.1,5201.849377939615,3227.631591796875,26364,173.06065088757396,546.9394629039599,-0.048281402422686505
12,165.0,5177.283995416348,3211.904541015625,26180,173.72807486631015,546.8575630252101,-0.05291877390944459
12,170.1,5091.826937934587,3148.182373046875,27181,178.3679040506236,549.5497958132519,-0.07170827035877213
12,175.0,5077.113497043781,3128.554443359375,27569,180.8983278319852,550.910551706627,-0.07749587813997308
12,180.0,5051.0282406909655,3129.003662109375,27903,183.44109952334875,551.3367021467226,-0.07736341883456722
12,185.4,5047.43646012622,3121.973388671875,27888,182.6664515203672,549.3300344234079,-0.07943640696416897
12,191.1,5096.690565071,3142.189453125,27324,181.31551017420583,550.5614112135851,-0.07347537827714044
12,196.7,5041.6091254752855,3108.94921875,27615,183.16581567988413,547.6719536483795,-0.08327679096715081
12,202.3,5037.102847368234,3132.18896484375,28061,182.42917216065,546.6624140265849,-0.07642418157498554
12,208.0,5031.111539570419,3130.407958984375,27748,182.13514487530634,544.9866296670031,-0.07694933952766803
12,213.6,5087.269863013698,3145.2119140625,27010,180.68659755646058,543.7471306923362,-0.0725841575157684
12,219.2,5075.240422478195,3153.59814453125,27173,181.74367938762742,541.4178780407021,-0.07011134385234916
12,224.9,4983.927129777748,3199.48974609375,29381,183.84278955787755,541.9761750791328,-0.056579473985093255
12,230.5,5021.254013781524,3144.029296875,28589,183.02847248941902,541.8898877190528,-0.07293287103499992
12,236.2,4944.091922388881,3168.2470703125,29068,186.39338791798542,538.6576303839273,-0.06579187469856515
12,241.8,4882.073823519753,3187.093505859375,30451,188.45476339036486,538.7917309776362,-0.06023470291551863
12,247.4,4856.116120174963,3152.73486328125,31321,188.38977044155678,539.9070910890457,-0.07036589608273781
12,253.1,4852.985387238188,3197.859619140625,30795,188.48277317746388,537.4418574443903,-0.05706014288846007
12,258.7,4842.934360042978,3220.89111328125,30713,189.74274737082018,535.8649106241656,-0.050268939902550894
12,264.4,4840.701880966634,3232.42236328125,31739,189.63568480418414,538.8799269038092,-0.04686876712378474
12,270.0,4834.504078828105,3239.525390625,34201,185.93956317066753,542.9627496272038,-0.04477432634580747
12,275.6,4875.273075877895,3174.624267578125,33119,183.45958513240134,543.9384341314653,-0.06391145648307246
12,281.3,4954.894846709871,3186.110595703125,32096,182.06078639082753,544.3833187936192,-0.06052452963484689
12,286.9,4998.871414255293,3228.03955078125,31932,181.11687335588124,544.9970249279719,-0.04816110921652716
12,292.5,5034.186439626563,3301.112548828125,32241,181.08867590955614,544.872584597252,-0.026614371540922475
12,298.2,5055.356641795804,3295.49755859375,31362,179.99990434283526,543.5235316625216,-0.028270040869742826
12,303.8,5018.0779715947,3295.5380859375,31473,180.25336002287676,543.2248276300321,-0.028258090736755122
12,309.4,5037.312938005391,2862.735107421875,29680,180.9666105121294,539.0413409703503,-0.15587694438382196
12,315.1,5073.42604368261,3247.479736328125,28936,180.98220210118882,537.2815178324579,-0.0424288607863355
13,0.1,5426.387658430419,2984.23681640625,46866,693.4733922246405,618.8135962104724,0.05510375696134002
13,5.1,5433.271057858924,2981.221435546875,47322,686.6904822281391,619.8556062719242,0.05403764194797884
13,10.1,5119.931499078145,2694.835693359375,63459,636.0821317701193,643.8294646937393,-0.047216612024423885
13,15.1,5127.360493666563,2653.724853515625,61499,638.5801720353177,639.3814208361111,-0.061751719068378966
13,20.0,5343.718443759029,2827.892822265625,51226,676.4578924764768,626.568109944169,-0.00017306781651600414
13,25.1,5373.94967141516,2961.041259765625,48998,682.5403894036491,620.4200171435568,0.04690275936564473
13,30.0,5078.590448713082,2629.991455078125,65855,628.0081390934629,643.4655986637309,-0.07014287546695941
13,35.1,5399.901234567901,3056.02978515625,49005,679.6346495255586,617.2670543822059,0.08048680653538602
13,40.1,5423.59865175929,3136.215087890625,48656,679.245272936534,615.8060054258467,0.10883704124296702
13,45.0,5411.53277755185,3134.052978515625,49180,677.6852785685238,616.7787108580724,0.10807260803445543
13,50.0,5330.381861802395,2652.988525390625,52519,669.8320988594604,624.8844418210552,-0.062012054497113264
13,55.1,5115.7938764952105,2672.828857421875,63787,628.4051609262075,639.805853857369,-0.05499732672804115
13,60.1,5138.681375241264,2733.400634765625,63727,626.1186153435749,638.561033784738,-0.033581630262577974
13,65.1,5125.240596255565,2789.033203125,64469,624.464486807613,639.554250880268,-0.013912235540723418
13,70.0,5259.983922604573,2892.57958984375,57161,646.581025524396,633.3846328790609,0.022697520443150286
13,75.1,5330.215897659764,3001.716064453125,52687,658.5540266099797,625.4431643479417,0.06128370225982546
13,80.0,5407.744265324982,3102.80859375,48695,666.1893418215423,617.5095389670397,0.09702587489018179
13,85.1,5402.192422236929,3019.676025390625,48352,665.875806585043,618.3820317670417,0.06763360792275978
13,90.1,5449.836654819328,3026.16943359375,47268,666.5784463061691,616.1219218075654,0.06992941077357084
13,95.1,5425.526859591802,3001.283447265625,47134,665.587113336445,616.463593159927,0.061130746563632765
13,100.0,5465.980899289125,3004.8115234375,46281,665.2916099479268,615.880490914198,0.062378129614242626
13,105.1,5501.993009886329,3039.693359375,45922,664.4036409564044,616.2348547537129,0.07471091632373919
13,110.0,5504.616339352401,3029.75732421875,45522,664.4778129256184,616.7940775888582,0.07119794176185971
13,115.1,5487.10027213273,2997.4375,45566,661.7482772242462,618.8265592766536,0.05977097732992872
13,120.0,5489.5657597118825,3030.689208984375,45537,661.3773195423502,618.6420054022004,0.07152741799908745
13,125.1,5492.77094426695,3061.747314453125,45072,660.1323438054668,618.1742767128151,0.08250829042316074
13,130.1,5489.677185687712,3017.958251953125,45695,657.4523908523909,619.9116971222235,0.06702627367986373
13,135.1,5498.52393350691,3038.0576171875,44937,656.7499165498365,618.4582860449074,0.07413258496680292
13,140.1,5466.100573318633,2992.668212890625,45350,654.0208599779493,618.9821830209481,0.05808475299295109
13,145.0,5481.96991445395,3011.5029296875,45005,652.8938562381958,617.3635151649817,0.06474393645467687
13,150.1,5479.189823659881,3001.634033203125,45537,650.8259656982234,617.3703362101148,0.06125469937386567
13,155.1,5498.010685425525,2932.337158203125,44921,648.910798958171,617.2262638854878,0.03675416618688182
13,160.1,5511.52308068786,2982.452880859375,44951,646.5403884229495,617.2669573535628,0.054473030509827575
13,165.0,5509.469780408107,2925.56591796875,43763,646.7650298197107,615.5680140758175,0.03436013332350458
13,170.1,5511.11285956783,2921.37939453125,43594,646.4878882415011,615.1094875441574,0.03287995032219962
13,175.0,5508.555473696328,2924.9833984375,43435,645.0355013238172,615.3517900310809,0.03415417830594488
13,180.0,5505.147378142175,2835.142333984375,44396,638.2858365618524,619.9818226867285,0.0023900622301803688
13,185.4,5576.794464103931,2947.748779296875,41258,644.6941199282563,613.1498133695284,0.042203083386577224
13,191.1,5501.28726318994,2677.07666015625,42703,639.3880289441023,617.0902981055195,-0.053495477880379325
13,196.7,5536.140772093702,2943.004150390625,41109,641.408888564548,612.4362305091342,0.040525577179010126
13,202.3,5562.837516352536,2985.672607421875,41278,639.2970589660351,613.8634381510732,0.055611393783749304
13,208.0,5566.058244687477,3015.97509765625,40141,640.4874068907102,610.9499514212401,0.06632511164816322
13,213.6,5673.004074488537,2782.632568359375,34851,646.8215833118131,597.6582881409429,-0.01617523750860376
13,219.2,5670.870580975051,3202.73486328125,34029,645.9443122042964,594.5379823092069,0.13235570589485385
13,224.9,5673.610975100018,3221.056884765625,33494,643.8134889831015,594.4670388726339,0.1388336213193309
13,230.5,5674.1006308110855,3232.763427734375,33449,642.1099285479387,593.6122754043469,0.1429725748365092
13,236.2,5647.281362916953,3218.596435546875,33487,641.1170603517783,593.4843372054827,0.1379637073767632
13,241.8,5642.961067327843,3240.562255859375,33879,639.1040762714366,594.250745299448,0.14572992063740056
13,247.4,5661.218360204601,3262.23291015625,33431,640.2715443749813,593.7881008644671,0.15339177529945047
13,253.1,5639.813592069892,3240.599609375,35712,634.9776265681004,601.6956485215054,0.14574312730868583
13,258.7,5692.504709768182,3323.489501953125,32698,636.1223010581687,595.0470365159948,0.17504959407181012
13,264.4,5568.315491070278,3130.114990234375,38803,620.936834780816,613.5910883179135,0.10668029687215959
13,270.0,5680.4878353797185,3180.80126953125,35184,626.5136994088222,605.1795134151887,0.12460088662512923
13,275.6,5672.630600720751,3168.382568359375,35241,624.0412303850628,605.9910047955507,0.12021014317240127
13,281.3,5751.854255353719,3255.293701171875,30773,629.5229584375913,595.4085399538557,0.15093835557434604
13,286.9,5723.179025028016,3220.079833984375,32124,625.1317395094011,600.884634541153,0.13848817623120271
13,292.5,5625.798713259831,2960.693115234375,37459,608.9687658506634,618.2526762593769,0.04677966973654158
13,298.2,5608.609883170193,2910.906494140625,38004,606.4784496368803,619.5619671613514,0.029177162229886887
13,303.8,5550.909932986623,2847.2783203125,38649,602.2134337240291,621.846671323967,0.006680849308082638
13,309.4,5612.613022351798,2431.987548828125,36015,611.3123420796891,610.615465778148,-0.14014893672485257
13,315.1,5702.354685609703,3224.909423828125,32237,618.5879269162763,598.1900300896485,0.1401957211420853
14,0.1,8454.468193252249,5466.54443359375,38561,980.4726018516118,610.4328725914785,-0.028917325527304635
14,5.1,8460.194880788978,5629.30859375,39342,975.7370748818057,612.9741497636114,-3.7297680682759198e-06
14,10.1,8487.957001129611,5775.65478515625,40722,976.2604980109032,621.1692205687343,0.025993360839360883
14,15.1,8472.483348703761,5681.18212890625,39036,974.3651245004611,612.8009785838713,0.009211139307964954
14,20.0,8486.925764964499,5593.9580078125,39577,974.8677514718145,616.2606059074715,-0.006283444851952928
14,25.1,8477.74803069831,5607.40087890625,39481,975.2821863681264,612.0214786859502,-0.0038954391615411994
14,30.0,8542.47500703127,5650.10986328125,39111,974.9899516759991,610.1101736084478,0.003691429522085735
14,35.1,8505.24434297311,5651.5546875,39420,976.666768138001,608.1543378995434,0.0039480896084584894
14,40.1,8502.01394214897,5642.91796875,39377,976.2404957208523,606.6683343068289,0.002413853850512804
14,45.0,8549.392194448705,5536.73779296875,39126,974.0399478607576,610.7092981649031,-0.016448103703512237
14,50.0,8526.65465993678,5382.29345703125,39228,974.1694198021821,611.3036096665647,-0.04388375718099619
14,55.1,8575.775237061727,5383.8837890625,38703,973.5852259514767,612.1401958504508,-0.04360124893452236
14,60.1,8614.32304891002,5411.345703125,39542,972.7666531788984,616.3704668453796,-0.03872288577880203
14,65.1,8592.026503923278,5444.1826171875,40145,974.1472910698717,615.5278864117574,-0.03288970199760306
14,70.0,8547.085905170265,5484.09912109375,40114,974.5541207558458,614.3525951039537,-0.025798892467056824
14,75.1,8521.437711995066,5641.9892578125,38916,974.0413197656491,608.0547846644054,0.0022488766675858086
14,80.0,8550.249511502489,5696.89794921875,38383,972.7245134564781,609.0490060703958,0.012002914076465624
14,85.1,8604.148703609557,5415.462890625,35406,971.9963565497374,600.7226176354291,-0.03799150428225081
14,90.1,8649.4601578933,5413.74560546875,36607,973.5460431065097,606.2047968967684,-0.038296564614718864
14,95.1,8539.576197004852,5090.9287109375,37928,974.0557899177388,609.1591700063278,-0.09564209561963027
14,100.0,8560.315662908139,5262.84326171875,37426,973.7446694811094,606.9823652006627,-0.0651030148929639
14,105.1,8586.055602017968,5173.869140625,37067,972.6264601937033,604.564086653897,-0.08090847088443297
14,110.0,8540.50881343594,5055.74462890625,38464,972.9382799500831,610.2352329450915,-0.10189223277534558
14,115.1,8478.948572006779,5144.09521484375,39531,972.6816422554451,610.8700513521034,-0.08619754222162507
14,120.0,8513.093660198865,5038.15478515625,39323,972.7496884774814,610.2012308318288,-0.10501691102863794
14,125.1,8553.312092987053,5050.2734375,38543,972.7311055185118,608.0075759541292,-0.10286414094290446
14,130.1,8536.432676414495,5165.810546875,39325,972.7227717736808,609.9945327399873,-0.08234000791231263
14,135.1,8512.598947773644,5379.41748046875,38965,973.8654690106506,609.1692801231875,-0.044394648667557705
14,140.1,8509.733700667,5151.98486328125,37931,974.3978539980491,607.5003295457541,-0.08479601681587619
14,145.0,8501.681808622503,5214.27392578125,38040,976.0352786540484,604.0851472134595,-0.07373092256160124
14,150.1,8527.488403784166,5198.82763671875,38159,974.8288215099976,605.5883539925051,-0.07647481751676032
14,155.1,8513.644424649769,5145.61328125,37047,975.6549788107,600.0896698788026,-0.0859278713164095
14,160.1,8525.114635371237,5116.408203125,37833,975.1313932281341,601.6531335077842,-0.09111589196058902
14,165.0,8518.839550963536,5169.650390625,38037,973.9753398007203,605.9849094302915,-0.08165789404977956
14,170.1,8511.643204202232,5132.1572265625,38075,974.7567170059094,607.7535390676297,-0.08831821895421293
14,175.0,8476.109012045674,5070.74609375,38271,973.6487679966555,608.330511353244,-0.09922735685995857
14,180.0,8505.100786665627,4983.5908203125,38517,972.684269283693,610.2718799491133,-0.1147097108501642
14,185.4,8452.57655626393,5049.75390625,38586,972.8542217384544,609.2773803970352,-0.10295643101789621
14,191.1,8401.34847138751,5069.7666015625,38270,975.5933368173504,606.936817350405,-0.09940135487728326
14,196.7,8414.182302715317,5031.67919921875,37712,975.7453065337293,605.061068095036,-0.10616724089192806
14,202.3,8431.801169437307,5034.58642578125,38138,975.6693586449211,606.964261366616,-0.10565079812266027
14,208.0,8450.207852987836,5096.216796875,37820,976.6922792173453,606.9023532522475,-0.09470271449917846
14,213.6,8514.394393530998,5078.19921875,37100,981.8618867924529,607.2584905660377,-0.09790337593451291
14,219.2,8486.619797345815,5048.318359375,37601,981.3810802904178,606.8606951942768,-0.10321144306721554
14,224.9,8368.985758090266,4978.34765625,39461,974.655482628418,608.6296089810193,-0.11564111200172575
14,230.5,8430.536749144305,4987.62255859375,38273,974.9410027957045,606.9456013377577,-0.11399350864226294
14,236.2,8388.487489282095,4943.77001953125,38487,975.1475303349183,608.8021929482683,-0.12178351957742248
14,241.8,8379.834782834445,5063.69970703125,38519,975.2573275526364,608.2688543316285,-0.10047908437143042
14,247.4,8305.25378282434,4908.87841796875,39719,973.4261184823384,609.3084166268033,-0.12798170019655877
14,253.1,8342.315873682002,4969.39208984375,38126,975.4363688821277,608.4395425693752,-0.11723198819103386
14,258.7,8297.908016575433,4967.24951171875,39094,975.6672379393257,609.6477208778841,-0.11761259801158258
14,264.4,8306.69611050527,5033.87255859375,38514,974.7358882484291,609.6682764708937,-0.10577761023698165
14,270.0,8314.701933867475,5142.3798828125,38317,975.3617715374377,607.7420727092414,-0.086502255598924
14,275.6,8327.513911705651,5084.455078125,38349,975.7945709144958,607.4289290463897,-0.09679207852775125
14,281.3,8362.383062608422,5102.07666015625,38046,975.262392892814,606.2266466908479,-0.09366176225296033
14,286.9,8380.03937528078,5086.4189453125,37841,976.6043709204303,607.1955022330277,-0.09644321510517903
14,292.5,8429.095465076025,5109.689453125,37553,973.3753628205469,605.6736345964371,-0.09230941774243731
14,298.2,8431.128483347244,5118.35595703125,37141,977.3603026305161,606.7424948170485,-0.0907698909181622
14,303.8,8375.802730320933,5112.83642578125,37578,977.7440789823833,607.4301985204108,-0.09175038622615735
14,309.4,8195.752687900023,5010.0224609375,39529,975.1170027068734,616.4979129246882,-0.11001436654616624
14,315.1,8287.334581998553,5096.650390625,38708,977.2116875064586,612.97723984706,-0.09462569045162894
15,0.1,6570.457740064241,3727.3193359375,41718,1119.3754015053455,697.1211707176758,0.0036169151683091913
15,5.1,6537.82035942083,3745.6865234375,42958,1115.7724987196798,697.2690069370083,0.008562458707156925
15,10.1,6544.275198786598,3758.0673828125,43514,1115.012363836926,695.209587718895,0.011896125284438485
15,15.1,6531.771358455081,3704.091552734375,43601,1114.3129515378087,695.6887227357171,-0.002637390949160931
15,20.0,6526.809985941681,3634.267822265625,44102,1113.8500294771213,694.4460341934606,-0.021438108210743424
15,25.1,6524.392713383954,3633.14599609375,43724,1114.1149254414051,694.184658311225,-0.021740170797953727
15,30.0,6587.159079063655,3650.39453125,44129,1113.5002152779352,692.253801355118,-0.017095835262282835
15,35.1,6567.7016585670335,3657.5576171875,44858,1112.39168041375,691.398524232021,-0.015167104836004223
15,40.1,6542.506857759285,3623.32177734375,45423,1111.68190123946,692.615921449486,-0.024385437067669175
15,45.0,6558.348798124765,3497.825927734375,45221,1111.7712346033923,689.9994913867451,-0.058176412860117065
15,50.0,6497.877903264865,3366.13037109375,45423,1111.617638641217,691.1993483477534,-0.09363671995607276
15,55.1,6517.494020158733,3336.48388671875,45737,1110.6180991319939,690.799877560837,-0.10161932367535921
15,60.1,6551.737893369156,3514.6748046875,45409,1110.470853795503,690.4282631196459,-0.053639689175428384
15,65.1,6550.366521317829,3505.566650390625,45408,1110.7503743833686,689.2806113460183,-0.05609214813974932
15,70.0,6523.391394254037,3524.782958984375,45458,1110.4211139953363,689.9100048396322,-0.05091797050333522
15,75.1,6462.7905813575835,3397.560302734375,46185,1109.0106961134568,692.5372956587637,-0.08517390574721695
15,80.0,6404.212723073693,3663.470703125,47630,1107.3445097627546,693.0935334872979,-0.013574949044440898
15,85.1,6378.121007590572,3630.6064453125,47559,1107.2312916587816,693.3885910132677,-0.022423969499185837
15,90.1,6398.410998858689,3637.462646484375,47314,1107.254068563216,693.4803229488101,-0.02057787077521916
15,95.1,6354.390840784116,3355.46630859375,47646,1106.9069386727112,692.520127607774,-0.09650812230848754
15,100.0,6367.056967239085,3264.446044921875,47343,1107.1725281456604,691.5855775933084,-0.12101621190612782
15,105.1,6375.024462269881,3486.408935546875,47747,1106.6872473663266,691.6094623745995,-0.06125054884016113
15,110.0,6348.282235136717,3316.00244140625,47836,1106.421126348357,691.8127142737687,-0.10713415165495584
15,115.1,6346.511702217707,3351.949951171875,47256,1106.9182114440493,691.9881073302861,-0.09745493568032432
15,120.0,6347.57099474894,3283.460205078125,47419,1106.7136379932094,690.957337775997,-0.11589646469892159
15,125.1,6343.715575905234,3349.177490234375,47612,1106.1441233302528,690.5380366294212,-0.09820144770216548
15,130.1,6348.2518583847805,3433.56201171875,47622,1106.25022048633,690.2345554575617,-0.0754800961067833
15,135.1,6340.300770992206,3580.09326171875,47601,1106.1942396168147,689.1297661813827,-0.036025134552283906
15,140.1,6295.134154900504,3556.6025390625,48444,1105.0228304846833,688.9233754438114,-0.04235023967006425
15,145.0,6323.288247338247,3767.67822265625,48840,1104.6915847665848,688.1338042588043,0.014483937212212302
15,150.1,6339.8043557907595,3801.69677734375,49130,1103.995705271728,688.8769183798087,0.023643763306202138
15,155.1,6338.179848978683,3673.650390625,49397,1103.3775735368545,688.6836042674656,-0.010833969362978289
15,160.1,6365.800733841377,3684.14404296875,49602,1103.4322607959357,686.7360791903552,-0.008008451599436799
15,165.0,6346.306806602813,3647.251708984375,49070,1103.8656205420828,686.2777664560831,-0.017942070667105077
15,170.1,6353.7450507198955,3718.39599609375,48896,1103.9181937172775,684.9123445680628,0.0012142192896287805
15,175.0,6363.653652444517,3706.25439453125,48844,1104.1748628285973,682.7962902301203,-0.0020550247989768065
15,180.0,6410.635562941421,3600.6513671875,48140,1104.9738471125884,680.7205442459493,-0.03048966508141762
15,185.4,6428.709315728806,3844.033935546875,47715,1105.3227496594363,679.1996437179084,0.035043454151882196
15,191.1,6404.857719645035,3884.0341796875,47554,1104.981242377087,680.1192328721033,0.04581390820000469
15,196.7,6400.681311338484,3809.43505859375,47890,1104.1403842138234,681.2271455418668,0.025727370654236456
15,202.3,6412.334234196191,3727.384033203125,47362,1104.687386512394,681.0234365102825,0.003634335535145041
15,208.0,6338.595172803583,3639.0068359375,47771,1104.0205982709174,684.2271880429549,-0.020162082774325765
15,213.6,6308.0174782045115,3615.71435546875,47831,1103.3406995463192,686.3892872823064,-0.026433809258631737
15,219.2,6354.232417395736,3650.769287109375,47092,1103.8402488745435,685.4648772615307,-0.01699492860910159
15,224.9,6321.05909755013,3605.822998046875,47227,1103.409384462278,685.7667647743875,-0.029097153267516468
15,230.5,6375.330243756925,3673.873779296875,46932,1102.9395508395125,684.838873263445,-0.010773819794469598
15,236.2,6336.297033091617,3731.692626953125,46749,1103.5940020107382,683.4965881623136,0.0047944662291792926
15,241.8,6340.589152805644,3715.93994140625,46353,1103.696675511833,685.1267016158608,0.0005529027221999177
15,247.4,6346.951446437458,3696.834228515625,46217,1103.8040764220957,684.9783629400437,-0.0045914959475098745
15,253.1,6346.181810318731,3699.566650390625,46246,1103.6355360463608,683.043138866064,-0.0038557648319369293
15,258.7,6318.999290246263,3692.734619140625,46495,1103.491450693623,684.6998386923325,-0.005695355569802664
15,264.4,6306.251212559564,3758.615478515625,47008,1103.2058160313138,683.1733747447244,0.012043705373293136
15,270.0,6286.93919986517,3746.680419921875,47467,1102.8578591442476,682.8250574083047,0.008830074984095583
15,275.6,6291.884183160013,3736.797607421875,47696,1103.0829000335457,681.3258763837638,0.006169031778377853
15,281.3,6303.378093578791,3685.7392578125,47639,1103.6680031066983,680.314973026302,-0.007578924516774752
15,286.9,6324.45435027528,3648.410888671875,47043,1104.0709138447803,678.9033012350403,-0.017629950283193325
15,292.5,6346.268417748011,3705.55517578125,47780,1103.0047509418166,679.1034533277522,-0.0022432962352706694
15,298.2,6382.082435527655,3753.211181640625,47152,1103.5996988462844,677.1970648116729,0.010588545976016267
15,303.8,6328.4191193733595,3708.268798828125,46853,1103.8945851919834,678.0319936823682,-0.0015126268866651217
15,309.4,6435.760254035459,3760.611328125,45348,1106.3968642498016,670.9918849783893,0.012581107255870767
15,315.1,6431.014873256868,3785.8095703125,45249,1105.655749298327,674.5594156776946,0.019365978583650863
16,0.1,7210.929841052812,4973.89697265625,23404,317.5713980516151,691.2212869594941,0.02815669430517837
16,5.1,7255.166974738139,5188.58203125,22722,308.44212657336504,689.6682950444504,0.07253434856177335
16,10.1,7246.6662445654465,5131.53515625,23691,308.76404541809126,689.977122113883,0.060742160918385614
16,15.1,7193.897331003257,4990.111328125,25178,306.9874493605529,689.6772182063706,0.03150837171439825
16,20.0,7236.775281757402,3904.29345703125,26175,311.20152817574024,695.2479847182426,-0.19294157549973576
16,25.1,7153.043650017601,5088.66455078125,25567,290.19806782180154,680.9895959635468,0.05188035693572846
16,30.0,7169.45207253886,5122.71435546875,24704,287.38232674870466,680.1487208549223,0.058918808842089734
16,35.1,7262.971911281262,5212.15625,24031,292.7090424867879,685.8041280013316,0.0774073869367285
16,40.1,7284.6994236551955,5260.9013671875,23944,291.42048112261944,686.5741313063816,0.08748351413166994
16,45.0,7241.744643233003,5235.71826171875,23755,284.82007998316146,682.6875184171753,0.08227790199023846
16,50.0,7224.518762203922,4703.8291015625,23558,286.0302657271415,684.7888615332371,-0.027669168415395753
16,55.1,7337.6392462246695,5300.12255859375,23243,294.5770339457041,690.843264638816,0.09559094593507243
16,60.1,7778.178210900142,4662.82275390625,35761,339.65588210620507,733.9867173736752,-0.036145610746943155
16,65.1,7851.852907319539,4667.81787109375,35617,336.7912232922481,733.2635819973608,-0.03511306761157051
16,70.0,7844.812397766372,3563.626708984375,35458,334.20054712617747,732.0082068926617,-0.2633609668657211
16,75.1,7782.980450522929,3447.236572265625,37290,343.4016358272996,743.3216948243497,-0.2874200293827661
16,80.0,7194.798897618362,4642.31201171875,48622,378.9885237135453,789.206079552466,-0.040385396372012876
16,85.1,6834.060204189032,4274.4306640625,57006,378.6097077500614,808.5931130056485,-0.11643033103433856
16,90.1,7255.433676829916,2813.03564453125,47065,374.73392117284607,779.344629767343,-0.41851601568270524
16,95.1,7193.400974266652,4714.7841796875,47215,371.12673938367044,777.0470189558403,-0.025404638817622477
16,100.0,7658.392991439315,3217.6240234375,37497,340.9917860095474,741.7490732591941,-0.3348833525018288
16,105.1,7848.707525963864,5441.482421875,35145,336.8310712761417,739.0360791008678,0.124811512934687
16,110.0,7933.606190810242,3422.13671875,34212,329.6579562726529,734.2127616041155,-0.2926084324719414
16,115.1,7830.74836534829,5439.85205078125,34411,337.035976867862,739.3479120048821,0.12447449812246712
16,120.0,7927.211954156391,5526.47412109375,34465,335.7819527056434,740.1897867401711,0.14238018896326649
17,0.1,7333.117414050822,4857.87890625,26760,141.09304932735427,714.6899103139014,-0.0035264912518798556
17,5.1,7358.267774211818,4885.51123046875,26485,135.44519539361903,715.8250707947896,0.0021415954996647185
17,10.1,7350.446821994408,4864.4208984375,26825,134.87403541472506,715.9777446411929,-0.002184563625628434
17,15.1,7341.458001272122,4868.80712890625,26727,133.93508437160924,715.126912859655,-0.0012848371092366948
17,20.0,7364.415519067797,4898.73583984375,26432,132.67327481840195,716.52258625908,0.004854296487080266
17,25.1,7377.641089679551,4907.1357421875,26026,131.24248828094983,717.1961500038423,0.0065773283541054346
17,30.0,7432.013112840467,4948.607421875,25700,130.06770428015565,718.4707003891051,0.015084216024506856
17,35.1,7420.787800485475,4952.61328125,25542,129.8256596977527,719.0324171952079,0.0159059188343118
17,40.1,7461.356503045504,4979.52197265625,25119,128.49062462677654,718.4801544647478,0.021425570241618085
17,45.0,7478.964351297405,5010.98779296875,25050,127.69520958083832,718.4792015968064,0.027880003745939186
17,50.0,7456.79607298691,4996.65087890625,25210,128.0896469654899,719.1328441094804,0.02493914100806829
17,55.1,7532.450864732555,5056.6865234375,24921,127.6914249026925,719.3454516271418,0.03725396616335199
17,60.1,7592.246564300971,5092.1875,24813,127.29706202393906,719.649054930883,0.044536112005584855
17,65.1,7688.998548320199,5139.814453125,24110,125.99091663210287,719.4513894649523,0.05430560153122776
17,70.0,7678.960339709763,4464.1162109375,24256,126.37203166226912,720.1028611477573,-0.0842971531362976
17,75.1,7717.316313025659,4496.0576171875,23423,123.00046962387397,720.5491183879093,-0.07774516495904256
17,80.0,7768.472398546601,5205.6259765625,22843,121.42494418421398,721.2554393030688,0.06780520515276972
17,85.1,7777.944949777989,5222.10400390625,23197,121.6643100400914,720.6235289045998,0.07118526423644689
17,90.1,7777.008476731372,4511.12451171875,23594,121.34305331864033,719.8906077816393,-0.07465456481251023
17,95.1,7729.964246839153,5189.83251953125,23886,121.14908314493846,720.8002595662731,0.06456556870918842
17,100.0,7783.461340315021,4506.38134765625,23681,119.82876567712512,720.8131413369368,-0.07562750741300332
17,105.1,7854.51758684998,5294.62060546875,23057,117.18488962137312,721.5031443813159,0.08606024852403486
17,110.0,7861.880791782392,4576.30419921875,22683,115.93122602830313,722.4014460168409,-0.061284566680471886
17,115.1,7826.7355343028075,5282.38134765625,22899,115.81549412638107,723.1122756452247,0.0835496679986118
17,120.0,7843.299370399929,5310.396484375,22554,113.68484526026425,723.8496940675711,0.08929627925075206
17,125.1,7879.7213027229045,5331.84765625,22476,113.62408791599928,723.8977576081153,0.0936964557305608
17,130.1,7928.578324635595,5362.59375,22228,112.61881410833183,723.8125337412273,0.10000325516105786
17,135.1,7900.594032229503,5351.478515625,22588,112.54196918717903,722.3686027979459,0.09772324019733288
17,140.1,7890.628371450225,5358.47265625,22431,111.61299095002452,722.124470598725,0.09915791487403278
17,145.0,7949.544187072579,5373.1015625,22665,113.01385395985,721.3240238252813,0.10215867257536825
17,150.1,7987.287369797538,5407.22509765625,22177,110.6812914280561,720.7937953735852,0.10915827043777909
17,155.1,7978.51474905634,4374.91845703125,28612,128.5158325178247,707.308926324619,-0.10259386256910331
17,160.1,7975.461297508005,5421.4228515625,28732,128.1396004454963,707.0679729917862,0.11207058791714263
17,165.0,7892.692564942742,5367.2734375,29603,130.34824173225687,706.704759652738,0.10096317711731952
17,170.1,7867.186036309644,5364.58056640625,29634,131.79655125868933,707.3397786326517,0.10041080132550158
17,175.0,7856.968055857029,5346.017578125,27642,124.45094421532451,709.3927718688951,0.09660306415822287
17,180.0,7796.752121591541,5325.91748046875,28752,127.81423900946021,708.0050083472454,0.09248002708294
17,185.4,7759.102764340014,5295.42041015625,28940,128.8777816171389,707.1282308223912,0.08622430864135086
17,191.1,7758.138256032314,5288.748046875,28223,127.22719058923573,707.6000425185133,0.08485563861502413
17,196.7,7651.007370845673,5247.5712890625,30390,132.6974333662389,704.1410990457388,0.07640924686089795
17,202.3,7713.439340552772,5255.8486328125,30935,136.65812186843382,703.4983675448522,0.07810713886867629
17,208.0,7666.65851704596,5232.4921875,33703,146.58030442393851,700.5495949915438,0.07331614274432112
17,213.6,7679.908896942772,5230.2353515625,34214,147.3105161629742,700.1139591979892,0.07285320876249293
17,219.2,7695.1697801387045,5241.13623046875,33885,146.02803600413162,698.5262210417588,0.0750892540122364
17,224.9,7715.949160035367,5294.7314453125,33930,147.00002947244326,700.1642204538756,0.08608298457203897
17,230.5,7737.214591375647,5292.47265625,33417,143.856360535057,700.4533620612264,0.08561964995500365
17,236.2,7644.816970567981,5232.24072265625,33399,139.98077786760084,699.2897092727327,0.07326456096140431
17,241.8,7715.385943812255,5318.5751953125,32427,137.58161408702625,700.5938261325439,0.0909739391805708
17,247.4,7759.03970679975,5376.779296875,32060,136.90698689956332,702.1615720524018,0.10291306867037689
17,253.1,7626.00670702754,5282.833984375,33696,139.59701448243115,698.7220144824312,0.08364251520786206
17,258.7,7538.452535835588,5224.7880859375,34742,140.6260434056761,696.339732888147,0.07173583716983277
17,264.4,7555.343403115155,5253.0,33963,138.1154786090746,697.9062803639255,0.07752281241909047
17,270.0,7750.155888623296,5375.85107421875,30958,135.6837651011047,703.8494411783707,0.10272266678819268
17,275.6,7682.149250135518,5351.234375,33206,144.0431247364934,701.191561765946,0.09767316079644275
17,281.3,7699.72192565908,5317.63818359375,30535,132.73404290158834,704.8140822007532,0.09078173443995455
17,286.9,7697.596522143902,5276.1142578125,30076,131.9037105998138,705.4201356563373,0.08226412977776264
17,292.5,7708.9692838370565,5284.8681640625,30440,132.392247043364,705.3517739816032,0.08405977677607847
17,298.2,7681.426370418423,5283.76171875,30830,131.2944210184885,705.3925397340253,0.08383281693124449
17,303.8,7627.30849878776,5261.40087890625,30522,128.31069392569293,705.9314592752769,0.0792460446037192
17,309.4,7530.595564727082,3832.716552734375,34406,137.57199325699005,699.5022089170493,-0.21381315075051494
17,315.1,7485.816437714186,5144.955078125,34141,132.96441229020826,700.4902902668346,0.055360073396369947
18,0.1,6829.924470403626,4343.9638671875,57355,893.2465347397786,788.3628977421323,0.005761977208991048
18,5.1,6862.092127698168,4331.9404296875,55130,887.7247233810992,787.3758570651188,0.002978179589450037
18,10.1,6775.109168474595,4283.39306640625,54851,883.5609195821407,790.1782100599806,-0.00826203639182291
18,15.1,6808.137593781072,4335.3828125,55315,888.1746180963572,787.5387146343668,0.0037751976700934795
18,20.0,6788.589296540575,4300.70703125,54431,885.7160992816594,787.0141830941926,-0.004253318076711444
18,25.1,6775.272940838908,4294.16015625,55763,885.7680182199666,785.2878431935154,-0.00576912210866425
18,30.0,6825.0619435937615,4275.4521484375,56164,885.3551741328965,784.9388576312228,-0.010100604483383804
18,35.1,6801.423500329011,3600.3671875,56229,885.0949154350958,785.0815237688737,-0.1664036507000543
18,40.1,6837.456208985361,4397.10009765625,55468,884.554463835004,782.8033460734117,0.01806465786003521
18,45.0,6747.940052174839,3545.70458984375,56349,883.4797778132709,785.461303661112,-0.17905973255962207
18,50.0,6678.692822597603,3465.96533203125,57068,880.0657811733371,784.4685988645125,-0.19752183676920476
18,55.1,6586.950723103454,4149.43798828125,58567,882.5630474499292,792.7873546536446,-0.03927677968880476
18,60.1,6589.373780832719,4139.62548828125,58339,870.0815920739128,785.6781912614204,-0.04154867690137364
18,65.1,6678.493221421727,3317.3369140625,56354,871.8293821201689,781.0708024275118,-0.23193391202950805
18,70.0,6666.433341670835,4169.3515625,55972,875.3739012363325,782.2412456228114,-0.034666171407544966
18,75.1,6743.795100102531,4268.92138671875,55593,877.9523860917741,777.7843253647042,-0.011612677792405938
18,80.0,6747.854275613169,4286.20849609375,54308,876.2299845326655,775.2601458348678,-0.007610177348845592
18,85.1,6800.623528796359,3438.650390625,57351,879.4164181967185,772.7872399783788,-0.20384609044995297
18,90.1,6745.829323455559,4287.84521484375,56153,876.6766334835182,774.3120581269033,-0.007231226340857391
18,95.1,6682.766903623438,4317.31982421875,55003,873.605948766431,773.4751013581077,-0.000406942735189197
18,100.0,6698.263419018515,3285.644775390625,55630,872.8762717957936,771.2881898256336,-0.23927162224698365
18,105.1,6635.503301528037,3248.54150390625,57852,875.8951980916822,777.010371292263,-0.24786217705590471
18,110.0,6622.490148838206,3213.28564453125,56034,872.2424956276546,775.7721383445765,-0.25602499882821383
18,115.1,6602.120329849181,4275.06103515625,55298,870.9863828709899,774.8530507432457,-0.010191159303610102
18,120.0,6631.377558839627,4297.47412109375,54810,870.7560664112389,772.8623973727422,-0.005001836759256159
18,125.1,6575.798498344283,4236.27783203125,56471,871.3738024826903,774.5980591808185,-0.01917067024110618
18,130.1,6599.680341325251,4239.26904296875,55431,869.7830816691021,773.1521350868647,-0.01847811240252154
18,135.1,6566.558758630507,4208.2421875,56196,869.922681329632,772.5633497046053,-0.025661788983844414
18,140.1,6519.148984039935,4130.95703125,56892,870.5887119454405,772.6094705758279,-0.04355569278586485
18,145.0,6548.534526674513,4123.05029296875,56927,869.9438930560191,770.7616596694012,-0.045386347222724326
18,150.1,6566.4931065767705,4128.61669921875,56213,868.9557753544553,769.8384359489797,-0.04409755202849237
18,155.1,6577.140045893888,4119.8359375,57524,869.963545650511,768.3948091231485,-0.046130569921288264
18,160.1,6577.302126387252,4081.95556640625,56857,867.5117927431978,766.9516154563203,-0.05490104732245672
18,165.0,6525.485367455232,2966.384765625,56347,865.6825563029088,766.4622073934726,-0.31319018798163206
18,170.1,6511.137080425539,3888.58984375,55741,864.5275829281857,764.8765181823074,-0.09967119216924418
18,175.0,6488.291647397816,3842.324462890625,56222,863.9977410977909,765.6022197716196,-0.11038305864698704
18,180.0,6506.845354720637,3849.349609375,55734,862.4408798937811,763.5317938780637,-0.10875651997531931
18,185.4,6474.500897347051,3824.49658203125,56277,861.8950192796347,763.6690477459708,-0.11451076441314492
18,191.1,6429.692319751946,3713.478515625,57407,861.6983120525372,762.1413764871879,-0.140214880144421
18,196.7,6416.683562923993,3763.71533203125,57784,861.6451785961511,761.2719610964973,-0.12858350351647765
18,202.3,6427.934659140252,3784.937744140625,57575,861.1793486756404,760.8944680851064,-0.12366985878625832
18,208.0,6409.585356168641,3806.79638671875,57922,860.9110700597355,759.8872621801734,-0.11860890702638248
18,213.6,6416.229303570219,2789.291015625,59044,860.126803739584,756.921888760924,-0.3541928679294915
18,219.2,6433.106621334467,3724.02880859375,58825,858.9301147471314,755.7556311092222,-0.13777216104251136
18,224.9,6376.2935346697905,3741.177978515625,57615,857.1676126008851,759.2274928404062,-0.13380159784828177
18,230.5,6405.264060356653,3760.8017578125,58320,856.2676440329218,756.5889574759946,-0.12925808605366906
18,236.2,6355.33187272136,3723.173095703125,58423,855.4825839138696,756.207401194735,-0.13797028504057202
18,241.8,6352.941691653538,3760.6181640625,59031,854.3232200030493,753.3303857295319,-0.1293005936846367
18,247.4,6320.188400887549,3813.449951171875,59039,852.9809447992005,752.361286607158,-0.11706840108654024
18,253.1,6324.308480268682,3797.878662109375,59550,852.1984382871536,749.0368429890848,-0.12067363606408908
18,258.7,6315.993718020163,3822.59423828125,59217,849.5402671530135,746.8159818970904,-0.11495121582338419
18,264.4,6298.632262405383,3797.224365234375,59450,848.1713204373423,747.1159629941127,-0.12082512602551634
18,270.0,6306.170714418322,3764.272705078125,59251,848.4071492464262,747.7724595365479,-0.12845445441873943
18,275.6,6288.623268513586,3746.69482421875,60064,847.4057838305807,747.3139151571656,-0.1325242774533669
18,281.3,6323.5162419373655,3757.28564453125,59999,847.6754445907432,746.2396039933999,-0.13007217501802557
18,286.9,6296.646856557174,3730.478759765625,60491,846.8784447273148,745.3898927113124,-0.1362787978742476
18,292.5,6275.331818930041,3734.959228515625,60750,846.8843621399177,748.7645432098766,-0.1352414307951009
18,298.2,6275.921956514695,3730.750244140625,61722,846.3536988432002,746.3577978678591,-0.13621594084547628
18,303.8,6242.522193296453,3720.530517578125,61460,845.9100065082981,745.1507972665148,-0.13858212360120215
18,309.4,6221.793293508036,3180.00927734375,60598,844.9032476319351,746.9549655104129,-0.2637295069411004
18,315.1,6230.780034579152,3750.124755859375,61887,843.2377720684474,744.4187632297575,-0.13173014220407897
19,0.1,5372.270372289246,2404.984130859375,27022,293.93571904374215,816.7560506254164,0.09678582386774147
19,5.1,5339.372952586207,2461.31640625,27840,288.305316091954,818.5407327586207,0.12247598967044623
19,10.1,5347.113280828568,2461.218017578125,27807,288.671809256662,819.1579098788075,0.12243111981074237
19,15.1,5322.275800963992,2443.991455078125,28216,288.1374397504962,818.0602495038277,0.11457499747648801
19,20.0,5303.782940756602,1192.27197265625,28020,286.42005710206996,818.0270164168451,-0.45626793082541767
19,25.1,5289.3221152174665,2424.9404296875,28763,286.3124847894865,818.1669853631402,0.10588683429467295
19,30.0,5315.855522918232,2425.884765625,29278,287.55915704624636,819.83670332673,0.10631749587614824
19,35.1,5298.8542514273995,2405.058837890625,29249,285.9540839003043,820.8446100721392,0.09681989378602777
19,40.1,5348.521213834034,2416.2294921875,28307,282.31168968806304,818.0952767866605,0.10191423728664864
19,45.0,5333.22705040051,2466.79296875,28214,282.29024597717444,819.0977528886368,0.12497355962795748
19,50.0,5281.565957446808,1843.8197021484375,29375,287.7549276595745,824.9406978723405,-0.15913153640567834
19,55.1,5304.343638357327,2447.88916015625,28271,283.26270736797426,822.3864030278377,0.11635253422629485
19,60.1,5339.684882550918,1820.1051025390625,28821,285.4074806564658,824.1991950314007,-0.169946508669536
19,65.1,5339.478453849649,1756.2384033203125,28613,281.87519658896304,823.5130185579981,-0.19907272593705685
19,80.0,5147.393005493769,2222.612060546875,37315,303.3231944258341,847.9570414042611,0.013615586350753545
19,85.1,5249.736530154371,2324.023193359375,29863,280.7066269296454,823.7902755918695,0.059863830330381874
19,95.1,5174.72083447708,2274.434814453125,40073,310.4217303421256,853.4312130362089,0.03724919836043092
19,105.1,5285.515777888944,2335.182861328125,49975,345.2266333166583,867.5872336168084,0.06495316354890181
19,115.1,5312.697727541255,2430.10205078125,50782,346.46106888267497,867.730179985034,0.10824077616529094
19,120.0,5296.22754205273,2395.7177734375,50294,344.92028870242973,866.8995705253112,0.0925599292646147
19,125.1,6344.073740838188,3702.93017578125,85136,342.586438169517,816.5021025183236,0.6887102378167143
19,130.1,6404.639206347307,3748.28173828125,83563,338.794406615368,814.2747388198126,0.709392682329343
19,135.1,6390.274346764641,3679.7578125,82742,339.1428778613038,815.4178289139736,0.678142550809438
19,140.1,7946.705321134052,5588.5986328125,33226,335.82525732859807,742.7110696442545,1.5486637009804858
20,0.1,5611.883105360444,2448.880126953125,54100,679.9644177449168,863.5315526802218,0.0470771349302646
20,5.1,5603.7072131387395,2459.53369140625,54678,674.0168257800212,863.1588024433959,0.05163232063396506
20,10.1,5640.097243377791,2453.40869140625,53834,672.3706579485083,863.0150648289185,0.04901343072552871
20,15.1,5591.412045940651,2406.03271484375,55637,672.1764832755181,860.383575678056,0.028756701432165712
20,20.0,5607.576019211028,1926.03076171875,54552,669.6533032702743,860.6164026983429,-0.1764795877219243
20,25.1,5622.80929884722,2407.576416015625,54824,669.5818619582665,861.6420180942653,0.02941674770492731
20,30.0,5664.277341847503,2467.11474609375,55437,668.8983530854845,860.8845897144506,0.05487378146929532
20,35.1,5673.312882115643,1461.25,55775,669.850614074406,859.0456656207979,-0.3752076932730418
20,40.1,5668.645877283136,2798.453369140625,55461,667.6253583599286,855.182200104578,0.19654551635462714
20,45.0,5683.25242438963,1488.535400390625,55581,668.8234288695777,856.7868516219571,-0.36354116923538415
20,50.0,5679.256281774624,1030.6856689453125,54682,667.1315057971544,860.5779049778721,-0.5593057474006776
20,55.1,5673.429344755308,2610.349365234375,54865,665.2726510525836,855.4291078100792,0.1161171608335577
20,60.1,5709.18759842155,1918.156005859375,53977,663.7348129758972,860.3673416455157,-0.17984662750176383
20,65.1,5743.337440533693,1020.2926635742188,54863,664.0007473160417,858.4058290651259,-0.5637495248512381
20,70.0,5723.432497013142,1948.61767578125,54405,662.363606286187,851.6718500137855,-0.16682201363196503
20,75.1,5549.643805420071,2209.106689453125,100257,739.6142812970666,923.5012318341861,-0.05544371989093446
20,80.0,5673.5235010903125,2513.425048828125,92634,724.0404711013235,902.7125893300516,0.07467485648769322
20,85.1,5712.503099936455,1391.437255859375,58227,660.1988596355643,851.2793549384306,-0.40505779794408375
20,90.1,5722.835343320174,2725.757568359375,55473,656.6985560542967,844.7802895102121,0.16546269201965325
20,95.1,5558.27003956873,2896.767333984375,102859,735.836407120427,920.3278857465074,0.23858199805057212
20,100.0,5687.688280327693,1086.47216796875,55906,653.5961614138017,844.0169033735199,-0.535452898532192
20,105.1,5722.853125750145,1412.305419921875,58322,655.4454236823154,846.5369843283838,-0.39613511643047145
20,110.0,5715.745867228735,1034.22607421875,57407,655.5725259985716,845.0830038148658,-0.557791962642738
20,115.1,5588.651949085123,2992.0625,103074,734.8613811436444,920.201825872674,0.27932772027115776
20,120.0,5611.319205427302,3025.023681640625,102445,735.46527404949,919.0745766020792,0.2934210600211611
20,125.1,5618.099919538426,3066.946533203125,101912,734.5480021979747,918.9107367140277,0.31134617559502337
20,130.1,5628.161982818399,3031.94091796875,103832,732.8288774173665,919.2866457354188,0.29637868947650736
20,135.1,5614.848560255955,2953.588623046875,104081,732.7984934810388,918.8818228110798,0.26287729609304167
20,140.1,5624.651598633017,2735.280517578125,100367,729.9560313648908,910.996453017426,0.16953445620047547
20,145.0,5630.749072953478,2992.772216796875,103285,732.3730841845379,915.6772522631553,0.279631176623351
20,150.1,5656.779042009901,2883.332275390625,102214,734.6238577885613,915.734772144716,0.2328375181533602
20,155.1,5639.710643851508,2287.35986328125,103440,732.2301624129931,914.455462103635,-0.0219847080963888
20,160.1,5667.082657799465,2581.867431640625,101648,734.2815697308358,913.0008558948529,0.10393903047250853
20,165.0,5755.243023691774,950.5697631835938,56011,654.4598382460588,837.9285497491564,-0.5935612146830618
20,170.1,5714.570996702088,2365.026123046875,54580,650.9375778673507,836.6851593990473,0.011223354585438394
20,175.0,5639.606749559409,2363.56591796875,102703,732.1109996786852,914.5172195554171,0.010599009059993647
20,180.0,5764.262767047117,2087.54638671875,54672,653.9382133450395,837.3227794849283,-0.10741972807012182
20,185.4,5752.649334698055,2079.44580078125,53735,651.7598585651809,837.3993300455941,-0.11088332688875695
21,0.1,8813.367953235105,5445.07666015625,12488,462.5470852017937,835.6587924407431,-0.05996772157546587
21,5.1,8755.705960784313,6026.44970703125,12750,454.77294117647057,835.7603137254902,0.04039990664684042
21,10.1,8790.01252643566,5768.39306640625,12294,454.8366682934765,835.7316577192126,-0.00415071898977622
21,15.1,8882.064955752212,5632.00146484375,11300,455.3137168141593,838.8080530973451,-0.027697220899097177
21,25.1,8863.94869735903,6090.25830078125,11208,451.1254461099215,836.743397573162,0.05141575481749901
21,30.0,8673.689938562196,5828.94287109375,12533,449.0033511529562,834.4195324343733,0.006302535282114571
21,35.1,8797.721192794967,6004.06494140625,11603,448.9363095751099,836.7560113763682,0.03653542437307494
21,40.1,8815.273028673835,5916.6435546875,11160,447.0466845878136,835.6932795698925,0.02144308858621741
21,45.0,8596.443137566557,5690.79443359375,12583,444.75363585790353,832.2655169673369,-0.017547264926242426
21,50.0,8415.938147402936,3750.865478515625,13419,444.4688128772636,831.6278411207988,-0.35245454896280665
21,55.1,8441.967392996108,5321.28125,12850,444.115953307393,829.1519844357977,-0.08133963031629525
22,0.1,11338.145493199034,7539.14404296875,48449,121.26334908873248,982.2435137980144,-0.020765073554080773
22,5.1,11427.374741113319,7715.17626953125,47318,116.8481973033518,983.6925482902913,0.002099180457726492
22,10.1,11464.214487677245,7784.76171875,47392,116.22486917623227,983.1157157326131,0.011137408386396848
22,15.1,11390.112906271637,7770.10791015625,47659,116.51169768564175,983.1397847206194,0.009234072795689281
22,20.0,11372.0256689875,7685.88330078125,47684,116.68756815703381,983.1505536448285,-0.0017055880857318516
22,25.1,11365.601090710014,7636.875,47492,115.45245515034111,984.4856607428619,-0.00807111705523396
22,30.0,11436.075821968496,7700.04296875,47295,115.42272967544137,984.1883920076118,0.00013356518456666342
22,35.1,11448.92918652108,7723.775390625,46799,114.28654458428599,984.2093848159149,0.003216092359627494
22,40.1,11456.459411449974,7700.814453125,46725,113.48402354200107,984.5833707865169,0.00023377078362427415
22,45.0,11425.141829940221,7693.92138671875,47007,113.5135618099432,984.8982491969281,-0.0006615472175759098
22,50.0,11320.170593082465,7626.0380859375,47329,113.66504680005916,984.2355215618331,-0.00947868861566726
22,55.1,11365.028871169017,7636.8818359375,47279,112.98049874151314,984.5271473592927,-0.008070229157520791
22,60.1,11447.906180209586,7770.65869140625,46568,111.91835595258547,983.5507215255111,0.009305611982864588
22,65.1,11536.594958019941,8299.1005859375,45736,110.99291586496415,982.766529648417,0.0779432128528014
22,70.0,11474.34783654898,8119.921875,45714,111.28774554840967,981.9466902918143,0.054670272207875625
22,75.1,11494.826273150704,8145.38818359375,45301,110.82313856206265,982.1266859451226,0.057978008295755175
22,80.0,11476.966654111182,8288.376953125,45133,110.82050827554117,981.8700950524006,0.07655035502590062
22,85.1,11494.877533314053,8350.0087890625,44951,110.62092055794086,982.0044047963338,0.08455551396529919
22,90.1,11505.889044912516,8279.9365234375,44865,110.64194806642149,981.4807756603143,0.07545405503519817
22,95.1,11451.065302627429,8409.7685546875,44378,110.50015773581504,980.7224300328992,0.09231751577381998
22,100.0,11473.060663659056,8298.544921875,43667,109.83383332951657,980.6418805963314,0.07787103945297383
22,105.1,11498.828036951501,8496.486328125,43300,109.94060046189377,980.4530484988453,0.10358100563548679
22,110.0,11482.774306847785,8352.9521484375,42992,108.92596296985485,981.4926963155935,0.08493781735208353
22,115.1,11418.961154428023,8447.681640625,42965,109.13015244966833,981.4438729198184,0.09724192333358406
22,120.0,11412.616094924811,8421.3876953125,42560,109.47758458646616,980.4943843984962,0.09382668820114587
22,125.1,11365.362612453071,8379.423828125,42351,109.91154872376094,979.6605747207858,0.08837613782506411
22,130.1,11403.688418591335,8387.4248046875,41912,109.78278297384998,979.2113714449322,0.08941535867706285
22,135.1,11283.798095918124,8297.37890625,42015,110.68449363322623,978.4958467214091,0.07771958947161334
22,140.1,11267.330012752953,8366.8681640625,41559,109.53523905772516,979.7106523256094,0.08674532341103411
22,145.0,11319.71437957803,8424.4443359375,41093,109.25970359915314,979.2048767429976,0.09422370532146274
22,150.1,11403.067651767024,8505.4775390625,40605,107.95995567048394,979.6311784263022,0.10474884481336454
22,155.1,11324.68141461605,8370.6640625,40435,109.0151848645975,978.5816248299741,0.08723836032690364
22,160.1,11298.259781608338,8401.376953125,40203,108.58816506230879,978.0278088699848,0.09122755790964017
22,165.0,11226.899446101406,8308.9580078125,39899,108.29401739391965,977.8559362390035,0.07922356135519067
22,170.1,11166.368617181992,8015.73486328125,39716,109.24043206768053,976.1484036660288,0.041137759740206205
22,175.0,11116.788429627395,8049.43115234375,39774,109.39739528335093,976.3504299290994,0.04551446125347564
22,180.0,11103.239828532753,8186.63330078125,39891,109.97377854653932,975.6374119475571,0.06333520256942377
22,185.4,11070.81386888973,8229.2685546875,39585,110.17370215990906,974.631855500821,0.06887295718519175
22,191.1,10956.437803606399,8190.45703125,39319,109.58172893512042,975.458480632773,0.0638318544974112
22,196.7,10934.69638140179,8168.8330078125,38993,108.46751981124817,975.3198266355499,0.06102318034559769
22,202.3,10985.640851437576,8138.8232421875,38711,109.17558316757511,974.7297925654207,0.05712530938478709
22,208.0,10993.030504324268,8154.14794921875,38388,108.10737730540794,975.5495467333542,0.059115785793915646
22,213.6,10971.148424931236,8116.20654296875,38538,108.79160828273392,975.1237479889978,0.05418769980076844
22,219.2,11070.484814961148,8197.21875,37965,107.56109574608192,975.8204662188858,0.06471011217826551
22,224.9,11056.60908295554,8125.54833984375,37719,106.82613536944245,976.416050266444,0.055401075447078695
22,230.5,11075.895594303207,8172.212890625,37565,107.22315985624917,976.0404099560761,0.06146218234349439
22,236.2,11028.17116076704,8144.48974609375,37234,105.6706504807434,977.8256432293066,0.057861313167738716
22,241.8,10985.66163850541,8094.95263671875,37522,106.10404562656575,978.7224028569906,0.051427098967996486
22,247.4,10970.193524356826,8101.6787109375,37587,105.74387421182855,978.4993481788916,0.052300726896489264
22,253.1,10947.188444301317,8097.5439453125,37263,105.38612028017067,977.3019885677481,0.05176367562255265
22,258.7,10968.874669544106,8150.05908203125,37070,105.25206366333963,976.8173995144322,0.058584696118910304
22,264.4,10939.803962008142,8122.072265625,36850,104.53253731343284,977.1387516960651,0.05494957945993241
22,270.0,10894.105729988572,8087.43017578125,36754,104.35816509767645,976.1961147086031,0.05045003095591956
22,275.6,10896.162206489353,8095.6806640625,36583,103.98657846540743,976.7215646611814,0.05152166007444896
22,281.3,10876.431884137326,8058.98876953125,36526,103.2881509062038,977.2935443245907,0.04675586909901594
22,286.9,10825.916099585062,8027.67138671875,36150,102.51308437067773,976.8675242047026,0.04268815598992921
22,292.5,10780.448332044625,7999.80810546875,36212,102.8916381310063,976.5428863360212,0.03906908491105358
22,298.2,10749.233442970231,7968.5458984375,35876,101.8588750139369,976.9923904560152,0.03500853840493742
22,303.8,10638.630564504832,7856.3203125,35695,101.66575150581313,976.6770696175935,0.02043192164784683
22,309.4,10596.116195401653,7753.13818359375,35578,101.29380516049244,976.4940131541964,0.0070299301440132035
22,315.1,10554.746688043204,7720.2626953125,35553,101.73099316513374,975.1303968722752,0.0027598397775892335
23,0.1,4852.95970052332,1665.4410400390625,26179,470.86706902479085,937.0551587150005,0.2298860539842644
23,5.1,4833.554779993058,1649.2196044921875,25931,463.920057074544,938.6874397439358,0.21790693441468886
23,10.1,4856.6443015059895,1675.5301513671875,25963,463.0332781265647,937.9598274467511,0.2373366073339432
23,15.1,4855.5114986584895,1732.5830078125,26090,462.30509773859717,938.2777309313914,0.2794686977503114
23,20.0,4922.82142582481,47.93895721435547,26006,461.13100822887026,936.6795354918096,-0.9645982934832078
23,25.1,4926.2863589031585,1760.758056640625,25929,459.0595472251147,937.3956573720544,0.3002752581694205
23,30.0,4938.309697985206,1725.8363037109375,24469,461.4542891004945,939.0225591564837,0.27448642753756614
23,35.1,4970.696471646429,1938.136474609375,24459,460.62013982583096,937.8029355247558,0.431264730202871
23,40.1,4974.523837878607,1928.485107421875,25191,456.12901433051485,935.620578778135,0.42413743982127383
23,45.0,4930.45466389805,1932.3016357421875,24561,454.71825251414845,936.323724604047,0.42695584938543246
23,55.1,4888.08028096182,1993.1829833984375,23206,452.37636818064294,936.492760492976,0.4719151836578923
24,0.1,5281.945668761221,2182.693359375,44560,864.5012791741473,1036.0821364452424,0.21238289556130643
24,5.1,5230.840690104166,1590.306396484375,46080,860.7790364583333,1035.4685546875,-0.11666003585978697
24,10.1,5275.542040185472,2159.28955078125,45290,856.8137116361228,1037.0508942371384,0.1993831871468464
24,15.1,5251.0511691466745,1517.9486083984375,46102,856.4892412476682,1035.593271441586,-0.15685136381671075
24,20.0,5275.102816840652,1551.4288330078125,46364,853.4247476490381,1033.286644810629,-0.1382546830316554
24,25.1,5268.432486865149,1546.9637451171875,45680,852.7515105078809,1032.9504816112085,-0.14073482810678484
24,30.0,5314.3636991181975,2218.281005859375,44908,851.3638772601763,1033.180613699118,0.23215014949352772
24,40.1,5293.70197740113,2397.498046875,46020,848.1678183398523,1029.3201651455888,0.3316967368266515
24,55.1,5405.486791817898,2478.85009765625,41603,838.4455447924429,1028.6227435521478,0.37688395218257503
24,60.1,5378.494051435492,2489.67431640625,42111,841.740661584859,1026.220180000475,0.38289629359276367
24,70.0,5397.20794489093,2477.046630859375,43550,839.3142135476464,1020.6759586681975,0.3758822117008658
24,90.1,5424.882055148642,2648.428955078125,46420,833.7060749676864,1012.9610081861267,0.4710769845222077
25,0.1,5753.835158396638,2810.522705078125,49496,335.8521698723129,1061.8625747535154,0.011315747157925238
25,5.1,5748.249903327567,2816.665283203125,49135,330.42136969573625,1063.0704182354737,0.013526042764054357
25,10.1,5743.907019729176,2836.1103515625,49774,329.48205890625627,1062.3835938441757,0.020522998811008483
25,15.1,5711.388663559134,2774.96630859375,49557,328.8918417176181,1061.9739693686058,-0.0014785788270127028
25,20.0,5703.124334247902,2657.1123046875,49568,328.5600185603615,1062.3083440929631,-0.04388620990597571
25,25.1,5675.983990747504,2747.57373046875,49284,327.5862145929714,1061.2477477477478,-0.011335302475966877
25,30.0,5694.844534785918,2725.3466796875,49934,325.83966836223817,1061.348960628029,-0.01933330456552201
25,35.1,5683.725259142384,2702.15478515625,50069,323.5945595078791,1061.4595857716351,-0.027678488222462768
25,40.1,5668.029143209533,2722.08154296875,50269,322.42051761523004,1061.4729952853647,-0.020508204940576494
25,45.0,5655.801567937283,2742.185302734375,50002,320.44334226630934,1061.6704731810728,-0.013274230708195644
25,50.0,5640.220969855833,2291.330322265625,49595,319.58800282286523,1061.8961387236616,-0.17550623851542357
25,55.1,5643.835885645742,2782.00390625,50020,319.54616153538586,1061.2146141543383,0.0010537733646517626
25,60.1,5657.50150872695,2261.528564453125,50705,317.73162410018733,1061.8312789665713,-0.18622986188779914
25,65.1,5681.96191295507,2279.515380859375,51146,317.45907793375824,1060.6659562820162,-0.17975763142333342
25,70.0,5625.116388449825,2220.101318359375,51878,316.63209838467174,1059.6363583792745,-0.20113670688865865
25,75.1,5587.651605597036,2239.8603515625,52099,317.48421274880513,1059.3083168582891,-0.19402677627296516
25,80.0,5556.517400282994,2715.220703125,52298,314.4393284638036,1058.7642166048415,-0.02297695403133327
25,85.1,5520.00845855689,2737.48193359375,52373,313.95085253852176,1058.9558933038015,-0.014966652999613667
25,90.1,5515.052081532284,2320.65185546875,52053,312.6290703705838,1058.7999538931474,-0.16495541528045882
25,95.1,5456.331877480488,2747.62841796875,52661,313.48635612692505,1057.6905299937334,-0.011315624168503725
25,100.0,5443.686580268356,2266.7119140625,52393,311.21010440326,1057.367281888802,-0.18436472730855719
25,105.1,5429.696243510909,2717.818603515625,52203,310.99235676110567,1056.4277340382737,-0.022042146577246628
25,110.0,5397.671858393399,2259.455078125,51749,308.0912674641056,1056.9758642679085,-0.18697596842924805
25,115.1,5345.9876806171205,2734.864990234375,52113,305.6852608754054,1056.3584710149098,-0.015908312721477656
25,120.0,5346.655899039019,2751.70556640625,51822,304.4876500328046,1056.021535255297,-0.009848536067456178
25,125.1,5317.359419344942,2757.314697265625,52148,304.1256999309657,1055.482089437754,-0.007830191808679688
25,130.1,5302.693427628477,2715.16064453125,53025,304.2781329561528,1054.3192833569071,-0.022998565029707985
25,135.1,5290.231658338833,2638.558837890625,53035,304.5038747996606,1053.7391533892712,-0.05056233926161093
25,140.1,5270.846937050326,2760.099609375,53233,302.97901677530854,1053.8617398981835,-0.006828091571036014
25,145.0,5289.4994946470015,2809.41943359375,53428,302.02195478026505,1054.2990753911806,0.01091875487477351
25,150.1,5300.473858656979,2788.078369140625,53402,302.08945357851763,1054.2227070147185,0.003239558936038829
25,155.1,5326.90801769844,2733.738037109375,52434,299.6734752259984,1055.0375138269062,-0.016313826414557628
25,160.1,5327.509811797108,2840.573486328125,52284,299.26654425828167,1054.7534427358273,0.02212897710892766
25,165.0,5268.453212607971,2412.050537109375,52792,298.4455788755872,1054.8976360054553,-0.13206725328638283
25,170.1,5278.982462821563,2676.3505859375,52517,295.4777881447912,1056.1322238513244,-0.03696366245911662
25,175.0,5270.781051625239,2733.992431640625,52300,294.21269598470366,1057.004894837476,-0.01622228714501921
25,180.0,5278.508420889988,2449.83837890625,51776,295.10236402966626,1056.6994746600742,-0.11846998207727874
25,185.4,5278.566856192466,2473.8544921875,51708,294.1102924112323,1056.9591165777056,-0.10982821821500047
25,191.1,5260.481538848768,2811.922119140625,51649,294.3036457627447,1057.0594590408334,0.011819300989973414
25,196.7,5243.806747648604,2746.207275390625,52522,294.19134838734243,1055.7105403449982,-0.011826996613785029
25,202.3,5257.132712989093,2648.5830078125,52444,293.2667798032187,1053.818930668904,-0.046955323073532416
25,208.0,5243.552756417614,2630.440673828125,52278,292.7327173954627,1053.5756723669613,-0.05348351372484644
25,213.6,5245.9029400534555,2573.57470703125,52380,292.118003054601,1052.5176975945017,-0.07394570305181038
25,219.2,5276.166165992682,2601.641845703125,51930,291.12139418447913,1052.5539957635278,-0.06384625099428169
25,224.9,5232.610781057227,2155.991455078125,52685,291.41801271709215,1051.2253582613648,-0.2242054813082083
25,230.5,5240.542087095061,2258.8310546875,52724,291.0438509976481,1051.437087474395,-0.1872005119733365
25,236.2,5192.406633417405,2521.614990234375,52733,291.09749113458366,1051.1698746515465,-0.09264246708065146
25,241.8,5183.915145535274,2512.755859375,52702,292.1112481499753,1050.6562179803423,-0.09583026504009531
25,247.4,5179.27684415021,2636.80517578125,53019,290.62298421320656,1050.9532431769742,-0.05119336284423515
25,253.1,5151.236458972499,2544.176513671875,53781,289.0843048660308,1050.8073111321842,-0.0845241110570583
25,258.7,5152.035017254059,2557.144287109375,53031,288.8329844807754,1051.20716184873,-0.0798578923998582
25,264.4,5126.525931364244,2576.2509765625,53121,287.8090020895691,1051.0988309708025,-0.07298269588033234
25,270.0,5119.822631687359,2523.184326171875,53403,285.84588880774487,1051.7081062861637,-0.09207776993612848
25,275.6,5135.248052094704,2576.575439453125,53134,284.94446117363645,1051.7422930703503,-0.07286594377935676
25,281.3,5127.853943122984,2625.636962890625,53308,284.99480378179635,1050.6901027988295,-0.05521204219647587
25,286.9,5114.61355643579,2643.889404296875,54026,284.7161181653278,1049.3679154481176,-0.048644231381474876
25,292.5,5143.886441279145,2674.453125,53567,283.3509996826404,1050.5930703604831,-0.03764642944841851
25,298.2,5136.9262108957155,2665.2763671875,53287,282.5462495543003,1050.6755681498303,-0.04094851972040505
25,303.8,5092.9874549933675,2637.505859375,52770,283.2431305666098,1050.261284820921,-0.05094123452986351
25,309.4,5081.235844766164,2438.074462890625,52772,281.78179716516337,1050.850924732813,-0.1227030144215288
25,315.1,5095.503268589514,2613.029296875,53081,279.3703773478269,1051.0985851811383,-0.059748682713014575
26,0.1,4649.4988391726465,2403.2763671875,9476,1167.5427395525537,1013.2373364288729,-0.0346374948475138
26,5.1,4670.081638115632,2508.564697265625,11208,1166.4820663811563,1003.9189864382583,0.007655354811923935
26,20.0,4630.466212332703,2510.110107421875,12179,1164.6788734707284,1000.4598078659989,0.008276124458018157
26,25.1,4636.663177847371,2503.49853515625,12134,1165.1749629141257,999.6417504532718,0.005620348346505099
26,30.0,4663.040193585432,2522.08349609375,12191,1165.3482076942007,998.9693216307112,0.013085667231066973
26,35.1,4732.177164991239,2372.702392578125,10843,1161.8365765931937,1012.6828368532694,-0.046918632849097634
26,40.1,4719.337144931482,2364.578369140625,11019,1161.0502767946275,1012.6868136854524,-0.05018193944363656
26,45.0,4639.579777439757,2514.098876953125,12491,1162.7916099591705,1002.2701945400688,0.009878357392913486
26,50.0,4629.923336006415,2522.109130859375,12470,1162.2708099438653,1003.2865276663994,0.01309596435789792
26,55.1,4620.976355066771,2498.925537109375,12730,1161.6143754909663,1002.7333857030636,0.0037834389877387646
26,60.1,4727.840505263158,2439.87255859375,11875,1158.4236631578947,1012.5480421052631,-0.0199373165836541
26,65.1,4740.783136456212,2450.83544921875,12275,1157.40366598778,1011.7248065173117,-0.015533676743493752
26,70.0,4752.5697844059005,2420.838134765625,12338,1156.6067433943913,1012.4009563948777,-0.027583178425318575
26,75.1,4757.215348345663,2404.884521484375,12301,1157.176814893098,1011.2136411673848,-0.0339915217576524
26,80.0,4748.2629533678755,2393.724853515625,12352,1156.954582253886,1011.3354922279793,-0.03847420430472459
26,85.1,4717.003757595139,2385.667724609375,12508,1157.3240326191237,1009.2113847137832,-0.041710640301628465
26,90.1,4724.663149416029,2351.157470703125,12415,1156.7448248086991,1011.1478856222312,-0.05557292664507284
26,95.1,4715.87532615786,2276.996826171875,12264,1156.4762720156555,1012.0207925636008,-0.08536222036337829
26,100.0,4713.770845196454,2223.65283203125,12293,1155.6544374847474,1013.333360449036,-0.106789756755582
26,105.1,4727.386411038024,2719.09130859375,12466,1155.2016685384244,1011.7104123215145,0.09222095021651042
26,110.0,4729.857901512713,2232.45263671875,12428,1155.4428709365948,1011.856211779852,-0.1032549982842044
26,115.1,4755.562881955612,2776.434326171875,12436,1154.7275651334835,1013.3747185590222,0.11525483839434184
26,120.0,4790.014765208972,2816.23291015625,12394,1154.8837340648702,1013.1908181378086,0.13124137296907323
26,125.1,4780.060601315377,2822.833740234375,12772,1153.5291262135922,1014.7438145944253,0.13389283409410477
26,130.1,4831.400636942675,2886.33544921875,12560,1153.9113853503184,1014.2558121019108,0.1594005824761025
26,135.1,4821.912251785574,2898.487060546875,12741,1153.2863197551212,1013.8810925359077,0.16428171479759504
26,140.1,4799.943618578141,2898.882568359375,12983,1152.76523145652,1015.0071632134329,0.16444058475441536
26,145.0,4814.2708033072895,2901.614013671875,13183,1151.925358416142,1015.6222407646211,0.16553776813522142
26,150.1,4847.553521019303,2893.816162109375,13107,1151.9085221637292,1015.0376897840848,0.16240548022112197
26,155.1,4840.487736774583,2873.31005859375,13251,1151.0683721983246,1015.5597313410309,0.15416846523148656
26,160.1,4802.493890392917,2851.0947265625,13667,1150.1217531279724,1016.3199678056633,0.14524487705191344
26,165.0,4813.343813008737,2849.31201171875,13391,1150.133597192144,1015.4048241356135,0.14452878543172704
26,170.1,4792.295771529776,2841.674560546875,13551,1149.807025311785,1014.8860600693675,0.14146092811122693
26,175.0,4793.751849112426,2822.72900390625,13520,1149.9241124260354,1014.3281065088757,0.13385076297590975
26,180.0,4792.581721293525,2814.8544921875,13699,1149.194758741514,1013.3673260821957,0.13068768174919204
26,185.4,4771.0226114421075,2789.678466796875,13931,1148.8750269183834,1012.162228124327,0.12057482445458187
26,191.1,4769.955754125532,2810.649658203125,13877,1148.964689774447,1010.9725444980903,0.128998658745293
26,196.7,4742.003266384043,2767.5546875,14389,1147.911043157968,1009.8675377024116,0.11168801172797643
26,202.3,4752.064796576785,2736.73779296875,14723,1146.9307885621138,1009.1153297561639,0.09930929619118505
26,208.0,4762.899588194921,2759.88720703125,14570,1146.721551132464,1008.2531228551819,0.10860809205890294
26,213.6,4772.048695770619,2778.7412109375,14683,1146.0704215759722,1008.7281209562078,0.11618148174125247
26,219.2,4768.110796984383,2776.121337890625,14856,1145.5880452342487,1007.4711900915455,0.1151291153791297
26,224.9,4732.48160602596,2733.677734375,14869,1144.9206402582554,1007.6767099334185,0.09808011345119375
26,230.5,4736.100282296007,2735.253662109375,14878,1144.6207151498857,1008.2296679661245,0.09871314158161051
26,236.2,4718.812461861821,2734.721923828125,14749,1143.9290799376229,1009.3272086243135,0.09849954975077431
26,241.8,4715.671679871089,2728.704833984375,14894,1143.679333959984,1008.2417752114945,0.09608256891386463
26,247.4,4750.0222875504205,2786.6357421875,14627,1143.9858480891503,1008.8595747590073,0.11935260453368576
26,253.1,4725.802761872685,2734.783203125,14845,1143.1969013135736,1008.3504210171775,0.098524164787294
26,258.7,4722.484814097857,2731.618896484375,14981,1142.8769775048395,1007.5016354048462,0.09725310706485683
26,264.4,4704.94040175602,2751.010498046875,15034,1142.584209125981,1007.4912199015565,0.1050424422070325
26,270.0,4706.758434013336,2725.066650390625,15147,1141.4367201426026,1007.8991219383377,0.09462116144686683
26,275.6,4717.113176563321,2724.389404296875,15224,1141.6489096163953,1006.8891881240147,0.09434912116278067
26,281.3,4721.42737157367,2738.638671875,15359,1141.014844716453,1006.6338954359007,0.1000728526626684
26,286.9,4716.21540537068,2710.76025390625,15566,1140.5302582551715,1005.5815880765772,0.08887448206432727
26,292.5,4750.386249839517,2785.0029296875,15578,1140.705161124663,1005.0216972653742,0.11869672658849174
26,298.2,4740.0048198883815,2770.175048828125,15768,1140.4898528665651,1003.3800101471335,0.11274057422584835
26,303.8,4717.832091690544,2761.840087890625,15705,1140.18070678128,1003.2989493791786,0.10939253698767193
26,309.4,4707.104220553908,2782.63232421875,15851,1140.4214245158034,1001.910478834143,0.11774448752631561
26,315.1,4748.365152093675,2827.273193359375,15714,1139.4820542191676,1003.9055619193076,0.13567610032547558
27,0.1,5497.753452601468,2948.890380859375,42649,1059.104199395062,1094.2895964735399,0.06580854701041744
27,5.1,5444.921356888498,2936.59619140625,43246,1052.6941451232483,1094.0433103639643,0.061365095235215356
27,10.1,5496.358889069806,2490.279052734375,42991,1051.3791491242353,1095.2993417226862,-0.09994596066612045
27,15.1,5478.658583176089,2451.7236328125,42927,1049.6494746895894,1096.0609406667133,-0.11388092968125717
27,20.0,5509.260746195155,3006.563720703125,42643,1047.2149942546257,1097.7264732781464,0.08665324810174516
27,25.1,5519.441182672258,3017.113525390625,42683,1046.0350256542417,1098.1468500339713,0.09046623215778568
27,30.0,5542.589089899598,3090.66845703125,43226,1044.671679082034,1097.4184055892288,0.1170509690222665
27,35.1,5512.054539210075,2765.033935546875,43675,1043.5874069834001,1096.6369089868347,-0.0006421329161486453
27,40.1,5505.217739529547,3071.267578125,43575,1042.4707515777395,1097.1887091222031,0.11003896793466778
27,45.0,5533.447262461239,2831.476806640625,43214,1041.4195399639007,1098.0713657610959,0.023372113377737976
27,50.0,5482.629415131052,2799.00634765625,43685,1040.6267597573537,1097.7142726336272,0.011636413422416916
27,55.1,5497.663682893801,3072.677978515625,43569,1040.5929674768759,1097.1465950561178,0.1105487246895448
27,60.1,5535.689002403846,3093.408203125,43264,1038.2354613535504,1098.4789894600592,0.11804118718103922
27,65.1,5559.693639477826,2847.765869140625,43204,1036.6757939079714,1098.7920794370891,0.02925942005687858
27,70.0,5532.686871233128,3115.413330078125,43637,1035.0138185484795,1098.5353255265027,0.1259944337774268
27,75.1,5463.76049839515,3068.18212890625,44864,1034.3208585948644,1096.1131196504994,0.10892380333917948
27,80.0,5470.8889630173235,2849.53125,44967,1034.012053283519,1095.8584295149776,0.02989747633081242
27,85.1,5452.794128650337,2772.445556640625,45441,1034.2534055148435,1094.3475715763298,0.0020366269184639214
27,90.1,5482.164476585237,3074.70458984375,45356,1033.9053928917895,1094.338279389717,0.11128119670308716
27,95.1,5414.283881678237,3030.78271484375,46382,1033.4575913069725,1092.4161312578156,0.09540664603156271
27,100.0,5404.006648282349,2710.966796875,46779,1032.084653370102,1092.370059214605,-0.020183455605833883
27,105.1,5424.417331885817,2748.884521484375,46977,1029.9097430657555,1092.922281116291,-0.006478966882152732
27,110.0,5417.866030639781,2701.81884765625,47063,1029.1894694345876,1092.2056180014024,-0.023489771272311676
27,115.1,5387.477607875995,3079.1259765625,47740,1029.2050062840385,1090.8379765395894,0.1128792051557136
27,120.0,5366.300106719205,3074.141845703125,48726,1027.6982104010178,1090.1684316381397,0.11107780578738843
27,125.1,5347.331514102433,3069.077392578125,49105,1027.8213216576723,1090.6342327665207,0.10924737578510886
27,130.1,5340.22692500753,3074.909912109375,49805,1026.6890874410199,1090.4159020178697,0.11135540570963927
27,135.1,5362.541183636179,3088.2724609375,49255,1025.9071160288295,1090.816769871079,0.11618499138813751
27,140.1,5334.584283082653,2894.269775390625,49399,1025.2132431830603,1089.831595781291,0.04606718648737472
27,145.0,5368.408993359249,3065.755859375,49392,1023.2960195983155,1089.4577057013282,0.10804688406793699
27,150.1,5422.438115675454,3063.650390625,48930,1022.9290006131208,1090.7531575720418,0.10728591085449411
27,155.1,5443.6667623715675,3063.74365234375,48761,1021.6658189946884,1090.7084145115973,0.10731961815592443
27,160.1,5462.780225420353,3075.161376953125,48709,1019.8320433595434,1090.7680305487693,0.11144629188888859
27,165.0,5459.930122620866,2748.310546875,48442,1019.4241154370175,1090.8618347714794,-0.006686416792264536
27,170.1,5445.116115600264,3070.33056640625,48512,1018.9407156992085,1091.053883575198,0.10970030661820282
27,175.0,5428.742284487166,3010.030517578125,48895,1018.2801717967072,1090.5384804172206,0.08790624202926009
27,180.0,5486.752986321718,3045.405029296875,48471,1016.5000722081245,1091.5226424047369,0.10069154499639736
27,185.4,5517.019350798455,3055.506103515625,47905,1015.6734370107505,1092.3801690846467,0.10434234575393278
27,191.1,5468.1203280369045,3020.124267578125,48775,1014.4440184520759,1093.3186673500768,0.09155439561652612
27,196.7,5539.52335650943,3059.33203125,48038,1011.2758024896957,1095.4107165160915,0.10572513926365719
27,202.3,5579.203364361147,3053.70654296875,47914,1009.0039445673499,1096.798847935885,0.10369193601874176
27,208.0,5575.360373174915,3063.8779296875,47806,1008.9775132828515,1096.760532150776,0.1073681496108634
27,213.6,5535.5435770427375,2977.90478515625,48856,1007.5918208613067,1094.5990052398886,0.07629513555461868
27,219.2,5569.9143555610335,3014.20361328125,48678,1007.0917663009984,1094.8882862894943,0.08941451140975396
27,224.9,5535.796266926925,2997.653564453125,49182,1004.5955837501525,1094.245536985076,0.0834328772300138
27,230.5,5564.203624537217,3011.290283203125,48889,1005.276851643519,1092.1378224140399,0.0883615553155965
27,236.2,5507.909417004212,2976.274169921875,49623,1005.5777159784777,1091.5265703403663,0.07570578721364177
27,241.8,5540.356699864649,2939.77099609375,49501,1003.5547564695663,1091.4784549807075,0.0625125553079903
27,247.4,5545.189374087336,3043.4150390625,49991,1003.6540377267909,1090.6433958112461,0.099972308834202
27,253.1,5565.4931989924435,2923.5224609375,49625,1002.0293198992443,1091.7799899244333,0.05663989630434037
27,258.7,5552.135210929049,3189.72802734375,49922,1000.5300068106246,1092.4932895316695,0.15285377043785317
27,264.4,5512.746415770609,3211.439208984375,50220,1001.8168657905217,1091.7192154520112,0.16070077726742893
27,270.0,5532.4720028715,3190.74169921875,50148,999.2868309802983,1092.1990308686288,0.1532201388031378
27,275.6,5570.170458663874,3198.28076171875,49666,999.049752345669,1092.670297587887,0.1559449594004379
27,281.3,5587.786475145255,3140.022705078125,49568,998.7872619431892,1092.718911394448,0.13488892588260326
27,286.9,5669.059008408958,3153.70947265625,48044,996.3088418949296,1095.6036966114395,0.13983569296502685
27,292.5,5629.093986655205,3201.80908203125,48858,998.0662327561505,1093.723852797904,0.15722018955821576
27,298.2,5633.7304762871945,3174.13720703125,49235,995.2636335939881,1094.1197928303036,0.14721882732439515
27,303.8,5643.714997819179,3198.15869140625,48147,995.9500903483083,1094.3462936423869,0.15590083989594794
27,309.4,5598.127675171557,3213.8623046875,49109,996.2534769594168,1092.3670813903766,0.16157654943155467
27,315.1,5564.3183415040785,3211.463623046875,50383,996.5619951174007,1092.2143580175853,0.16070960116832692
28,0.1,7977.9826041448605,4282.41943359375,47770,669.3733514758217,1083.541113669667,0.17959481115712472
28,5.1,8008.694367954059,3268.6640625,42489,655.4008096213138,1073.5307020640637,-0.09964466878361898
28,10.1,8020.986269341949,4263.78857421875,47048,663.5962633905798,1084.26375191294,0.17446293059592863
28,15.1,7930.187544721653,3178.172119140625,41926,649.8737537566188,1070.7170967895815,-0.12457072483522463
28,20.0,7904.372025800287,3159.033935546875,41860,648.4626851409461,1071.251027233636,-0.12984234813420986
28,25.1,7825.143112827638,3108.6787109375,42463,647.2256788262723,1070.1983373760686,-0.14371272271683772
28,30.0,7732.722479228521,4149.14111328125,43449,642.0254551313034,1069.442058505374,0.1428832238130448
28,35.1,7528.793616313865,3333.489013671875,45115,636.4435331929513,1067.8429125567993,-0.08178859998381731
28,40.1,7423.312160266526,4194.40869140625,45624,632.0696124846572,1066.9835174469576,0.15535220334620775
28,45.0,7221.133235077376,3131.2421875,47495,628.1977050215812,1066.8016422781345,-0.13749760056742816
28,50.0,7005.797257212515,2724.069580078125,49220,626.6308004876066,1069.3507517269402,-0.24965352139863464
28,55.1,6808.676413293334,3824.04052734375,51334,623.4881754782406,1070.29082089843,0.05333408687710513
28,60.1,6665.289330373238,3000.800048828125,52701,621.9916510123147,1073.2195973510939,-0.17342796010356942
28,65.1,6683.87071848691,2290.25830078125,52026,624.2363625879368,1071.6483681236305,-0.3691470791911739
28,70.0,6653.9547310047365,2935.177734375,51934,622.9315284784534,1070.5903261832325,-0.19150366306199448
28,75.1,6774.419060756913,3133.95947265625,50019,626.5378156300605,1068.2629600751713,-0.1367491228621379
28,80.0,6570.864058716423,3209.7578125,53273,621.1891201922175,1071.271995194564,-0.11587042805877085
28,85.1,6630.61140403014,2339.6376953125,52157,621.2522000881953,1071.3373660294878,-0.3555454975454773
28,90.1,6805.67468478762,3470.15625,49887,621.9818990919478,1068.1757973019023,-0.044143533841252705
28,95.1,6662.546647685167,3469.341552734375,51278,620.403954912438,1070.4472093295371,-0.044367942655498316
28,100.0,6572.465327912455,2002.372314453125,52636,617.1494414469184,1071.4187438255187,-0.44844543399817344
28,105.1,6782.730265543781,2404.83154296875,49634,619.3346093403716,1067.2382439456824,-0.33758781600419374
28,110.0,6690.833353291023,2140.939697265625,50106,614.7437432642797,1067.7621043388017,-0.4102769714512715
28,115.1,6497.536286048977,3367.814208984375,53781,610.9051709711608,1068.908517878061,-0.07233370587303625
28,120.0,6388.676059895363,3241.85693359375,55430,605.9037163990619,1068.5274580552048,-0.1070287073277595
28,125.1,6450.458332557057,3388.349853515625,53675,605.6805030274802,1067.0013600372613,-0.06667715118275888
28,130.1,6654.4003552748445,3751.179931640625,50665,611.3470245731768,1065.3230829961512,0.03326459532870287
28,135.1,7241.310279852049,3972.419189453125,42987,629.4737246144183,1058.421918254356,0.09420507175486964
28,140.1,6848.548630293464,3636.037841796875,48149,620.4965004465306,1062.4855760244243,0.0015486427389081407
28,145.0,6977.989185369196,3985.52880859375,46696,624.016725201302,1061.9487750556793,0.09781612362737391
28,150.1,7431.589506540542,4190.1279296875,41969,636.940074817127,1063.8943267649931,0.1541730651535249
28,155.1,8795.559070213276,4659.57861328125,29211,660.6920338228749,1060.507480058882,0.2834835166514164
28,160.1,8301.817223198594,4549.0869140625,33002,653.9137325010605,1062.1107205623903,0.2530485167417986
28,165.0,7384.514309557705,2714.654541015625,40742,635.7434342938491,1059.9967846448383,-0.2522468991368929
28,170.1,8411.646984353698,4630.48828125,30806,652.9839317016166,1060.817243394144,0.275470568538554
28,175.0,8729.705656213291,4657.51318359375,28093,659.0979247499378,1059.6752927775603,0.28291459289699095
28,180.0,8425.51409303696,4564.5166015625,30547,654.6609487020002,1059.6959112187776,0.2572986327323059
28,185.4,8604.679714434964,4603.36669921875,28715,656.0547797318475,1057.366567995821,0.26799991370650567
28,191.1,8216.259006251208,4532.01806640625,31034,651.2443126893085,1057.892086099117,0.2483468931759707
28,196.7,7947.367834106938,4443.03662109375,33178,646.6379528603292,1057.1474169630478,0.2238369046502079
28,202.3,8519.712496052216,4548.6513671875,28497,656.4493806365582,1056.382987682914,0.25292854511320584
28,208.0,8602.439873071453,4582.2744140625,27417,656.2401794507058,1056.2217237480395,0.2621900320469505
28,213.6,8648.143075204765,4193.1826171875,26860,656.5850707371557,1055.6470588235295,0.1550144805217722
28,219.2,8817.42145233901,4586.05712890625,25545,657.5131336856527,1054.7749070268155,0.26323198295133216
28,224.9,9147.464405730456,4573.07275390625,22616,659.9364609126283,1053.1918995401486,0.2596554296469154
28,230.5,9177.802988403211,4578.72412109375,22420,658.6149866190901,1052.3103479036574,0.2612121018771094
28,236.2,9120.705977165882,4543.9267578125,22335,656.9618535930155,1050.575688381464,0.25162714883712517
28,241.8,9317.904766480877,4386.5146484375,20812,657.0842302517779,1050.0706323275033,0.2082678958934626
28,247.4,9351.492153785799,4605.48779296875,20392,655.4857787367595,1048.7732444095723,0.26858417015785896
28,253.1,9179.906603863355,4379.3408203125,21018,653.0079931487296,1046.4994766390712,0.20629186095255964
28,258.7,9196.06093241432,4561.39404296875,20892,652.4986119088646,1045.8235209649627,0.2564385222335941
28,264.4,9125.463407715582,4572.64306640625,21152,650.4502647503782,1046.1141263237519,0.25953707198642023
28,270.0,9256.041994492525,4587.90087890625,20336,650.8924567269867,1044.8990952006295,0.2637398449127295
28,275.6,9420.547852220323,4639.59521484375,19299,650.1453961345147,1043.6407067723717,0.2779790784543436
28,281.3,9490.603977063496,4648.72607421875,19009,648.7917828397075,1042.2558261875954,0.2804941787398653
28,286.9,9507.069846038303,4644.4833984375,18641,647.7745292634515,1040.955045330186,0.2793255313398173
28,292.5,9431.256483550751,4619.525390625,19241,648.2848084818876,1040.2027441401174,0.2724508342278303
28,298.2,9382.783435897436,4630.064453125,19500,647.7921538461538,1040.058358974359,0.2753538248461565
28,303.8,9466.660752190715,4675.74072265625,18373,644.858705709465,1036.862189081805,0.2879353786541313
28,309.4,9272.035675951955,4639.75,19565,646.3462305136724,1037.355686174291,0.27802171411159016
28,315.1,9068.848279113625,4610.0888671875,21210,645.5023102310231,1037.8593116454504,0.26985153860654726
29,0.1,8059.724961965194,3503.759033203125,26949,131.04118891239008,1151.0293146313406,-0.00014623615041241522
29,5.1,8060.503203172666,3383.839599609375,26224,128.11378889566808,1151.1921522269677,-0.03436716741343015
29,10.1,8106.184222719901,3404.533203125,25898,126.86601281952274,1151.2288979844004,-0.028461916177076302
29,15.1,8049.260513338252,3673.890380859375,25753,126.30691569914185,1151.567157224401,0.04840346909212919
29,20.0,8081.746590685793,3555.335205078125,25445,125.39972489683632,1151.765651404991,0.014571850648789674
29,25.1,8045.090554131335,3324.39697265625,25355,126.1114967462039,1152.1590218891738,-0.05133007317520415
29,30.0,8161.990683853351,3364.429931640625,24903,123.23948921816648,1151.8439946994338,-0.039906027075215685
29,35.1,8167.517039922103,3316.3720703125,24648,121.64281077572217,1151.5221924699772,-0.05362010760305364
29,40.1,8165.143240232683,3134.050048828125,24239,120.45187507735467,1151.9172408102645,-0.10564861689444857
29,45.0,8158.283396385035,2960.54248046875,23790,119.80697772173183,1152.2869272803698,-0.15516178079542434
29,50.0,8053.620518012318,2849.329345703125,23706,120.25411288281448,1152.7001181135577,-0.18689823022906754
29,55.1,8001.174138885341,2615.4990234375,23487,121.06569591689019,1153.2118618810405,-0.2536254582158939
29,60.1,8079.917781122339,2560.212646484375,23255,118.05022575790153,1152.0442915502042,-0.26940231146474697
29,65.1,8022.026785337664,6623.578125,23707,118.98932804656853,1151.531446408234,0.890144115412719
29,70.0,8024.383838812301,6668.42529296875,23575,118.06468716861082,1151.550243902439,0.902941973161103
29,75.1,7924.192950688508,6598.29833984375,23747,118.64841874763128,1151.5775045268877,0.8829301237830839
29,80.0,8005.291762162162,6735.67529296875,23125,115.35987027027026,1151.250508108108,0.9221328378814472
29,85.1,7973.114789711505,6693.6123046875,23016,115.21941258255127,1151.2898852971846,0.9101294904042889
29,90.1,8003.348261097518,6702.115234375,22888,113.76599091226844,1151.0084760573227,0.9125559375917894
29,95.1,7928.839869281046,6604.65087890625,23256,114.0829893360853,1150.7437220502236,0.8847429225604689
29,100.0,7957.725119710108,6473.72021484375,23181,113.03412277296061,1150.475734437686,0.8473797603036919
29,105.1,7968.63937996413,6457.83740234375,23418,113.0939021265693,1149.9568280809633,0.8428473453436013
29,110.0,7974.443292682927,6506.126953125,22960,111.16219512195121,1150.1147212543553,0.8566275421681241
29,115.1,7999.455743544078,6537.2265625,22460,107.98739982190561,1149.4862422083704,0.8655023138613757
29,120.0,7946.643165404263,6425.916015625,22708,107.66597674828255,1149.3403205918619,0.8337380663219609
29,125.1,7918.158653210524,6322.61181640625,22691,105.93746419285179,1148.3845577541756,0.8042585583331058
29,130.1,7930.6154355308445,6261.1728515625,22662,105.2176330420969,1148.3840790751037,0.7867259655766093
29,135.1,7901.343061820112,6199.529296875,22614,104.99071371716636,1148.2507738569027,0.7691349898310488
29,140.1,7906.043980652096,6557.86083984375,22328,103.5597008240774,1148.3235847366536,0.8713906354242896
29,145.0,7961.890546142754,6634.22509765625,22192,102.19006849315069,1148.004055515501,0.8931823996049464
29,150.1,7948.765281283808,6569.32763671875,22184,101.52727190768121,1147.7101965380455,0.8746628695894018
29,155.1,7881.261905830603,6452.6572265625,22279,101.47286682526146,1147.3244310785942,0.8413690992076077
29,160.1,7833.0602232142855,6404.89306640625,22400,101.645,1147.3558482142857,0.8277388310137126
29,165.0,7826.3900538973685,6429.06640625,22079,99.31015897459125,1146.9302051723357,0.8346370807502228
29,170.1,7826.810773670469,2693.893798828125,21831,97.3033301268838,1146.8145756034996,-0.23125425331919136
29,175.0,7842.901439955263,2789.76025390625,21459,95.26427140127686,1146.4028146698356,-0.20389722475973798
29,180.0,7786.015957933242,6395.74658203125,21870,96.39903978052126,1145.3672610882488,0.8251287351875808
29,185.4,7751.504318181818,4885.57763671875,22000,95.45404545454545,1144.3822272727273,0.3941778365354336
29,191.1,7720.345463793582,4729.509765625,21626,94.60487376306298,1144.6366410801813,0.34964136960082753
29,196.7,7746.2620644680455,4686.24267578125,21468,93.77729644121483,1144.4023663126513,0.3372944124553349
29,202.3,7826.226880914457,4620.14208984375,21346,92.53846153846153,1143.9880539679566,0.31843155144920793
29,208.0,7842.244754913569,4591.5732421875,21115,92.04257636751124,1144.1556713237035,0.3102789731505133
29,213.6,7888.643185892156,4559.029296875,20641,90.603507581997,1144.2476139721912,0.30099203706191163
29,219.2,7914.856711033104,4462.03076171875,20511,89.69933206572084,1143.9465652576666,0.27331195131834085
29,224.9,7887.40025746398,4400.12744140625,20197,88.3408426994108,1144.3611922562757,0.2556468472907228
29,230.5,7886.73386256512,4408.25439453125,20155,87.44986355742992,1143.6910444058547,0.2579660035436663
29,236.2,7795.330609175232,4332.3623046875,19945,86.87806467786413,1144.148608673853,0.236308980056148
29,241.8,7769.688167667107,4278.81005859375,19658,86.05473598534948,1144.4564553871198,0.2210269888255795
29,247.4,7758.925903056499,4253.47900390625,19434,85.3773283935371,1144.5964289389728,0.2137983666139594
29,253.1,7726.294629973201,4227.43701171875,19404,84.30715316429603,1143.4767058338487,0.2063668669988134
29,258.7,7673.256486773557,4204.17041015625,19771,84.62976076071013,1142.2736836781144,0.1997273695551244
29,264.4,7620.372166471398,4160.4921875,19631,83.92730884825022,1141.6420457439763,0.1872630890759993
29,270.0,7608.405373592631,4154.42578125,19540,83.3163254861822,1141.1200102354146,0.1855319428799785
29,275.6,7586.562316299695,4126.1083984375,19393,82.67529520961172,1141.446088794926,0.17745112410244862
29,281.3,7578.348514851486,4080.52783203125,19190,82.29687337154768,1141.7734236581553,0.1644439793622404
29,286.9,7496.42808183612,4061.69287109375,19258,82.82656558313428,1142.4462041748884,0.1590691215575634
29,292.5,7545.729773378484,4059.4072265625,19195,82.12946079708257,1141.3063818702788,0.15841687627878254
29,298.2,7525.1534419064465,3999.62451171875,19219,82.26239658671106,1140.8750715437848,0.1413569209898411
29,303.8,7404.865324998729,3873.131103515625,19677,84.11144991614576,1139.640087411699,0.1052600007691506
29,309.4,7415.827267564917,3801.737060546875,19371,82.94863455681173,1139.253265190233,0.08488656700778681
29,315.1,7398.452162176192,3734.9580078125,19263,81.9958469604942,1139.2232258734361,0.06583009463339105
30,0.1,5873.107207863123,3121.181396484375,5494,460.1357844921733,1168.3678558427375,0.005704269321299012
30,5.1,5827.8924506828525,3081.70458984375,5272,455.3129742033384,1168.3939681335357,-0.007015911896738285
30,10.1,5904.7959859703815,3134.137451171875,5132,454.99590802805926,1168.3390491036632,0.009878957638823786
30,15.1,5866.821525885559,3096.944580078125,5138,455.08330089529,1168.4657454262358,-0.002105295916395161
30,20.0,5869.616113744076,3083.423583984375,5064,454.4632701421801,1168.1874012638232,-0.006462019146989059
30,25.1,5780.160437901095,2966.77490234375,5298,453.5103812759532,1166.5164212910531,-0.044048452690652176
30,30.0,5872.081735244833,3021.779052734375,5371,452.57363619437723,1166.0458015267175,-0.026325064700274188
30,35.1,5847.73679417122,2999.409912109375,5490,452.0903460837887,1165.2151183970857,-0.03353282912337078
30,40.1,5742.569914886226,2934.632568359375,5757,451.2459614382491,1163.856348792774,-0.054405326709716845
30,45.0,5683.0452496243115,2897.75927734375,5989,450.8350308899649,1162.355151110369,-0.06628660545888243
30,50.0,5555.557778489117,2767.193359375,6248,450.71927016645327,1160.3878040973111,-0.1083574384059619
30,55.1,5518.300992282249,2762.077880859375,6349,450.4438494251063,1159.9062844542448,-0.11000574330377408
30,60.1,5486.958041958042,2679.35205078125,6435,449.95213675213677,1159.733177933178,-0.1366615860517895
30,65.1,5578.168412698413,2734.587890625,6300,449.2625396825397,1159.5455555555557,-0.11886354329369216
30,70.0,5546.363154406892,2652.203857421875,6036,448.0425778661365,1159.976308813784,-0.14540925255929754
30,75.1,5677.341379900702,2849.738525390625,5841,446.9916110255093,1162.2544084916967,-0.0817598090700775
30,80.0,5647.6542024013725,2858.128662109375,5830,447.1656946826758,1162.928987993139,-0.07905634674400423
30,85.1,5742.6482367535,2998.009521484375,5643,447.1330852383484,1164.5784157363105,-0.03398406173415924
30,90.1,5731.461204651971,2977.669189453125,5761,447.0492969970491,1164.7014407220968,-0.04053810527237924
30,95.1,5835.542453662842,3141.2412109375,5665,447.0926743159753,1165.8483671668137,0.01216792473716965
30,100.0,5842.205548769848,3170.0244140625,5731,447.85499912755193,1165.2838946082709,0.021442422624463324
30,105.1,5853.721912072575,3210.71728515625,5732,447.50122121423584,1165.8811933007676,0.034554443039560824
30,110.0,5798.171306575577,3199.7392578125,5855,447.3868488471392,1165.4327924850554,0.03101711291809744
30,115.1,5773.44614860259,3246.92626953125,5868,446.38019768234494,1165.4597818677573,0.04622166949898523
30,120.0,5706.476659310813,3248.48876953125,5891,445.4763198098795,1165.881514174164,0.0467251368471453
30,125.1,5772.814359522537,3336.162841796875,5613,444.68679850347405,1166.8811687154819,0.07497539775336513
30,130.1,5826.588245866284,3394.94970703125,5564,444.55607476635515,1166.8333932422718,0.09391764872692938
30,135.1,5774.983682551456,3221.769775390625,5393,444.1837567216763,1166.3973669571667,0.03811576652683497
30,140.1,5779.404330782154,3311.830810546875,5357,443.6094829195445,1166.6798581295502,0.06713515247414245
30,145.0,5847.771379044684,3368.38818359375,5192,443.4747688751926,1166.9291217257319,0.08535901847530081
30,150.1,5853.527894535728,3377.549072265625,5234,442.9180359189912,1166.6431027894537,0.08831083180420866
30,155.1,5899.650986645405,3407.7998046875,5017,442.1849710982659,1167.4971098265896,0.09805819566490705
30,160.1,5895.640537289495,3422.694580078125,4988,441.9486768243785,1167.607858861267,0.10285757682801606
30,165.0,5839.32306763285,3425.32763671875,4968,441.5271739130435,1167.6984702093398,0.10370599797643892
30,170.1,5817.075223033252,3410.65771484375,4932,441.55332522303326,1167.6206407137065,0.09897906891140108
30,175.0,5873.22725409836,3494.459716796875,4880,441.908606557377,1167.8639344262294,0.12598167479546174
30,180.0,5869.448596243184,3525.192138671875,4951,442.0395879620279,1167.816400727126,0.13588424819958508
30,185.4,5857.148809523809,3543.38671875,4872,440.91543513957305,1168.3421592775042,0.14174688946858965
30,191.1,5845.255732286718,3589.509521484375,4841,440.02003718240036,1168.277215451353,0.15660853758531654
30,196.7,5761.181323283082,3436.89697265625,4776,439.39028475711893,1167.74581239531,0.10743385902247164
30,202.3,5779.252269368799,3540.039306640625,4737,439.8306945324045,1168.202448807262,0.14066828934192985
30,208.0,5675.225952227243,3449.914794921875,4647,439.60748870238865,1168.6623628147192,0.11162845003360336
30,213.6,5666.969984202212,3435.9775390625,4431,440.22500564206723,1168.6680207628076,0.10713759995478869
30,219.2,5665.147522000926,3427.4404296875,4318,440.46271421954606,1168.4585456229736,0.10438678023127912
30,224.9,5605.563074746522,3385.49072265625,4241,440.5350153265739,1168.71421834473,0.09086978326800536
30,230.5,5503.883759081322,3281.750732421875,4267,439.63112256854936,1168.4199671900633,0.05744277668787592
30,236.2,5485.340935268371,3288.572021484375,4341,439.01888965676113,1168.4335406588343,0.05964072632968722
30,241.8,5499.931452553043,3307.017822265625,4289,439.0508276987643,1168.748426206575,0.06558431570826313
30,247.4,5433.330221703617,3258.288330078125,4285,438.5479579929988,1168.6984830805134,0.049882742454613584
30,253.1,5466.2708866651155,3288.073974609375,4297,438.0390970444496,1168.5510821503374,0.0594802461124612
30,258.7,5439.604248441468,3274.050537109375,4331,437.4680212422073,1168.5878549988456,0.054961626662724576
30,264.4,5428.5786031301095,3269.41748046875,4281,437.8026162111656,1168.7145526746087,0.05346876730865682
30,270.0,5430.302805082714,3260.541259765625,4171,438.256293454807,1168.2071445696477,0.05060867943724188
30,275.6,5451.673907796283,3280.058837890625,4143,438.4892589910693,1168.5462225440501,0.05689761594994634
30,281.3,5478.652519893899,3305.16015625,4147,438.80564263322884,1168.5688449481554,0.0649857402313647
30,286.9,5555.948453608247,3387.36962890625,4074,439.4096710849288,1168.9599901816396,0.09147520275416784
30,292.5,5486.528645193017,3318.154052734375,4067,439.7882960413081,1168.3887386279814,0.06917262189872773
30,298.2,5387.97236875157,3232.2919921875,3981,440.0394373273047,1168.687013313238,0.04150622578282728
30,303.8,5288.472344845494,3154.937255859375,3851,440.22799272916126,1168.9828615943911,0.016581052044112105
30,309.4,5243.261363636364,3106.96240234375,3784,440.2661205073996,1168.9727801268498,0.0011226377862692328
30,315.1,5187.499083049515,3043.867919921875,3817,439.732512444328,1168.866911186796,-0.01920760973275381
31,5.1,4149.525502130249,1814.550048828125,16430,482.4590383444918,716.2847230675593,-0.02973858190787565
31,25.1,4159.895620139173,1784.773681640625,17101,476.600023390445,715.1147886088532,-0.04566035836790434
31,35.1,4178.276120601939,1856.4010009765625,18673,477.3930273657152,715.8606544208216,-0.007360381755020642
31,40.1,4187.988149866371,1950.8974609375,19831,474.99112500630326,714.6633049266301,0.04316799540690874
31,45.0,4179.254910154617,1944.20849609375,19144,474.0837338069369,714.6282386126202,0.03959132662389189
32,20.0,4307.801801801802,538.9739990234375,333,165.27327327327328,87.61861861861861,0.0
33,30.0,7787.519039342708,3708.47412109375,6329,751.8767577816401,1179.5010270184864,0.136486814879192
33,35.1,7678.323003239893,3020.975341796875,7099,753.7937737709536,1176.6106493872376,-0.07420180593987342
33,40.1,7575.938711776187,3935.55810546875,7685,753.1191932335719,1174.8210800260247,0.20607822786613347
33,45.0,7467.498341319572,2879.1552734375,8139,752.490969406561,1173.612114510382,-0.1176635189012569
33,50.0,7366.265885256014,2771.354736328125,8105,754.7042566317089,1174.0231955582974,-0.15069971790419517
33,55.1,7316.843637268317,3714.691650390625,8039,753.3108595596467,1173.79288468715,0.13839221851321803
33,60.1,7268.271405887383,3584.527099609375,8187,755.1830951508489,1173.7693904971295,0.09850241723723281
33,65.1,7270.144589774079,2555.02978515625,8410,756.4998810939358,1174.0021403091557,-0.21699395286671708
33,70.0,7241.347628481529,3454.1171875,8581,757.1785339703997,1174.021209649225,0.05853742333344706
33,75.1,7150.320616528203,3491.50439453125,9148,758.311980760822,1174.1459335373852,0.06999498416540523
33,80.0,7232.0306874864455,2661.390869140625,9222,759.1052916937757,1173.9916504012144,-0.18439888394687526
33,85.1,7220.1659044985645,2484.889892578125,9403,758.9502286504307,1174.0472189726684,-0.23848879427835729
33,90.1,7267.3823560264345,3586.58837890625,9533,752.3795237595721,1173.4521137102695,0.09913411012929241
33,95.1,7333.779803210771,3397.71435546875,9655,751.942827550492,1172.6487830139824,0.04125239643768005
33,100.0,7451.427415875755,2552.52294921875,9272,748.5881147540983,1172.2220664365832,-0.21776218958537963
33,105.1,7511.3140939597315,2678.844482421875,9685,743.8319050077439,1171.1547754259163,-0.17905010687079556
33,110.0,7510.422011005503,2593.655517578125,9995,743.0129064532266,1168.775287643822,-0.20515683760607023
33,115.1,7513.083447600392,3391.18310546875,10210,744.8742409402547,1169.4128305582763,0.039250850986018514
33,120.0,7422.165351506456,3172.107177734375,11152,745.5673421807747,1167.2037302725969,-0.02788643923029085
33,125.1,7370.062193841847,3134.969482421875,11432,742.0928096571029,1166.3274142757173,-0.03926753551935137
33,130.1,7357.101005645731,3406.079833984375,11336,736.7514996471418,1167.6785462244177,0.04381605354373502
33,135.1,7282.694508619157,3565.9716796875,11254,728.5752621290208,1170.147858539186,0.09281598411213443
33,140.1,7291.356903879194,2626.55517578125,11059,729.1234288814541,1170.1690930463876,-0.19507451626824301
33,145.0,7278.614237110704,3485.136474609375,11463,731.7779813312396,1170.1791852045712,0.06804349231374225
33,150.1,7232.320691721599,3500.87158203125,11681,726.2895300059927,1171.0898895642497,0.0728656217210777
33,155.1,6913.510493688849,2891.1396484375,13389,714.257450145642,1171.7837777279856,-0.1139908266490454
33,160.1,6892.284363222641,3061.37060546875,14063,718.4583659247671,1171.4808362369338,-0.06182240593664127
33,165.0,7030.331177723676,2621.057861328125,13144,713.23097991479,1171.386868533171,-0.19675920522365056
33,170.1,6933.843774668102,3070.185302734375,13935,713.3613921779692,1171.377682095443,-0.05912108272595647
33,175.0,6937.507823512828,2872.73583984375,14188,711.3720045108543,1171.2019312094728,-0.11963079746383122
33,180.0,7047.711125759906,3098.775390625,13653,704.8488976781659,1171.5135867574893,-0.05035945817015411
33,185.4,6987.748913805186,2950.40869140625,14270,705.0239663629993,1170.2627189908899,-0.09582743015091198
33,191.1,6962.972731146144,3139.72021484375,14082,699.442337736117,1170.1703593239597,-0.03781164164435578
33,196.7,6958.963505183525,3195.947021484375,14276,697.7622583356682,1169.8409218268423,-0.02058055891241383
33,202.3,6929.571774807839,2846.07080078125,14441,696.5701128730698,1169.83062114812,-0.12780247787017368
33,208.0,6907.987320723342,2840.018798828125,14433,696.5088339222615,1169.3998475715375,-0.12965715453738502
33,213.6,6880.603641650512,2737.10107421875,14444,695.98947659928,1169.1937136527279,-0.16119698283782513
33,219.2,6892.172067739913,2683.448974609375,14349,695.7010244616349,1169.009059864799,-0.1776390292983398
33,224.9,6851.962793641863,2452.664306640625,14218,695.6185117456745,1168.681671121114,-0.24836454164070462
33,230.5,6903.955071332245,2483.111328125,14089,695.4089715380793,1168.499680601888,-0.23903384730674224
33,236.2,7043.55667311412,2232.325439453125,5170,765.147001934236,1160.2075435203094,-0.31588886813921513
33,247.4,7055.149922453903,2230.296142578125,5803,762.8283646389798,1159.5049112528002,-0.3165107598031734
33,258.7,7000.174377818607,2511.380126953125,5987,760.291130783364,1160.5139468849172,-0.23037068394316426
33,264.4,6951.493577667409,2497.974365234375,5839,761.0381914711423,1159.656619284124,-0.23447896970687296
33,270.0,6973.91924515471,2474.42138671875,5882,758.9792587555253,1161.1072764365863,-0.2416969382459782
33,275.6,6970.912459072893,2353.076416015625,5803,758.2371187316905,1160.3472341892125,-0.27888391994057615
33,281.3,6997.1140475345865,2290.4970703125,5638,759.7412202908833,1163.2896417169209,-0.2980617809564682
33,286.9,6965.459933368403,2269.875244140625,5703,758.4173242153253,1162.5232333859371,-0.3043814781628638
33,292.5,6973.552528520348,2256.7421875,5873,757.0762812872467,1161.6233611442194,-0.30840619162283794
33,298.2,6962.681436336683,2265.97900390625,6071,755.9593147751606,1161.0907593477186,-0.3055755071649222
33,303.8,6858.420144594151,2258.441650390625,6086,755.5971081169898,1162.339303319093,-0.3078853797998335
33,309.4,6872.370988654781,2421.764404296875,6170,754.6512155591572,1161.762722852512,-0.2578340243573237
33,315.1,6831.01330940631,2499.8984375,6687,752.9143113503814,1160.0197397936295,-0.23388932483155356
34,60.1,4179.761808367071,1765.8741455078125,2964,1185.4841430499325,810.3937246963562,-0.03488011825320335
34,65.1,4240.557729941292,1812.7469482421875,3066,1185.396934116112,807.1803652968036,-0.00926228249337808
34,70.0,4253.154968094804,1835.1082763671875,3291,1185.1595259799453,807.4181099969614,0.002959065449566725
34,80.0,4280.288815608684,1881.417724609375,3639,1184.8364935421819,806.1200879362463,0.028269005755877
34,85.1,4273.138927479856,1853.3233642578125,3599,1184.3617671575437,802.7396499027508,0.012914329541137701
34,90.1,4318.676145339652,1905.09423828125,3798,1184.6269088994206,804.8101632438126,0.041209154482390715
34,95.1,4297.70575,1891.00048828125,4000,1184.04975,803.238,0.0335063641289721
34,105.1,4433.139057239057,2368.03369140625,5940,1183.8863636363637,831.3632996632997,0.2942238279190657
34,110.0,4417.455592105263,2002.6607666015625,4256,1183.6496710526317,801.0726033834586,0.09453311107039938
34,115.1,4461.278131634819,2431.529052734375,6123,1183.609995100441,829.8822472644129,0.32892654768670104
34,120.0,4444.331546586788,2422.509765625,6343,1183.2672237111776,829.5500551789374,0.3239971514833622
34,125.1,4435.344295511222,2449.493408203125,6416,1183.3647132169576,827.6069201995012,0.33874477661867947
34,130.1,4455.2499219968795,2469.686767578125,6410,1183.4560062402495,828.6209048361934,0.3497812441164615
34,135.1,4421.949400184559,2443.786865234375,6502,1183.3185173792679,827.9729314057213,0.33562592577124306
34,140.1,4389.7509113001215,2435.12939453125,6584,1183.198055893074,827.2199270959903,0.33089427650706316
34,145.0,4440.849194283977,2458.463134765625,6578,1183.219519610824,827.9460322286409,0.34364708602805794
34,150.1,4457.665395894428,2485.231689453125,6820,1182.658357771261,829.4567448680352,0.3582771571462368
34,155.1,4505.562563877938,2483.64306640625,6849,1182.4996349832093,829.4448824645933,0.35740891198219693
34,160.1,4513.059697229363,2498.475341796875,7002,1182.158668951728,830.2300771208227,0.36551533559536975
34,165.0,4508.210555788884,2493.94775390625,7143,1181.8464230715385,830.3954920901582,0.3630408302062319
34,170.1,4530.388919591047,2573.10693359375,7238,1182.0495993368334,827.6731141199226,0.4063044446226509
34,175.0,4571.880455935502,2602.306884765625,7194,1182.147901028635,825.7988601612454,0.4222633698346785
34,180.0,4600.891057345275,2639.879150390625,7481,1181.5761261863388,826.438310386312,0.4427980951712519
34,185.4,4632.625198307774,2663.24560546875,7564,1181.35497091486,824.2589899524062,0.45556878464491013
34,191.1,4687.209311632871,2719.986083984375,7496,1181.5298826040555,823.3429829242262,0.48657969448498195
34,196.7,4711.853804206699,2748.847412109375,7702,1181.0245390807581,821.9265125941314,0.5023535488436941
34,202.3,4776.628831168831,2790.291015625,7700,1180.9483116883116,820.9766233766234,0.525004113056275
34,208.0,4761.38481906443,2804.639404296875,7931,1180.418484428193,822.8954734585802,0.5328460734890073
34,213.6,4752.5474180734855,2799.38916015625,8056,1180.1397715988082,822.3681727904667,0.5299766079514818
34,219.2,4792.527556062334,2839.45751953125,7893,1180.5623970606866,820.6311921956163,0.5518755469897832
34,224.9,4732.787207719906,2806.692138671875,8083,1180.1426450575282,821.6163553136212,0.5339679738024001
34,230.5,4739.77811550152,2824.730712890625,8225,1180.0057142857142,821.072462006079,0.5438267662090778
34,236.2,4721.935965848453,2828.213134765625,8433,1179.5342108383732,821.9918178584134,0.5457300471403618
34,241.8,4772.554243008679,2864.630615234375,8296,1180.0090405014464,820.4060993249759,0.5656336368344104
34,247.4,4777.862036268816,2848.717529296875,8437,1179.746118288491,821.2151238591916,0.5569365076209295
34,253.1,4790.812354040168,2851.03466796875,8564,1179.5116767865484,821.2842129845866,0.5582029153129385
34,258.7,4813.892189471269,2870.43408203125,8719,1179.05046450281,820.9443743548572,0.5688054603774244
34,264.4,4737.487096074604,2818.9482421875,9222,1177.9095640858816,822.4891563652136,0.5406664178595642
34,270.0,4754.323343001396,2808.94091796875,9309,1177.675475346439,823.3231281555484,0.5351970203992914
34,275.6,4768.457488589322,2815.70849609375,9421,1177.3744825390086,821.9409829105191,0.5388957688159481
34,281.3,4774.911536036982,2824.4365234375,9518,1176.946522378651,823.0436015969741,0.5436659800675889
34,286.9,4834.1263765636695,2837.070556640625,9353,1177.2804447770768,821.2049609750882,0.5505709776077611
34,292.5,4848.149340369393,2862.681884765625,9475,1176.841266490765,821.1222163588391,0.5645685787585896
34,298.2,4897.035820895522,2898.65185546875,9380,1177.125906183369,818.7538379530916,0.5842275867120995
34,303.8,4836.267935121647,2876.487548828125,9618,1176.3737783322936,819.3189852360158,0.5721139187825833
34,309.4,4873.551822503962,2905.5703125,9465,1176.5944004226096,816.3566825145272,0.5880087964029805
34,315.1,4855.527037933817,2884.578369140625,9912,1175.882667473769,818.8516949152543,0.5765358712547337
35,140.1,5298.434477828306,2480.233154296875,50357,340.41626784756835,864.6622316659054,-0.44801372124818295
35,145.0,6362.28485785883,3715.337646484375,83403,338.8043475654353,817.163267508363,-0.17313604237709948
35,150.1,8161.24859037115,5751.48486328125,32278,329.22550963504557,738.9969328954706,0.2800170506066928
35,160.1,8347.868017524645,5816.158203125,25564,363.39109685495225,757.526560788609,0.2944103733203082
35,165.0,8368.177133976249,4703.224609375,25094,364.02650035865145,757.2801466486012,0.04672233969828181
35,170.1,8345.745594322885,5796.31982421875,25365,368.2299231224128,759.9739798935541,0.28999525898722295
35,175.0,8336.423648623477,5793.3369140625,26843,361.78787765898,756.0783444473419,0.2893313998358577
35,180.0,8427.41571788798,4838.41015625,26174,363.17960571559564,758.494689386414,0.07680844947843869
35,185.4,8429.325950491531,4804.09423828125,25329,365.8772158395515,759.978443681156,0.06917129817727694
35,191.1,8354.36823162441,5529.1767578125,25006,364.3295209149804,758.6789570503079,0.23054145043520438
35,196.7,8412.182823412038,5886.12548828125,24056,369.2173262387762,764.5232374459595,0.3099818857407663
35,202.3,8440.852180122658,5862.6337890625,23806,368.81042594303955,764.7858523061414,0.3047537096675411
35,208.0,8506.697241442098,5880.89501953125,21968,375.98980335032775,771.6729788783686,0.3088178230088258
35,213.6,8478.552548346286,5482.23046875,22132,373.35283752033257,770.4673775528646,0.2200933571356199
35,219.2,8438.843086903637,5625.8515625,22197,370.48502049826556,766.1174032526918,0.25205683321124017
35,224.9,8359.70793236802,4594.59228515625,22238,370.37552837485384,765.4335821566688,0.02254576085778652
35,230.5,8296.80438050247,4657.78466796875,23285,365.685462744256,760.7071934721924,0.03660949038003005
35,236.2,8210.043843920765,5584.220703125,23424,360.92934596994536,755.460169057377,0.24279171105615752
35,241.8,8115.377987655856,5588.5234375,24141,356.93691230686386,751.6733772420364,0.2437493026164506
35,247.4,8139.471035177567,5730.935546875,23822,354.79703635295107,750.4765762740324,0.275443714154703
35,253.1,8021.693690312357,5477.09375,23979,359.55986488177155,754.2154802118521,0.21895015885891955
35,258.7,8041.427375348857,5549.169921875,24007,359.38159703419836,755.7535302203524,0.23499101285324347
35,264.4,8022.296809472905,5502.37548828125,24322,360.11935696077626,756.5678398158046,0.22457671562438652
35,270.0,8003.273862442415,5539.19775390625,24746,357.86971631778874,751.7014871090278,0.2327716650961094
35,275.6,8088.425590619072,5524.61328125,23196,362.85484566304535,758.022202103811,0.2295258296087746
35,281.3,7922.1473936268185,5243.17578125,27145,354.92860563639715,749.2962608215141,0.16689073497782053
35,286.9,7936.72803984982,5292.669921875,26901,351.7404185718003,745.5437716070035,0.1779058633161714
35,292.5,7967.212000446944,5148.9462890625,26849,352.10056240455884,746.1361689448397,0.1459195667426322
35,298.2,7914.331922567349,5118.3505859375,27172,350.5414397173561,743.7746577359046,0.1391103648397765
35,303.8,7862.191523110406,5159.9384765625,27109,346.82773248736584,739.8602678077391,0.14836592411954072
35,315.1,7779.56308742855,5158.4013671875,26067,350.6960141174665,743.1747803736525,0.14802383398883232
36,150.1,5252.127671636714,2313.41650390625,52917,344.5084944346807,865.5349509609388,0.3345636585170386
36,155.1,5228.132069303694,316.1320495605469,52003,342.1545872353518,865.7479568486433,-0.817629750663735
36,160.1,5175.843440139984,2155.42138671875,53149,346.8068449077123,868.0454759261698,0.24341943901936228
36,165.0,5358.33280381255,1705.23486328125,26439,256.5175309202315,821.1280683838269,-0.016284152063069005
36,170.1,5143.143013313552,2177.109375,51226,342.0858353180026,868.3536875805255,0.2559308051904029
36,175.0,5180.377894942394,2211.224609375,51210,339.87687951571957,867.480745948057,0.2756112007965506
36,180.0,5402.590649252319,1784.5498046875,26415,255.60495930342609,821.8309672534544,0.029471049475200604
36,185.4,5387.4747768391535,1776.22314453125,29239,261.05041212079755,826.8860084134204,0.024667565959547697
36,191.1,5261.554556331776,2236.490234375,51818,335.8125361843375,866.1036512408815,0.2901864339539976
36,196.7,5256.244184234111,2326.971923828125,51326,335.9360947667849,865.3313135642754,0.34238350884365554
36,202.3,5255.6677229788,2227.7509765625,49859,338.72997853948135,865.642411600714,0.2851449311120839
36,208.0,5256.123770946983,2285.725830078125,30613,265.8080554013001,833.5734165223924,0.31858946324849735
36,213.6,5143.804762189889,1872.79736328125,50103,344.19360118156595,867.4065425224038,0.08037929900709916
36,219.2,4917.222047715204,1717.603271484375,26742,431.1216438561065,913.4651858499739,-0.009149065028925684
37,170.1,5533.212449889094,2539.660888671875,49141,824.1309904153354,1001.6441667853727,0.022916264275096097
37,180.0,5538.701904642828,2531.657470703125,47988,825.5381553721763,1003.6658539634909,0.019692673894764944
37,185.4,5534.021076177967,2448.15234375,48728,824.3729683139057,1001.7906542439665,-0.013941246638372973
37,191.1,5739.8684492765815,2358.22021484375,95104,748.8296601615074,925.9348923283984,-0.05016381389111975
37,196.7,5616.383728354454,2536.135009765625,103370,733.4335300377286,915.8093063751572,0.021496122359632046
37,202.3,5633.327446495037,2370.790283203125,103168,731.7422844292804,913.8210685483871,-0.04510088307810925
37,208.0,5711.571853417073,2310.1279296875,51111,649.5952730332023,832.4498248909237,-0.06953426641567324
37,236.2,5694.497849882721,2177.896728515625,51160,648.3874120406567,829.6528733385458,-0.12279391494854433
37,241.8,5667.099117194619,1958.9921875,102061,730.7031187231165,912.6206288396155,-0.21096356638797645
37,247.4,5671.4433243248495,2057.05029296875,102866,728.5875702370074,911.0868411331246,-0.1714680450073869
37,253.1,5651.9946548785065,1988.929931640625,103833,726.9997592287616,909.9045293885374,-0.19890534021543946
37,258.7,5668.488403167915,2110.2197265625,102528,730.1974485018727,909.967677122347,-0.1500526353249612
37,264.4,5618.153805889183,2084.26171875,105074,726.7979995051107,910.7053885832842,-0.16050791638158768
37,270.0,5641.6087825893765,2045.20703125,103523,725.4737691141099,908.858108826058,-0.17623823503087127
37,275.6,5657.813361407033,1978.8680419921875,103537,725.207152998445,909.5548644445947,-0.20295803505223337
37,281.3,5682.1160900314,1932.7879638671875,102231,727.457111834962,909.0685408535571,-0.22151801744333896
37,286.9,5659.908588010365,1898.6446533203125,103039,725.8380127912732,908.3385320121507,-0.23527014782829694
37,292.5,5683.657597670468,1975.62646484375,103025,729.4401164765834,910.1955641834506,-0.20426366684025263
37,298.2,5707.584043293693,2040.0675048828125,102001,730.3181047244635,909.5319163537613,-0.17830831656621204
37,303.8,5697.875594692829,1973.6585693359375,101523,730.9441111866277,909.5190055455414,-0.2050562893239528
37,309.4,5820.011184798895,1656.8759765625,86099,755.32330224509,937.0396520284788,-0.3326489407021621
37,315.1,5700.946894899807,2244.667724609375,102702,727.1601526747288,908.1937060621993,-0.09590011263391164
38,208.0,5047.352921326648,1896.13134765625,20744,456.20622830698034,916.1883436174315,0.0
39,208.0,5563.4729393468115,2315.56640625,51440,818.7131026438569,998.1271772939347,0.17470682521465095
39,213.6,5659.2884897161775,1167.645751953125,55281,810.5029395271431,985.5339266655812,-0.4076432312413933
39,219.2,5679.352136870268,2279.97900390625,101293,734.4346795928643,914.4768147848321,0.15665302882512536
39,224.9,5669.787644444445,2059.166748046875,101250,732.0727802469136,912.8821827160493,0.04463306543779738
39,230.5,5678.65691364772,2033.5753173828125,102464,730.65608408807,912.8286617738913,0.03165031176381959
39,236.2,5629.656915367704,2056.812255859375,50489,813.8834201509239,996.1338113252392,0.043438611227758106
40,219.2,4665.365298364017,1889.2325439453125,23411,485.1604801161847,701.4360770577933,-0.04945749621695382
40,236.2,4563.232179132041,1915.7613525390625,21660,483.88448753462603,705.8974607571561,-0.036109875129279885
40,247.4,4635.1820173625465,2157.5986328125,24190,477.65576684580407,705.9777180653163,0.08556737134623382
41,219.2,5394.085927869895,2508.770263671875,25149,248.1681577796334,816.7685792675653,0.2664822793016384
41,224.9,5298.464997596243,1717.0247802734375,27041,255.36418771495136,824.2112347916127,-0.133208214069252
41,230.5,5162.260054543744,1490.062255859375,31901,270.99210056111093,840.1587411052946,-0.24778387665513907
41,236.2,5143.840484069948,2090.0029296875,51067,339.32324201539154,865.0735504337439,0.05507934005228821
41,241.8,5141.737122313465,2098.6220703125,50902,338.4079996856705,864.4635967152568,0.05943047137046421
41,247.4,5164.106882075565,2233.642822265625,50261,336.2692743876962,864.5421698732616,0.12759190973044168
41,253.1,5182.688035674106,2134.853271484375,48887,331.7113138462168,863.4064475218361,0.07772077674694484
41,258.7,5132.6812768739965,2105.388916015625,50467,336.51136386153325,865.0981631561218,0.06284652356698257
41,264.4,5132.157735787455,2145.07177734375,49006,328.3723421621842,863.5708688731992,0.08287930273046673
41,270.0,5143.651781021307,2115.603271484375,49466,330.0243399506732,862.8665952371326,0.0680029543422445
41,275.6,5126.320297120126,2124.025634765625,49273,330.0586528118848,863.9307734459035,0.07225474813939031
41,281.3,5109.514542248526,2114.11181640625,49339,331.15470520278075,863.5350736739699,0.06725003509165711
41,286.9,5079.470778763554,2090.66796875,49707,332.44718047759875,861.4032631218943,0.05541506636405774
41,292.5,5062.566735975049,2005.493408203125,50018,334.39939621736175,863.7198408572914,0.012417079205983563
41,298.2,5047.154585510411,2006.8323974609375,51292,336.27167979411996,863.3440887467831,0.013093030364904258
41,303.8,5028.423746602943,2003.58447265625,53355,339.7317964576891,862.4949114422266,0.01145340665395495
41,309.4,5055.846090832889,450.74560546875,52492,335.80381772460566,862.7085460641622,-0.7724537276028862
41,315.1,5089.140622546711,2158.319091796875,50952,332.91189747213065,862.3971581095933,0.08956683775356744
42,236.2,6719.278238672623,2584.349609375,9402,654.1459263986386,1172.0333971495427,0.1505225698202691
42,241.8,6740.985291113381,1712.45654296875,9790,654.823493360572,1171.4707865168539,-0.2376341438577968
42,247.4,6636.754412397761,2501.34521484375,9292,644.5011838140335,1172.9249892380542,0.11356997294404204
42,253.1,6618.164204263758,1780.2117919921875,10085,648.8246901338622,1171.2108081308875,-0.20747029027449232
42,258.7,6623.603940886699,2652.8359375,9135,639.5962780514504,1173.182922824302,0.18101189136797757
42,264.4,6600.07444398682,2650.603759765625,9712,641.1555807248765,1172.0930807248765,0.180018151645638
42,270.0,6662.032195542156,2682.07470703125,9287,637.137827070098,1173.0826962420588,0.1940286535496283
42,275.6,6748.555019305019,2699.199462890625,9324,638.5685328185328,1173.039360789361,0.20165239688814576
42,281.3,6754.272472515629,2670.868408203125,9278,636.9277861608106,1173.381655529209,0.18903973886133027
42,286.9,6686.536851286524,2615.759765625,9172,636.4206279982556,1173.6827300479722,0.16450600826687534
42,292.5,6687.787365859055,2651.87255859375,9039,635.0330788804072,1174.0243389755503,0.18058300621601958
42,298.2,6627.803549774005,2644.8701171875,9071,633.8638518355198,1173.856465659795,0.17746560025340952
42,303.8,6568.1966202329295,2661.661376953125,8758,632.0769582096369,1174.6386161224025,0.18494087498635814
42,309.4,6646.405732044199,2788.010009765625,8688,635.3006445672191,1173.9874539594844,0.24118982566601121
42,315.1,6699.53726635514,2903.481689453125,8560,633.6767523364485,1174.293808411215,0.29259648255700926
43,275.6,2344.720107062872,862.2887573242188,18307,564.6086742775988,283.27885508275523,-0.047280984241663486
43,281.3,2366.3540646946158,892.6726684570312,18796,566.4826026814216,280.1627473930624,-0.013710640591157376
43,286.9,2377.202980308675,918.11962890625,18790,567.326929217669,277.21490154337414,0.014405002698049264
43,298.2,2333.1771065728503,902.3842163085938,17481,564.6806818831875,279.1910645844059,-0.00298061978079473
43,303.8,2365.8631012090173,949.9443359375,18941,568.8129982577477,272.8169579219682,0.04956724191556658
43,309.4,2517.332590351855,1079.8616943359375,25124,588.197739213501,238.3001910523802,0.19310934051298964
43,315.1,2534.197875673404,1093.8828125,26173,592.4742291674627,234.1722767737745,0.20860088645236727
44,275.6,5565.7421289355325,2145.420654296875,3335,1174.0389805097452,278.88125937031487,0.0
