cell_id,time_seconds,mean_intensity,mean_intensity_sub,area,centroid_x,centroid_y,dF_F0
0,0.1,4916.574588690723,1809.1259765625,57864,127.22093184017697,164.6357493432877,-0.048771460417280324
0,5.1,4962.2983821388125,1897.6793212890625,61810,122.91145445720757,173.01509464487947,-0.0022105962924579324
0,10.0,4978.517669516675,1913.304443359375,62339,122.30508991161231,174.15216798472866,0.0060050073970022225
0,15.0,4987.493785607566,1921.894287109375,60907,122.58960382222077,175.68446976538002,0.010521500240182606
0,20.0,5030.162166516304,1967.4140625,62072,120.70624436138678,178.70191068436654,0.03445554907255355
0,25.1,4992.418809519947,1951.7996826171875,61639,121.52156913642337,178.27912522915688,0.026245593566503463
0,30.1,4936.086117396513,1821.3668212890625,60104,118.17153600425928,182.4516504725143,-0.04233529123760207
0,35.0,4955.320255562334,1999.2254638671875,62294,119.83009599640415,179.91628407230232,0.051181809850747675
0,40.1,4922.445721090406,1982.3885498046875,62142,118.7359756686299,177.7719738663062,0.04232905256229009
0,45.0,5013.094887739118,2028.7215576171875,63201,118.50484960681001,179.95066533757378,0.06669069455236436
0,50.1,4991.347489284054,1861.5263671875,58091,111.26818267890035,190.90444302904064,-0.021219621742954154
0,55.1,5014.883536526522,2032.6199951171875,62174,117.21656962717535,179.05206356354748,0.06874047165900102
0,60.1,5021.55487629229,2044.635986328125,62486,117.33101814806517,178.90146592836794,0.0750584140904821
0,65.1,4986.530880727375,2195.3154296875,64231,115.53086515856829,176.7024489732372,0.15428484094452366
0,70.1,5024.295324269269,2222.65966796875,63327,117.0386249151231,180.1016943799643,0.1686622918148593
0,75.0,4996.635682880979,2193.444091796875,64367,114.81675392670157,177.7485823480976,0.15330090172092833
0,80.1,4967.37347890543,1977.062255859375,64756,114.58133609240842,175.25386064611774,0.03952851634943069
0,85.1,4968.139009302254,2014.8638916015625,64823,115.06540888264968,174.9270629251963,0.05940440958556804
0,90.1,5015.257306617404,2049.0625,63333,117.72559329259627,178.91082058326623,0.07738585075884566
0,95.1,5042.307159171458,2056.03955078125,63485,118.47677404111208,178.9432621879184,0.08105434588368675
0,100.0,5069.823584522105,1841.5911865234375,56571,110.62028247688745,198.76309416485478,-0.03170143065790051
0,105.1,5047.64564404062,2168.4521484375,56130,109.44131480491716,199.9089791555318,0.14016027464959346
0,110.1,5034.544754022332,2207.82421875,56062,105.87595875994435,192.83903535371553,0.16086189378994176
0,115.1,5060.321630207861,2251.138671875,55085,106.13918489606971,195.31881637469365,0.18363639624178607
0,120.0,5013.424704523239,2169.01171875,56265,104.96118368435084,193.95579845374567,0.14045449365813625
0,125.1,5024.694161700332,2173.6591796875,56883,104.87827646221191,194.0220979906123,0.1428981031898206
0,130.1,5000.666584826909,2129.849853515625,57022,103.16604117708954,193.93954964750446,0.11986339919769869
0,135.1,5016.684193230365,2118.59228515625,57817,103.49250220523375,196.42407942300707,0.11394423135174908
0,140.1,5059.166946970997,938.6470336914062,58270,104.54480864939077,201.5889994851553,-0.5064645256277529
0,145.0,5062.377492755363,938.052734375,58319,106.02580634098665,207.10610607177765,-0.5067770049565248
0,150.0,5091.851659642645,929.2900390625,57422,105.14783532444011,207.0904183065724,-0.5113843822054854
0,155.1,5078.935174577437,2191.212158203125,56737,103.91335460105398,202.23949098471897,0.15212736324968132
0,160.0,5109.788676023267,2216.38330078125,56217,105.15760357187328,203.91603963213976,0.16536221228972056
0,165.1,5100.399874383132,2148.57958984375,55725,104.95257065948856,202.49430237774786,0.12971139207657173
0,170.1,5050.924719924616,2002.3162841796875,57306,106.38608522667784,210.4218231947789,0.05280694625919082
0,175.1,5103.724691447393,1994.22607421875,55258,105.2613739187086,204.79671721741647,0.04855315812848113
0,180.1,5099.390606000109,2092.203369140625,55099,104.44423673750885,202.71652843064302,0.10006908370149543
0,185.4,5052.602914915493,1992.7957763671875,55439,103.96574613539205,204.87312180955644,0.04780111534421066
0,191.1,5039.351909706546,1946.442138671875,55375,102.68153498871332,205.3748803611738,0.023428626274632956
0,196.7,5047.670791899543,1991.6553955078125,55108,102.60316106554403,208.82606881033607,0.047201509328109716
0,202.3,5050.544641106536,2031.74267578125,56103,101.71005115590967,207.20079140152933,0.06827918195254443
0,207.9,5037.499946630613,2017.5784912109375,56212,101.16016153134562,207.24178111435282,0.06083173120685392
0,213.6,5052.847771100547,2084.8232421875,55745,100.171333751906,209.29037581845907,0.0961886533309719
0,219.2,4987.315558376978,2077.21875,56709,101.14006595073093,212.2183074996914,0.09219025294786076
0,224.8,4984.747420320479,2042.9930419921875,56790,101.04465574925163,212.3595351294242,0.07419456294825318
0,230.5,4957.554746589383,1950.6962890625,56588,102.93021488654838,216.62232275394078,0.02566543527282583
0,236.2,4955.498324102454,1891.0841064453125,55791,104.38007922424764,218.806312846158,-0.005678324170631957
0,241.8,5004.222104841354,1940.220458984375,54902,105.79120979199301,220.96663145240612,0.02015730113776367
0,247.4,4973.524449441411,1935.040283203125,56034,105.41464111075419,220.94605061212835,0.017433593056061722
0,253.0,4949.778980070961,1904.070068359375,56651,105.90806870134685,223.47932075338477,0.0011496235492175818
0,258.7,4998.1416988964975,1932.61767578125,56366,106.82398963914416,225.07777738352908,0.016159799329285945
0,264.3,5023.628575972293,1992.3687744140625,56593,107.33618998816108,227.24418214266782,0.04757660005366034
0,269.9,5052.313921666193,1991.3321533203125,56272,107.40012794995735,226.12839422803526,0.04703155035458849
0,275.6,5049.756700263936,2067.5537109375,56453,107.11336864294192,225.7040192726693,0.08710842829245419
0,281.2,5016.95597528437,2092.084228515625,56968,107.21213663811263,226.010409352619,0.10000644021276556
0,286.8,4946.673480065576,1822.46240234375,57338,107.23992814538352,227.87704489169485,-0.04175924071367722
0,292.5,4916.83291082484,1835.1802978515625,57987,107.5567454774346,227.90872092020626,-0.0350722408434699
0,298.1,4883.845092419379,1691.5177001953125,58267,107.26079942334427,227.381416582285,-0.11060924862049215
0,303.8,4896.6304651083665,1888.825439453125,58782,106.98434895035895,227.17835391786602,-0.006865918916501764
0,309.4,4891.589289024452,1915.7584228515625,59341,107.22298242361941,229.83085893395798,0.007295296386691502
0,315.0,4918.829364000815,1810.9193115234375,58868,107.2269654141469,228.1514574981314,-0.047828534707310404
1,0.1,5552.244321868916,2282.95068359375,49312,472.0109912394549,116.13459198572356,-0.009659430054864495
1,5.1,5587.332586600291,2292.159423828125,48210,474.9431030906451,114.94391205144161,-0.005664692403400404
1,10.0,5575.753274040227,2296.066162109375,49022,473.13022724491043,116.06621516869977,-0.00396995521793079
1,15.0,5618.533708679182,2328.05908203125,48311,472.46258616050176,114.3180021113204,0.009908525284224859
1,20.0,5625.013006947811,2326.853515625,49512,469.31543868153176,116.14772176442075,0.009385552391970831
1,25.1,5605.4915056969,2318.295166015625,48974,472.67411279454404,114.74335361620452,0.005672953214578171
1,30.1,5607.9534691686795,2333.048828125,48441,473.8938502508206,112.51600916578931,0.012073069628471076
1,35.0,5577.972603304082,2329.29736328125,48546,473.5279734684629,112.43869731800767,0.010445689826450949
1,40.1,5539.944015283661,2319.569580078125,48156,475.75172356508017,112.3567156740593,0.006225792116474896
1,45.0,5606.958149642968,2365.057373046875,48315,475.64418917520436,110.95229224878402,0.025958328232105917
1,50.1,5555.586255144033,2314.14453125,48600,475.37584362139916,112.09627572016461,0.00387241410133177
1,55.1,5483.850440637687,2313.701171875,50495,477.0080404000396,116.5737003663729,0.0036800854718596525
1,60.1,5437.278798736323,2256.84716796875,51912,476.58487440283557,118.54492217599014,-0.020983095838542232
1,65.1,5394.094134088908,2266.45703125,52234,478.66920013784124,118.64930887927403,-0.01681435161316697
1,70.1,5402.727315039271,2279.896240234375,51565,480.2086492776108,117.30255017938524,-0.010984442986211223
1,75.0,5406.182302547099,2293.349365234375,52177,480.46482166471816,117.13237633440022,-0.005148497612625569
1,80.1,5478.429962470839,2373.0693359375,49295,485.2301653311695,113.0550968658079,0.029433905673398028
1,85.1,5489.83159506072,2354.560546875,48995,484.18156954791306,112.4148382488009,0.02140482083995081
1,90.1,5484.854341680933,2344.074462890625,50234,484.4709559262651,114.11056256718557,0.016855973392562642
1,95.1,5489.707500550187,2357.84423828125,49983,486.77682412020084,114.08865014104795,0.02282928122893758
1,100.0,5500.449522564286,2390.21923828125,50478,487.09297119537223,114.475791433892,0.03687350749382663
1,105.1,5512.418205487683,2414.18212890625,49930,486.8312036851592,113.3807931103545,0.04726857337485486
1,110.1,5570.058383020289,2450.985595703125,49141,486.91546773569934,112.12555707047069,0.06323386186991722
1,115.1,5573.003618621671,2435.74658203125,49190,486.7825167717016,112.9720878227282,0.05662320067882686
1,120.0,5573.732774067437,2458.40234375,49112,488.4303836129663,113.12363577129825,0.0664512360079863
1,125.1,5519.830625722629,2438.755126953125,51029,490.8036018734445,118.66003644986185,0.05792830293707846
1,130.1,5490.307201052774,2475.14404296875,51673,491.4796895864378,119.50080312735858,0.07371375992727097
1,135.1,5491.876944154992,2465.818115234375,51822,492.054474933426,119.42250395584887,0.06966818651471293
1,140.1,5523.302623135707,2480.27294921875,51427,493.3081066365917,119.18231668189861,0.07593867173781625
1,145.0,5503.9412206971,2468.25390625,51872,492.606203732264,119.57242828500925,0.07072482899061784
1,150.0,5501.556646482398,2480.788330078125,52351,491.9794655307444,118.59922446562625,0.07616224317879403
1,155.1,5464.758396698636,2486.128662109375,52342,492.09718772687324,117.94165297466661,0.07847887117497966
1,160.0,5465.099027155387,2473.39453125,52218,492.46426519590943,117.23825117775479,0.07295482437727252
1,165.1,5462.804942345623,2489.711181640625,52728,492.11984145046273,117.37321726596875,0.080032962754756
1,170.1,5475.523173381103,2487.09765625,52474,492.20840797347256,116.7320577809963,0.07889921937452526
1,175.1,5481.235239608154,2489.114013671875,52878,492.9462914633685,116.63264495631454,0.07977391218884808
1,180.1,5506.87150243309,2515.392822265625,52608,492.7261062956204,116.21757147201946,0.09117361979849552
1,185.4,5496.217742548662,2505.46044921875,52608,492.84445331508516,116.39925486618004,0.08686497132227627
1,191.1,5517.068718863279,2511.9443359375,51587,493.08610696493304,114.30589101905518,0.08967767162047037
1,196.7,5519.991524923803,2482.456298828125,50855,491.13992724412543,112.05279716842001,0.07688580551169795
1,202.3,5518.271098788737,2479.212158203125,50856,491.67748151643855,112.72546012269939,0.07547850219208038
1,207.9,5524.662276594084,2502.7724609375,51252,492.86297120112386,114.55115897916178,0.08569892605218375
1,213.6,5494.762660031151,2529.0224609375,52646,495.7731071686358,118.5007977814079,0.09708613653722893
1,219.2,5453.437666034156,2565.5302734375,52700,496.9643074003795,118.74660341555978,0.11292317064336468
1,224.8,5473.003274592569,2563.641845703125,52831,497.54331737048324,118.49917661978762,0.11210397353490277
1,230.5,5453.124301569078,2598.97314453125,52260,498.1128013777267,116.74383849980865,0.12743063778122238
1,236.2,5468.553447908392,2659.423828125,51611,497.11311542113117,115.14882486291683,0.15365405332586612
1,241.8,5484.047891323535,2463.84130859375,52118,497.688859894854,115.78082428335699,0.06881065076975933
1,247.4,5450.872138866571,2612.09521484375,53519,499.37003680935743,118.36409499430108,0.1331229721297176
1,253.0,5448.599996227981,2577.83447265625,53022,500.2451058051375,118.13822564218626,0.11826071374255838
1,258.7,5465.297887455599,2566.6044921875,53490,500.9676948962423,118.66346980744065,0.11338916512005924
1,264.3,5481.8616780473085,2384.827392578125,53014,500.40706228543405,117.71379258309126,0.03453453294432679
1,269.9,5455.776814205804,2545.017822265625,53274,500.69103127229045,118.60705034350715,0.1040249002030465
1,275.6,5468.781894768233,2341.36767578125,53653,501.04801222671614,118.00849905876652,0.015681773219127972
1,281.2,5457.970292231997,2555.024658203125,53656,500.3768450872223,118.14173624571343,0.10836585056912752
1,286.8,5435.418046542851,2533.10302734375,53628,500.55980085030205,116.68067054523756,0.09885628010165458
1,292.5,5442.012072965988,2494.294189453125,53011,498.09226386976286,114.21471015449623,0.08202106464487197
1,298.1,5415.699318966322,2503.943359375,53595,500.0911465621793,113.83201791211867,0.08620686003178082
1,303.8,5416.840059009169,2499.209716796875,53551,499.38664077234785,113.16558047468769,0.08415341300709202
1,309.4,5425.897337536557,2499.856689453125,52658,498.9181700786205,112.7232139465988,0.08443406877146487
1,315.0,5417.444875067544,2539.08740234375,53669,501.14583837969775,111.46099237921332,0.10145229296818571
2,0.1,7272.439066124187,4764.99072265625,52598,705.2255599072208,190.14673561732386,-0.012200242326578084
2,5.1,7293.309267179926,4787.50146484375,52605,707.067370021861,189.7705731394354,-0.007533684305355782
2,10.0,7321.582879036255,4818.8154296875,52462,707.3959437307003,189.09237162136404,-0.001042186486193762
2,15.0,7347.882262386681,4847.02978515625,52617,707.438204382614,189.24938708022123,0.004806751133438537
2,20.0,7402.075125240481,4900.87646484375,52499,708.7748528543401,188.40353149583802,0.01596936198468909
2,25.1,7405.591404208237,4923.18505859375,52421,709.5630567902176,191.33572423265485,0.020594013905942062
2,30.1,7355.270989036003,4901.052734375,52718,711.3445692173451,193.23140103949316,0.016005903294082635
2,35.0,7358.792841771435,4904.74951171875,52974,711.3164382527277,193.06136972854608,0.01677225856671016
2,40.1,7333.889379195896,4910.830078125,53028,711.4553254884212,192.8953005959116,0.018032781907091948
2,45.0,7423.540013653948,4974.09130859375,52732,712.0573465827201,193.3023022073883,0.03114706308082715
2,50.1,7394.489394801745,4944.427734375,52710,712.1771200910644,194.1332005312085,0.024997697188950962
2,55.1,7410.164584640542,4970.75537109375,52593,712.6394196946362,194.5198410434849,0.030455511208869517
2,60.1,7441.86787862534,4998.75048828125,52202,711.8996781732501,194.75422397609287,0.036258999942303194
2,65.1,7406.927431668957,4984.2744140625,52392,712.342094212857,195.58453580699344,0.033258057561166204
2,70.1,7431.234712643678,4994.99755859375,52200,712.3459961685824,195.9526436781609,0.03548100408635086
2,75.0,7441.20049822746,4986.91650390625,52185,713.3094567404427,198.18315607933314,0.03380577231221461
2,80.1,7445.11189917825,4963.5361328125,52449,713.2149516673339,199.24803142099944,0.028958937083153242
2,85.1,7470.497138357532,4959.9462890625,52068,713.1394138434355,199.89060459399246,0.02821474953007471
2,90.1,7475.717839224848,4937.81396484375,52222,714.1018919229443,201.4292443797633,0.023626638918215287
2,95.1,7473.839997688663,4970.21240234375,51918,715.1810162178821,202.19790823991679,0.03034295182924175
2,100.0,7471.535724622301,4992.40185546875,51827,715.8183958168522,202.79219325834023,0.03494290546935338
2,105.1,7463.819967203627,4989.67529296875,51835,716.252667116813,203.24103405035208,0.0343776792320859
2,110.1,7465.746811932754,4992.04833984375,52226,716.1228889824991,203.85350208708306,0.0348696204056389
2,115.1,7474.196022180292,4974.93408203125,51938,716.0555662520698,202.6644075628634,0.03132177305316305
2,120.0,7430.791365258718,4993.98974609375,52393,717.8765865669078,204.09138625388888,0.03527208092128638
2,125.1,7468.075140057371,5076.26513671875,51943,719.784321275244,203.36266676934332,0.05232806605373091
2,130.1,7444.1213616756695,5081.095703125,51466,721.1873858469669,204.7622508063576,0.05332945988705597
2,135.1,7478.7325572233385,5109.21728515625,50766,722.8874246542962,205.7950202891699,0.05915916523858641
2,140.1,7522.591567333267,5130.26806640625,50755,723.1509210915181,207.1659540931928,0.06352306809336355
2,145.0,7507.155120987654,5105.21630859375,50625,722.0147555555556,207.05542716049382,0.0583297483710775
2,150.0,7524.032664414862,5122.0166015625,50330,722.3914365189747,208.89441684879793,0.06181250967939809
2,155.1,7462.837318497474,5083.869140625,50688,722.7866358901515,210.3831084280303,0.05390440348083808
2,160.0,7432.525246674004,5052.25927734375,51789,722.77360057155,214.67149394659097,0.04735156484867748
2,165.1,7445.896896023575,5056.03857421875,51579,724.0708427848543,213.64642587099402,0.04813502671766929
2,170.1,7491.558836697748,5079.80908203125,51371,723.6788071090693,214.04395476046795,0.0530627386952222
2,175.1,7492.85339470209,5069.212890625,51492,725.307950749631,216.49883477044978,0.050866110010597994
2,180.1,7517.651507805682,5077.5009765625,51565,724.6482691748279,216.73427712595753,0.0525842601093405
2,185.4,7431.851479000452,4996.63818359375,53144,724.2014902905314,220.59543880776758,0.03582111156436281
2,191.1,7424.5464862423305,4968.51953125,53134,724.6828396130538,221.57405804193172,0.029992013547614542
2,196.7,7426.611122663087,4920.47802734375,52901,724.1674448498138,221.86964329596793,0.020032836567222344
2,202.3,7411.691321333109,4874.05517578125,53499,724.9834202508458,223.5267201256098,0.010409212053975866
2,207.9,7433.170579968144,4899.37255859375,53365,724.3055935538274,221.31025953340205,0.01565759679651147
2,213.6,7477.065252854813,4977.4951171875,52718,724.5829507947949,220.2465381843014,0.03185268487523825
2,219.2,7434.087810822131,5018.44970703125,52522,723.3908838201135,219.86708426944898,0.04034271901757526
2,224.8,7529.006167899596,5088.9189453125,51233,724.0728241563055,218.32342435539593,0.05495124620036177
2,230.5,7513.8007982296685,5151.3798828125,50612,724.6393938196475,218.72198292894964,0.06789962375610245
2,236.2,7534.102462098722,5217.75830078125,50526,724.9212484661363,217.96997585401576,0.08166010913806035
2,241.8,7571.1774331105335,5034.69873046875,50419,725.5832920129317,218.76671492889585,0.04371120016438528
2,247.4,7552.093079564173,5207.18896484375,50387,726.0793458630202,219.1032210689265,0.07946904768893932
2,253.0,7559.946923277819,5194.8720703125,49777,726.4657773670571,218.79470438154166,0.07691571104225735
2,258.7,7571.626007943194,5182.32080078125,49854,726.926044048622,219.61890720905043,0.07431378761300222
2,264.3,7584.201641826731,5022.62939453125,50188,726.5619670040647,220.20873515581414,0.041209183306796175
2,269.9,7572.996134303078,5170.70703125,50185,725.8479426123344,220.93549865497658,0.07190621131403965
2,275.6,7628.023247890655,5066.13232421875,49897,725.9302563280357,221.91378239172695,0.05022749748715234
2,281.2,7622.5889977302595,5249.0146484375,50226,724.0565643292318,220.52542507864453,0.08813966270650647
2,286.8,7614.1506981030025,5251.31298828125,49921,724.5826606037539,221.48859197532101,0.0886161168431143
2,292.5,7606.0992771180045,5204.74951171875,50354,723.7437145013306,221.50746713270047,0.07896334026032394
2,298.1,7632.160727520381,5220.3232421875,49923,724.9177132784488,222.6411874286401,0.08219183073984511
2,303.8,7634.211742098204,5222.943359375,49957,724.3729607462418,222.90169545809397,0.08273499048002729
2,309.4,7609.35494450555,5181.49462890625,50005,723.945305469453,221.9989801019898,0.07414251920443192
2,315.0,7644.240969401028,5214.44873046875,49969,725.2345053933439,223.67854069523105,0.0809740232791422
3,0.1,10875.45510606808,7549.0068359375,68918,947.0952291128588,199.45014364897415,-0.02974679463480498
3,5.1,11022.837686811508,7724.72998046875,68719,948.7762773032204,197.18524716599484,-0.007161579394749748
3,10.0,11150.452693978166,7821.85302734375,68152,951.1340973118911,192.4233478107759,0.00532138023070674
3,15.0,11184.242975424997,7885.2919921875,68118,951.6139052820106,191.66179277136735,0.013475016904034022
3,20.0,11236.941582933081,7921.36962890625,67874,951.6332616318473,191.72977870760528,0.0181119768948142
3,25.1,11140.643885737796,7840.54931640625,68054,951.2595291974021,191.4032239104241,0.007724363137672417
3,30.1,11069.998628035288,7846.650390625,67786,952.4045968194023,190.07610716077065,0.00850851752321789
3,35.0,11096.524899497115,7908.73583984375,67411,954.1245345715091,188.02461022681757,0.016488190534541806
3,40.1,11059.14894755619,7901.00146484375,67272,954.6005173028898,188.5264002854085,0.015494112465951148
3,45.0,11218.207169112155,8004.57568359375,66926,955.7010130591997,185.24921555150465,0.028806223571345754
3,50.1,11162.999776526325,7966.0556640625,67122,955.6064777569202,185.66286761419505,0.023855350796532088
3,55.1,11100.884069353882,7921.00634765625,67480,954.8969027860106,185.67052459988145,0.018065285349168275
3,60.1,11025.625905863946,7899.00439453125,67753,954.455610821661,185.59291839475742,0.015237434479806211
3,65.1,10854.032302325242,7778.1982421875,68509,954.1823556029135,186.0131661533521,-0.0002894499285323924
3,70.1,10782.019316427784,7720.08837890625,68025,953.7735685409776,186.03653068724734,-0.007758151750811793
3,75.0,10718.339826554937,7676.1875,68379,953.5357054066307,186.3183725997748,-0.01340061166677881
3,80.1,10766.722448143706,7717.92333984375,68362,953.2019981861268,185.70299289078727,-0.008036418301072587
3,85.1,10742.659161011721,7682.8115234375,68082,952.6068711259951,186.44870890984402,-0.012549244048186583
3,90.1,10777.873499229629,7692.7060546875,68798,952.798337160964,186.34438501119217,-0.011277527003873382
3,95.1,10728.855566365128,7640.00927734375,68869,951.3968403781091,188.63291176000814,-0.01805049969304697
3,100.0,10576.869078307907,7532.99560546875,70989,945.6992491794504,197.16156024172759,-0.03180467430318606
3,105.1,10230.800994022433,7166.26171875,74445,935.1228289341125,214.36128685606823,-0.0789399779051087
3,110.1,10566.888632421242,7477.1748046875,71484,943.3788540092888,202.56509148900454,-0.038979169181933074
3,115.1,10640.506816223318,7508.07421875,70787,944.0952576037973,200.87807083221495,-0.0350077519889688
3,120.0,10778.120073659484,7628.89697265625,68966,949.1505379462344,191.84192210654524,-0.019478733827200143
3,125.1,10939.611323834966,7753.56396484375,67380,951.265197387949,186.5370287919264,-0.0034556262314659357
3,130.1,10959.65253214221,7750.35009765625,66268,951.7563680811252,183.05465684795075,-0.0038686957925431905
3,135.1,10902.646613611498,7674.3876953125,66723,951.4984488107549,181.7974611453322,-0.013631935641578379
3,140.1,10977.286341376015,7705.416015625,66976,951.031906951744,178.4877866698519,-0.009643950480804263
3,145.0,11000.172497396996,7725.57080078125,67230,951.706143090882,176.38765432098765,-0.007053511059262808
3,150.0,10858.385075023238,7610.26611328125,67779,952.7715811682084,175.8894642883489,-0.021873307235353245
3,155.1,10644.797521267234,7425.2626953125,68180,953.2845849222646,173.6701378703432,-0.045651290642809615
3,160.0,10468.664027166096,7304.8447265625,67437,953.2059107018403,172.47313789166185,-0.061128282875357216
3,165.1,10499.130155697205,7354.77001953125,66989,954.0846109062682,170.98247473465793,-0.05471152149409528
3,170.1,10643.189300101085,7465.92041015625,66281,955.6697545299558,168.6849625081094,-0.040425665735149365
3,175.1,10812.754060037465,7613.32177734375,64593,958.9004845726317,170.92920285479852,-0.021480571089315347
3,180.1,10857.49549816188,7637.6142578125,64196,961.0691008785594,170.0776060813758,-0.01835832500405942
3,185.4,10793.364364035087,7602.5380859375,63840,961.3565946115289,169.01807644110275,-0.022866569457044177
3,191.1,10780.055314379528,7602.13525390625,63347,962.8685809904179,167.36183244668257,-0.022918344356449943
3,196.7,10788.26710005207,7636.4775390625,63377,962.4280259400098,167.5099641825899,-0.018504424356564412
3,202.3,10860.988157286536,7709.4951171875,62739,962.9537767576786,166.56800395288417,-0.00911967471154881
3,207.9,10911.354807921736,7746.654296875,62865,962.5656247514515,164.77160582199951,-0.004343706960545886
3,213.6,10877.530578775575,7711.5166015625,62805,962.2310007165034,165.17560703765625,-0.008859858852712616
3,219.2,10750.056643979391,7614.5810546875,62884,962.0112429234781,164.4453915145347,-0.021318719615900237
3,224.8,10770.934489124327,7647.2392578125,62295,962.2276105626455,162.87429167669958,-0.017121250074257712
3,230.5,10795.210466843158,7670.3779296875,61948,962.3702944404985,162.25771614902823,-0.014147299852390657
3,236.2,10841.084846317637,7722.9814453125,61523,961.8005298831331,162.44233863758268,-0.007386313836897674
3,241.8,10911.733279652939,7785.849609375,60854,962.4655404739212,160.7461136490617,0.0006939593729079879
3,247.4,10814.669044316755,7734.1630859375,60564,962.2567531867115,160.59872201307707,-0.00594916814430133
3,253.0,10712.709465807664,7640.3349609375,59604,962.8213542715254,160.28894033957454,-0.018008640471345583
3,258.7,10686.883165429035,7572.880859375,59657,962.5548217308949,160.75744673718089,-0.026678331687477224
3,264.3,10686.621462660483,7817.7978515625,59508,962.782096524837,159.2038549438731,0.00480017957668872
3,269.9,10624.938751671718,7483.6591796875,59071,964.9017284285013,156.4985695180376,-0.038145750195134845
3,275.6,10725.882886667227,7843.6416015625,59515,964.5209442997564,155.2508947324204,0.008121806092747205
3,281.2,10694.294370197127,7844.66845703125,59860,964.1256431673905,155.40579685933847,0.008253785018141533
3,286.8,10663.866793688996,7819.8486328125,59832,963.9302714266613,153.66034897713598,0.005063760882754426
3,292.5,10687.70418173296,6978.115234375,59736,964.1958785322084,153.03369827239857,-0.10312193104283768
3,298.1,10656.908869708179,7052.525390625,60825,962.5581750924785,150.5732018084669,-0.0935581971395127
3,303.8,10577.612826227849,7082.20947265625,63261,957.9704241159641,144.80555160367368,-0.08974298324911928
3,309.4,10768.90368555122,7138.8681640625,62026,959.7462032051076,144.68397123786798,-0.08246079657960827
3,315.0,10967.708712127373,7309.52783203125,61489,960.0389500561076,142.37806762185107,-0.06052637613572003
4,0.1,10626.760796369492,6034.39501953125,6831,1173.6971160884204,60.30420143463622,0.04144641987295377
4,5.1,10212.453703703704,5704.4765625,6804,1174.7849794238682,62.665637860082306,-0.01549257646605196
4,10.0,10122.192614920874,5618.4609375,6635,1176.5284099472494,66.446571213263,-0.030337588173015607
4,15.0,10179.760548362528,5725.33740234375,6565,1176.9692307692308,66.74013709063215,-0.011892307192910453
4,20.0,10378.890355010995,5888.5517578125,6366,1177.6933710336161,66.48507697141062,0.016276051959024096
4,25.1,10706.528117359414,6078.1181640625,5726,1177.4462102689486,59.36360461054838,0.04899238134718208
4,30.1,10767.474433893352,6137.77001953125,5476,1177.5290357925494,57.00657414170928,0.0592874003367633
4,35.0,10556.55385437066,6027.0849609375,5617,1177.784938579313,59.204023500089015,0.04018481297998742
4,40.1,10468.140610880173,5962.244140625,5533,1178.4888848725827,60.20892824868968,0.028994256187216464
4,45.0,10484.092955559869,5838.75146484375,5153,1179.5682126916358,59.78827867261789,0.007681265463764505
4,50.1,10352.600119664938,5734.44384765625,5014,1180.3909054646988,60.82269644994017,-0.01032067079228107
4,55.1,10450.448141745894,5780.6787109375,4628,1180.8852636127917,58.17523768366465,-0.002341224189643236
4,60.1,10274.427945685502,5674.0888671875,4566,1181.3972842750766,58.95532194480946,-0.020737038651401505
4,65.1,10075.498152424942,5549.52587890625,4330,1181.8826789838338,57.596535796766744,-0.042234749320707594
4,70.1,10106.406958762887,5511.46240234375,3880,1182.757474226804,54.80618556701031,-0.048803936665193545
4,75.0,10049.785095320623,5310.203125,3462,1183.2842287694973,51.531195840554595,-0.08353828089977898
4,80.1,10035.830900243309,5196.57080078125,3288,1183.331812652068,49.706204379562045,-0.10314952226804007
4,85.1,10075.905862646567,5158.0537109375,2985,1184.0663316582913,47.85963149078727,-0.10979699648738846
4,90.1,9909.38059231254,5064.8291015625,3174,1183.9259609325773,50.034656584751104,-0.1258861711873222
4,95.1,10071.684793554885,5115.07275390625,2979,1184.0708291372944,47.429338704263174,-0.11721486748821427
4,100.0,9812.809206349206,4939.3974609375,3150,1183.524126984127,48.504444444444445,-0.1475337982725382
4,105.1,9853.990526315789,4846.58740234375,2850,1184.1459649122808,47.10140350877193,-0.16355142770147277
4,110.1,9737.256079027356,4501.13818359375,2632,1183.701367781155,44.64475683890578,-0.22317080146647414
5,0.1,5748.83475576539,2914.64453125,11014,862.6619756673325,83.1361903032504,-0.014185462793246475
5,5.1,5697.047816655663,2976.868896484375,10603,862.2359709516174,79.68905026879185,0.006860562942935447
5,10.0,5637.1857295824,2937.51416015625,10273,861.7043706804244,79.74077679353645,-0.006450312796537923
5,15.0,5617.973541963016,2973.626708984375,10545,860.7680417259364,78.59810336652441,0.00576396418600941
5,20.0,5665.299667142178,2980.27099609375,10515,860.6449833571089,79.60684736091298,0.008011248460839386
5,25.1,5554.662477387413,2893.091064453125,10503,860.1698562315529,81.12225078548985,-0.021475449845784225
5,30.1,5406.261296660118,2888.631591796875,11198,858.639042686194,79.29791034113235,-0.022983768587803124
5,35.0,5449.949116183285,2952.107421875,11654,858.0388707739831,78.4135918997769,-0.0015144623374643595
5,40.1,5463.987844270656,3001.2119140625,11764,859.2290887453247,76.91473988439306,0.015094054317509107
5,45.0,5536.596472085834,3028.46240234375,10998,860.572376795781,77.0944717221313,0.024310933839389405
5,50.1,5611.491541353384,3109.21240234375,10640,861.2978383458646,75.18862781954887,0.05162284890345571
5,55.1,5625.238662528782,3094.6015625,9989,860.97967764541,74.3728100911002,0.046681053029434955
5,60.1,5619.305656565656,3128.22900390625,9900,860.6178787878788,73.2960606060606,0.058054796973823396
5,65.1,5657.255495380695,3136.013427734375,9417,861.0631836041202,72.73760220877138,0.06068770746814468
5,70.1,5640.1864229765015,3136.400146484375,9575,861.0452219321148,72.98715404699739,0.060818506596982846
5,75.0,5533.174960712415,3053.180419921875,9545,860.2532215819801,73.67187008905186,0.03267126073283644
5,80.1,5432.980072830265,2994.21044921875,9886,859.2213230831479,75.73396722638074,0.012725962513960546
5,85.1,5365.6787129191225,2923.499267578125,10349,859.046671175959,76.84220697651946,-0.011190542588807436
5,90.1,5366.6738762085115,2890.154052734375,10033,860.0009967108542,78.3652945280574,-0.022468829593210445
5,95.1,5342.09709502708,2857.38427734375,10155,860.9089118660759,78.2982767109798,-0.0335524868333006
5,100.0,5416.502053809817,2910.919677734375,9738,861.8126925446703,78.05617169850072,-0.015445312735597419
5,105.1,5479.52690397351,2999.651123046875,9664,862.4006622516556,75.82957367549669,0.014566151015323252
5,110.1,5500.6127599434685,3081.79736328125,9906,860.7175449222693,71.38128407026045,0.04235031369165311
5,115.1,5463.638560358891,3071.135498046875,9808,859.3044453507341,68.586867862969,0.038744171800559966
5,120.0,5355.796965098634,2992.0537109375,9885,858.1435508345979,68.52584724329793,0.011996493130023453
5,125.1,5270.417476701073,2906.25634765625,9979,857.3345024551559,69.76310251528209,-0.017022581775962196
5,130.1,5129.890713036721,2796.89208984375,10294,856.2927919176219,71.91839906741791,-0.054012641471561575
5,135.1,5056.213854208619,2697.426513671875,9932,856.902436568667,75.23167539267016,-0.08765468937502495
5,140.1,5081.378228388474,2671.875244140625,9370,859.3217716115262,80.97929562433298,-0.09629684545201027
5,145.0,5071.010056228373,2662.837890625,9248,860.6840397923876,83.56596020761246,-0.099353531911734
5,150.0,5089.829066347097,2679.755615234375,9179,862.2271489268984,84.14478701383592,-0.09363148290110225
5,155.1,5168.514069264069,2717.26513671875,8316,863.8270803270804,85.36459836459836,-0.08094471058066856
5,160.0,5284.568277052009,2790.384033203125,8114,863.9157012570865,83.66921370470791,-0.056213848780550836
5,165.1,5412.802197802198,2877.521728515625,7917,863.4148035872174,81.24314765694076,-0.026741435984841997
5,170.1,5536.544780806431,2970.204833984375,7961,862.9104383871373,78.19168446175104,0.004606590076289882
5,175.1,5524.936504653568,3007.831298828125,9670,855.9699069286453,69.74312306101345,0.0173329159211639
5,180.1,5621.9845661584795,3123.9921875,10626,853.5004705439488,66.6596085074346,0.05662178682113556
5,185.4,5631.47485380117,3146.709228515625,11115,852.30220422852,67.6319388214125,0.0643053273130942
5,191.1,5600.188334032732,3153.046630859375,11915,851.1886697440201,68.2771296684851,0.06644881455197117
5,196.7,5588.881480287027,3145.02294921875,12403,851.348867209546,70.14101427074095,0.06373498035420203
5,202.3,5618.406891211769,3178.86865234375,12915,850.0874951606659,69.777158343012,0.07518254653418473
5,207.9,5652.910739422042,3164.46142578125,12077,849.4699014655957,69.20211973172145,0.07030961838330226
5,213.6,5759.897629033639,3252.494140625,11683,849.3606950269623,66.90156637849867,0.10008475189007215
5,219.2,5756.282618429301,3283.63720703125,11167,848.8747201576073,65.52628279752844,0.1106182105219245
5,224.8,5895.718068387466,3399.7919921875,10499,848.8275073816554,63.37432136393942,0.14990501704170617
5,230.5,6021.266427949288,3534.965576171875,10333,848.2207490564211,61.52008129294494,0.19562451480872392
5,236.2,6109.404902625714,3640.091064453125,10321,847.6163162484255,60.76649549462262,0.23118090374997466
5,241.8,6185.659757528353,3676.85205078125,10228,848.1864489636292,61.29331247555729,0.2436145004839072
5,247.4,6129.456342514522,3672.50732421875,10674,847.2011429642121,61.83689338579727,0.24214499208946022
5,253.0,6156.050143142188,3733.156005859375,11527,848.4601370694891,63.64769671206732,0.2626580774357927
5,258.7,6183.297428888699,3735.927001953125,11707,849.1804048859657,65.47928589732639,0.263595306042051
5,264.3,6150.235527761345,3691.583251953125,11833,849.4627735992564,67.88261641172991,0.24859700593527467
5,269.9,6364.073557278209,3861.9404296875,11610,849.2002583979328,66.03540051679586,0.3062165820199223
5,275.6,6573.256808253555,3990.776123046875,10759,848.2476996003346,65.00436843572822,0.34979242739764793
5,281.2,6682.659874309656,4104.29736328125,10502,847.6624452485241,64.08941154065892,0.38818849515305
5,286.8,6755.991580916744,4140.806640625,9621,847.1589231888577,63.476457748674775,0.40053695684794705
6,0.1,10383.525557092362,6696.224609375,32535,266.1542339019517,114.32558782849239,-0.00910071071588049
6,5.1,10462.595197308998,6746.03515625,32107,267.1095088298502,114.33164107515495,-0.0017298057094700737
6,10.0,10491.696769158732,6791.34912109375,32035,266.7406274387389,113.71696581863587,0.00497570047911466
6,15.0,10421.600507738423,6764.75537109375,32694,265.58389918639506,113.83513794580045,0.001040389238582792
6,20.0,10468.048538065184,6790.25927734375,32799,265.3124485502607,114.7251440592701,0.0048144267076533805
6,25.1,10423.472446216108,6755.47412109375,32863,265.73626875209203,114.8242095974196,-0.0003330390087003627
6,30.1,10355.96868469669,6212.9970703125,33019,265.5658560222902,115.64608255852691,-0.08060814258266154
6,35.0,10338.60129948625,6723.31103515625,33090,265.0579026896343,114.1051979449985,-0.005092493903930866
6,40.1,10329.834961799532,6740.01806640625,32853,264.8482025994582,113.92378169421362,-0.0026202074503828636
6,45.0,10516.715713714515,6816.6640625,32513,264.4794697505613,115.84430843047396,0.008721775157165752
6,50.1,10467.980763895312,6273.99267578125,32439,264.0586639538827,116.04368198773082,-0.0715820860158284
6,55.1,10491.597567408235,6771.54931640625,32229,263.351546743616,113.83040119147351,0.0020457491203535105
6,60.1,10533.298276886511,6799.91943359375,31977,262.9149075898302,114.8121149576258,0.006243925047523431
6,65.1,10498.181772485941,6850.78076171875,31831,262.9146115422073,115.51742012503534,0.013770323403478953
6,70.1,10443.03041460396,6833.97705078125,32320,262.13313737623764,117.14003712871288,0.011283730405688417
6,75.0,10423.713089167053,6819.67431640625,32355,261.8648431463452,116.25566373048987,0.00916722892108098
6,80.1,10419.625412339647,6817.96142578125,32740,261.50833842394627,119.40076359193647,0.008913757420056711
6,85.1,10439.370429891524,6856.60498046875,32357,261.26995704175295,119.94124918873814,0.01463218431118063
6,90.1,10457.45827010622,6843.3037109375,32291,260.282834226255,122.00312780650955,0.012663878393449126
6,95.1,10488.788949647565,6874.11865234375,31637,260.83329645668044,119.88791604766571,0.01722383647729764
6,100.0,10621.878718159409,6491.4287109375,30425,260.7761709120789,116.57860312243221,-0.03940616222745432
6,105.1,10625.196186188174,7049.056640625,30206,260.46795338674434,115.72157849433887,0.04311095024196924
6,110.1,10699.616985095528,7078.63330078125,29991,260.25764395985465,115.03637757994065,0.047487668951075014
6,115.1,10686.591156167673,7060.3173828125,29987,260.3041984860106,116.12108580384833,0.044777301369854555
6,120.0,10636.761179670913,7003.90673828125,30144,260.0043126326964,117.22727574309978,0.03642972182543244
6,125.1,10681.334000466994,7007.55810546875,29979,259.52129824210283,118.11804930117749,0.03697004676404689
6,130.1,10644.800080897967,6945.14892578125,29667,259.0649880338423,119.45218593049516,0.027734811179122167
6,135.1,10637.659156361173,6880.2861328125,29515,258.8790445536168,119.63466034219888,0.018136492842587705
6,140.1,10625.592628418946,6759.455078125,29980,257.96911274182787,120.97328218812542,0.0002560582398318112
6,145.0,10528.58277471083,6667.6689453125,30432,257.15076235541534,123.58698080967403,-0.01332634364715224
6,150.0,10501.177869733798,6636.5869140625,30691,256.0739956338992,126.34870157375126,-0.017925825365852605
6,155.1,10425.43064720606,6725.94287109375,30763,256.0191138705588,126.5908721516107,-0.004703037977328583
6,160.0,10521.896556313426,6832.251953125,30055,256.0064548328065,123.96340043254034,0.011028452522815344
6,165.1,10594.843224062182,6923.1572265625,29590,256.6204798918554,121.73095640419061,0.024480505895589654
6,170.1,10649.155970783082,6949.27880859375,29435,256.2994734160014,121.74397825717683,0.028345946286209758
6,175.1,10810.6532659741,7081.19091796875,28108,258.41881314928133,115.18596129215882,0.047866142076036566
6,180.1,10811.773311496421,7123.3955078125,28087,258.3194360380247,114.94442268665219,0.05411152668009377
6,185.4,10766.215855404438,7092.43212890625,27940,258.5604509663565,113.24949892627058,0.049529602992963793
6,191.1,10707.70476020681,7068.142578125,28045,258.5285077553931,113.11067926546622,0.045935264390212296
6,196.7,10567.099433606041,6975.4033203125,28602,258.1900216768058,114.6453744493392,0.032211820208473574
6,202.3,10608.812950918718,7052.55224609375,28137,258.82307993034084,113.18708462167253,0.04362822574819294
6,207.9,10559.08208120763,6998.2578125,28618,258.3616604933958,115.06006709064225,0.0355938005610796
6,213.6,10558.46872600349,7017.66552734375,28650,258.78184991274,114.53193717277487,0.03846573093485714
6,219.2,10453.416444336648,6938.814453125,28861,258.66078791448666,115.0528048231177,0.026797443510140455
6,224.8,10503.690561197962,6960.44140625,28849,258.2763700648203,115.62470102949842,0.029997774104030685
6,230.5,10452.667710399053,6919.86669921875,28743,258.70782451379466,114.86904637650906,0.02399357760442587
6,236.2,10426.624667840011,6906.08154296875,28977,258.517237809297,115.30179107568071,0.02195366671020775
6,241.8,10430.541158380318,6901.1123046875,29265,259.0599350760294,115.99337092089527,0.02121832478719635
6,247.4,10387.941689373298,6885.56298828125,29360,259.72602179836514,115.25228201634877,0.018917355588188984
6,253.0,10344.486707217058,6846.60009765625,29264,260.25437397484967,114.73134226353199,0.013151673747900335
6,258.7,10344.501175668767,6792.36328125,29345,259.63390696881925,114.2182654626001,0.00512577468311335
6,264.3,10332.096163511476,6769.39208984375,29845,258.7148601105713,116.17265873680684,0.001726525320032752
6,269.9,10334.77851346304,6775.818359375,29451,259.263047095175,113.76975314929884,0.0026774769805174743
6,275.6,10418.124467646654,6816.328125,29116,259.12395246599806,111.75216375875807,0.008672063528686647
6,281.2,10432.565181715614,6846.54833984375,29249,258.97073404218946,111.82515641560396,0.013144014688861403
6,286.8,10394.801394083644,6805.2041015625,29410,258.63651819109145,113.2908874532472,0.007025943877507943
6,292.5,10417.32793013219,6812.552734375,29427,259.2093655486458,113.1878207088728,0.008113385750488344
6,298.1,10441.022832764505,6769.9560546875,29300,258.69460750853244,113.16559726962457,0.001809980161447527
6,303.8,10455.512505559927,6789.693359375,29227,258.65172614363433,113.1671057583741,0.004730682845142797
6,309.4,10445.625329724915,6751.3740234375,29191,258.3429139118221,112.33263677160768,-0.00093976654407687
6,315.0,10482.533151525482,6749.244140625,29335,257.76086585989435,114.97883074825295,-0.0012549440490563061
7,0.1,7919.1931052029,4508.16748046875,39305,341.02162574736036,312.328431497265,-0.009605682253185992
7,5.1,7892.953502476498,4453.83056640625,39572,341.9799605781866,307.2651622359244,-0.02154289868636992
7,10.0,7983.674089793414,4549.0068359375,39112,342.57437615054204,309.27965841685415,-0.0006337295092105903
7,15.0,8001.846342325957,4542.4560546875,39588,342.94485702738206,308.77288572294634,-0.0020728633823221053
7,20.0,8168.576364401873,4705.99658203125,38002,342.3041682016736,312.14259775801276,0.03385517383108821
7,25.1,8038.810884848484,4820.599609375,41250,346.37716363636366,312.54528484848487,0.05903218590297136
7,30.1,7999.3882747394255,4662.77587890625,41159,344.55254014917756,310.28832090186836,0.024360065459566232
7,35.0,8011.023190290421,4669.033203125,41526,345.1080046236093,310.50320281269563,0.025734730082697124
7,40.1,7899.490706575299,4712.505859375,43633,347.1322622785506,309.0441867393945,0.035285189757031085
7,45.0,8018.390401295247,4861.46142578125,43235,347.3028102231988,309.6436220654562,0.0680090730654145
7,50.1,7993.256361017763,4653.1083984375,43743,348.4676633975722,310.41672953386825,0.022236227389073174
7,55.1,8042.979943222471,4695.7783203125,43327,347.0356128972696,310.2438433309484,0.03161033523816896
7,60.1,8067.398035656101,4957.337890625,42966,346.37431922915795,310.64595261369453,0.08907206737480712
7,65.1,8007.721893077067,4897.88671875,42872,345.9549356223176,307.84178484791937,0.07601130531051332
7,70.1,7932.665377482245,4837.427734375,44214,349.17397204505363,307.5747274618899,0.0627291380349716
7,75.0,7946.0558411109605,4856.61376953125,44358,348.94614274764416,307.1796519229902,0.0669440968361173
7,80.1,7787.163925924326,4699.77587890625,46277,352.1845841346673,298.8855370918599,0.032488554455459055
7,85.1,7794.141109369558,4656.98486328125,45936,351.44921194705677,298.4020811563915,0.023087843654624178
7,90.1,7844.09901863491,4690.63037109375,45345,350.49039585400817,299.2,0.030479387979357488
7,95.1,7804.7533492143275,4604.24560546875,45757,349.660314268855,295.734117184256,0.011501614552449559
7,100.0,7826.031196690549,4520.87744140625,46896,348.46664960764247,297.4898712043671,-0.006813445020248251
7,105.1,7817.6919655150505,4425.24658203125,47209,347.1291279205236,296.6179118388443,-0.027822482536395864
7,110.1,7841.697875473285,4331.2607421875,47540,346.6829617164493,294.8780816154817,-0.048470127534765255
7,115.1,7855.855852601156,4395.0654296875,47056,345.96510540632437,294.8015555933356,-0.03445294644746443
7,120.0,7830.44777221976,4340.2978515625,47379,346.94379366385954,293.74007471664663,-0.04648477499126884
7,125.1,7865.142218627618,4465.63671875,46984,347.2702196492423,293.83969010727054,-0.01894921816177516
7,130.1,7819.214147266182,4458.3828125,46949,346.27970776800356,294.6693859294128,-0.020542820786920112
7,135.1,7794.846475031473,4430.47802734375,47660,347.75329416701635,294.9736676458246,-0.026673192113280425
7,140.1,7794.260459124412,4018.24072265625,47351,345.859369390298,292.596523832654,-0.11723714873081723
7,145.0,7799.914440883191,3958.85546875,44928,342.74846420940173,289.3464431980057,-0.13028342934960788
7,150.0,7814.8970504072195,4096.826171875,45430,344.09005062733877,292.37574290116663,-0.09997279848184686
7,155.1,7715.60206394784,4404.408203125,46319,345.06023446102034,292.5672186359809,-0.032400442904820144
7,160.0,7732.630028021333,4328.03466796875,44252,341.6988610684263,285.8914851306156,-0.04917886020468533
7,165.1,7751.2691441190245,4190.505859375,44831,339.7916174075974,287.4377774307957,-0.07939241175259203
7,170.1,7744.017714772015,4198.052734375,44652,339.222655200215,286.6507211323121,-0.07773444714743313
7,175.1,7741.160897594285,4383.17333984375,44519,336.12089220332894,283.84415642759274,-0.03706550648619661
7,180.1,7739.8232385110605,4179.8203125,44891,336.74683121338353,283.46064912788756,-0.0817399077036335
7,185.4,7694.624348359399,4149.47509765625,45654,336.56058614798263,283.853725850966,-0.08840641432350986
7,191.1,7655.971786833856,4133.37841796875,46574,337.3343066947224,284.3229698973676,-0.09194267604540865
7,196.7,7622.9838988291995,4374.1611328125,46891,338.68077029707194,286.4454372907381,-0.03904538826139184
7,202.3,7578.051147227534,4053.574462890625,48116,338.7993183140743,287.82461135588994,-0.10947471849625363
7,207.9,7592.73309251874,4123.37353515625,47893,341.52354206251437,288.15847827448687,-0.09414063766288443
7,213.6,7587.53949255034,4132.5146484375,48123,342.5112108555161,289.08640359079857,-0.09213243661648306
7,219.2,7535.673928967582,4220.916015625,47781,343.11952449718507,288.3113790000209,-0.07271163822714591
7,224.8,7546.5638355592655,4275.80078125,47920,343.4375,289.5235392320534,-0.06065406489133592
7,230.5,7515.988382559186,4151.744140625,47773,344.489000062797,288.39750486676576,-0.08790793078830196
7,236.2,7502.4297553275455,4223.41259765625,48146,344.16186183691275,288.87026959664354,-0.07216316688746051
7,241.8,7548.867594283196,4267.4306640625,47649,344.9131356376839,288.81254590862346,-0.06249288666033395
7,247.4,7523.961093674299,4257.07861328125,47473,346.20554841699493,288.74275904198174,-0.06476711722412623
7,253.0,7463.820257880856,4215.97802734375,47774,346.6333361242517,288.79664671160043,-0.07379645940028072
7,258.7,7457.0847254617665,4196.03076171875,47589,347.95641850007354,288.56368068251066,-0.07817865207949595
7,264.3,7412.28515282017,4118.3583984375,47834,349.0433164694569,288.13356608270266,-0.09524240749075624
7,269.9,7346.005149822456,4102.57470703125,48157,348.94623834541187,287.6083020121685,-0.09870990916400682
7,275.6,7399.104483854777,4082.095703125,47816,348.02505437510456,287.032666889744,-0.10320891883694734
7,281.2,7422.967420929201,4256.5576171875,47331,348.05862965075744,286.08457459170523,-0.06488157427858433
7,286.8,7383.308395502784,4045.29833984375,47585,348.2662813911947,286.79667962593254,-0.11129289079666387
7,292.5,7408.065137653358,3533.80419921875,47438,348.4646485939542,287.87847295417174,-0.22366247170298736
7,298.1,7388.642512789204,3978.6796875,47501,349.3655291467548,287.3518452243111,-0.1259282687019985
7,303.8,7402.99650586591,3976.18603515625,47222,349.55287789589596,287.474609292279,-0.12647609642188376
7,309.4,7399.240408232405,3988.3837890625,47228,349.6668925213856,286.9907046667231,-0.1237963853840037
7,315.0,7462.20758770328,3542.34130859375,46549,350.2412726374358,286.01160067885456,-0.22178696360538142
8,0.1,6670.98120334084,3943.61865234375,56393,560.5930877945844,388.8104551983402,0.006854839403373806
8,5.1,6684.081989460512,3910.142822265625,56739,561.0916829693862,388.5605315567775,-0.0016919559357682346
8,10.0,6661.70413124847,3931.920166015625,57174,562.7546612096407,388.2403540070662,0.0038680704960489
8,15.0,6689.243811204235,3903.74609375,56675,562.6813939126599,387.66417291574766,-0.0033251202019121888
8,20.0,6706.9661058534875,3894.42138671875,57060,563.1896249561864,386.02476340694005,-0.00570583376174205
8,25.1,6628.889200909995,3960.6552734375,56264,570.0845656192237,387.86673539030284,0.011204500439977654
8,30.1,6666.147692750184,3863.193115234375,55629,565.8933829477431,386.52032213413867,-0.013678799467125026
8,35.0,6671.284345569689,3789.353271484375,55109,565.1025603803372,385.29987842276216,-0.03253102899907826
8,40.1,6613.696715188836,3764.94970703125,54889,567.5736121991656,385.3906247153346,-0.0387615622058624
8,45.0,6701.2615011661865,3822.84326171875,54451,566.4216267837138,384.5090999247029,-0.023980618396112843
8,50.1,6651.503268577338,3773.234375,54152,567.5150686955237,385.49327817993793,-0.03664638354064623
8,55.1,6661.976034778124,3841.03125,54287,564.6629395619577,382.22377364746626,-0.019336999011387364
8,60.1,6661.644591894716,3875.936279296875,54557,564.6803709881408,382.3250545301245,-0.010425311354623601
8,65.1,6636.494002536691,3864.278076171875,55190,564.3393911940569,381.50925892371805,-0.013401795459692343
8,70.1,6632.785844020034,3833.26318359375,54507,566.5664960463794,381.527913845928,-0.021320282879185092
8,75.0,6684.5727832742205,3784.05078125,53570,565.3175284674257,381.8567668471159,-0.03388482063666387
8,80.1,6735.655549274543,3757.122802734375,53070,563.323968343697,382.14982099114377,-0.04075986811816762
8,85.1,6747.282692124105,3719.863037109375,52375,562.3730596658711,380.36570883054895,-0.050272749215905334
8,90.1,6764.469508607436,3643.478271484375,52687,560.633097348492,381.1417617249037,-0.06977472892190859
8,95.1,6766.0759493670885,3643.989501953125,53325,560.4827941865916,379.9652133145804,-0.06964420543145763
8,100.0,6758.7022602390525,3576.317626953125,52959,562.0432976453483,378.99205045412486,-0.08692167590765495
8,105.1,6745.864670275961,2972.9404296875,53196,562.4430784269493,379.3128242725017,-0.24097137102497687
8,110.1,6757.563062726492,2945.25341796875,53534,562.6237531288527,378.5994321365861,-0.2480402091138407
8,115.1,6770.184356394991,3563.036865234375,53581,562.305612063978,377.9200276217316,-0.090312419381175
8,120.0,6748.616737620435,3597.458251953125,53556,563.5054895809993,375.7788296362686,-0.08152421168362009
8,125.1,6737.0862921598045,3634.594482421875,53991,565.5984145505732,374.58920931266323,-0.07204287064613461
8,130.1,6660.109282808664,3807.14794921875,54574,565.993659984608,374.01940484479786,-0.027987826683653873
8,135.1,6640.06168495511,3884.1494140625,55135,569.5637254012878,374.814564251383,-0.00832839600492898
8,140.1,6690.184454756381,3938.7314453125,56030,567.707710155274,374.92081028020704,0.005607074727229015
8,145.0,6727.062824826906,3965.329833984375,56761,563.22570074523,375.0734835538486,0.012397973826636877
8,150.0,6715.624711708651,3922.9736328125,55933,564.9506373697102,374.1347683836018,0.0015839094131572082
8,155.1,6685.865887257568,3899.147705078125,55170,565.3002718868951,373.7500453144825,-0.004499145962487029
8,160.0,6777.5366901560365,4009.790771484375,55628,558.5335442582872,374.7987164737183,0.023749403574967392
8,165.1,6786.942808901981,3995.748779296875,55673,560.3531514378603,373.7993821062274,0.020164308504873284
8,170.1,6815.204872805446,4044.200439453125,55820,559.297384450018,373.79412396990324,0.03253461933004778
8,175.1,6837.16710243553,4131.04931640625,55840,557.9058022922636,373.1331124641834,0.05470821666939312
8,180.1,6871.400634230316,3972.771728515625,55185,558.1799945637401,372.67864455920994,0.014297981962227122
8,185.4,6892.852600779022,3985.75,53657,558.4721657938386,372.3551633524051,0.017611495920623613
8,191.1,6864.863846860529,3959.664794921875,53337,560.038041134672,370.72647505483997,0.010951618968745792
8,196.7,6859.817836050534,3912.10498046875,52321,561.5695418665546,369.9470384740353,-0.0011909925676907198
8,202.3,6898.355431700401,3714.52197265625,51135,563.07599491542,370.86093673609076,-0.051636389330802904
8,207.9,6897.470202168181,3779.118408203125,51195,566.6541068463717,369.5610704170329,-0.03514411675776254
8,213.6,6918.151463232109,3951.1767578125,50778,570.2383512544803,370.32852810272163,0.008784517635169712
8,219.2,6843.973919186766,4035.7373046875,50957,570.8177090488059,369.94558156877366,0.030373875874230055
8,224.8,6837.275352221706,3933.988525390625,51672,573.4437606440625,369.8132063786964,0.004396148342801756
8,230.5,6757.3592714288425,4013.924072265625,52651,575.056257241078,368.01344703804295,0.024804686618584704
8,236.2,6723.247337652666,4060.86865234375,53712,576.8499404229967,366.752308608877,0.03679022117510889
8,241.8,6792.161064293154,3841.84521484375,52805,577.2388031436417,368.0175172805605,-0.019129183673677965
8,247.4,6786.779717484009,4156.505859375,52528,580.5771398111483,369.7247753579044,0.0612075883739399
8,253.0,6765.689697410477,4119.08740234375,52249,581.1015904610615,368.57350379911577,0.051654191388526394
8,258.7,6820.11048681857,4142.30712890625,51436,580.535967026985,368.75400497705886,0.05758247607324908
8,264.3,6811.733449511085,3852.890380859375,51645,583.9143189079291,370.02743731242134,-0.01630921555930757
8,269.9,6778.731239566753,4180.9052734375,51518,584.6634380216624,370.4841802865018,0.06743706193443098
8,275.6,6788.402695480423,3891.16943359375,51642,585.832307036908,370.5018589520158,-0.00653609779842147
8,281.2,6803.164125838861,4228.71875,51558,585.0077194615773,370.40717250475194,0.07964443655901389
8,286.8,6774.877991029319,4182.63671875,51947,585.8137909792673,369.77754249523554,0.06787912143504138
8,292.5,6761.448168709855,3076.86474609375,52777,586.9671637266233,368.99279989389316,-0.21443820183958084
8,298.1,6821.732188774819,4082.949462890625,51723,584.4859926918392,368.4192525568896,0.04242772645058913
8,303.8,6782.615550879877,4055.9736328125,52280,586.7609028309105,368.40730680948735,0.03554046187064775
8,309.4,6845.234216679657,4084.7294921875,51320,583.1610093530787,365.86855027279813,0.0428821900460418
8,315.0,6905.066524368553,3151.253662109375,50598,581.7722044349579,365.08931183050714,-0.19544578733626933
9,0.1,8850.699854429737,6128.373046875,29539,64.80879515217171,390.4705643386709,-0.07425426249255124
9,5.1,9676.47816890166,6042.43017578125,25056,67.48351692209451,403.61705779054915,-0.08723670432101684
9,10.0,9759.061535369776,6606.935546875,24880,65.48118971061093,405.29718649517685,-0.0019631028132594667
9,15.0,9940.04991816694,7028.71728515625,24440,63.16194762684125,400.3992225859247,0.0617508133249651
9,20.0,10150.814044991874,7293.19970703125,23382,63.27525446924985,406.8545034642032,0.10170325630186244
9,25.1,10100.839249663526,6915.8232421875,23776,63.14666049798116,404.88791218034993,0.04469715515681625
9,30.1,9775.784380846237,7044.541015625,25123,64.05707917048123,408.01528479878993,0.06414112979572593
9,35.0,9815.363662269989,6730.38525390625,24564,65.31745644031916,412.1702491450904,0.01668508312558422
9,40.1,9932.711361737678,6961.79248046875,23940,64.175104427736,409.9633249791145,0.05164122107281522
9,45.0,10052.454444491905,7058.23828125,23411,64.80611678270898,413.62581692366837,0.06621022467145596
9,50.1,9887.059412185174,6671.54052734375,23783,65.56363789261238,415.5426565193626,0.007796059175287342
9,55.1,9703.261659919028,6539.1923828125,24700,66.80453441295546,416.9793117408907,-0.012196315591992959
9,60.1,9850.346651241582,7034.4521484375,24203,66.58335743502872,415.5936040986655,0.06261711588148332
9,65.1,9914.62031328112,5756.13818359375,24004,64.72337943676054,415.6573487752041,-0.13048367858692592
9,70.1,9984.102401278438,5839.82373046875,23779,64.18646705075908,415.9884351738929,-0.11784222583626225
9,75.0,10035.43589202868,5738.62158203125,23710,63.41471952762547,415.3126107127794,-0.13312971842622218
9,80.1,10107.355694357693,5674.89599609375,24015,61.85159275452842,412.7292941911305,-0.14275603998017647
9,85.1,10080.27964447398,6029.7080078125,24077,60.64642604975703,412.0810316899946,-0.08915850194639634
9,90.1,10133.716693719565,6143.80419921875,24027,60.43692512590003,411.95326091480416,-0.07192324847010378
9,95.1,10232.360555816034,6213.52685546875,23461,60.11193043774775,411.5163462767998,-0.061391015634824964
9,100.0,10257.783583695606,6131.26513671875,23233,60.35720742047949,412.1711358843025,-0.07381738637145652
9,105.1,10303.864367514643,6206.00537109375,22878,60.178555817816246,412.5090917038203,-0.06252720333858032
9,110.1,10356.308730715287,6355.37890625,22816,61.48312587657784,413.0564954417952,-0.03996299055165955
9,115.1,10391.180297723293,6521.3134765625,22840,62.28594570928196,413.05113835376534,-0.01489708480523018
9,120.0,9989.230230759838,6616.56640625,24571,65.7396524357983,416.2557486467787,-0.0005082750887157988
9,125.1,10154.468453797654,6649.3779296875,23949,63.39972441438056,417.7141007975281,0.004448199938352007
9,130.1,9384.195255948625,6184.04833984375,26939,65.37410445822043,427.1365678013289,-0.0658440099253416
9,135.1,9630.494901322167,6340.46875,25791,65.46105230506765,423.42189135745025,-0.04221530343934285
9,155.1,10288.823798525362,6865.373046875,22514,57.628009238695924,418.36159722839125,0.037076200474434336
9,160.0,9794.155494662795,6443.64013671875,24451,63.80462966749826,420.37442231401576,-0.02663033973738309
9,165.1,10375.672882638302,6162.63525390625,22469,57.438292758912276,416.99078730695624,-0.0690786486919274
9,170.1,10437.9824120603,6572.6767578125,22288,56.941044508255565,416.66053481694183,-0.007138200299034808
9,175.1,10502.288845525503,6944.14013671875,22036,57.31090034489018,415.17598475222366,0.04897467615810711
9,180.1,10582.759337821635,6250.513671875,21686,57.349534261735684,415.98662731716314,-0.05580382514068289
9,185.4,10526.397886674049,6189.69873046875,21672,57.70648763381322,416.374630860096,-0.06499046772150774
9,191.1,10650.339241589052,7015.68505859375,21044,57.688984983843376,416.1896977760882,0.05978217856690028
9,196.7,10543.165839126117,7073.9775390625,21147,57.29413155530335,417.48229063224096,0.06858778078953244
9,202.3,10462.529392446633,6348.5029296875,21315,57.22087731644382,417.4566737039643,-0.04100166850831256
9,207.9,10340.854848386947,6450.87646484375,21667,56.73586560206766,415.8784326394979,-0.02553722744384541
9,213.6,10233.18143306154,6314.19482421875,21953,55.81373844121532,419.9516239238373,-0.04618421567975911
9,219.2,10206.319229700954,6875.51806640625,21602,54.6851217479863,420.45717989075087,0.03860869670404516
9,224.8,10278.294341573455,6356.96728515625,21278,55.40281041451264,419.52862111100666,-0.03972305166563539
9,230.5,10263.056037137037,5917.58154296875,21111,54.730898583676755,418.2338591255743,-0.106096210551425
9,236.2,10310.846807706837,6294.2275390625,21176,53.8848696637703,416.3127125047223,-0.04920045326542957
9,241.8,10343.462986674254,6364.107421875,21087,53.81865604400816,415.6280646844027,-0.03864446994711977
9,247.4,10271.504635381822,6328.4091796875,20926,53.9977062028099,416.04085826244864,-0.04403700974337751
9,253.0,10246.947225587593,6398.52587890625,20635,53.111848800581534,416.92498182699296,-0.03344525318199309
9,258.7,10240.249478433847,6481.33984375,20611,53.736645480568626,416.317160739411,-0.020935460717696818
9,264.3,10287.571640316206,7040.212890625,20240,52.616749011857706,416.441847826087,0.06348732767899733
9,269.9,10137.813599292522,6350.49169921875,20354,53.433526579542104,416.4882578362975,-0.04070124702574988
9,275.6,10203.220921618018,6256.23046875,20247,52.506396009285325,416.9073442979207,-0.05494025167693531
9,281.2,10299.618080167724,7156.765625,20033,51.721858932760945,416.5906254679778,0.08109366401283293
9,286.8,10313.06940861031,6701.95751953125,19767,50.99630697627359,416.809935751505,0.012390818771349158
9,292.5,10325.354520716743,6619.9501953125,19477,50.906402423371155,417.2482415156338,2.876611298783363e-06
9,298.1,10296.81387295188,6574.412109375,19347,50.54163436191658,417.5999379748798,-0.006876059874525165
9,303.8,10202.881409763844,6685.76806640625,19521,52.119461093181705,418.8004200604477,0.009945256611798872
9,309.4,10080.339401886127,6816.572265625,19829,52.306268596500075,422.2834232689495,0.029704404586085507
9,315.0,10084.147324980111,6523.57373046875,20112,52.388176213206044,421.4721062052506,-0.014555653171843817
10,0.1,10697.07982457905,8446.7939453125,49709,970.1561085517714,449.2791848558611,0.00824943297081895
10,5.1,10594.19679403762,8369.82421875,50718,972.8985764422887,449.3481012658228,-0.0009380390647248884
10,10.0,10588.363673886552,8320.5908203125,50878,974.1843036282872,448.397205078816,-0.0068147712756938756
10,15.0,10620.992492492493,8342.1123046875,50616,973.7517385806859,447.7568950529477,-0.00424586471087518
10,20.0,10691.267537785272,8409.0927734375,49821,972.0590514040264,448.2810461451998,0.0037492420804754274
10,25.1,10596.944201553173,8355.470703125,50091,971.0056497175141,449.17110858238004,-0.00265134284409258
10,30.1,10519.714593387309,8313.4501953125,50146,969.6840027120808,450.0406213855542,-0.007667110181309372
10,35.0,10407.608717059913,8247.48828125,50774,969.1418048607555,450.90532556032616,-0.015540637448787309
10,40.1,10311.361663052185,8181.984375,51183,968.5261121856867,451.1072817146318,-0.023359494729020488
10,45.0,10352.279994615488,8200.5908203125,52001,969.2593027057172,451.133651275937,-0.021138541068094333
10,50.1,10234.382601303485,8095.013671875,52935,971.3488618116558,451.6512137527156,-0.03374073081440135
10,55.1,10192.88948026967,8085.64990234375,53547,971.6973313164136,451.5454460567352,-0.034858434807357334
10,60.1,10185.270856227533,8086.681640625,53689,970.657769747993,450.1720277896776,-0.034735281627135406
10,65.1,10173.508684956716,8084.7158203125,53253,969.866636621411,449.0325427675436,-0.034969931273881025
10,70.1,10203.459043244158,8109.4716796875,53117,968.4489711391833,447.43475723403054,-0.03201495435137654
10,75.0,10218.20223091682,8131.62109375,53162,969.5422858432715,446.2732214739852,-0.02937109511747814
10,80.1,10253.51739994323,8172.25439453125,52845,968.9163402403254,445.45158482354054,-0.024520911398344884
10,85.1,10287.919720135738,8177.08056640625,52454,969.3214244862165,443.63015213329777,-0.02394483660737774
10,90.1,10363.062713730946,8188.72705078125,51759,971.5230201510848,444.8173457756139,-0.02255465693172533
10,95.1,10428.787208161664,8235.05859375,50970,971.6461055522857,443.8331763782617,-0.017024303968299622
10,100.0,10381.04197959542,8180.9912109375,51263,972.9772545500654,444.46280943370465,-0.023478043507331615
10,105.1,10364.332489004084,8177.5771484375,50928,972.6507618598806,445.7737197612315,-0.023885562218222176
10,110.1,10426.937976815614,8210.3642578125,50465,972.6796988011494,446.30567720202123,-0.01997193716117422
10,115.1,10359.150731840951,8151.82568359375,51104,974.062147777082,446.44158969943646,-0.026959379336880248
10,120.0,10321.911463754737,8140.31982421875,50917,973.0630634169335,447.4261248698863,-0.028332773344807185
10,125.1,10289.120529057494,8104.212890625,51639,973.7920176610701,446.5373845349445,-0.0326426683840269
10,130.1,10181.732074024356,7987.59375,52145,973.9485473199732,445.6712628248154,-0.0465628827481942
10,135.1,10082.854423733263,7900.244140625,53326,978.3536736301241,446.1894760529573,-0.05698934688272424
10,140.1,9647.832410644098,7472.8994140625,59789,999.5913127832879,444.55463379551423,-0.10799924259337067
10,145.0,10058.68299621317,7729.3994140625,54135,980.8002031957144,445.6437424956128,-0.07738218466211469
10,150.0,10008.243701010397,7694.724609375,54731,983.819170122965,446.56286199777094,-0.08152113399494967
10,155.1,9972.699799547603,7676.13720703125,54377,984.4076171910918,447.5262519079758,-0.08373981459670467
10,160.0,10010.241779461527,7841.783203125,54376,983.6758128586141,446.13103207297337,-0.06396752197104016
10,165.1,10189.646141869825,8001.07275390625,52668,978.3613959140275,444.9126414521151,-0.04495396483999427
10,170.1,10218.92519401855,8012.83984375,52830,979.5946999810714,444.6823206511452,-0.04354938912292453
10,175.1,10277.470859836003,8067.2578125,52196,978.7417043451605,444.95545635680895,-0.037053801981715845
10,180.1,10408.433777100072,8171.62939453125,51153,978.5751373330987,444.79805680996225,-0.02459551436601364
10,185.4,10437.314136332248,8197.3251953125,50685,978.2890204202427,443.39090460688567,-0.021528341574163563
10,191.1,10424.634462386766,8187.974609375,50780,978.6489562820008,442.479992122883,-0.02264447191077029
10,196.7,10334.99405518509,8118.2841796875,51137,979.4246827150596,443.43475370084286,-0.030963052507247128
10,202.3,10304.851938346566,8090.40283203125,51384,979.5757434220769,443.8335863303752,-0.03429110255166387
10,207.9,10359.666790468558,8112.53466796875,51157,979.6626268154896,442.5876224172645,-0.03164934152623116
10,213.6,10344.320735942561,8099.2373046875,51254,979.8589573496703,442.99367854216257,-0.03323657794695236
10,219.2,10297.149172142956,8054.5595703125,50673,979.2119274564363,442.8540050914688,-0.03856952446389833
10,224.8,10327.85426561299,8086.38818359375,50743,980.2115759809235,442.92730031728513,-0.03477031005179862
10,230.5,10339.188459767354,8125.75390625,49947,979.2515866818828,442.6859270827077,-0.030071430476468555
10,236.2,10517.121574313827,8342.3525390625,48275,975.8276540652512,441.54641118591405,-0.004217189195177503
10,241.8,10615.822166025748,8421.9765625,47848,975.8496070891156,440.0283606420331,0.005287112318684568
10,247.4,10569.819743921258,8374.44921875,47954,976.0806189264712,439.2045084873003,-0.0003859771039761208
10,253.0,10559.07458181361,8360.7197265625,47706,976.027019662097,438.5578124344946,-0.0020247944828120424
10,258.7,10582.168170320405,8380.3896484375,47440,975.7263069139966,439.4643549747049,0.00032310079028797416
10,264.3,10605.40266373979,8409.6806640625,47377,975.7240222048673,439.69837684952614,0.0038194154969388478
10,269.9,10527.040401710836,8335.4326171875,47696,975.8030862126803,439.8951694062395,-0.005043183927834971
10,275.6,10589.617220837383,8379.8671875,47338,975.7359415268917,440.20222654104526,0.0002607373720023764
10,281.2,10560.996892845145,8353.0810546875,47632,974.6979131676184,440.49372270742356,-0.0029365826282885753
10,286.8,10542.915813424346,8338.6162109375,47466,974.0893692327139,440.9434753297097,-0.004663175061272264
10,292.5,10534.781989026927,8315.767578125,47571,974.0888356351559,442.2646570389523,-0.007390496365250075
10,298.1,10527.472373016875,8313.1083984375,47526,973.5100997348819,442.8718175314565,-0.00770790867925322
10,303.8,10455.488717091517,8250.8037109375,47860,972.8026326786461,444.13529043042206,-0.015144892018731974
10,309.4,10436.347797873232,8213.3193359375,47772,972.1814033324961,445.19563761199026,-0.019619205004665397
10,315.0,10354.1146469407,8120.7314453125,48802,971.2001147493955,445.7515675587066,-0.03067093526196917
11,0.1,4345.5155031778295,1354.9627685546875,38863,317.4594601549031,454.8988240743123,0.10386845709972023
11,5.1,4362.482926955264,1044.642578125,38716,320.939534042773,454.4409546440748,-0.1489448878617098
11,10.0,4374.087928191977,1327.1124267578125,38213,323.5546280061759,454.4155130452987,0.08117918877258432
11,15.0,4389.020556814503,1229.13330078125,37068,326.00442430128413,455.3720729470163,0.0013570201272457103
11,20.0,4380.975647488731,1181.4869384765625,37491,324.0922621429143,454.5095622949508,-0.037459778137840245
11,25.1,4360.677175386283,1835.188720703125,36890,322.8727839522906,454.63879100027106,0.49510155453958116
11,30.1,4327.44962068597,1128.5732421875,37436,323.0288492360295,454.9473234319906,-0.0805677967768728
11,35.0,4322.798895438373,985.2086181640625,37662,320.4072008921459,454.3219159895916,-0.19736487046491347
11,40.1,4303.268654745239,1631.798583984375,37859,317.7324282205024,452.91608336194827,0.3294025688408711
11,45.0,4352.858825729245,1841.2999267578125,37436,317.040282081419,452.8827599102468,0.5000802652135299
11,50.1,4330.364296311996,1233.050048828125,37744,312.91283382789317,450.7937155574396,0.0045479377846837235
11,55.1,4326.597037917894,1121.7928466796875,37001,311.2479122185887,449.9649739196238,-0.08609168636368307
11,60.1,4339.74269905533,1825.169921875,37050,312.10958164642375,449.74367071524966,0.4869393848762835
11,65.1,4334.7188680783975,2590.2275390625,36787,311.9765406257645,448.98322777067983,1.1102206964196186
11,70.1,4336.218172836796,2243.462158203125,36439,312.69389939350697,449.8228546337715,0.8277159849778846
11,75.0,4357.9187628865975,2684.820556640625,36375,315.7559037800687,449.8071202749141,1.1872842518099653
11,80.1,4351.179787523835,2615.43408203125,36710,314.52912013075456,450.0502315445383,1.1307561003004292
11,85.1,4338.958201806901,3087.4697265625,36748,314.5200555132252,449.41561445520847,1.5153166732677539
11,90.1,4337.405843616844,3144.233642578125,36142,318.10049250179844,450.5934923357866,1.5615614099094433
11,95.1,4344.631502294524,2839.53564453125,36391,316.0497375724767,449.53384078480946,1.3133283832970946
11,100.0,4324.896949415051,2169.748046875,36157,316.8331719998894,449.7916585999945,0.7676621707870703
11,105.1,4310.876764190073,1871.663330078125,35923,318.1438354257718,449.74155833310135,0.5248168882066783
11,110.1,4331.060346239965,1851.917236328125,36622,311.83253235759923,446.3348806728196,0.508730032872041
11,115.1,4324.236175146638,3040.413330078125,36655,311.2827717910244,446.24670577001774,1.4769805115743313
11,120.0,4309.012419036891,3221.564208984375,35510,316.4278231484089,447.7108701774148,1.624561497444372
11,125.1,4298.3524784720685,3284.364013671875,36232,313.2596599690881,446.8071042172665,1.6757235847838636
11,130.1,4258.247445857879,1651.3516845703125,35139,316.6384928427104,447.036483679103,0.34533219545218957
11,135.1,4234.911641321447,1736.7181396484375,34326,316.667919361417,447.82750684612245,0.414879004591218
11,140.1,4244.488567233061,1292.046142578125,33369,323.06335221313196,450.4598879199257,0.05261119715541122
11,145.0,4191.628796433878,1216.8681640625,33650,318.25450222882614,450.00166419019314,-0.008635208338401047
11,150.0,4178.108567874358,1290.3900146484375,32155,315.7339760534909,448.6447830819468,0.05126197382254138
11,155.1,4088.0455365064827,1623.5418701171875,34939,301.3252812043848,447.53172672371846,0.32267594416246154
11,160.0,4130.277247174031,1694.514892578125,33086,310.26325333978116,445.5307380765278,0.38049663312738996
11,165.1,4144.84222682144,1688.8323974609375,33339,308.5026545487267,444.85587450133477,0.37586718701782823
11,170.1,4141.029220675308,1475.218505859375,31245,314.0263722195551,446.5249799967995,0.2018390569395319
11,175.1,4138.728541628321,1520.587158203125,32598,312.0985336523713,443.3006932940671,0.23880023803294997
11,180.1,4126.911086298593,3000.61328125,34033,309.7446595950989,442.4814444803573,1.4445559907594463
11,185.4,4098.846638466384,2973.40185546875,33333,310.67242672426727,442.2628026280263,1.4223872380160238
11,191.1,4049.5627950050784,1200.9459228515625,33474,313.04158451335365,442.8564856306387,-0.02160682663447807
11,196.7,3982.9135931303854,1400.40966796875,33539,312.29261456811474,443.04245803393064,0.1408933849430734
11,202.3,3960.001778608465,1685.577392578125,33172,317.0559809477873,444.00370794646085,0.3732153818898726
11,207.9,3940.231711498301,2694.94384765625,32083,314.81454352772494,442.0641772901537,1.1955315497383867
11,213.6,3939.08235440363,2646.49365234375,32178,312.43309093169245,440.14370066505063,1.1560598804150752
11,219.2,3899.2679052661615,2926.68408203125,31541,316.40401382327764,440.4842585840652,1.3843269475929914
11,224.8,3886.3858813339107,729.80029296875,32326,321.80108890676235,443.29555156839695,-0.40544231761463123
11,230.5,3872.4030834265823,1031.3533935546875,32172,323.94473455178417,442.66629367151563,-0.15977139321535283
11,236.2,3907.559768367248,753.1376953125,30911,330.96703438905246,445.59781307625116,-0.3864296754108975
11,241.8,3941.1243906953787,837.2212524414062,32414,334.7781514160548,445.51468501264884,-0.317928024568972
11,247.4,3928.6010718575785,848.4756469726562,32467,336.4107863368959,445.61160563033235,-0.3087592330603653
11,253.0,3931.826329129768,871.6747436523438,31957,340.0306349156679,446.343680570767,-0.2898592664692314
11,258.7,3961.1763764119896,926.240966796875,33729,349.54125529959384,449.20264460849717,-0.24540495824011072
11,264.3,3969.541002173314,861.3132934570312,32669,354.5674492638281,451.1371024518657,-0.2983005892168782
11,269.9,3981.6673557328363,993.3087768554688,34346,354.5252139987189,449.0069294823269,-0.19076578901082802
11,275.6,3978.4699161162666,1411.3453369140625,35883,353.3374299807708,448.85090432795477,0.14980251535327052
11,281.2,3977.864209208513,1358.11669921875,35945,352.10265683683406,448.2171929336486,0.10643791853197186
11,286.8,3995.4875452650062,1418.4415283203125,36452,358.6903599253813,450.7805881707451,0.15558367926470187
12,0.1,5606.988609551705,3705.511962890625,12291,1152.0853470018712,456.12944430884386,-0.022879291153854283
12,5.1,5627.934997847611,3723.36865234375,11615,1154.8049074472665,453.64984933275935,-0.01817059199680935
12,10.0,5668.665356737403,3776.982666015625,11451,1155.9297877914591,452.73958606235266,-0.004032906417113449
12,15.0,5714.849058226541,3829.2265625,11627,1155.4072417648576,453.1537799948396,0.009743487688999427
12,20.0,5810.568310961047,3926.29296875,12143,1153.4027011446924,455.2047270032117,0.035339301878777415
12,25.1,5874.201014215646,3989.376953125,12029,1153.6370438107906,454.98969157868487,0.05197416047501145
12,30.1,5887.399418604651,4025.08642578125,12040,1153.8372093023256,455.67990033222594,0.061390528735007
12,35.0,5902.561138886535,4053.038818359375,11801,1154.6073214134396,455.88043386153714,0.06876140269882408
12,40.1,5910.073475006453,4074.9970703125,11623,1154.8497806074163,455.82405575152717,0.07455165865490587
12,45.0,5951.067735692563,4094.62353515625,10851,1157.4418947562438,454.171597087826,0.07972703669505903
12,50.1,5856.015209508461,4010.53662109375,9928,1161.269943593876,450.8197018533441,0.057553834747185534
12,55.1,5887.951085810669,4027.2333984375,9486,1162.6437908496732,449.3189964157706,0.06195667221659808
12,60.1,5906.837889586214,4038.76220703125,9401,1162.819061801936,448.9500053185831,0.06499674811922418
12,65.1,5898.462719070829,4045.7314453125,9643,1161.9089494970444,449.4905112516852,0.06683449338025431
12,70.1,5922.446486596264,4060.781982421875,9848,1161.0109666937449,450.1246953696182,0.07080322742729152
12,75.0,5924.782986847687,4051.125244140625,9428,1162.6741620704286,449.18084429359357,0.06825680494936867
12,80.1,5887.148716375166,4038.853515625,9777,1161.5332924209881,449.98547611741844,0.06502082563367893
12,85.1,5904.635225464191,4038.956787109375,9425,1162.6140053050399,448.6790450928382,0.06504805768879754
12,90.1,5881.675833426872,4011.624267578125,8909,1164.719497137726,447.15871590526433,0.057840640434072985
12,95.1,5883.809928295643,3999.057373046875,9065,1163.7717595146166,446.40937672366243,0.05452682765588113
12,100.0,5811.426001160766,3922.94189453125,8615,1165.8705745792222,444.0984329657574,0.03445564422261194
12,105.1,5768.53057042013,3884.576904296875,8783,1165.1254696572926,444.3297278834111,0.02433903231362093
12,110.1,5786.707115341038,3884.95751953125,8826,1165.0159755268526,444.36958984817585,0.024439398209436317
12,115.1,5694.440828048343,3797.31201171875,8357,1167.3948785449325,442.0698815364365,0.0013278169816365597
12,120.0,5667.129924953096,3766.115966796875,8528,1166.6303939962477,442.4299953095685,-0.006898388150752172
12,125.1,5617.262675096071,3707.521240234375,8067,1168.5497706706335,440.80277674476264,-0.022349457079088014
12,130.1,5523.545559994845,3623.177734375,7759,1169.9512823817502,439.86828199510245,-0.0445903207052822
12,135.1,5415.417265087854,3532.43701171875,6545,1174.6806722689075,435.0122230710466,-0.06851809104606942
12,160.0,5344.399635036496,3430.53076171875,4932,1177.132400648824,426.2891321978913,-0.0953901422587109
12,165.1,5306.484839156534,3407.53076171875,6497,1174.485762659689,438.05202401108204,-0.10145510076607188
12,170.1,5307.86674222798,3398.192138671875,6176,1175.5498704663212,436.61058937823833,-0.10391763821368848
12,175.1,5296.485078018482,3380.556396484375,6601,1174.2888956218756,438.85335555218904,-0.10856807493602338
12,180.1,5342.174750253366,3403.989501953125,6907,1173.1087302736355,440.42666859707543,-0.10238890918095458
12,185.4,5335.382779661017,3401.8359375,7375,1171.6219661016949,441.2709152542373,-0.10295679087882983
12,191.1,5281.9583051306345,3349.5927734375,7387,1171.6013266549344,440.4153242182212,-0.11673299184980003
12,196.7,5238.961763885012,3311.294189453125,7166,1172.1181970415853,438.81481998325427,-0.1268320928391876
12,202.3,5210.827416865442,3286.5283203125,7127,1172.1490108039848,438.1135119966325,-0.13336270017556245
12,207.9,5213.696003342153,3271.7353515625,7181,1172.1318757833171,438.3832335329341,-0.1372635150307554
12,213.6,5170.247330485851,3223.899658203125,7492,1171.5715429791778,439.4247197010144,-0.14987749309142723
12,219.2,5100.638379583746,3175.752685546875,8072,1169.511149653122,443.61236372646187,-0.16257355358774025
12,224.8,5050.783333333334,3151.344970703125,8220,1169.0082725060827,447.037104622871,-0.1690097178393421
12,230.5,4949.794960903562,3075.788330078125,9208,1163.4946785403997,454.73718505647264,-0.1889335391587425
12,236.2,4765.420328776042,2979.002685546875,12288,1148.771728515625,469.257568359375,-0.21445531821049119
12,241.8,4754.432778986634,2959.709716796875,12868,1146.0439073671123,472.6746192104445,-0.2195427553823417
12,247.4,4723.778259876684,2932.46484375,13137,1145.2504376950596,474.2980893659131,-0.22672706079832491
12,253.0,4690.332408354024,2914.929931640625,13694,1142.865123411713,477.8288301445889,-0.23135090924935017
12,258.7,4688.964844290657,2923.947021484375,14450,1140.9613148788928,480.85723183391,-0.22897315812937236
12,264.3,4691.60306915565,2940.078857421875,15053,1139.9327708762373,482.32332425430144,-0.22471929223335096
12,269.9,4623.011349713033,2901.485107421875,15507,1139.2597536596377,484.60772554330305,-0.23489622668524063
12,275.6,4601.115831540117,2889.3359375,16265,1137.3137411620044,487.7730710113741,-0.23809988805372106
12,281.2,4522.195995356936,2832.85009765625,17230,1135.7609982588508,490.7655832849681,-0.25299485652788545
12,286.8,4415.737327935222,2779.767333984375,18525,1134.117624831309,495.03125506072877,-0.2669924547507537
12,292.5,4394.5621301775145,2769.15771484375,18928,1133.7270181741335,496.6563292476754,-0.26979014604930995
12,298.1,4427.163374940749,2791.37841796875,18987,1133.5462684994995,496.8770737873282,-0.263930683333766
12,303.8,4440.146704242994,2803.307861328125,19161,1133.0508846093628,498.02171076666144,-0.26078496250809113
12,309.4,4484.686812900537,2832.469482421875,19193,1133.3951440629396,497.93284009795235,-0.25309522242370086
12,315.0,4512.5930508299825,2855.213623046875,19398,1133.053459119497,498.24832456954323,-0.24709773245951788
13,0.1,2558.2858440378877,541.5185546875,46242,218.16926171013364,585.3547208165737,0.24586115533870337
13,5.1,2571.8472928446486,433.5617980957031,49166,222.9366025302038,584.6991213440182,-0.0025128446467488513
13,10.0,2615.6513472932393,353.1757507324219,49284,214.85295430565702,579.8180545410275,-0.18745545275169898
13,15.0,2644.9320729237,385.9120178222656,51835,215.64408218385262,578.6271245297579,-0.11213976285522763
13,20.0,2633.6947612641593,459.1019592285156,51291,214.45739018541263,578.8140219531691,0.0562469049149718
13,30.1,2582.6608945738303,478.54302978515625,49722,216.93443546116407,583.1645750372069,0.10097459598863213
13,35.0,2555.949987161001,379.4300537109375,50627,220.39089813735754,586.7777272996623,-0.12705269100274708
13,50.1,2541.176128065186,352.71588134765625,52036,220.78553309247445,587.98397263433,-0.1885134652575486
13,55.1,2539.308641515061,367.12213134765625,53648,223.55403742916792,591.6248322397853,-0.15536928743809097
14,0.1,4040.635340244156,2447.067138671875,33667,665.6346570826031,567.8041999584162,-0.013963678338149238
14,5.1,4082.8207864119954,2474.609375,32146,675.0315435824052,567.3021215703353,-0.002865639804533297
14,10.0,4137.475757994337,2510.596923828125,28958,686.9825264175703,561.5156778783065,0.011635405022283276
14,15.0,4140.010938144003,2476.258056640625,31541,678.4824831172125,561.97336799721,-0.0022013098583612382
14,20.0,4145.546147659643,2500.073974609375,31085,682.3848158275696,556.412610583883,0.007395222978760682
14,25.1,4139.729170656962,2528.31298828125,31326,675.5577475579391,559.728212986018,0.01877402527165029
14,30.1,4121.888457321848,2447.440673828125,31925,672.857509788567,557.4803445575568,-0.013813163779043175
14,35.0,4124.681835335556,2381.293701171875,31798,675.2252342914649,557.3209006855777,-0.04046683280850641
14,40.1,4129.917630772274,2425.46337890625,30339,678.8494347209862,556.6873331355681,-0.022668830508565246
14,45.0,4178.154355231143,2449.918701171875,30825,679.8451581508516,554.1313544201136,-0.012814652161444123
14,50.1,4162.6781087657,2394.37353515625,30414,677.7379825080556,555.2157887814822,-0.03519636385157349
14,55.1,4193.842462479686,2372.951416015625,31383,673.2837204856132,554.2609374502119,-0.04382832462854184
14,60.1,4228.395859622796,2544.192138671875,29321,676.6066300603663,553.9658606459534,0.025172468042119246
14,65.1,4225.795806777418,2451.988037109375,28713,673.4546024448856,554.2792811618431,-0.011980821179102295
14,70.1,4205.030783174998,2440.46337890625,29789,669.1528416529592,555.3480143677197,-0.01662463801740409
14,75.0,4192.9758839157985,2430.476806640625,29358,670.4698889570134,555.0641733088084,-0.02064868902409268
14,80.1,4166.794482128881,2406.41162109375,30664,665.9627576310984,555.0985194364728,-0.03034566327614747
14,85.1,4081.5737666860127,2310.23486328125,34460,652.3810214741729,557.5908299477655,-0.06909971910244997
14,90.1,4141.410093188082,2374.54638671875,30476,663.5266767292295,554.4560309751936,-0.043185637298711825
14,95.1,4123.421537633685,2380.468994140625,29734,663.3903612026636,555.1734041837627,-0.04079914534488568
14,100.0,4045.6735490326882,2229.333740234375,29980,647.5762508338893,560.1327218145431,-0.10169851646554508
14,115.1,3929.5293303584035,2208.113037109375,35407,626.5800830344282,564.330697319739,-0.11024931743123075
14,120.0,3910.3999791975452,2205.301513671875,38457,631.5205554255402,561.4001092128872,-0.11138221002120816
14,125.1,3935.8317297902668,2244.7177734375,39288,633.0634290368561,560.0125229077581,-0.09549957926753828
14,130.1,3900.027842227378,2217.680908203125,39652,631.300110965399,559.290401492989,-0.10639398045648131
14,135.1,3919.2384506968733,2258.164794921875,38314,631.8888917889022,559.5135981625516,-0.0900811535152488
14,140.1,3964.395488153705,2297.390625,37058,634.3717415942576,557.7288304819472,-0.07427525567406437
14,145.0,3971.8890587351348,2299.154296875,38597,629.2118040262196,556.0268673731119,-0.07356459085381456
14,150.0,3981.5679068938293,2303.375732421875,39267,624.3885705554283,554.9538798482187,-0.07186357958485838
14,155.1,4023.730341296013,2359.536865234375,37299,629.5116222955039,550.9817421378589,-0.04923366643549726
14,160.0,4041.927136876689,2379.6103515625,37742,625.4035822160988,549.1433151396323,-0.041145132079771975
14,165.1,4061.925030930006,2403.802734375,37989,622.9213719760984,548.5899865750612,-0.03139690417719806
14,170.1,4097.798447958612,2419.423583984375,37499,624.6240699751993,546.583055548148,-0.02510254271622859
14,175.1,4076.0220210613684,2131.018798828125,38554,621.6770244332624,546.3652279919074,-0.14131414517331875
14,180.1,4135.878737674692,2433.631591796875,37423,626.7989471715256,543.9078641477166,-0.019377480440583822
14,185.4,4127.982260236002,2437.58251953125,37881,623.2039280905996,542.5034713972703,-0.017785469257568506
14,191.1,4134.541286094075,2466.191162109375,37991,625.0374825616593,540.9013713774315,-0.006257726414034075
14,196.7,4074.044519854133,2136.574462890625,39488,621.9728525121556,542.27215863047,-0.13907551163932033
14,202.3,4096.1168539325845,2443.9453125,38270,623.3559184740005,541.7209824928142,-0.01522160622526639
14,207.9,4151.019144913073,2448.386474609375,38078,622.4012290561479,536.4086349072955,-0.013432056980365467
14,213.6,4232.879588071702,2482.8671875,36317,624.9419555580031,531.9864250901782,0.0004618140825278187
14,219.2,4173.863155080214,2487.650390625,37400,621.9850802139038,534.2042245989305,0.002389187443316057
14,224.8,4174.507777986024,2455.326416015625,37349,624.2545181932581,537.188358456719,-0.010635634197915158
14,230.5,4221.736104972376,2554.623046875,36200,627.4774309392266,534.1762430939226,0.029375562511273875
14,236.2,4267.662857474332,2497.711181640625,34478,630.5910725680144,531.4736933696851,0.0064431446107682065
14,241.8,4347.988365582032,2616.701904296875,32146,636.4900143097119,529.683039880545,0.054390000103884596
14,247.4,4326.358644897434,2600.199951171875,31053,633.7939007503301,530.9044858789811,0.0477406013593767
14,253.0,4322.600288458387,2588.504638671875,30507,635.9185432851476,530.0030484806765,0.043028020026424495
14,258.7,4265.8811258942305,2534.914794921875,29914,636.5341311760379,534.5376412382162,0.02143419794667452
14,264.3,4189.2348467975435,2436.50732421875,31429,633.2069744503484,537.3190365585924,-0.018218715086524784
14,269.9,4204.442607959357,2592.886962890625,29525,644.2032853513971,533.341100762066,0.04479386076887799
14,275.6,4142.689426253167,2544.482421875,31181,639.1145890125397,537.9212340848594,0.025289436545895133
14,281.2,4080.8010053578955,2506.912353515625,33222,638.3398952501354,539.0484618626211,0.010150721541218754
14,286.8,3996.348410757946,2429.5986328125,33538,641.463623352615,539.9631760987537,-0.021002545801285175
14,315.0,5064.457627118644,675.3645629882812,59,537.0338983050848,532.6101694915254,-0.7278644386393264
15,0.1,3887.8355093872105,1177.8385009765625,10493,34.629657867149525,561.6123129705518,0.14017421262409385
15,5.1,3904.889779185689,570.3209838867188,10733,35.72626479083201,560.3178049007734,-0.4479164348873857
15,10.0,4014.5354901536466,1028.108154296875,9242,32.360528024237176,566.2127245185025,-0.004768137273536447
15,15.0,4007.7239599789364,1148.4974365234375,9495,32.68172722485519,566.2248551869405,0.11177140100547428
15,20.0,4088.7547043759046,1240.4039306640625,8981,30.846230931967487,566.2954014029618,0.2007389585313538
15,25.1,4062.803365810452,1219.74267578125,9032,30.485717449069973,566.1398361381754,0.18073839818432433
15,30.1,4007.3722191477586,1141.44189453125,9035,31.39579413392363,566.3807415605977,0.10494147735387963
15,35.0,3993.0878183831674,963.3444213867188,9030,30.938981173864896,565.8431893687707,-0.06746089024112167
15,40.1,4007.4094309680345,1301.04736328125,8822,29.88846066651553,564.3161414645206,0.25944316796057154
15,45.0,4085.5048035996597,1311.25537109375,8223,27.418703636142528,565.3648303538854,0.2693247495699584
15,50.1,4014.8407079646017,883.6365356445312,8249,27.870650987998545,566.4480543096133,-0.14461991993040357
15,55.1,4048.4418393782385,1074.0584716796875,7720,26.061139896373057,567.5326424870466,0.03971280548588009
15,60.1,4004.3644736842107,1299.251708984375,8360,28.112200956937798,564.5159090909091,0.25770493413446804
16,0.1,2448.2583674801467,939.5238037109375,55154,443.5102077818472,658.9507198027342,-0.023607250901157506
16,5.1,2498.5099974505592,863.2386474609375,54914,453.76457733911207,655.9744145390976,-0.1028860016173967
16,10.0,2563.8769559626594,1053.4510498046875,59881,457.3408760708739,652.4971693859488,0.09479074664969683
16,15.0,2517.748239468167,968.2202758789062,55807,453.6952712025373,654.9360295303456,0.006215332878893284
16,20.0,2541.400080686183,986.764404296875,57011,453.31192226061637,653.2847520653909,0.02548717298996432
16,25.1,2500.939696866485,580.0125122070312,58720,444.341485013624,653.4392370572207,-0.3972265427776342
16,30.1,2475.41994353884,878.5551147460938,54905,447.2375375648848,654.9179673982333,-0.08696848304046731
16,35.0,2477.3049554341046,838.6892700195312,54526,450.42086344129405,654.442926310384,-0.12839874970744353
16,40.1,2495.026099855669,598.6085815429688,74828,410.33007697653284,644.7668118885979,-0.37790072347467263
16,45.0,2518.194650972471,595.8928833007812,57431,449.82868137417074,650.6520520276506,-0.38072299158745393
16,50.1,2509.067003862424,933.4308471679688,54370,453.4238918521243,649.9124333272025,-0.02993930823236207
16,55.1,2492.22826127997,892.60205078125,52970,453.990353030017,649.3184632811025,-0.07237031486462236
16,60.1,2520.28644626939,601.6594848632812,56988,451.57498069769076,649.1064434617814,-0.3747300961117589
16,65.1,2540.8948157904365,732.1912841796875,109332,336.3511963560531,617.6195167014232,-0.23907594676933644
16,70.1,2537.9059136511387,657.9135131835938,106753,334.4928198739145,616.4184894101337,-0.3162685380941686
16,75.0,2555.02099730335,734.9234008789062,109395,333.59031034325153,616.9178116001646,-0.23623661590377193
16,80.1,2549.8838875157394,702.4315185546875,107215,331.89287879494475,617.1256260784405,-0.2700035499406032
16,85.1,2604.881586651054,731.1153564453125,109312,308.5383306498829,614.366949648712,-0.2401940962342555
16,90.1,2630.979216733422,718.9967651367188,112350,314.5063729417,612.8054027592345,-0.2527882472672225
16,95.1,2632.2221412964313,749.828857421875,113959,315.2196316218991,612.9595205293132,-0.22074623701919363
16,100.0,2616.9047887626566,579.8017578125,111699,309.47460586039267,613.1596343745244,-0.3974455676302758
16,105.1,2600.969276329663,440.6524963378906,109069,302.02880745216333,613.3486141800145,-0.5420553469776745
16,110.1,2606.8685748877383,445.2391662597656,110679,304.37982815168186,612.9692353563006,-0.5372886862112951
16,115.1,2597.1244766386308,757.5372314453125,107956,299.0753455111342,613.9451072659232,-0.21273536973291687
16,120.0,2567.308188380629,810.4623413085938,106529,301.0842118108684,615.6030376704934,-0.15773336413001632
16,125.1,2557.875459359629,789.6194458007812,106126,301.80411020861993,615.814079490417,-0.1793941799216663
16,130.1,2417.320574575157,462.674560546875,92799,333.7933490662615,627.3615017403205,-0.5191690893555558
16,135.1,2423.6566723379665,477.1559753417969,93453,333.88634928787735,626.4158025959573,-0.504119392534032
16,140.1,2441.3300412963554,475.49432373046875,97103,327.84700781644233,624.0774435393345,-0.5058462509472206
16,145.0,2426.7232180162114,457.127685546875,95736,326.03786454416314,625.0769825353054,-0.5249336357233708
16,150.0,2429.658676290435,478.4032897949219,90609,335.92551512542906,627.8213753600636,-0.5028231307649665
16,155.1,2507.303225191749,457.37091064453125,104955,307.68462674479537,616.9044542899338,-0.5246808659470092
16,160.0,2489.8044122521396,446.200927734375,102578,309.7439411959679,618.6913373237926,-0.536289183137012
16,165.1,2376.8967344339835,692.8049926757812,43974,433.70296084049664,653.4366898621913,-0.28000784150836455
16,191.1,2409.749068191444,770.0008544921875,47220,427.2254976704786,651.0949385853452,-0.19978264717027056
16,202.3,2381.4745211342965,800.60595703125,46725,425.2005992509363,650.426987693954,-0.16797653423674325
17,0.1,5558.7567892976585,3726.956787109375,74750,138.62053511705685,775.3695919732442,0.0447510761323821
17,5.1,5806.366007000315,2717.102294921875,60283,163.29152497387324,749.2830980541778,-0.23833419362420777
17,10.0,5833.924903100775,3879.6083984375,59856,162.80675287356323,748.4412757284149,0.08754280791741725
17,15.0,5580.610724224711,3737.8681640625,75101,138.0377225336547,775.5394735090078,0.04780978420576038
17,20.0,5617.94245656403,3775.042236328125,74535,136.4759911450996,775.1497148990408,0.05823052536864816
17,25.1,5621.463774959525,3642.104248046875,74120,135.23787101996763,775.7943739881274,0.020964972197737724
17,30.1,5602.735086585333,3751.409912109375,74262,133.60899248606285,776.4621609975492,0.051605845349699545
17,35.0,5601.802648256519,3766.033447265625,74162,132.2594725061352,777.9536555109086,0.055705156118258645
17,40.1,5584.655918175089,3722.197998046875,74305,132.6842339008142,777.6983379314986,0.04341707891209504
17,45.0,5650.181608139331,3715.793212890625,74011,132.37809244571753,777.7447541581657,0.04162167140763113
17,50.1,5633.647615187137,3824.081787109375,74010,133.10175651938928,776.777111201189,0.07197743105560588
17,55.1,5681.887663057612,3876.345947265625,73057,130.4728910302914,777.1252309840262,0.0866282683701827
17,60.1,5695.313607024401,3764.325927734375,72661,129.4237899285724,776.6323474766381,0.05522649940993279
17,65.1,5678.001022664455,3675.55615234375,72360,128.38221393034826,775.5458817025981,0.03034230469961091
17,70.1,4490.53477306003,2993.822509765625,13660,37.754831625183016,892.0374084919473,-0.16076319971155217
17,80.1,4498.945476719994,3046.981201171875,13939,36.986440921156465,890.83994547672,-0.14586160486490415
17,90.1,4363.086536266078,2915.79541015625,13139,36.91635588705381,895.3360225283507,-0.1826359771385234
17,95.1,4527.363409703504,3071.35791015625,14840,36.74063342318059,885.9150943396227,-0.13902825680139083
17,100.0,4546.0351391921395,3090.981201171875,14656,36.414506004366814,886.2332832969432,-0.13352740031796106
17,105.1,4467.380339128568,3048.469970703125,13977,36.70909351076769,889.5207125992703,-0.14544426877577474
17,110.1,4577.3241791856435,3147.14794921875,14711,36.89008225137652,884.1555298756033,-0.1177825785191708
18,0.1,8108.865720435894,5572.8251953125,74330,753.3769272164672,985.7082604601103,0.004306610173023215
18,5.1,8191.478323083062,5646.10986328125,72681,752.8628389813018,988.2427732144577,0.017513605527418798
18,10.0,8230.43029162226,5716.3798828125,72251,749.7437682523425,986.411842050629,0.030177316058225143
18,15.0,8002.819095031796,5161.8125,78942,742.9060702794457,996.9039167996757,-0.06976403663545387
18,20.0,8186.389730628353,5647.51318359375,73987,744.1700163542243,981.5681268330923,0.017766504876786385
18,25.1,7511.730833212384,4801.00537109375,89569,723.2646451339191,1012.6210742556018,-0.13478688803637195
18,30.1,7452.215503842028,4725.578125,91358,720.4284682239104,1006.6794697782351,-0.14838000807588408
18,35.0,7486.279628758873,4719.06689453125,89322,718.9760417366382,1007.7944851212467,-0.1495534293785343
18,40.1,7519.031288930415,4733.34814453125,89904,718.5223238120662,1008.4385010678056,-0.14697973412094797
18,45.0,6706.5298108453,1199.922119140625,61907,677.3041659263088,988.7019400067844,-0.7837560530412123
18,50.1,6694.840966170546,1086.8544921875,59327,675.6199538152949,994.6866182345307,-0.8041325337607432
18,55.1,6747.581742113631,1041.312255859375,59755,676.2366998577525,998.72653334449,-0.8123399272072253
18,60.1,7599.049521615875,4827.337890625,90304,714.0736401488306,1009.3363195428774,-0.13004137341840238
18,65.1,7628.586101898283,4832.1533203125,88343,713.5915918635319,1014.0516056733414,-0.12917356082847087
18,70.1,7676.515211594996,4883.68896484375,87762,713.1406417356031,1015.1366194936305,-0.11988606541128163
18,75.0,7666.482910644998,4872.54443359375,88915,712.3181352977563,1012.9564640386886,-0.12189447694571649
18,80.1,7681.994378618554,4869.36083984375,89124,712.1236703918137,1012.2109981598671,-0.12246820824629988
18,85.1,8253.672433848993,5165.26220703125,74791,727.2943134869168,989.1600326242462,-0.06914234773382479
18,90.1,8437.69858448959,5708.1552734375,71423,728.1487055990367,982.248365372499,0.02869511820131922
18,95.1,8469.385639993765,5756.61572265625,70571,727.646370322087,979.044069093537,0.03742841734073635
18,100.0,7692.859998653833,4917.59326171875,89142,708.9848556236118,1011.8541764824662,-0.11377600305126502
18,105.1,7688.8243390117495,4914.4716796875,87407,707.0457629251662,1012.2323726932625,-0.11433855891087079
18,110.1,7699.399329358313,4946.7294921875,87379,705.9354535986907,1011.889653120315,-0.10852521770814977
18,115.1,7715.673920188591,5014.1279296875,88233,705.6495528883751,1013.0802760871783,-0.09637900929064572
18,120.0,7712.258411319073,4990.27001953125,89760,706.8128565062389,1011.3162878787879,-0.10067856221668943
18,125.1,7666.141484657343,4988.5400390625,89098,703.084603470336,1013.9084042290511,-0.1009903306212856
18,130.1,7638.097139731166,4923.53076171875,89572,703.057741258429,1014.369657928817,-0.11270597657655736
18,135.1,8015.144081137578,5329.21337890625,116247,758.010383063649,1001.939645754299,-0.0395958897185662
18,140.1,8065.664159950721,5310.859375,116886,758.9945588008829,1001.4640418869668,-0.04290355626114734
18,145.0,8032.489639758759,5366.31396484375,117227,758.1655591288696,1001.8132938657476,-0.032909808172411736
18,150.0,7794.010510283334,4413.572265625,99141,714.2425434482202,1006.127333797319,-0.20460813940980724
18,155.1,7668.440992269822,4987.634765625,94047,704.8967112188586,1010.5203143109296,-0.10115347446043921
18,160.0,7652.173387790198,4976.31640625,93040,702.4421324161651,1011.7747205503009,-0.1031932124278507
18,165.1,8014.636044475498,5335.64208984375,115929,753.4103114837529,1001.546774318764,-0.03843733967202005
18,170.1,7771.178632593961,4120.08837890625,96343,708.3554798999409,1008.2779963256282,-0.2574983337153516
18,175.1,8038.341714035855,5288.80615234375,114350,750.1492085701793,1002.7960734586795,-0.046877877456062804
18,180.1,8065.471686431811,5294.38134765625,114680,750.3147279386118,1003.6814352982211,-0.04587314371525588
18,185.4,8017.511661794861,5309.13232421875,114605,748.0454168666289,1004.1284062649971,-0.04321479669215401
18,191.1,8000.9566438476395,5298.3857421875,113940,747.4719150430051,1004.0978848516763,-0.04515149181401595
18,196.7,7939.684738664588,5192.705078125,110318,738.0145851085045,1004.3635580775576,-0.06419673112543701
18,202.3,7890.575319239638,5071.259765625,103214,723.572073555913,1004.992442885655,-0.08608299632192484
18,207.9,7906.231772955558,5153.162109375,105530,727.4289870179095,1003.8720458637355,-0.07132296665403291
18,213.6,7985.113984463743,5239.88720703125,109164,737.1004910043604,1003.5445568136015,-0.05569380446223573
18,219.2,7911.2223485449385,5209.3544921875,113466,745.9233338621261,1002.8912185147974,-0.06119625721634308
18,224.8,7957.4969857087135,5232.15869140625,112796,744.8138586474697,1002.7751161388702,-0.057086598791320685
18,230.5,7913.020230458127,5199.1005859375,114728,748.0969859145108,1002.1372899379402,-0.0630441647795718
18,236.2,7919.381769544807,5202.41162109375,114391,747.6488884615048,1002.0735634796443,-0.062447466627845415
18,241.8,6800.519131032114,757.8926391601562,58230,661.3527047913446,986.1217070238708,-0.8634163892400109
18,247.4,7908.244031692876,5207.447265625,115862,749.5040392881186,1001.9315651378364,-0.061539968023103624
18,253.0,6835.49883357976,773.9331665039062,60870,664.1178248726795,985.0778544438969,-0.8605256458419335
18,258.7,6862.163994440866,785.9026489257812,59002,660.0089827463476,987.5921663672418,-0.8583685657442569
18,264.3,7893.187359533759,5190.79296875,117021,751.3299664162843,1001.9216123601747,-0.06454132188818004
18,269.9,8951.176257569763,6527.53955078125,32861,762.4121907428258,1060.7598368887132,0.17636044362734463
18,275.6,9008.34229605346,6475.04736328125,31724,760.4705270457698,1061.85386458202,0.1669005648331856
18,281.2,9032.185216867852,6440.13525390625,31563,759.3730000316826,1061.378544498305,0.1606088795583831
18,286.8,8937.413321167884,6380.9326171875,31784,758.132991442235,1063.706393153788,0.14993967725748827
18,292.5,8904.435558595815,6348.4404296875,32161,756.7495724635428,1064.7756288672615,0.14408409816760775
18,298.1,8951.402452444585,6381.353515625,31805,756.577330608395,1063.968715610753,0.1500155294631789
18,303.8,8895.805128848204,6356.9970703125,31898,755.5687190419462,1065.1327982945638,0.145626133031323
18,309.4,8853.859141934492,6368.67724609375,32515,755.6434261110256,1065.7768414577888,0.14773107573703698
18,315.0,8815.020589939908,6433.57373046875,32783,756.2066924930605,1068.529237714669,0.15942639470911324
19,0.1,6407.364958030451,4111.8125,48011,883.8147924433983,793.7321447168357,-0.041168861926363154
19,5.1,6390.193612485253,4395.54150390625,48313,883.1217684681142,792.5271459027591,0.024993737589040096
19,10.0,6268.605148324593,4071.0517578125,49958,876.6658393050162,791.5679370671364,-0.050673835419285496
19,15.0,6420.391989535318,4417.05810546875,48162,880.0637016735185,793.0208878368838,0.03001118125011386
19,20.0,6468.2749702300125,4446.3330078125,47867,880.9222637725364,792.9600142060292,0.03683777850649469
19,25.1,6321.768878718535,4351.361328125,49818,874.3690433176763,791.8975069252077,0.014691388387896012
19,30.1,6323.755548829701,4336.15673828125,49560,873.3589991928975,792.0199152542373,0.011145839026434207
19,35.0,6284.797417755926,4326.42431640625,50034,871.7318623336131,791.3793020745893,0.008876341294565594
19,40.1,6199.216048049934,4270.2333984375,50947,867.5493355840383,790.5685516320882,-0.00422678581188173
19,45.0,6302.830511159963,3911.805908203125,50493,869.3057453508408,790.582892678193,-0.08780828141225337
19,50.1,6245.581852418501,3874.660400390625,50982,868.5695343454553,789.5804401553489,-0.0964702205279554
19,55.1,6215.534658837664,3747.3173828125,51603,865.8395442125458,789.1010600158905,-0.12616526388661164
19,60.1,6243.315762787885,4310.7177734375,51279,865.0443846408862,789.0068839095926,0.00521374177916234
19,65.1,6202.596348058694,4292.14599609375,51589,865.4534687627207,788.1584252456919,0.0008829999453462316
19,70.1,6223.943524942827,4276.45849609375,51598,864.0209891856274,788.2026628939107,-0.002775158951376364
19,75.0,6261.144985528642,4318.56982421875,51481,865.0401313105806,788.4073153202153,0.007044756881820335
19,80.1,6297.06769194462,4340.052734375,50848,864.6396121774701,788.913644587791,0.012054344063689859
19,85.1,6346.891903289289,4351.6240234375,49798,866.999919675489,789.0473512992489,0.014752646153285602
19,90.1,6409.51398068124,4375.35546875,49175,868.604128113879,789.0341230299949,0.02028656792552513
19,95.1,6393.932670500567,4364.13720703125,49384,866.5025514336627,789.4254009395755,0.01767058807454774
19,100.0,6268.747851508849,4325.501953125,50966,860.9798296903818,787.5924537927245,0.008661255943597311
19,105.1,6277.319070424747,4327.5771484375,50948,861.2679987438172,787.6769058648033,0.009145169517771584
19,110.1,6252.1555599022,4298.5400390625,51125,860.5639511002445,786.5205085574572,0.0023740230638902553
19,115.1,6279.088952907285,4300.71630859375,51027,860.9217473102475,786.7517588727536,0.002881506075677251
19,120.0,6226.944446596676,4268.22509765625,51626,858.4006895750204,786.177701158331,-0.004695100289664972
19,125.1,6251.199152624726,4282.78369140625,51453,857.7768448875673,786.2267700619983,-0.001300190377293181
19,130.1,6177.689021465979,4232.89013671875,52129,856.4923938690556,785.9228644324656,-0.01293483904465213
19,135.1,6155.633137341275,4225.06494140625,52213,855.925095282784,785.1208702813476,-0.014759591736350221
19,140.1,6197.956602084167,4257.71337890625,52491,856.1451867939265,784.820959783582,-0.0071463218013882055
19,145.0,6200.875632377741,4261.0009765625,52184,856.1178138893148,784.7481603556646,-0.006379688837878705
19,150.0,6211.7735107464005,4025.684326171875,52157,855.434975171118,784.7490844948904,-0.06125304011586599
19,155.1,6197.696922224557,4263.1796875,52343,856.1665552222838,784.7008386985843,-0.005871636516004445
19,160.0,6217.247398287967,4271.521484375,51985,856.2448783302876,784.664999519092,-0.003926417809841322
19,165.1,6235.587047729023,4266.283203125,51960,856.9961893764435,784.3337182448037,-0.005147929533074639
19,170.1,6230.569006331915,3817.091796875,51959,855.5089589868935,783.5870975191979,-0.10989460931664571
19,175.1,6220.715540048311,4242.185546875,52162,854.8382539013074,783.4741190905256,-0.010767247818403746
19,180.1,6237.527804447175,4251.8193359375,52078,853.2893928338261,783.5622911786166,-0.008520750214060593
19,185.4,6243.786853477511,4253.87255859375,51603,853.7092417107533,783.618568687867,-0.008041960430671695
19,191.1,6281.309758525777,4284.431640625,51227,856.3382005582994,784.0742772366135,-0.0009159060683900822
19,196.7,6242.5578119497595,4266.57568359375,51114,854.1672340259029,783.4434401533827,-0.00507972618462043
19,202.3,6221.204726985777,4248.142578125,51957,853.8194660969648,783.1509517485613,-0.00937813120547995
19,207.9,6212.34598458789,4237.1455078125,52037,852.6590887253301,782.6072986528816,-0.011942531562551238
19,213.6,6244.851736900952,4236.81396484375,51874,851.378667540579,782.6134672475614,-0.012019843872401669
19,219.2,6168.398938121441,4193.14306640625,51795,850.0574379766387,782.7328699681436,-0.022203434989342515
19,224.8,6150.522338276217,4185.326171875,52466,846.7968589181565,782.0216330575992,-0.02402625202674391
19,230.5,6132.40484442244,4179.759765625,52514,846.3756141219484,782.0148150969266,-0.025324279025705488
19,236.2,6174.030226894979,4209.8857421875,51742,845.9857175988559,782.7479803641143,-0.01829922027290448
19,241.8,6206.81882096325,3487.08642578125,51347,845.6098506241844,782.2548152764524,-0.1868483676741178
19,247.4,6170.112705077366,4205.56298828125,51444,843.8994440556722,781.7337298810357,-0.019307240713413856
19,253.0,6157.080733480133,3526.368896484375,51317,844.3079681197264,781.5768458795332,-0.1776881114390337
19,258.7,6184.94749588298,3415.17724609375,51615,845.1585198101327,781.3030901869612,-0.20361682698438724
19,264.3,6187.91219455614,4239.1357421875,51728,845.9316424373646,780.4387952366224,-0.011478429979413748
19,269.9,6133.321624216412,4203.826171875,53121,844.5840816249694,779.668925660285,-0.01971224790949336
19,275.6,6149.433011195101,4195.53271484375,52255,843.0459094823461,778.7605396612764,-0.02164619427592866
19,281.2,6174.5094579950955,4252.60498046875,52601,843.3888139008764,779.9547917339975,-0.008337546227979086
19,286.8,6149.839143473859,4248.2353515625,52351,841.2271589845466,779.5921949914997,-0.009356497422163925
19,292.5,6180.169823329733,4263.48974609375,51848,840.5786915599444,779.3326068507946,-0.005799334134921936
19,298.1,6198.551744909063,4255.3994140625,51464,840.0689608269859,779.5077918545003,-0.007685913902096883
19,303.8,6173.408770646441,4233.39794921875,51946,838.9856389327379,779.3889808647442,-0.012816422546501248
19,309.4,6169.491412048193,4218.70654296875,51875,839.7413975903614,778.5286939759036,-0.016242302927620193
19,315.0,6176.72558023363,4217.24853515625,52048,839.1337419305256,778.0591761450968,-0.016582294911734165
20,0.1,6329.189391132518,2576.09375,16194,1117.882178584661,742.9086698777325,-0.33043728948936907
20,5.1,6342.433075221239,4630.29345703125,16272,1118.3308751229106,743.3689159292036,0.20347787713451165
20,10.0,6379.226202099097,2579.89794921875,16388,1118.231754942641,743.9870637051501,-0.32944852503146504
20,15.0,6402.302089043182,4710.048828125,16419,1118.4725013703637,744.7773311407516,0.22420741092857968
20,20.0,6440.17682329907,4740.8017578125,16344,1118.8808737151248,745.1770680372002,0.23220052645774292
20,25.1,6451.447157479344,4735.1962890625,16218,1119.3301886792453,745.9271180170181,0.23074358691509908
20,30.1,6436.535183832481,4735.20751953125,16428,1119.2339298758218,746.518383248113,0.23074650587062878
20,35.0,6400.783976152817,4729.05615234375,16438,1118.9601533033215,746.4841829906314,0.22914767970702016
20,40.1,6374.081706953149,4724.01611328125,16755,1118.3481945687854,746.8452999104745,0.22783770322974056
20,45.0,6427.982847954261,4758.796875,16791,1118.6336728009053,747.2768745161098,0.23687770850518158
20,50.1,6373.029797163885,4723.4892578125,16713,1119.4400167534254,747.4065697361335,0.22770076614206525
20,55.1,6365.360098050939,4725.31201171875,16726,1119.608095181155,747.4495994260433,0.22817452531564444
20,60.1,6376.773416807127,4731.896484375,16612,1120.3781603660004,747.5834938598604,0.22988592163381102
20,65.1,6374.564435503536,4740.34814453125,16404,1121.1306998293098,747.7346378931968,0.23208262603656557
20,70.1,6410.067721751932,4769.30908203125,16302,1121.7131640289535,748.0861244019138,0.2396099777920787
20,75.0,6456.368147359188,4811.24169921875,15961,1122.1813169600903,748.0981768059645,0.2505088500954905
20,80.1,6511.288284910966,4860.9853515625,16005,1121.8434864104968,749.1303342705404,0.26343791942535466
20,85.1,6497.856012461059,4857.80615234375,16050,1121.4731464174454,749.4627414330218,0.26261160118823323
20,90.1,6487.98162182645,4833.32763671875,15834,1122.0284198560062,749.7459264873058,0.25624929342239516
20,95.1,6492.067583694492,4835.82470703125,15921,1122.1045160479869,750.9479304063815,0.2568983168388656
20,100.0,6467.788177034974,4815.955078125,16155,1122.253543794491,751.9554936552152,0.25173392304018916
20,105.1,6455.0592717506715,4812.8359375,16011,1122.8534757354319,752.4824807944539,0.25092321486959607
20,110.1,6442.083507692308,4797.12890625,16250,1123.0767384615385,753.352923076923,0.24684073828355366
20,115.1,6427.745144166968,4777.4736328125,16578,1122.8652430932561,754.4866690795029,0.24173205846216125
20,120.0,6378.555352686994,4742.97998046875,16431,1123.418112105167,754.3819000669466,0.23276667691939223
20,125.1,6384.1782399035565,4729.177734375,16590,1123.3462929475588,755.33484026522,0.22917928057340675
20,130.1,6300.469091352902,4667.125,16387,1123.8251662903522,755.2710685299322,0.21305090907189553
20,135.1,6300.633593703416,4666.615234375,16771,1123.1505575099875,756.5261463240117,0.21291841387306973
20,140.1,6304.794802812596,4656.29541015625,16355,1123.77762152247,756.6980128401101,0.21023614756350723
20,145.0,6315.759746529873,4656.31103515625,16570,1123.6370549185274,757.87929993965,0.2102402087190268
20,150.0,6331.63532069191,4660.162109375,16823,1123.1129406170123,758.9764607977174,0.21124115664348952
20,155.1,6259.350592257907,4620.48388671875,16378,1123.2988765417024,757.9631823177433,0.20092823293488493
20,160.0,6268.379524549038,4621.98486328125,16742,1123.1914944451082,759.1693346075738,0.2013183576869831
20,165.1,6278.966465779581,4637.0810546875,16759,1122.6332120054897,759.1149233247808,0.20524206847443255
20,170.1,6286.062403789225,4627.33837890625,16890,1122.8259325044405,759.9650680876258,0.20270981109687397
20,175.1,6275.684340756451,4629.64013671875,16974,1123.3021680216802,760.5200306350889,0.20330807006934984
20,180.1,6301.017511090357,4636.6025390625,17132,1122.7688536072847,761.1090940929255,0.20511769558664586
20,185.4,6271.274892020914,4606.560546875,17596,1122.5598431461697,762.2584110025006,0.19730936263362284
20,191.1,6198.05535631652,4555.51953125,17288,1123.4574849606663,762.0172373900972,0.18404309048452483
20,196.7,6168.529869834593,4522.9296875,17593,1122.8531234013528,763.1748422668106,0.17557253535959275
20,202.3,6132.962634578847,4495.98779296875,17369,1124.341470435834,763.7758074730842,0.16856996104387334
20,207.9,6134.020458311904,4511.1826171875,17499,1124.2962454997428,764.2685296302645,0.17251930787554004
20,213.6,6147.132368794326,4516.8427734375,17625,1124.0699007092198,764.7147234042553,0.17399046146250233
20,219.2,6062.778667556446,4454.17431640625,17982,1123.2193860527193,765.177010343677,0.15770205505129825
20,224.8,6103.915088141903,4468.8876953125,18266,1122.6928720026278,766.142067228731,0.16152626752851834
20,230.5,6065.662401306834,4433.56005859375,18365,1122.8958889191397,766.7864960522734,0.15234412180989257
20,236.2,6068.656359424662,4424.06396484375,18563,1122.3272639120833,767.3113720842537,0.1498759545428771
20,241.8,6076.2438386855865,4407.5048828125,18746,1121.4850101354955,767.4180091752908,0.14557201806990847
20,247.4,6061.8378818095935,4397.89208984375,19054,1120.8717854518736,768.0781988034008,0.14307351904760626
20,253.0,6032.203635599453,4346.5634765625,19034,1121.3195334664285,768.6827256488389,0.12973249625472627
20,258.7,6018.172428352774,4338.01513671875,18947,1121.516071145828,768.1185939726606,0.12751066345219442
20,264.3,6005.351352773976,4349.2900390625,18998,1122.0150542162332,768.5807453416149,0.1304411678928903
20,269.9,5981.026003601313,4336.71484375,18882,1122.8754369240546,768.6134413727359,0.12717269916630064
20,275.6,6043.475607266789,4379.62646484375,19596,1121.5330679730557,770.2529597877118,0.13832602824523513
20,281.2,5995.34383764214,4434.2529296875,19611,1122.272755086431,770.2367038906737,0.15252420867496327
20,286.8,5954.903313526035,4438.0400390625,19858,1121.8998388558766,770.715177762111,0.15350853124401775
20,292.5,5953.308037718904,4436.2197265625,20043,1121.384772738612,770.8241281245323,0.15303540662598847
20,298.1,5928.264583333334,4412.57275390625,20160,1121.267609126984,771.1126984126984,0.14688922848045727
20,303.8,5882.870079714809,4372.1640625,20197,1121.2787047581323,770.9082537010447,0.13638644575131303
20,309.4,5877.770352917586,4346.212890625,19948,1122.047272909565,771.2237317024263,0.12964137407775603
20,315.0,5910.485839868138,4364.19140625,20021,1122.362119774237,771.7844762998851,0.13431424114745516
21,0.1,8398.551500704301,6441.8271484375,46145,468.3997832917976,962.8675696175101,-0.010792929629053835
21,5.1,8438.935222052067,6483.673828125,45710,468.72036753445633,961.7919711222927,-0.004366952889137142
21,10.0,8480.54094183799,6523.38916015625,45528,468.9591240555263,960.905684413987,0.0017317340737645884
21,15.0,8528.94154589372,6524.10107421875,45540,468.2664031620553,961.3305006587615,0.001841055607530411
21,20.0,8550.284267775027,6587.568359375,45232,469.0785505836576,959.3317120622568,0.011587092836896257
21,25.1,8575.106961969077,6623.86865234375,45016,468.9694553047805,959.5387417807002,0.017161366351815706
21,30.1,8573.82026721572,6645.07861328125,44683,467.9542107736723,959.2594051428955,0.020418368261088553
21,35.0,8590.17558502165,6660.66455078125,44571,468.15734446164544,959.4100872764802,0.022811745049706563
21,40.1,8570.192058600205,6645.26025390625,44778,467.65440618160704,959.4753003707177,0.02044626099809876
21,45.0,8667.994803565829,6700.19482421875,44646,467.8734937060431,959.2845271692872,0.028882014412267246
21,50.1,8640.653803056788,6664.02880859375,44622,467.09788893370984,958.8184751916095,0.02332836052820212
21,55.1,8653.925158802178,6681.5,44080,466.9472549909256,957.0184891107078,0.02601123693401481
21,60.1,8741.95418978848,6762.34765625,43069,466.3825257145511,955.9309247950962,0.03842620420068824
21,65.1,8714.941496473191,6719.4658203125,43382,466.5558757088193,956.3391959798995,0.03184126885200368
21,70.1,8755.180418220132,6737.2275390625,43183,466.71523516198505,955.478174281546,0.034568758640937544
21,75.0,8809.879550308635,6813.9052734375,42607,466.4440584880419,955.1671086910602,0.04634339264398949
21,80.1,8776.749486269382,6791.69189453125,42824,466.52916588828697,954.4531104053801,0.04293230585687799
21,85.1,8781.08052168982,6657.36767578125,42324,466.5720867592855,953.3487146772517,0.022305476876876087
21,90.1,8793.348245964426,6776.505859375,42559,466.3153034610776,954.6528818816231,0.04060033807796794
21,95.1,8814.060626815615,6794.46142578125,42341,466.44299851208046,954.6338537115325,0.043357595115807855
21,100.0,8834.493897226444,6827.16796875,42112,465.88706306990883,954.2072330927052,0.048380012328589815
21,105.1,8838.647658862876,6816.50244140625,41860,466.0783564261825,953.074629718108,0.04674221379494999
21,110.1,8865.877866055878,6845.13916015625,41913,466.3696943669029,953.4677307756543,0.051139668741656416
21,115.1,8866.212811489442,6857.89453125,42056,465.8921675860757,953.4944597679284,0.05309838371186533
21,120.0,8866.461082547843,6862.373046875,42012,465.2719699133581,953.6957535942112,0.05378610463621383
21,125.1,8916.094840081167,6956.529296875,41396,464.88450574934774,952.9773891197217,0.06824473975221598
21,130.1,8825.630955825618,6853.9921875,41472,464.98316936728395,953.2832513503087,0.05249913974900082
21,135.1,8800.322352150215,6825.0126953125,41647,465.10526568540354,953.5192450836795,0.048049048508258994
21,140.1,8845.877921952864,6851.0087890625,41539,465.0127350201016,953.7368497075038,0.0520410090416557
21,145.0,8845.269879869657,6851.32763671875,41122,464.7400418267594,953.1312922523224,0.052089971292375234
21,150.0,8897.9546731044,6932.49658203125,40594,464.29258018426367,952.0737793762625,0.06455427571214738
21,155.1,8842.296303568799,6880.94384765625,40742,464.2056845515684,951.5737568111531,0.056637837073604466
21,160.0,8845.61608386482,6879.6591796875,40923,464.16584805610535,952.3965251814383,0.05644056344168548
21,165.1,8865.394449466201,6889.30078125,40933,464.9860992353358,952.5605257371802,0.05792112791750162
21,170.1,8884.638280695746,6903.744140625,40877,465.07136042273163,952.1701445800817,0.060139050392668314
21,175.1,8926.007837416866,6909.23193359375,40447,465.31302692412294,951.0577051450045,0.06098175596056549
21,180.1,9007.77620092782,6982.2109375,40094,465.4009328079014,950.052327031476,0.07218841285917565
21,185.4,9006.640310429108,7018.05224609375,39687,464.7851437498425,948.5990878625242,0.07769220472681125
21,191.1,8992.005747414918,6993.9033203125,39844,465.35832245758456,948.5887712077101,0.07398389533349417
21,196.7,8945.711425707843,6961.00537109375,39910,464.8250062640942,948.6643447757455,0.06893208577418532
21,202.3,8949.67371420003,6958.572265625,40014,464.6985055230669,949.3223621732394,0.06855845806310501
21,207.9,8953.609988762642,6981.31103515625,40045,463.675814708453,949.1371207391684,0.07205022384221378
21,213.6,8969.248453224003,6955.32666015625,40245,463.6027581065971,949.3097279165114,0.06806006284023709
21,219.2,8900.133638034677,6886.462890625,40258,462.74606289433154,949.4762283272889,0.057485341391955005
21,224.8,8996.793554658292,6933.62353515625,40122,463.0420218334081,950.0743980858382,0.064727330650372
21,230.5,9018.107849777978,6929.3251953125,39861,462.74564110283234,949.8818143047089,0.06406727752160621
21,236.2,9036.162430440667,6929.9404296875,39894,463.3649671629819,950.4121171103424,0.06416175292115692
21,241.8,9036.722300281011,6879.17041015625,39856,463.18983340024084,949.5603673223605,0.05636550798537575
21,247.4,9008.914923396065,6917.58740234375,40011,463.4208342705756,949.9966759141237,0.06226482186303514
21,253.0,8976.20355706542,6833.73486328125,40033,463.8305897634452,950.2584617690405,0.049388424748079904
21,258.7,9059.519255973384,6874.5009765625,39676,463.58705514668816,950.5179201532412,0.05564846969497619
21,264.3,9080.676860759493,6925.0419921875,39500,463.6328860759494,949.9391898734177,0.06340954878759125
21,269.9,9081.69691798268,6929.33984375,39260,463.5118441161488,948.6224146714213,0.06406952693588122
21,275.6,9157.072198636306,6979.1640625,38865,463.2780136369484,948.0401389424933,0.07172053468997214
21,281.2,9161.647073961603,6990.4599609375,38858,463.06760512635753,947.2620309846106,0.07345513301791352
21,286.8,9146.304957203072,7004.64013671875,38671,463.54454242196994,946.7217553205244,0.07563264101660575
21,292.5,9199.40818549642,7059.31884765625,38556,463.21034339661793,946.5968202095653,0.08402910466143727
21,298.1,9205.807653522948,7030.70556640625,38675,462.9086231415643,946.7568972204266,0.07963524877757087
21,303.8,9194.051228396496,6999.23046875,38709,462.2126895554006,946.7627425146607,0.07480193232484199
21,309.4,9227.33169360506,7019.90869140625,38421,461.96215611254263,946.4112334400459,0.07797728049593172
21,315.0,9271.553213635181,7037.4111328125,38430,461.3514962269061,946.6096539162113,0.08066495565219778
22,0.1,9263.422784969605,5287.33447265625,31749,978.373838546096,971.8166241456424,-0.09964470073415746
22,5.1,9076.09530394699,6548.7421875,34710,982.7342840679919,976.5515989628349,0.1151544814374646
22,10.0,9185.025791115733,5256.7734375,33655,977.6988263259545,971.8799286881592,-0.10484879555665808
22,15.0,9313.210288980628,5872.86083984375,31490,971.252746903779,968.109812638933,6.1828195210173e-05
22,20.0,9289.826103169671,6396.77783203125,32180,972.1892479801119,970.74453076445,0.08927718665814062
22,25.1,9432.846948853616,6845.83837890625,28350,956.9640917107583,966.8998941798942,0.16574559340658004
22,30.1,9267.78267226036,5488.97021484375,31464,970.8033943554539,974.4510869565217,-0.0653090993193461
22,35.0,9250.125547019352,6650.4775390625,30849,962.2589387014166,972.1461635709423,0.13247851557520912
22,40.1,9207.39175699272,6608.869140625,30353,966.8338879188219,972.4645339834613,0.12539321726073588
22,45.0,9315.31625783229,4291.71728515625,30004,963.5389281429143,971.3474536728436,-0.26918366511055736
22,50.1,9338.511391331991,4279.8359375,28311,958.6000847727032,969.0728338808237,-0.2712068838760897
22,55.1,9345.75697569757,4438.14501953125,27775,964.4990099009901,971.6969216921692,-0.24424917547578487
22,60.1,9315.3564461784,6624.3916015625,28195,960.5200567476503,970.2746231601348,0.1280364640677993
22,65.1,9119.126547723507,6447.93896484375,30771,965.8402391862468,976.6838256800233,0.09798917514352894
22,70.1,8866.22846496463,6195.6064453125,34351,982.470059095805,990.8149107740677,0.055020658150328854
22,75.0,8857.9375,6216.63525390625,33456,980.869769249163,988.4519667623147,0.05860155498077245
22,80.1,8709.758157908978,6083.3447265625,36958,994.7029330591482,998.7181395097138,0.035904138493028676
22,85.1,8788.577290154173,6125.05419921875,36777,991.9923321641243,996.3019006444244,0.04300664826044507
22,90.1,8754.608564192682,6011.998046875,38696,999.4323444283647,999.4553183791606,0.023754848245954193
22,95.1,8975.87689729025,6293.10302734375,32217,975.6282707887141,982.3487289319304,0.07162289217696556
22,100.0,8897.814098070887,6229.06201171875,32813,978.1382683692439,984.882333221589,0.06071764907450522
22,105.1,8760.014099725911,6017.44140625,37944,988.9502161079486,993.4631825848619,0.02468177229141325
22,110.1,9107.709135534871,6384.33544921875,31372,960.2627502231289,971.2520081601429,0.08715843185670649
22,115.1,9195.759882820392,6535.609375,29698,956.9964644083776,967.4891238467237,0.1129181566144769
22,120.0,9096.287284255019,6481.85400390625,28390,962.6918633321592,972.9740753786544,0.10376440750354823
22,125.1,9245.000798278495,6649.13671875,28812,953.4569970845481,964.6476815215882,0.13225019359558673
22,130.1,9285.214725500256,6182.15869140625,27286,953.3265777321703,963.7252070658946,0.052730703437735754
22,155.1,9338.28453725097,6792.06103515625,22939,963.1317407036053,964.725750904573,0.15658810267544632
22,160.0,9314.20947526738,6714.169921875,23936,958.372493315508,960.5048880347593,0.14332439163708302
23,0.1,7843.990585345886,5823.4716796875,24430,131.0057306590258,1136.6104789193614,0.009743941364483706
23,5.1,7787.835787271703,5772.359375,24858,132.7924209510017,1136.248773030815,0.0008814718916093833
23,10.0,7758.9241655007,5756.8505859375,25015,135.65752548470917,1136.8899060563663,-0.0018076294992982979
23,15.0,7718.461192218873,5744.16845703125,25549,137.63070961681476,1136.5123879603898,-0.004006610370340587
23,20.0,7720.940748278022,5739.5283203125,25552,140.51491077019412,1137.3978553537884,-0.004811173386454047
23,25.1,7780.265990732306,5772.8564453125,25249,141.44960196443424,1137.7950017822488,0.0009676599533165812
23,30.1,7765.274877041117,5767.5,25415,141.75888254967538,1137.506629942947,3.889469110836819e-05
23,35.0,7773.153566057152,5782.4189453125,25266,143.08541122457058,1138.2771313227263,0.0026257218398330483
23,40.1,7874.1507105156315,5852.236328125,24630,141.92773041006902,1139.155298416565,0.014731503953060355
23,45.0,8070.830632795989,6014.5810546875,24131,141.98599312088186,1140.389416103767,0.04288079583177604
23,50.1,7940.296031520371,5899.12060546875,24619,143.5168365896259,1140.0636500264025,0.02286086691677689
23,55.1,8056.329051835225,5960.01416015625,24057,141.03217358772915,1140.3629712765514,0.03341932779644747
23,60.1,8108.6976141959585,5992.068359375,23556,138.73458991339785,1140.2795890643572,0.03897727247905299
23,65.1,7982.275508057391,5895.6474609375,23767,138.8307316867926,1139.5012412168132,0.02225865111822748
23,70.1,7844.465446395218,5746.984375,24093,141.4225708712074,1139.8477566098036,-0.0035183524608460785
23,75.0,7745.835389453314,5632.5810546875,24804,146.99068698597,1140.0849056603774,-0.02335498358252884
23,80.1,7723.741751218343,5590.74560546875,25034,147.77790205320764,1140.0593592713908,-0.030608919671930617
23,85.1,7846.580022188437,5645.56640625,24337,145.43489337223158,1139.6032789579651,-0.021103426300563003
23,90.1,8082.26231915353,5827.388671875,23155,139.93664435327142,1138.9878212049234,0.010423116836993668
23,95.1,8178.880889242464,5942.97412109375,22626,138.51334747635462,1138.3307699107222,0.03046471976358127
23,100.0,8151.61873657446,5970.693359375,22811,139.90995572311604,1138.5407040462935,0.03527101649742795
23,105.1,8015.219900712282,5896.64208984375,23165,143.24420461903733,1139.264752859918,0.022431111905749646
23,110.1,7826.684713645208,5739.52587890625,23642,148.63776330259708,1140.5629811352678,-0.004811596706992884
23,115.1,7925.089692219629,5803.470703125,22711,145.17264761569282,1142.4251684205892,0.006275930182116083
23,120.0,7917.591137566137,5745.046875,22680,145.82482363315697,1143.0876102292768,-0.003854299640467062
23,125.1,7889.436207701779,5686.22607421875,23553,152.51611259712138,1142.1781938606548,-0.014053361382665091
23,130.1,7936.287953830914,5695.37060546875,23219,152.80098195443387,1141.991515569146,-0.012467771972397505
23,135.1,8009.765967629655,5764.18505859375,22984,151.2643143056039,1142.3142620953706,-0.0005358899365244083
23,140.1,8037.09216470892,5817.771484375,23241,153.66615033776515,1143.2448689815412,0.008755572570407254
23,145.0,7948.489368882889,5839.138671875,23704,155.22350658116773,1143.9288305771179,0.01246047392630802
23,150.0,7912.334046390672,5892.20068359375,23841,158.48714399563778,1145.5149112872782,0.02166100718149751
23,155.1,7838.471887804672,5849.9697265625,23673,162.0820766273814,1146.7051493262366,0.014338493164804154
23,160.0,7801.712944726145,5775.1376953125,23863,166.7315928424758,1147.1475925072289,0.0013632106648058038
23,165.1,7879.61794787199,5758.05322265625,24248,169.38770207852193,1146.2795694490267,-0.0015991018018672286
23,170.1,7936.655730982161,5731.755859375,24385,170.85286036497848,1145.3562435923723,-0.006158856653895281
23,175.1,7952.062768457736,5717.0078125,24678,172.00247183726395,1145.0803144501176,-0.008716051364901375
23,180.1,7999.61378892034,5766.08837890625,24730,172.9029518803073,1145.3619894864537,-0.00020586924444714172
23,185.4,7939.7479343791165,5824.78125,25053,175.30575180617092,1146.798147926396,0.009971010501515833
23,191.1,7825.631134543724,5803.2041015625,25226,178.77697613573298,1147.9469198446047,0.006229703579275091
23,196.7,7736.326784649035,5791.9765625,25145,182.2509445217737,1149.009186717041,0.004282937085271841
23,202.3,7734.700713872275,5800.47509765625,25915,184.27601775033764,1148.2961605247926,0.005756515880963177
23,207.9,7808.053646865304,5801.3173828125,26749,186.79072114845414,1146.4953830049722,0.005902561466861916
23,213.6,7825.528886327618,5723.580078125,27764,188.99099553378477,1143.8902175479038,-0.007576472474352374
23,219.2,7756.079723138718,5590.82470703125,27884,189.67985224501507,1142.798378998709,-0.0305952040864723
23,224.8,7787.044656869739,5607.1748046875,28036,190.61299757454702,1143.2280282493937,-0.027760226437881414
23,230.5,7780.543430240844,5629.234375,28068,191.64229727803905,1144.0619210488812,-0.023935271377166497
23,236.2,7785.324030240939,5710.64892578125,28306,193.50547587084012,1145.4100897336255,-0.00981863204035603
23,241.8,7789.714628965421,5727.68505859375,28717,195.3582546923425,1145.2487725040917,-0.006864701320351969
23,247.4,7754.674610762087,5678.92138671875,29288,195.56924337612674,1143.6491054356734,-0.01531993643486517
23,253.0,7692.731362381305,5597.88916015625,29698,196.29581116573507,1141.9793252070847,-0.029370283775293774
23,258.7,7696.828978307667,5585.9599609375,30195,198.1083291935751,1140.7865540652426,-0.03143871259215875
23,264.3,7764.132909725423,5655.2041015625,30374,199.29518667281226,1139.8184960821754,-0.019432326141450358
23,269.9,7797.11388286334,5720.90625,30426,199.3444751199632,1140.0782225727996,-0.008040093128486574
23,275.6,7814.178983228511,5796.8115234375,30528,199.83159722222223,1141.100825471698,0.005121281080384487
23,281.2,7837.3134225546155,5847.52978515625,30486,200.48792888539,1141.8332677294495,0.01391542661829053
23,286.8,7846.089249090308,5835.037109375,30230,201.7408865365531,1142.5004631161098,0.011749295421061986
23,292.5,7862.066594210059,5834.01025390625,30363,203.24332246484207,1142.204821657939,0.011571246802427175
23,298.1,7875.410380441888,5818.60107421875,30596,204.24767943522028,1141.471205386325,0.008899416889504042
23,303.8,7797.950840509708,5777.01953125,31469,206.61031491308907,1140.341415361149,0.0016895061361413054
23,309.4,7762.4920793626,5741.16015625,32005,208.20071863771287,1139.5378534603967,-0.004528225938295446
23,315.0,7786.459041778934,5757.75146484375,32289,207.6992164514231,1138.8800830004027,-0.0016514242204674725
24,0.1,9446.943247547992,6420.3173828125,23858,491.68044261882807,1128.2477994802582,0.018200600667275267
24,5.1,9414.999136086884,6333.5078125,24308,492.036983709067,1127.0731857824585,0.004433437555919014
24,10.0,9447.979486968676,6378.33447265625,24326,492.8840335443558,1126.6333141494697,0.01154251481418491
24,15.0,9424.234762333306,5990.90771484375,24446,494.0386975374294,1126.2002372576292,-0.049899643571208865
24,20.0,9511.645490617508,6404.6953125,24194,490.1262296437133,1126.6369761097792,0.01572309053382982
24,25.1,9396.076938842432,6316.34716796875,24396,490.06275618953924,1126.0079931136252,0.0017119243459440133
24,30.1,9325.573168256546,6299.02734375,24635,488.27521818550844,1125.4768418916176,-0.0010348332318344262
24,35.0,9181.270310015898,6179.46826171875,25160,485.34093799682034,1126.1261128775834,-0.019995753990259487
24,40.1,9349.722917778416,6316.43896484375,24361,488.7225072862362,1125.840687984894,0.00172648244762207
24,45.0,9507.726125455147,6348.9287109375,24168,491.36606256206557,1124.6113455809334,0.00687904376441042
24,50.1,9495.178905988625,6379.70166015625,23912,490.1388424222148,1125.0833890933422,0.01175933760513469
24,55.1,9428.087049864302,6334.16845703125,24687,490.03621339166364,1123.7179082107991,0.00453820942597439
24,60.1,9411.86076812059,6396.60791015625,24944,488.0688742783836,1122.68333066068,0.01444050628865082
24,65.1,9374.93210506965,6389.17333984375,24479,486.68981576044774,1123.2257853670494,0.013261454926150341
24,70.1,9322.871199290264,6414.2509765625,24798,484.81990483103476,1123.0868215178643,0.017238526969146673
24,75.0,9113.215062923524,6333.7763671875,25825,479.68503388189737,1123.1496611810262,0.004476027746998435
24,80.1,9097.900643619687,6366.10986328125,25947,478.8650325663853,1123.081974794774,0.009603809316249668
24,85.1,9201.222901241823,5730.2578125,25527,478.77799976495476,1122.0615426802992,-0.09123621173538486
24,90.1,9325.834887793751,6426.71337890625,24553,479.9033112043335,1121.876512035189,0.019214944145364968
24,95.1,9340.710181265156,6442.40380859375,24329,480.2369600065765,1121.1873073287024,0.0217032954183579
24,100.0,9110.259224331016,6261.29638671875,25449,475.93355338127236,1120.8653778144524,-0.007018600205070967
24,105.1,8878.29875565611,6119.23388671875,26520,469.2739441930618,1121.290987933635,-0.029548346665818345
24,110.1,9211.207387841678,6428.56396484375,24987,476.70216512586546,1120.7847680794014,0.019508429280257703
24,115.1,9021.225744030342,6309.587890625,25839,468.6596230504276,1122.0748867990246,0.0006399679548305139
24,120.0,9140.33553236576,6424.578125,25011,473.5832633641198,1121.6013354124186,0.018876313407928044
24,125.1,9099.744972288203,6437.7578125,25260,473.1770783847981,1120.4437846397466,0.020966485112683918
24,130.1,9119.728825247445,6406.2607421875,24652,473.73835794256047,1120.4676294012656,0.01597135262946732
24,135.1,9149.184491101452,6380.43212890625,24386,474.89145411301564,1120.889649799065,0.011875182924870714
24,140.1,9209.480961427273,6406.77978515625,24214,474.76327744280167,1121.205831337243,0.01605366785331718
24,145.0,9173.014441777705,6339.46533203125,24166,474.17698419266736,1120.9398742034264,0.005378242867482679
24,150.0,9174.152353886075,6359.955078125,24279,473.0161456402652,1120.6427777091315,0.008627719573420392
24,155.1,9121.39379583093,6270.89794921875,24274,472.1132487435116,1120.7851610776963,-0.005495884718915087
24,160.0,9152.786989372302,6282.37646484375,24088,469.98082032547325,1121.9452839588178,-0.0036755025154695804
24,165.1,9092.44737375786,6246.271484375,24655,468.2255931859663,1122.0148042993308,-0.00940140524089799
24,170.1,9046.107855336571,6242.80126953125,24913,465.2530004415365,1122.7424637739332,-0.009951747946355163
24,175.1,8911.794524809457,6200.14794921875,25716,463.1734717685488,1121.8245450303314,-0.016716154403721963
24,180.1,8899.552434889814,6143.29833984375,25956,461.1637001078749,1121.0824472183695,-0.025731955798258013
24,185.4,8848.212601718762,6210.833984375,26298,461.40303445128905,1120.3685451365122,-0.015021451982316277
24,191.1,8865.83363333461,6308.4599609375,26111,462.61035578874805,1120.4955765769216,0.00046108915229694576
24,196.7,8876.32053364269,6368.67138671875,25860,462.99605568445475,1120.568600154679,0.01001004230243629
24,202.3,8858.853054316049,6318.69873046875,25996,463.4541083243576,1120.912255731651,0.002084859546377634
24,207.9,8866.364897305948,6283.83544921875,26243,464.28567618031474,1120.730747246885,-0.0034441216228417444
24,213.6,8939.127894576477,6311.7353515625,26256,465.0977300426569,1120.334704448507,0.0009805346100437747
24,219.2,8895.284925140006,6212.20947265625,26249,465.12766200617165,1120.1935311821403,-0.014803312767278587
24,224.8,8974.431757292177,6228.8330078125,26501,464.39598505716765,1119.27157465756,-0.01216697993946243
24,230.5,8973.143244158482,6201.76611328125,26577,463.7929036384844,1118.7935432893103,-0.01645952914329069
24,236.2,9040.249192782527,6228.052734375,26325,464.6415954415954,1118.662260208927,-0.01229072380372591
24,241.8,9059.251694498087,6121.48876953125,26409,466.0245749555076,1118.1844446968837,-0.029190743934173317
24,247.4,9085.562047749874,6400.0439453125,25843,467.1375614286267,1118.520411716906,0.014985428424334249
24,253.0,9063.915144836272,6242.23046875,25408,467.41833280856423,1118.8891294080604,-0.010042271461576695
24,258.7,9151.76023650551,6298.25634765625,24862,468.17017939023407,1119.1767355804038,-0.001157105798587891
24,264.3,9141.087281795511,6415.44384765625,25263,468.8359260578712,1118.2451015318845,0.017427704854250357
24,269.9,9155.102634253108,6493.6767578125,25586,468.5633549597436,1117.4994528257641,0.02983469213595201
24,275.6,9226.249970651535,6541.14453125,25555,468.3976912541577,1116.4836626883193,0.037362624564306245
24,281.2,9246.718792441116,6525.52099609375,25771,467.6062240502891,1115.620193240464,0.03488488212072764
24,286.8,9213.335263639134,6510.18359375,26248,467.6148658945443,1114.146373056995,0.03245251758982638
24,292.5,9241.973331301433,6539.943359375,26248,468.0508991161231,1114.2200929594635,0.037172130255114656
24,298.1,9231.20232907878,6488.359375,25933,467.954536690703,1114.2828056915898,0.028991406352579473
24,303.8,9190.443148688046,6428.955078125,26068,468.359559613319,1113.9143777811876,0.019570456085811552
24,309.4,9220.185506910664,6429.12158203125,25902,468.2879314338661,1113.2407536097598,0.019596862004280794
24,315.0,9300.432690426822,6525.6728515625,25561,467.0091545714174,1113.6222761237823,0.03490896493786528
25,0.1,8487.897951489254,2975.70654296875,7957,1170.1663943697374,1135.8219178082193,-0.12859571426882122
25,5.1,8422.832706082312,5118.09814453125,8237,1169.596333616608,1133.9552021367003,0.49878107721194137
25,10.0,8374.549588776004,2954.5224609375,8268,1169.4638364779873,1133.9592404450896,-0.1347992493300761
25,15.0,8433.57292882147,2891.52880859375,7713,1170.4802281861791,1136.625696875405,-0.15324627622387693
25,20.0,8374.154279856484,3134.345947265625,7804,1170.1742696053307,1136.3927473090723,-0.0821398373891669
25,25.1,8336.086773044968,4925.923828125,7583,1170.4913622576817,1137.4747461426875,0.44250485490784425
25,30.1,8250.03481377192,2806.388427734375,7813,1170.1562779982082,1136.0610520926662,-0.1781787390518902
25,35.0,8264.681970595822,4863.697265625,7754,1170.1944802682488,1134.8779984524117,0.42428246218671206
25,40.1,8244.40837906572,4937.90283203125,7471,1170.5791728014992,1136.279212956766,0.4460127798970747
25,45.0,8265.65105923627,4937.58056640625,7411,1170.664147888274,1135.865605181487,0.44591840780671105
25,50.1,8225.807561075475,4939.41650390625,7327,1170.8856284973385,1135.1783813293298,0.4464560427457526
25,55.1,8227.34656787362,4987.87841796875,7153,1171.2877114497414,1134.699706416888,0.46064760330423005
25,60.1,8263.672795173801,4982.0810546875,6962,1172.0330364837691,1133.2183280666475,0.45894990659379375
25,65.1,8239.435791217895,4910.10986328125,7242,1171.8170394918532,1128.0983153824911,0.43787390204328597
25,70.1,8372.950882920315,5033.00732421875,6739,1173.7821635257458,1124.491170796854,0.4738631276675219
25,75.0,8499.69327020629,5097.13916015625,5914,1176.1547176192087,1122.2022319918838,0.49264345962592543
25,80.1,8588.193889541715,5138.748046875,5106,1178.4917743830788,1119.8995299647474,0.5048281833840177
25,85.1,8614.67530520454,5125.90380859375,4669,1179.3231955450847,1116.7633326194045,0.5010668836309623
25,90.1,8638.298544288182,5053.0576171875,4053,1180.6644460893165,1113.4270910436715,0.4797346445563155
25,95.1,8553.367681498828,4969.50830078125,3416,1181.7868852459017,1110.2245316159251,0.455268108177469
25,100.0,8501.168029993183,4846.18408203125,2934,1183.1346284935241,1106.5054533060668,0.41915391102750893
25,105.1,8255.178485092667,4560.2080078125,2482,1184.5451248992747,1104.505237711523,0.335408832978859
26,0.1,4440.959419789328,1245.8140869140625,17373,641.2780176135383,1144.0940539918263,0.014920987102945964
26,5.1,4443.8698904157245,1186.1448974609375,17247,641.7785122050211,1144.3910245260045,-0.03368940612948806
26,10.0,4452.908834639455,1306.8388671875,17737,645.609516829227,1145.9556294751085,0.06463573257213083
26,20.0,4487.762663564989,1171.196533203125,17195,642.9660947949985,1146.1171852282641,-0.04586731354558874
27,0.1,4093.011429678419,1902.7125244140625,5162,814.2291747384735,1177.5280898876404,-0.02602227282292243
27,5.1,4077.8514285714286,1891.615966796875,5075,815.5075862068966,1177.6100492610838,-0.031702479280177984
27,10.0,4089.7535357737106,2006.916015625,4808,816.421381031614,1178.0341098169717,0.02731835442963626
27,15.0,4098.907584448693,1923.22119140625,4707,817.6339494370087,1178.2198852772467,-0.015524110537143814
27,20.0,4110.326635314237,2043.2757568359375,4678,818.1528430953399,1177.9910218041898,0.04593050821060808
27,25.1,4153.545854271357,2051.8681640625,4776,817.9034757118928,1177.2929229480737,0.05032886747619625
27,30.1,4245.697125256674,2060.166259765625,4870,816.8340862422998,1176.7098562628337,0.054576571892456634
27,35.0,4279.708673667834,2008.6400146484375,5142,815.1511085180864,1175.6546091015168,0.02820085067063843
27,40.1,4273.833148967552,2033.5628662109375,5424,813.73598820059,1175.008296460177,0.04095858575050325
27,45.0,4284.993255236067,823.42041015625,5634,811.6254881079162,1174.615015974441,-0.5785000995659215
27,50.1,4216.58682742487,804.3685302734375,5557,811.4362065862875,1174.8650350908763,-0.5882525484664336
27,55.1,4175.141342110075,840.1846923828125,5469,810.7866154690071,1175.1771804717498,-0.5699186468812546
27,60.1,4127.467653196737,2098.306884765625,5271,810.6913299184215,1175.834566495921,0.07410034060368269
27,65.1,4089.842394504416,2055.156005859375,5095,810.5281648675171,1176.3738959764476,0.0520118777257999
27,70.1,4093.3387489845654,2065.02734375,4924,810.802193338749,1176.6860276198213,0.0570649076078987
27,75.0,4158.746361746362,2095.03662109375,4810,810.5629937629938,1177.014760914761,0.07242632840397667
27,80.1,4218.820079315383,2129.96484375,4791,810.8298893759131,1176.8637027760385,0.09030570349640976
27,85.1,4267.53310246486,1908.1708984375,4909,809.6217152169485,1176.262578936647,-0.023228190870333603
27,90.1,4293.088706525987,2278.947265625,5118,808.179366940211,1175.76299335678,0.16656817551216216
27,95.1,4269.52933626696,2317.4443359375,5454,805.942794279428,1174.39365603227,0.18627440467964584
27,100.0,4257.379472857392,2303.052978515625,5729,803.3267585966137,1173.8926514225868,0.17890762624470213
27,105.1,4244.348645465253,2248.139892578125,5943,801.4125862359078,1173.9453138145718,0.15079821825614848
27,110.1,4190.157954916694,2193.87744140625,6122,800.1999346618752,1173.6305129042796,0.12302186308672255
27,115.1,4113.893923611111,2196.757080078125,5760,802.2597222222222,1174.3708333333334,0.12449591862203667
27,120.0,4038.845270639694,2129.602783203125,5487,804.1016949152543,1175.2400218698742,0.09012036866310151
27,125.1,3983.758681925809,2066.1689453125,5068,807.4064719810576,1176.4273875295976,0.05764928095958406
27,130.1,3951.7419493344782,1991.7451171875,4658,809.7881064834693,1177.7625590382138,0.019552537476315468
27,135.1,4008.114441416894,2073.49658203125,4404,811.5501816530427,1178.3592188919165,0.06140021803774579
27,140.1,4024.3684577808795,2071.25048828125,4299,812.0655966503838,1178.4842986741103,0.06025046721749231
27,145.0,4014.1873046405385,2119.5615234375,4159,813.0673238759317,1178.7857658090886,0.08498035763199223
27,150.0,3892.2274022274023,2051.873291015625,3861,813.8259518259518,1179.6897176897178,0.05033149190741639
27,155.1,3861.1984406438633,2010.0750732421875,3976,812.5835010060363,1179.4192655935615,0.02893544146644821
27,160.0,3829.731065309163,1996.9224853515625,4027,810.85522721629,1179.8149987583809,0.022202775603457365
27,165.1,3794.0849198396795,1971.46923828125,3992,810.1117234468937,1180.0829158316633,0.009173536865222908
27,170.1,3754.5205766710355,1914.547607421875,3815,809.6752293577981,1180.6283093053735,-0.019964023297050923
27,175.1,3700.350614644575,1865.9261474609375,3742,809.1509887760556,1181.3313735970069,-0.04485281677328479
27,180.1,3678.1703327693176,1849.2109375,3546,809.6274675690919,1181.851945854484,-0.05340914990198747
27,185.4,3622.3585450346422,1850.3680419921875,3464,811.1336605080832,1182.0173210161663,-0.05281684077018406
27,191.1,3669.7476837554045,1892.1695556640625,3238,813.2263743051266,1182.5855466337246,-0.03141910319486007
27,196.7,3689.11911623439,1932.339599609375,3123,813.8254883125201,1182.8940121677874,-0.010856497125660418
27,202.3,3733.5505068157986,1955.0250244140625,2861,815.6078294302691,1183.2079692415239,0.0007559236724421133
27,207.9,3702.3706525339517,1937.2252197265625,3019,813.114276250414,1183.036435905929,-0.008355601632236231
27,213.6,3712.2140328290957,1946.081787109375,3107,811.5271966527197,1183.0653363373028,-0.003822021672353036
27,219.2,3688.5143139190523,1950.109130859375,3039,809.8881210924646,1183.486015136558,-0.0017604684624724473
27,224.8,3711.2743362831857,1978.076416015625,3051,809.3788921665027,1183.5385119632908,0.012555678870496816
27,230.5,3625.027615334633,1932.6644287109375,3078,809.2053281351527,1183.6150097465886,-0.01069022066192702
27,236.2,3620.497507122507,1911.16650390625,2808,808.5541310541311,1184.4188034188035,-0.021694773200278145
27,241.8,3598.3697183098593,784.5953369140625,2272,807.9951584507043,1185.380281690141,-0.5983742298450369
28,5.1,9068.090359325504,5844.8232421875,31253,1137.5762006847342,951.0001279877132,0.013847693831937326
28,15.0,9840.635155622938,5494.2900390625,22426,1141.2589405154731,902.1071524123785,-0.04695607471227532
28,20.0,9433.212814173878,5605.3955078125,29124,1138.456805383876,932.1585633841505,-0.0276836316294379
28,25.1,10080.419286122513,6964.77685546875,19247,1145.6155764534733,890.67506624409,0.208115739412556
28,30.1,10024.021714895061,4915.67138671875,20631,1142.890359168242,894.8834278512918,-0.14732372690278026
28,35.0,8966.260105960266,5865.556640625,37750,1130.3122649006623,958.2429668874172,0.017444125634944404
28,40.1,8958.341446143355,5990.1416015625,38129,1131.6714311941041,960.8115083007684,0.03905473216636676
28,45.0,9089.367288898082,6105.3603515625,38678,1130.4248927038627,962.2454366823517,0.05904066829024162
28,50.1,9099.942088091355,6177.84716796875,40458,1127.7674872707498,964.6708685550448,0.07161428918543755
28,55.1,9128.011632789152,6237.46044921875,40489,1128.1107708266443,965.4403171231693,0.08195485642121374
28,60.1,9213.232755449842,6295.173828125,40781,1127.7617027537333,964.1794708320051,0.09196586508354776
28,65.1,9427.041864514087,6462.697265625,37908,1129.878125989237,954.5335021631317,0.12102461395147891
28,70.1,9774.65445832123,6758.916015625,34430,1131.9513215219285,940.2070577984316,0.17240695420594318
28,75.0,9722.608281236859,6598.9013671875,35671,1132.8354405539515,947.8587648229654,0.14465068586805402
28,80.1,9979.317455486227,6771.67138671875,32855,1134.0123268908842,936.1180642215796,0.17461951103298745
28,85.1,9985.683653991819,6784.7275390625,33005,1134.049265262839,936.702378427511,0.17688424161516933
28,90.1,10185.672555796002,6900.74951171875,30961,1134.37908982268,929.5882561932754,0.1970095053806048
28,95.1,9715.240219739193,6533.2001953125,37499,1133.014933731566,957.9509586922318,0.1332541082766683
28,100.0,9800.863150795793,6659.23974609375,37070,1133.2921230105205,956.536984084165,0.15511702912067976
28,105.1,10096.8872391049,6950.455078125,33203,1134.9118453151823,940.6106074752281,0.20563147251005492
28,110.1,9629.1857583611,5708.0869140625,40515,1130.4593607305935,969.3980501048994,-0.0098706985279819
28,115.1,9576.03965227278,5756.76416015625,42217,1128.3348887888765,975.4760641447758,-0.0014271046587911263
28,120.0,9621.011489401613,5823.390625,42648,1127.7246998686926,973.9228568748828,0.010129974987766239
28,125.1,9419.16414701337,5631.87890625,44649,1124.4742323456292,981.2110237631302,-0.023089800247696628
28,130.1,10617.75732177264,6179.8759765625,31140,1129.8087989723829,930.1886962106615,0.07196620793965296
28,135.1,9303.627844599974,5607.93115234375,47722,1121.2636938938017,987.3967562130673,-0.02724379670990948
28,140.1,10418.552141044185,6021.1865234375,36641,1126.7770257361972,950.5226931579379,0.04443980903592519
28,145.0,9480.414778304974,6747.0390625,48896,1123.6051824280105,991.5369968913612,0.17034676845924393
28,150.0,9456.292037339928,4532.12451171875,50134,1122.2204093030678,994.8572425898592,-0.2138540732592701
28,155.1,9478.627593966165,5593.1298828125,47996,1120.0258563213602,989.4343486957247,-0.0298112367090747
28,160.0,9506.635780276743,5580.12646484375,47842,1119.912399147193,990.6080640441453,-0.032066819944576594
28,165.1,9630.047637901931,5691.6328125,47987,1119.8241190322378,989.1294725654865,-0.012724840087440535
28,170.1,9627.42925023141,4283.5888671875,48615,1118.8060063766327,990.0059446672838,-0.2569652640689919
28,175.1,9604.023755701772,5765.0927734375,49546,1118.6952730795624,991.9142009445768,1.7583233062571938e-05
28,180.1,9745.099539189134,5907.4541015625,49478,1119.9596588382715,991.5372690892922,0.02471169257217829
28,185.4,9770.76898640516,6660.56884765625,50681,1119.9725932795327,993.0740119571437,0.1553475761360767
28,191.1,9770.756837191208,6727.1591796875,51410,1119.0402839914414,993.106107761136,0.1668983881562052
28,196.7,9759.429311208865,6295.07421875,53877,1113.5832915715425,992.0671900811107,0.09194858676204117
28,202.3,9714.118438314761,6484.79833984375,60217,1098.6248401614162,991.7473637012804,0.12485828388458403
28,207.9,9684.395343336037,6402.65087890625,59184,1103.6817552041093,993.3675486618005,0.11060891989621079
28,213.6,9774.225979418668,6535.525390625,55390,1110.2183607149304,992.2609135222964,0.1336574385071313
28,219.2,9699.0469199218,6417.845703125,52174,1117.1122589795684,993.0548549085752,0.11324462620485798
28,224.8,9816.633041019468,6622.02880859375,52341,1116.220610993294,993.500238818517,0.14866239027080072
28,230.5,9803.551932740625,6815.3173828125,51740,1118.6113451874758,995.5525125628141,0.18219038027078582
28,236.2,9775.41446822944,6890.80810546875,53068,1118.4200836662396,998.4109067611366,0.1952850611361221
28,241.8,9904.583227997358,5132.1484375,53005,1117.3894349589661,996.9409301009339,-0.10977344529324295
28,247.4,9876.508915598995,7103.119140625,52997,1119.4536860577014,999.7636092609016,0.232112702357942
28,253.0,9877.247942734753,4971.5673828125,53226,1119.134276481419,999.7822492766693,-0.1376279629102873
28,258.7,10072.92344812884,4847.6103515625,51599,1119.7597627861005,996.4327603248125,-0.1591296482580945
28,264.3,10176.680077150873,7107.89501953125,51328,1119.2765936720698,995.0380104426434,0.23294113011606013
28,269.9,10228.025982156832,6863.6875,51112,1118.507962904993,994.4209187666302,0.19058069931533123
28,275.6,10165.108447855428,7062.15771484375,52901,1115.7608551823216,997.2512239844237,0.22500750082427753
28,281.2,9985.71825845772,7050.16357421875,54802,1114.9681763439291,999.9525382285318,0.22292698764051166
28,286.8,9736.150638941133,7044.96533203125,56891,1114.0460178235573,1004.1818565326678,0.22202529641129937
28,292.5,9766.683528065736,7133.47021484375,57686,1113.4850743681309,1004.3334951288008,0.2373774238605353
28,298.1,9863.445785447306,7115.44677734375,57254,1112.7412582526986,1001.0918538442729,0.2342510640396932
28,303.8,9808.952887145879,7128.82421875,58137,1112.3547138655244,1001.8970535115332,0.23657152567849932
28,309.4,9857.895850796313,7082.38427734375,57264,1113.5852018720313,1002.0001920927633,0.2285160164619716
28,315.0,9646.351755016667,7158.4326171875,61196,1109.8994051898817,1007.9545231714491,0.2417074220486831
29,10.0,4526.992546665787,2907.12109375,15161,43.03047292394961,876.4024140887805,0.0
30,15.0,8176.016393442623,1097.06884765625,61,1128.8688524590164,999.8688524590164,0.0
31,25.1,7815.501435406699,4550.130859375,19855,1109.1634349030471,1035.226139511458,0.0
32,70.1,5966.452278006681,3846.080322265625,58977,150.30135476541702,748.6013700256032,0.11034403799146844
32,75.0,5946.82063927246,2947.8779296875,59818,148.2163228459661,747.6908622822561,-0.14896247355879014
32,80.1,5942.051624883937,3785.8857421875,59235,148.58916181311724,746.0946399932473,0.09296616558401587
32,85.1,5941.049878083169,2892.45556640625,60287,145.50312671056778,747.4212682667905,-0.1649626309877652
32,90.1,5966.900280828022,3847.0185546875,59467,146.04720265020936,746.5794306085728,0.11061490097107089
32,95.1,5957.610170956423,3933.750244140625,57851,148.37625970164734,744.9853070819864,0.13565390333711505
32,100.0,5965.45175286959,3973.803955078125,57848,148.12385907896555,745.1514831973448,0.14721720815979975
32,105.1,5978.68503125644,4060.258056640625,58228,146.03165143917016,745.8943291887065,0.17217607229846738
32,110.1,5979.451147220866,4062.6640625,57356,148.03886254271566,745.1079224492643,0.17287067408456733
32,115.1,5978.715561662659,2545.5419921875,58220,145.30474063895568,745.9563552043971,-0.26511483441475775
32,120.0,5949.891689454286,2586.5322265625,58877,144.2200180036347,746.0031251592303,-0.25328115998766115
32,125.1,5966.321704171848,2750.04150390625,58703,144.1015450658399,746.0121458869223,-0.20607685429391548
32,130.1,5625.564472898468,3622.8740234375,72007,125.76588387240129,774.1542072298527,0.045905502552885315
32,135.1,5623.053737994409,3683.02734375,72258,124.39565169254615,773.5562290680616,0.06327146347359504
32,140.1,5649.05194913026,3537.022216796875,72263,125.32691695611862,773.0450161216667,0.021120517927795415
32,145.0,5647.408478269922,3568.056640625,72043,124.38278528101273,772.4445261857502,0.030079999941358807
32,150.0,5633.137691700262,3696.57763671875,72183,123.90036435171716,772.2954296718063,0.06718336487715865
32,155.1,5600.963968212141,3611.25341796875,72103,124.4006490714672,772.4739053853515,0.04255069222160319
32,160.0,5600.869729249889,3659.7060546875,72096,123.45518475366178,771.9077618730581,0.056538724659245816
32,165.1,5602.343503557051,3631.052734375,72532,124.55073622676888,772.9579220206253,0.04826665525043461
32,170.1,5620.479569951986,3621.776611328125,72271,123.86525715708929,772.2658604419477,0.04558868519839326
32,175.1,5639.155181768855,3675.585693359375,71877,124.54223186833062,773.2942665943209,0.06112309644750548
32,180.1,5664.707265046635,3791.91455078125,71727,123.7383272686715,773.2903648556331,0.09470665229187504
32,185.4,5947.203587907292,3895.77392578125,56133,146.0776370406,743.283950617284,0.12469033129960788
32,191.1,5657.955048157688,3799.00537109375,71432,123.8546449770411,773.2935659088364,0.09675373643956524
32,196.7,4699.830279834358,3332.377685546875,15938,39.322813401932486,878.9013678002259,-0.03795932860207203
32,213.6,4774.261877394636,3399.95556640625,15660,38.784099616858235,878.8757982120051,-0.018449934407178088
32,219.2,4770.616298811545,3398.464111328125,15314,38.012668146793786,878.5651038265639,-0.018880509984172972
32,224.8,4800.613361001406,3421.08251953125,14939,37.32425195796238,879.7060713568512,-0.012350689337472843
32,230.5,4888.29154903068,3497.253662109375,15939,38.06713093669615,873.8592759897108,0.009639536279759607
32,236.2,4878.032044198895,3515.81640625,16290,37.82866789441375,875.6058317986494,0.014998507117155592
32,241.8,4846.153335768201,3500.237060546875,16428,37.275870465059654,878.8216459702946,0.010500828398089529
32,247.4,4859.459979241712,3514.043212890625,16379,38.30636791012882,878.9409609866292,0.014486595115892889
32,253.0,4833.9185717797445,3487.24853515625,16272,37.212143559488695,880.8949729596853,0.006751106467871022
32,258.7,4891.249507389162,3525.541015625,16240,37.26576354679803,879.8939655172413,0.01780595291562674
32,264.3,4873.710586490328,3520.818359375,16181,37.04313701254558,881.6416167109574,0.016442545817674695
32,269.9,4904.599071869085,3541.80078125,16377,37.57721194357941,879.626488367833,0.022500065442694887
32,275.6,4948.361171299449,3587.59033203125,16153,37.240574506283664,879.5668296910791,0.035719278369147435
32,281.2,4987.188166409861,3628.009521484375,16225,37.66224961479199,877.6593528505393,0.047388095000436045
32,286.8,4909.661740254942,3562.95068359375,16239,37.29656998583657,880.6146314428229,0.02860593583638729
32,292.5,4888.7217841301135,3557.265380859375,16232,37.05236569738788,881.9996303597832,0.026964617541825185
32,298.1,4898.733915004748,3546.309814453125,16848,38.09680674264008,880.4238485280152,0.023801800641830347
32,303.8,4820.072182783511,3500.96337890625,16763,36.7146692119549,884.2497166378333,0.01071051285406592
32,309.4,4821.032191322339,3495.729248046875,16433,36.81999634881032,885.9434674131321,0.009199445609804449
32,315.0,4913.415674839324,3565.936767578125,16804,37.111521066412756,883.5632587479172,0.029468003258588046
33,90.1,4578.853659929199,1330.900634765625,17514,636.7435194701382,1145.0091355487039,-0.04937318418111293
33,95.1,4625.22210888006,1469.14794921875,18626,640.3005476216042,1143.964082465371,0.04937318418111293
34,105.1,4698.627258396993,916.2022705078125,8247,179.93330908209046,31.27610040014551,-0.03226318038465966
34,110.1,4682.938551572787,934.1968994140625,8202,181.24250182882224,30.70287734698854,-0.01325638951713566
34,115.1,4630.132126168224,967.6521606445312,8560,180.67721962616824,31.34392523364486,0.02208066338563616
34,120.0,4590.100127477112,979.6796875,8629,180.56750492525205,31.585351720941013,0.0347847146215037
34,125.1,4572.2563921291385,936.0057373046875,8487,180.21208907741251,31.40921409214092,-0.011345808105344418
34,130.1,4504.690046979133,942.0848999023438,9153,180.1429039659128,31.921228012673442,-0.004924704744708044
34,135.1,4449.3307372239415,888.2100830078125,9373,177.49482556278673,32.05441160780967,-0.06182987256313675
34,140.1,4446.977177756348,937.9581909179688,9333,176.5192328297439,31.980606450230365,-0.009283532873133929
34,145.0,4407.874812593703,985.9473266601562,9338,176.88027414863996,31.771578496466052,0.04140489597510847
34,150.0,4394.092416814437,943.0211791992188,9587,175.3307604047147,31.57494523834359,-0.003935761606063232
34,155.1,4376.686006458558,952.8314208984375,9290,177.54714747039827,30.583207750269107,0.006426286608898916
34,160.0,4403.418559794256,1021.7758178710938,9332,177.74646378054007,30.000750107158165,0.0792486683081232
34,165.1,4421.853527771821,1018.3047485351562,9326,178.4550718421617,29.98831224533562,0.07558235824979656
34,170.1,4391.426841887417,1010.1701049804688,9664,175.8164321192053,29.984375,0.06699015723074159
34,175.1,4362.16050514309,993.1410522460938,9819,171.7377533353702,29.84754048273755,0.049003254267608785
34,180.1,4371.990945462203,1015.1234130859375,9498,173.7382606864603,29.280795957043587,0.07222207903104927
34,185.4,4304.497280656747,987.0869140625,9745,168.88948178553105,29.56121087737301,0.042608582894380784
34,191.1,4260.652371342078,999.9235229492188,9910,168.01927346115036,30.243794147325932,0.05616722541094426
34,196.7,4188.811488353731,1042.0777587890625,10132,163.1490327674694,28.904757204895382,0.10069255288296075
34,202.3,4178.447555244476,1052.48095703125,10001,165.86241375862414,28.656534346565344,0.11168091026297729
34,207.9,4166.557971014493,1068.552978515625,9936,165.06048711755233,28.088768115942027,0.12865695087839493
34,213.6,4085.1470965378276,1100.4305419921875,10918,155.51685290346217,27.698845942480308,0.16232756367746207
34,219.2,4032.53969563623,1084.8309326171875,10908,152.59286762009535,27.18958562522919,0.14585050740970484
34,224.8,4038.057158410452,1118.2479248046875,11022,149.4570858283433,26.411812738160044,0.18114713871222046
34,230.5,3952.7928165067506,1106.5418701171875,11777,142.8599813195211,26.797486626475333,0.1687826418121575
34,236.2,3893.00342047398,1136.9093017578125,12279,136.2943236419904,26.640850232103592,0.20085818087352256
34,241.8,3881.487566116681,1190.335205078125,12667,134.661798373727,28.00552617036394,0.2572891846251499
34,247.4,3824.632244467861,1192.764892578125,12337,133.8809272918862,27.522736483748076,0.2598555371977166
34,253.0,3819.733414141414,1230.193115234375,12375,134.0938181818182,27.653333333333332,0.29938902267700773
34,258.7,3744.071166719796,1185.51318359375,12548,127.7969397513548,27.920545106789927,0.2521959340563432
34,264.3,3726.273477311332,1174.5679931640625,12363,126.80004853190972,27.67168163067217,0.24063509851001857
34,269.9,3695.7833065810596,1186.959228515625,12460,126.37616372391653,28.16083467094703,0.2537233161189751
34,275.6,3655.3657966811666,1162.8128662109375,12414,124.34960528435637,28.16143064282262,0.22821876912733044
34,281.2,3641.5083407925786,1187.94921875,12289,123.79672878183742,28.120351533892098,0.25476899132815495
34,286.8,3624.7049193613743,1182.051025390625,12339,124.7320690493557,27.98103574033552,0.24853903636426444
34,292.5,3636.1999181334427,1196.427001953125,12215,124.54203847728203,27.938190749079002,0.2637236329160144
34,298.1,3612.620183183431,1138.2620849609375,12119,124.40283851802954,28.129961217922272,0.20228705543186176
34,303.8,3599.878477905074,1155.7923583984375,12220,124.14279869067103,28.00090016366612,0.2208033717623056
34,309.4,3570.1297377291785,1120.8243408203125,12163,123.63627394557264,28.079832278220834,0.18386847298656692
34,315.0,3587.7475123371896,1092.9459228515625,12361,125.50764501253944,28.38686190437667,0.15442194964840494
35,165.1,2624.7984182720184,187.10482788085938,62084,206.4161619740996,582.0684717479544,-0.5838303956869467
35,170.1,2509.2236646176166,464.8050231933594,104764,305.40330647932495,611.5551238975221,0.03384677336211271
35,180.1,2565.3320143189744,759.6268310546875,108667,298.16296575777375,608.9755031426284,0.68960684385391
35,185.4,2556.96791304023,717.7762451171875,107084,295.55403234843675,607.2987467782302,0.5965202998713615
35,191.1,2447.844361063465,118.6266860961914,46640,231.7165308747856,589.8805746140652,-0.7361435214004377
35,202.3,2584.7784618978494,572.1386108398438,59931,197.90987969498255,574.9220603694248,0.27258447567720845
35,207.9,2483.8547563934517,627.0889892578125,107571,302.69461100110624,608.1570962434113,0.3948083514695553
35,213.6,2493.243149179367,668.250732421875,109184,305.96317225967175,607.5990529747949,0.486362730688093
35,219.2,2474.22027984802,741.94140625,109488,301.58811924594477,606.8499926932632,0.6502698779058069
35,224.8,2477.5541953396314,435.7595520019531,109133,299.6227813768521,607.4212841212099,-0.030757878424375485
35,230.5,2478.861548544648,552.5986938476562,111382,302.99058196117863,607.5728663518343,0.22912263872168823
35,236.2,2493.717577672648,401.644775390625,111397,303.50362218013055,605.9530059157787,-0.10663797860332455
35,241.8,2514.8800949672664,434.8749084472656,112881,306.1429381383935,605.5472665904803,-0.032725554845567675
35,247.4,2500.124867771901,437.7059326171875,112495,306.8815947375439,605.4810969376417,-0.026428623751158408
35,253.0,2484.794424717791,424.10369873046875,113214,306.48351793947745,605.1473404349285,-0.05668351539945908
35,258.7,2418.9817977439457,679.309326171875,50708,427.9613473219216,648.15110041808,0.5109599077749762
35,269.9,2425.374509762354,737.445068359375,47171,438.80702126306414,645.8081236352843,0.6402688577183924
35,275.6,2403.0643579913267,663.5751342773438,47733,431.88645172103156,647.9630863344017,0.4759629892609212
35,281.2,2398.2885502809886,441.7296142578125,43774,433.8329145154658,651.0275734454242,-0.017478913499283575
35,286.8,2368.563229954945,676.5991821289062,45722,429.77544726827347,651.5606272691483,0.5049318453953573
35,292.5,2387.9303651996256,259.71002197265625,46988,432.18468545160465,649.0873201668511,-0.4223376365824308
35,298.1,2386.500572059004,625.7733154296875,48946,433.2829853307727,650.0584317411025,0.3918819520673738
35,315.0,2396.894827696439,268.8489990234375,46923,429.28932506446733,651.7830062016495,-0.40201018428669666
36,185.4,4615.084909953839,3241.54052734375,15381,39.43105129705481,883.084779923282,0.0
37,196.7,5880.079001557828,3794.593017578125,55847,147.98033914086702,742.4609021075438,0.1376036682144024
37,202.3,5866.691760662822,2498.8359375,58779,143.26334235015906,744.5634835570527,-0.25085907352976133
37,207.9,5890.015186094,2709.388427734375,58277,142.53530552361994,743.9871475882424,-0.18773628694033742
37,213.6,5912.261347587464,3829.9462890625,55937,145.65893773352164,741.0198079982838,0.14820243628720972
37,219.2,5857.2832631747215,3845.24609375,56301,145.31733006518533,741.1966039679579,0.1527892559684868
37,224.8,5888.344732711335,3845.230712890625,56699,146.61299141078325,742.2800578493448,0.15278464484893742
37,230.5,5886.551075754836,3855.206298828125,55310,147.37410956427408,740.4574579642018,0.1557752852423915
37,236.2,5861.727098312743,3824.060546875,55771,148.52512954761434,740.0130533789962,0.14643791453964752
37,241.8,5886.638126096452,3867.7158203125,55862,147.711664458845,739.5397228885467,0.15952558928351226
37,247.4,5866.993680884676,3838.01806640625,55704,147.1689824788166,738.7610045957202,0.15062232254977406
37,253.0,5857.126496466176,3840.6572265625,55464,146.4515361315448,739.6434804557912,0.1514135321105484
37,258.7,5874.878895171342,3869.015380859375,55357,147.93131853243491,740.0488827067941,0.15991519228924786
37,264.3,5877.590142391676,3976.7470703125,55551,147.46209789202715,740.0392792208961,0.1922127178834499
37,269.9,5849.225678692302,3866.266845703125,55548,148.37265068049254,739.2480737380283,0.15909119254501128
37,275.6,5882.111632287158,3941.6806640625,55217,148.07229657533006,739.289693391528,0.18169995084985718
37,281.2,5901.992098620916,3885.771240234375,54674,147.95407323407835,739.6214837034056,0.16493853128786612
37,286.8,5874.787240598097,4007.355712890625,55175,148.66022655188038,739.5337562301767,0.20138906536383464
37,292.5,5885.63052989791,4309.55517578125,55539,149.4346855362898,740.2557302076019,0.29198724438441764
37,298.1,5910.471549326698,4000.280517578125,54656,148.8335406908665,738.5461431498829,0.1992679503711205
37,303.8,5896.612428662016,4499.5703125,55195,147.92917836760577,739.611559018027,0.3489530152974404
37,309.4,5918.629148315299,4039.4970703125,55173,146.31183731172857,739.3083392238957,0.21102491456693365
37,315.0,5948.621252011116,4073.673828125,54696,147.86413997367265,738.9558468626591,0.2212709685904004
38,258.7,2544.6015496019745,205.8029022216797,61177,195.43985484740998,567.246481520833,-0.3864909011829111
38,264.3,2476.985905765823,351.58929443359375,110045,296.95599073106456,604.1636421463946,0.04810587631726618
38,269.9,2524.7397779706703,246.58416748046875,65667,203.48732239937868,570.9710965934183,-0.2649198396116292
38,275.6,2539.82663927356,411.0402526855469,63763,198.45195489547228,569.4037451186425,0.22533225858509565
38,286.8,2546.3419814260783,462.2437744140625,64176,198.46735539765643,569.5746540762902,0.37797260589217874
38,292.5,2567.663167454246,92.32015991210938,64967,197.2663352163406,567.7602936875644,-0.7247888270821418
38,298.1,2549.963595047798,406.95599365234375,63810,196.48285535182572,567.7420310296192,0.21315687110636627
38,303.8,2476.6612187230185,500.72064208984375,114661,303.3987493567996,604.7880098725809,0.49267413904959717
38,309.4,2461.813909962295,403.4071044921875,110065,298.25304138463633,605.6402671148867,0.20257744891676105
38,315.0,2544.2714422463305,91.70691680908203,62680,197.9774090619017,570.3275526483727,-0.7266169364986399
39,264.3,7807.493619193466,3435.388427734375,3918,1177.9116896375701,47.54696273608984,-0.19539736229347215
39,275.6,8133.625268176401,3915.59130859375,4195,1178.0138259833134,49.964243146603096,-0.08292900166953603
39,281.2,8290.861405835543,4497.4462890625,4524,1178.762599469496,53.08510167992927,0.05334730649646298
39,286.8,8314.227577791336,4644.94873046875,4917,1178.139922717104,55.40187105958918,0.08789386678219197
39,292.5,8469.772727272728,4854.9794921875,5104,1177.671434169279,55.560344827586206,0.13708519068435304
39,298.1,8595.756245121,5095.3974609375,5124,1178.262880562061,57.74882903981265,0.193393505123157
39,303.8,8661.382590315143,5278.5205078125,5204,1178.8433897002305,60.49942352036895,0.23628277067198816
39,309.4,8692.224778427306,5297.0908203125,5303,1179.0126343579107,62.097680558174616,0.24063212526022273
39,315.0,8746.545906163754,5302.02490234375,5435,1178.6638454461822,62.1475620975161,0.2417877370638121
40,269.9,6712.82117905932,3722.0126953125,54535,649.3656917575869,993.1370129274777,0.007380083895279902
40,275.6,6704.669970230245,3612.21728515625,53074,645.4284395372499,996.7731280853149,-0.022336555608345795
40,281.2,6761.4279625858035,3633.3046875,53028,645.6066606321189,996.828996002112,-0.016629151877849697
40,286.8,6737.457365961166,3715.95556640625,52634,644.3273929399247,997.0847551012654,0.0057406937251638
40,292.5,6791.317314221049,3790.235595703125,53020,644.4851754055073,996.6821388155413,0.025844929865752035
40,298.1,6850.682665495245,3748.169677734375,52358,644.5480155850108,1001.3343137629398,0.014459593102699049
40,303.8,6896.599239073756,3752.9736328125,51779,645.0173622511056,1002.8182660924313,0.015759805935321964
40,309.4,6902.297400669812,3753.259765625,52552,645.7170041102146,1001.4342365656873,0.015837249114659977
40,315.0,6948.753935827273,3803.495361328125,53356,645.6382412474699,1001.543987555289,0.029433747234528566
41,269.9,8884.161025046065,6275.224609375,29306,926.9700743874974,951.1336586364567,0.014778060934913006
41,275.6,8883.937730491825,6191.68212890625,30641,911.2063901308704,942.355145067067,0.0012682534597962553
41,281.2,8867.237328621446,6185.826171875,30561,914.1585353882399,944.0379895945813,0.00032127592655989423
41,286.8,8816.464935311422,6134.86767578125,31613,912.7723721253915,944.0589947173631,-0.007919315777029395
41,292.5,8860.053858859344,6131.5966796875,30877,913.2448424393561,945.2945558182466,-0.008448274544239466
41,298.1,8853.669246221227,6113.49267578125,30367,911.5713768235255,945.4149899562025,-0.011375906162667261
41,303.8,8834.552990626147,6108.7763671875,29977,911.9269439903926,946.7098442138973,-0.012138589060485157
41,309.4,8769.42302081952,6051.34814453125,30164,917.3622530168412,950.0885824161252,-0.021425412091964198
41,315.0,8803.484962539502,6063.203125,28163,909.8805169903775,945.6059368675212,-0.019508321494995498
42,298.1,4023.1423962174376,1828.25732421875,67256,496.1132835732128,489.33076602830977,0.2637567172692131
42,303.8,4036.4997329426665,1653.335693359375,65529,496.11634543484564,487.81467747104335,0.1428446426581168
42,309.4,3998.3250775789566,1637.89697265625,68962,498.3557176415997,492.0231576810417,0.13217284786415648
42,315.0,5057.714285714285,667.2482299804688,49,537.0,531.4081632653061,-0.5387742077914864
