cell_id,time_seconds,mean_intensity,mean_intensity_sub,area,centroid_x,centroid_y,dF_F0
0,0.1,2098.9409473186006,1556.2884521484375,82401,285.7084744117183,90.39224038543222,0.016478313049980785
0,5.1,2099.101462829736,1407.38916015625,83400,283.01254196642685,91.07130695443645,-0.08077416024930663
0,10.0,2101.678251909322,1558.7113037109375,82490,283.96017699115043,90.09100497029944,0.01806078066105936
0,15.1,2125.2421292943673,1566.923583984375,81473,283.8784628036282,89.59629570532569,0.023424570893592164
0,20.1,2116.3391526635246,1565.9833984375,82541,286.4109230564205,89.80436389188404,0.022810495644674026
0,25.1,2127.0934015607636,1563.512451171875,81883,287.41906134362443,89.94201482603226,0.02119661468017118
0,30.1,2101.0651512570275,1553.9222412109375,82178,285.95862639635914,89.53165080678527,0.014932839844965313
0,35.0,2125.2750015224406,1582.239990234375,82105,285.67461177760185,89.43515011266062,0.03342836856072492
0,40.1,2120.4615545649335,1578.874267578125,81206,285.3655271777947,88.52054035416103,0.031230071655613145
0,45.1,2128.79101647228,1581.502685546875,80681,285.60175258115294,88.10855095995339,0.03294680344731729
0,50.1,2136.3602944852755,1587.6312255859375,80004,283.6492175391231,87.85243237838108,0.03694961412920966
0,55.1,2135.364711329112,1583.3759765625,79918,284.4858354813684,87.85229860607123,0.034170329644395675
0,60.1,2145.568918190592,1589.3438720703125,79783,285.2320669816878,87.55870298183824,0.038068216536678044
0,65.0,2145.716929310002,1578.2652587890625,80464,285.975864983098,88.45197852455756,0.030832302061111382
0,70.0,2162.0846018588295,1586.9278564453125,79620,286.856857573474,87.58197689022859,0.036490213767710535
0,75.1,2146.490644150549,1582.2386474609375,79469,286.36572751639005,87.31023417936554,0.03342749153816739
0,80.1,2151.4314139131952,1595.008544921875,80111,284.1282720225687,88.00592927313353,0.04176805578960535
0,85.1,2165.3247793601445,1607.01220703125,79768,287.2230969812456,87.2528958981045,0.04960815907798708
0,90.1,2147.8626757472,1585.503662109375,79731,287.672034716735,87.36229321092172,0.03556001175146437
0,95.0,2168.802973415648,1597.408447265625,79370,287.1772332115409,87.10115912813406,0.0433355342878825
0,100.0,2166.844928971752,1600.5577392578125,79757,286.44098950562335,87.349035194403,0.04539247110258504
0,105.1,2162.5346282821893,1597.8311767578125,79025,285.87061056627647,87.22361278076558,0.04361163693485776
0,110.1,2166.0662745443783,1594.7342529296875,79397,286.0429361310881,87.40477599909316,0.0415889039998989
0,115.1,2179.412264138826,1600.84912109375,77853,284.5680705945821,86.76645729772777,0.045582784997569153
0,120.1,2166.23772271821,1590.930908203125,78743,286.3901172167685,87.0200271770189,0.039104777470355616
0,125.1,2167.1565811011433,1598.483642578125,78809,284.0219391186286,87.40779606390133,0.04403779016849415
0,130.0,2175.5463812566018,1589.1085205078125,78577,286.1119666060043,86.96579151660156,0.03791449840113998
0,135.1,2169.01224686841,1585.4178466796875,78714,284.86240058947584,87.60041415758315,0.03550396203710584
0,140.1,2167.932795528171,1585.6507568359375,78715,285.30856888775963,87.55760655529441,0.03565608558617567
0,145.1,2172.916803754288,1593.233154296875,78417,283.9902317099608,87.14266039251693,0.04060847250990328
0,150.0,2173.9074464725572,1604.2874755859375,79165,284.81633297543107,87.71191814564517,0.04782852085011098
0,155.1,2179.404338718176,1602.4658203125,77811,283.5586228168254,86.58165297965583,0.04663872015683581
0,160.1,2156.182987378874,1583.7972412109375,79153,285.46628681161803,87.850757393908,0.03444547553949
0,165.0,2176.345939164277,1588.5797119140625,78112,284.0804357845145,87.46598473986072,0.037569110972119804
0,170.1,2170.042948994892,1593.8375244140625,78698,282.1811608935424,87.85224529212941,0.04100321239011539
0,175.1,2170.3112799517435,1600.678466796875,77917,281.0901728762658,87.07333444562803,0.04547132340343937
0,180.1,2190.500226804391,1619.1754150390625,77159,279.9734055651317,86.69522673958969,0.057552468592068105
0,185.4,2191.498861226734,1624.2464599609375,76398,279.44476295190975,86.02433309772508,0.060864584145243546
0,191.1,2163.6869597463046,1604.8345947265625,78204,280.03162242340545,87.13863740985116,0.04818586767764293
0,196.7,2191.062753531737,1621.9686279296875,77653,280.2470992749797,86.58005485943879,0.05937683497037826
0,202.4,2171.031285457489,1605.05029296875,78439,281.08588839735336,87.45448055176634,0.048326749392111686
0,208.0,2176.6015906989705,1569.8292236328125,78959,282.5002342988133,88.04133790954799,0.02532236797876464
0,213.6,2153.75543071636,1596.175048828125,78857,281.118353475278,87.67947043382325,0.04252994920412907
0,219.2,2169.179666419849,1601.5361328125,79681,282.2076279163163,88.48618867735094,0.04603150162973109
0,224.9,2171.4670942341886,1575.8707275390625,78740,280.3247269494539,88.13487426974854,0.029268331653064358
0,230.5,2173.3467501718474,1374.77099609375,78558,281.6899615570661,86.97555945925303,-0.10207847329954262
0,236.2,2185.737989160098,1623.47802734375,78783,280.6370663721869,87.39456481728291,0.0603626880543659
0,241.8,2180.0453330980768,1617.5045166015625,79346,281.23452978095935,88.21756610289114,0.056461133613206586
0,247.5,2187.3303527325693,1632.2933349609375,78955,280.12578050788426,87.9302007472611,0.06612034114455329
0,253.1,2190.525373931624,1625.11474609375,78624,278.76054385429387,88.25957722832723,0.0614316988226721
0,258.7,2201.6045360982907,1638.764892578125,78217,277.66283544498,87.38320313998236,0.07034719122523297
0,264.4,2203.2185400458256,1631.442138671875,77249,276.49111315356834,87.00775414568473,0.06556438857240239
0,270.0,2209.4064276853096,1635.0457763671875,77384,275.0816318618836,87.13302491471106,0.06791807792884387
0,275.6,2204.351003504301,1627.074462890625,78475,278.4578910481045,87.6465880853775,0.06271167338072609
0,281.3,2204.182559549924,1637.5657958984375,77498,276.8504864641668,87.25436785465432,0.06956401008135829
0,286.9,2207.5734751827727,1639.738037109375,77829,277.5818525228385,87.17647663467345,0.07098279339147232
0,292.6,2202.661907190209,1456.95751953125,78440,279.5348164201938,88.15921723610403,-0.04839895226739358
0,298.2,2221.4052478510953,1646.41357421875,77365,277.35417824597687,86.62179280036192,0.07534287117157323
0,303.8,2212.120985532526,1645.296142578125,77968,278.7415734660373,86.8898137697517,0.07461302894506107
0,309.4,2216.956600198502,1629.283203125,77581,276.40017530065353,86.90517008030317,0.06415429575854026
0,315.1,2237.1373120992325,1658.400390625,76104,271.9592137075581,86.74061810154525,0.08317197181332413
1,0.1,1792.0979515911154,1467.6346435546875,225785,839.7380649733153,193.20618287308722,0.01838844405379571
1,5.1,1806.777184703735,1356.3507080078125,224630,835.9202955972042,192.1857855139563,-0.058831233518868487
1,10.0,1791.4371711275055,1469.140380859375,224061,843.5164040149781,189.2913983245634,0.019433271850419823
1,15.1,1806.9779647933563,1470.56396484375,225412,837.2235329086295,193.34739055595975,0.020421093639169753
1,20.1,1795.4748768691486,1441.982421875,225370,844.1802103208058,190.80074987797843,0.0005884239754835156
1,25.1,1790.798935731196,1477.177734375,230205,842.7213005799179,193.89730892031017,0.025010373738164032
1,30.1,1767.8435162392495,1469.784423828125,230337,844.8557418043996,193.13564038777963,0.01988017184677076
1,35.0,1792.2955864213616,1492.3345947265625,230244,842.1457584128142,195.45563402303642,0.03552768572582783
1,40.1,1778.0139945265462,1483.70849609375,228375,845.6565779967159,191.9695588396278,0.029542054899038783
1,45.1,1771.1288028635363,1507.023681640625,231043,846.5842115969755,192.4064091965565,0.04572041075632393
1,50.1,1778.6871904306804,1511.1553955078125,229149,845.5554290003447,190.53761089945843,0.04858739790122351
1,55.1,1780.118570915808,1478.664794921875,228454,843.0530566328451,191.65175483904855,0.026042241773711252
1,60.1,1779.6182188644489,1451.4827880859375,230179,845.2816243010874,192.36205301091758,0.007180707147584434
1,65.0,1798.2883993487915,1436.982177734375,225427,844.4376982349053,188.58355476495717,-0.002881234411652026
1,70.0,1806.244924467536,1499.8056640625,224804,842.9005622675753,190.75401238412127,0.040711844269547784
1,75.1,1777.571834331976,1502.9918212890625,228143,846.9381133762596,191.4854016998111,0.04292271174580931
1,80.1,1796.5259648892104,1441.3687744140625,228135,840.1378613540228,192.80039450325467,0.0001626153550028172
1,85.1,1810.8589541117067,1378.9503173828125,224785,842.1888604666682,189.78209844962964,-0.04314941438990199
1,90.1,1788.8080663992205,1364.12353515625,227834,844.8064994689116,190.72523855087476,-0.0534376858942199
1,95.0,1812.4446347920884,1315.38134765625,224735,843.9125503370636,190.04691748058823,-0.08725978235800763
1,100.0,1829.348719266452,1386.3267822265625,221826,841.7782315869194,189.2265829974845,-0.038030901694774154
1,105.1,1813.0202137505116,1371.966064453125,224748,841.78447861605,190.0999030024739,-0.047995772102415055
1,110.1,1835.60393973672,1376.8177490234375,221893,838.5306837079132,189.75737855633122,-0.044629198873649314
1,115.1,1823.3114534284048,1376.8447265625,222990,841.4006816449169,187.68741199156912,-0.04461047921876047
1,120.1,1823.4866674761975,1376.0689697265625,222351,840.9495482367968,188.91753578801084,-0.04514877517721578
1,125.1,1814.4817251299964,1383.1029052734375,225583,843.683451323903,187.79341085099497,-0.040267942806151764
1,130.0,1838.6693364984733,1379.341796875,220738,840.8713044423706,189.36123367974702,-0.0428777676332118
1,135.1,1829.4155306445607,1329.4686279296875,222927,838.85510054861,188.63951428045954,-0.07748464962887812
1,140.1,1836.6138752438055,1384.13720703125,221488,837.1677336921188,189.20324803149606,-0.03955024309631827
1,145.1,1822.9306931131428,1380.6715087890625,225865,840.1324198082925,190.61022292077126,-0.041955083467129395
1,150.0,1843.5121733913572,1396.540771484375,223356,838.132931284586,189.76584466054192,-0.03094343706348681
1,155.1,1845.0704763798385,1399.6348876953125,221294,834.7244389816262,190.64351496199626,-0.028796436645081348
1,160.1,1847.0820672957257,1357.5860595703125,220965,830.7584368565157,192.39154617247075,-0.057974025792736666
1,165.0,1860.751704930099,1354.705078125,220097,829.0636037746993,191.30463386597728,-0.05997313246708816
1,170.1,1867.6509557917789,1349.1600341796875,219190,827.8566175464209,190.1622108672841,-0.0638208262377935
1,175.1,1850.5792777936774,1395.957763671875,220131,832.2353144264097,191.16086330412347,-0.03134798489945574
1,180.1,1881.4192799712653,1413.353271484375,217158,828.4071137144383,191.5941710643863,-0.01927728037330069
1,185.4,1873.2237819152826,1423.739013671875,218704,826.5495189845636,191.5226150413344,-0.012070636762698378
1,191.1,1874.1344913701178,1370.896484375,216631,826.5004500740891,191.21735578010535,-0.04873795136094934
1,196.7,1869.1166235214646,1365.3934326171875,220573,830.8023103462345,190.5631423610324,-0.05255650684531186
1,202.4,1857.9075779725993,1396.2232666015625,220943,832.0592188935608,191.42581570812382,-0.031163753001794012
1,208.0,1880.337508590987,1356.1724853515625,219707,826.3310363347549,192.7913448365323,-0.05895490182718395
1,213.6,1872.1404268652316,1363.4888916015625,217024,823.5941785240342,191.95803229135947,-0.053878063657872004
1,219.2,1891.6415949501807,1362.7327880859375,217988,820.7844560251023,192.73382938510377,-0.05440272222068431
1,224.9,1890.3896239570342,1359.9595947265625,217289,819.4703321383042,191.94001997339947,-0.056327034979801176
1,230.5,1888.613362242327,1441.843994140625,216311,821.2309868661325,192.44915422701573,0.0004923692757371238
1,236.2,1906.0656807083947,1524.8721923828125,214005,820.4194668348871,191.0703721875657,0.05810545301683424
1,241.8,1885.4113368663677,1443.647216796875,220396,821.0966578340805,194.17630084030563,0.0017436215020631386
1,247.5,1904.024248740984,1403.28515625,216836,815.8308814034569,191.97869818664796,-0.026263523341275036
1,253.1,1903.8994683045332,1378.5926513671875,218170,811.3253609570519,193.55668515377917,-0.043397598049740554
1,258.7,1909.3813175065434,1398.2322998046875,217016,812.443902753714,192.04266505695432,-0.029769689290659866
1,264.4,1913.4720674029757,1469.4036865234375,214946,810.8548100453137,191.25351948861575,0.0196159790703078
1,270.0,1917.1384362413628,1474.7567138671875,216504,808.937964194657,192.7380048405572,0.023330432944451345
1,275.6,1920.9559066410677,1387.690185546875,216155,810.8501538248016,193.78050935671163,-0.03708483913616088
1,281.3,1924.565385388098,1412.42333984375,214031,807.2402876218865,192.1574725156636,-0.01992255788888095
1,286.9,1935.0062641993231,1417.5833740234375,212158,807.7413625694059,190.35925112416217,-0.016342021545865313
1,292.6,1932.1191157395917,1326.7017822265625,213557,808.0360278520488,190.71741034009656,-0.07940455776331527
1,298.2,1933.5033773353666,1486.3944091796875,213778,810.4287765813133,191.17016250502857,0.031405804068809384
1,303.8,1941.5070047137604,1410.5203857421875,212357,809.8050829499381,191.85388284822258,-0.021243013545271163
1,309.4,1937.1143507930049,1395.5228271484375,213807,807.5851305149037,191.83668916359147,-0.03164978639433792
1,315.1,1945.3358866800413,1424.4832763671875,213837,804.9220855137324,190.22374051263344,-0.011554194519000183
2,0.1,686.0780835543767,97.06183624267578,6032,1163.7194960212203,39.00563660477454,-0.06684870984558242
2,5.1,714.7659304851556,133.77090454101562,5524,1166.111151339609,38.01086169442433,0.28607181761401757
2,10.0,710.3808336302102,101.7107925415039,5614,1167.3760242251515,39.94317776986106,-0.022153701631678707
2,15.1,709.8505307116757,117.73453521728516,5747,1164.4031668696712,37.96502523055507,0.1318983617727573
2,20.1,700.6566164154104,69.79749298095703,6567,1165.657986904218,44.770214709913205,-0.328967767909514
2,25.1,710.2437235083144,86.08809661865234,6134,1166.2109553309424,42.145418976198236,-0.17235010652608093
2,30.1,717.7511021307862,81.41275024414062,5444,1168.1805657604702,39.35249816311536,-0.21729882860039262
2,35.0,700.7248914616498,81.43219757080078,6910,1166.0862518089725,47.53603473227207,-0.21711186224301188
2,40.1,713.158320687911,98.2819595336914,5931,1168.9689765638173,43.97875569044006,-0.0551184596542298
2,45.1,726.0854271356784,54.508792877197266,5373,1170.4196910478317,41.10534152242695,-0.47595314114042647
2,50.1,723.1452677916361,37.95005798339844,5452,1169.8637197358767,41.65902421129861,-0.6351486130954435
2,55.1,708.744398340249,71.5282974243164,6025,1167.143070539419,42.341410788381744,-0.31232783545153237
2,60.1,716.3825665859564,44.43620681762695,5782,1167.9112763749567,41.15496368038741,-0.5727908586257959
2,65.0,731.7382445141066,92.22273254394531,5104,1169.4762931034484,38.79584639498432,-0.11337179280448426
2,70.0,701.0967787711082,61.55261993408203,7047,1166.6510571874558,50.08954164892862,-0.4082338751528885
2,75.1,713.0382240026706,39.488338470458984,5991,1168.9736271073277,44.230846269404104,-0.6203596035661886
2,80.1,696.9005102040817,70.90505981445312,7448,1165.108082706767,50.18018259935553,-0.3183196341051516
2,85.1,708.9637759017652,91.33354949951172,6515,1166.1223330775135,44.3703760552571,-0.12192038756856954
2,90.1,719.3080294530155,78.98092651367188,5704,1167.367812061711,40.35448807854137,-0.24067835179261207
2,95.0,726.5564271706187,101.40222930908203,5609,1166.4660367266893,38.37368514886789,-0.025120224722265893
2,105.1,725.2723004694835,105.07217407226562,5538,1166.4109786926688,38.522210184182015,0.010162578726846044
2,110.1,719.0661295736825,105.2701644897461,5958,1164.642329640819,39.775092312856664,0.012066056145593647
2,115.1,713.642823231524,89.82473754882812,6319,1163.7290710555467,40.358126285804715,-0.13642608695448077
2,120.1,701.9296281487404,80.31693267822266,7503,1165.1578035452485,51.419965347194456,-0.22783400509193966
2,125.1,735.0733597692862,93.52693176269531,5548,1167.7806416726748,39.63031723143475,-0.10083323768636202
2,130.0,713.1423552772262,97.85623168945312,6547,1161.2993737589736,39.35848480219948,-0.05921140187008025
2,135.1,729.6282489740082,111.02796936035156,5848,1164.3546511627908,38.37380300957592,0.06742152077980325
2,140.1,722.4780201888635,111.3442153930664,6142,1162.7782481276456,38.7902963204168,0.07046190621714697
2,145.1,726.259021255561,107.5630874633789,6069,1163.8790575053551,39.226725984511454,0.0341101891838414
2,150.0,716.6044004725339,91.76959991455078,6772,1161.2796810395748,41.42867690490254,-0.11772820428503131
2,155.1,725.3898746540779,119.30055236816406,6143,1161.0740680449292,37.41722285528243,0.14695403124405135
2,160.1,726.162534887539,137.32876586914062,6091,1160.6883927105566,35.86356920045969,0.3202770523082137
2,165.0,723.2669417552769,132.74087524414062,6301,1158.6564037454373,35.179336613235996,0.2761691287253321
2,170.1,731.3308610125766,138.97994995117188,6202,1160.2699129313125,37.10158013544018,0.3361515155996102
2,175.1,722.9894301470588,131.64781188964844,6528,1159.6692708333333,38.290747549019606,0.2656604311882827
2,180.1,728.8326160467261,140.2584991455078,6506,1159.4403627420843,37.452197971103594,0.3484434717010537
2,185.4,740.9403907163132,150.4107666015625,5989,1162.2299215227918,37.77742527967941,0.44604724514424376
2,191.1,741.5088123867567,153.26385498046875,6071,1161.474715862296,37.15779937407346,0.4734768014432247
2,196.7,707.5817893710386,107.3805923461914,8204,1151.942832764505,40.42808386153096,0.032355683389982105
2,202.4,728.2494324631101,127.0091323852539,7048,1156.1797673098752,37.763762769580026,0.2210642239486402
2,208.0,760.0708634330925,162.818603515625,5814,1161.90952872377,35.71517027863777,0.5653360353896141
2,213.6,736.8362364150662,151.262451171875,6717,1158.8715200238203,37.92824177460176,0.4542353300430774
2,219.2,764.6277607883112,169.2027130126953,5886,1162.0716955487599,36.07832144070676,0.626712784937022
2,224.9,772.4022906227631,177.77252197265625,5588,1163.8700787401574,35.8503937007874,0.7091028220198808
2,230.5,774.3394147398844,179.834228515625,5536,1163.9918713872833,35.95863439306358,0.7289240431606078
2,236.2,752.7354751538808,158.6767578125,6661,1158.4813091127457,37.416003603062606,0.5255163821550682
2,241.8,762.6452024226968,164.71939086914062,6274,1159.8165444692381,36.52550207204335,0.5836101814381971
2,247.5,742.9293887803517,148.56507873535156,7166,1155.9217136477812,37.66871336868546,0.4283028248834221
2,253.1,766.1684039087947,166.08010864257812,6140,1159.6638436482085,35.176872964169384,0.5966921052403038
2,258.7,762.4687548217868,165.63290405273438,6481,1158.670266934115,36.258756364758526,0.5923926858584955
2,264.4,753.8693680514921,161.61798095703125,6836,1158.3995026331188,38.56392627267408,0.5537932649979731
2,270.0,767.2172354682874,173.29132080078125,6417,1158.5762817515972,35.774505220508026,0.6660206095164862
2,275.6,778.8213346482577,180.35182189941406,6084,1160.8136094674555,36.05177514792899,0.7339001795346463
2,281.3,771.7256950024104,177.89256286621094,6223,1160.9911618190583,37.16728266109593,0.7102568936821125
2,286.9,759.6416617733412,169.15635681152344,6812,1157.956106870229,37.89782736347622,0.6262671169937323
2,292.6,768.4707697053833,174.5805206298828,6483,1158.4633657257443,36.71432978559309,0.6784149606885079
2,298.2,757.3334736251403,164.8614044189453,7128,1156.79012345679,38.85774410774411,0.5849754979451743
2,303.8,770.6742493175615,176.6256103515625,6594,1158.6237488626023,37.40885653624507,0.6980764279153959
2,309.4,770.723540826989,178.13812255859375,6699,1158.7475742648157,38.427675772503356,0.7126177015199535
2,315.1,781.0996563573883,185.46434020996094,6402,1159.8313027179006,37.80334270540456,0.7830518671814468
3,0.1,1399.0664231601731,955.3959350585938,22176,1158.5808982683982,271.7676767676768,-0.018061815531704294
3,5.1,1422.1838796488287,970.7271118164062,22667,1157.3277010632196,271.0639255305069,-0.00230471701484105
3,10.0,1430.8128719418119,986.6397094726562,22685,1158.5820145470575,275.0280361472339,0.014049955094784685
3,15.1,1457.6122181682103,984.6533813476562,21378,1158.8189259986902,271.981008513425,0.0120084439670435
3,20.1,1457.8406419108042,967.4315185546875,21436,1159.2602631087889,270.1754525097966,-0.005691866515283076
3,25.1,1482.9523240244835,1001.7864379882812,20912,1160.4623182861515,271.8773431522571,0.029617481136597724
3,30.1,1463.4560011403591,945.8950805664062,21046,1159.520383920935,270.9106718616364,-0.027826617189965364
3,35.0,1469.148561117794,965.8102416992188,21614,1159.066438419543,270.0011566577218,-0.007358184733270696
3,40.1,1472.2378242519087,985.4176635742188,21087,1159.7051263811827,269.8332621994594,0.012793959034078133
3,45.1,1487.9313739146585,1033.1143798828125,21537,1160.1754190462925,278.1339555184102,0.061815757535123174
3,50.1,1490.7794264993558,1018.0704345703125,20959,1160.2930483324585,271.9318669783864,0.046353870159089275
3,55.1,1482.4661901358113,989.2329711914062,20985,1159.6288777698355,269.4646652370741,0.016715261289335676
3,60.1,1514.251335081076,1022.1620483398438,20598,1160.1530245654917,273.7200213612972,0.05055915474212719
3,65.0,1490.0173085636611,1012.6724243164062,22070,1159.467874943362,271.2770729497055,0.04080589555091086
3,70.0,1497.0838191723215,976.4012451171875,20926,1158.7346841250119,266.0207875370353,0.003527051728720261
3,75.1,1514.365765155547,1021.2155151367188,20669,1159.7775896269775,272.66848904155984,0.04958632550881197
3,80.1,1515.1753402338509,1010.032958984375,20868,1159.5892275253977,269.9950642131493,0.038093102141398584
3,85.1,1516.936436195788,735.0090942382812,20798,1159.67035291855,265.93432060775075,-0.24457131427949716
3,90.1,1544.5082824760243,784.334716796875,19499,1161.4748961485204,270.9856915739269,-0.19387535621056998
3,95.0,1529.786683046683,771.1468505859375,20350,1160.3015724815725,268.2451597051597,-0.20742959998426214
3,100.0,1512.6979978531758,763.2025756835938,21427,1158.1271759929061,268.737060717786,-0.21559457807164123
3,105.1,1522.7022395984168,772.0162353515625,20718,1159.7822183608457,267.2077420600444,-0.20653606248108042
3,110.1,1509.4756253423407,753.4899291992188,21908,1158.5515336863245,269.15724849370093,-0.2255770556029745
3,115.1,1541.2699347677928,787.89697265625,20542,1160.4416804595462,270.46645896212635,-0.19021413584861427
3,120.1,1534.4508335688047,757.8184814453125,21234,1159.610106433079,271.44602995196385,-0.221128250057612
3,125.1,1551.3839446497961,789.9677124023438,21102,1160.2396455312294,274.8329542223486,-0.18808586802563998
3,130.0,1524.0311615983028,769.1497802734375,22624,1158.2864657001414,271.88366336633663,-0.20948215173265483
3,135.1,1565.092497532083,807.5845336914062,20260,1160.4365251727543,268.69407699901285,-0.16997962654197327
3,140.1,1536.3843460634819,790.8888549804688,21707,1158.5606947067765,267.4378771824757,-0.18713913480477376
3,145.1,1569.6111632710545,811.966552734375,21302,1160.1164679372828,275.40536099896724,-0.16547586881654988
3,150.0,1572.843764466253,814.0357666015625,21602,1159.5836033700584,273.31335061568376,-0.1633491692635545
3,155.1,1538.8026772213823,802.4376220703125,22486,1157.4847460642177,270.5061371520057,-0.17526952664242285
3,160.1,1538.4888606819277,809.0928344726562,22847,1158.1712259815292,272.9866503260822,-0.16842942303322386
3,165.0,1570.499839750927,831.6743774414062,21841,1158.9457900279292,274.0606199349847,-0.14522053288458903
3,170.1,1570.9791796979716,827.6970825195312,22382,1158.321865785006,275.6072290233223,-0.14930832268080726
3,175.1,1549.864716557207,819.9017333984375,23144,1157.2982630487384,275.2343155893536,-0.1573202376182451
3,180.1,1561.2814360846698,833.1242065429688,23007,1157.7294301734255,274.45438344851567,-0.14373042548143133
3,185.4,1554.184082156611,835.1278686523438,23370,1157.4891313649978,273.9116816431322,-0.14167109880672976
3,191.1,1561.4674760760508,838.9761962890625,23721,1157.2252434551663,276.4538172926942,-0.13771585918912868
3,196.7,1577.1909102804555,837.2882690429688,22927,1157.2142015963711,270.83486718715926,-0.13945067943979494
3,202.4,1578.32843436546,841.6842651367188,22930,1157.5231574356737,272.18874836458787,-0.13493255636136478
3,208.0,1586.7310509282916,843.3905029296875,23484,1157.3653125532278,274.2866206779084,-0.13317891687095165
3,213.6,1559.3430893605982,831.938720703125,23131,1156.4170161255458,267.0976179153517,-0.14494884579344328
3,219.2,1581.7595252966896,851.173583984375,24015,1156.1775556943578,274.10585051009787,-0.12517961082414422
3,224.9,1572.512684729064,842.76220703125,24360,1155.344499178982,273.0142036124795,-0.13382466771746615
3,230.5,1573.9557792631235,845.18310546875,24536,1154.7525268992501,272.73161884577763,-0.13133651329973242
3,236.2,1559.4441015992475,1077.758544921875,26575,1152.397516462841,274.351495766698,0.1077002005779664
3,241.8,1625.6424125168237,1133.6871337890625,23776,1156.2852876850607,275.5223755047106,0.1651825646920148
3,247.5,1579.4692478553923,839.8380126953125,26112,1152.4735370710785,273.0064338235294,-0.13683010030504236
3,253.1,1591.1057181105373,849.9414672851562,26145,1152.3441193344809,274.1210174029451,-0.12644595746671156
3,258.7,1615.0685612236975,866.0010375976562,25758,1153.0195667365479,275.4414939048063,-0.10994022959271757
3,264.4,1567.455751898375,846.8280639648438,28182,1149.216201830956,276.70615996025833,-0.12964585553167216
3,270.0,1583.8125609447795,840.9674072265625,27689,1149.6558922315721,271.97211889197877,-0.135669329597455
3,275.6,1613.4664637541293,863.4950561523438,26941,1151.2155079618426,274.8101406777774,-0.11251583074447512
3,281.3,1581.5886544838777,861.1552734375,28346,1148.745360897481,273.3252310731673,-0.11492061593013017
3,286.9,1600.7947010279427,874.200927734375,27628,1149.522983929347,272.22296221224843,-0.10151253491847208
3,292.6,1622.4482582899575,888.495849609375,27473,1150.5736177337749,274.920612965457,-0.08682047990968375
3,298.2,1638.1101029102579,889.7398071289062,27111,1151.016008262329,273.8402862306813,-0.0855419634920801
3,303.8,1654.3820781267589,910.169677734375,26649,1151.3378738414199,273.81357649442754,-0.06454452220610073
3,309.4,1666.5972132823445,926.15869140625,26411,1151.6176593086213,274.37609329446065,-0.04811131113593136
3,315.1,1662.6206533575319,916.194580078125,27550,1149.8185843920146,275.21615245009076,-0.05835223955978842
4,0.1,708.0439250033176,238.24932861328125,52749,450.16536806384954,284.4122732184496,0.006867789316464913
4,10.0,714.0968350143696,243.62338256835938,54629,443.7099891998755,283.53030441706784,0.029579130653337338
4,15.1,722.5308045510704,244.66749572753906,54229,445.7007320806211,282.45353961902305,0.03399166736224825
4,20.1,721.1993615678705,213.6338348388672,53882,442.5652537025352,281.985672395234,-0.09715998672737437
4,25.1,720.9607943845232,242.94717407226562,52569,446.8024501131846,283.81133367574046,0.02672139939532375
4,30.1,721.0380023694523,251.21438598632812,54865,444.9680123940581,282.8305112548984,0.06165954353269542
4,35.0,730.3090659088825,252.1347198486328,54545,445.2244385369878,282.7572096434137,0.06554897535928378
4,40.1,729.4104579570255,258.2529602050781,56359,442.66981316205045,282.0571337319683,0.09140533003636248
4,45.1,731.4276680558072,256.51068115234375,55190,444.45656821888025,281.00291719514405,0.08404226769990368
4,50.1,736.7991913270711,265.8690185546875,56636,444.8552334204393,282.30579490076985,0.12359162780437608
4,55.1,735.6824325530737,259.03790283203125,56007,443.1194850643669,279.66625600371384,0.0947225836552526
4,60.1,738.2828491507761,219.79794311523438,54697,442.515147083021,278.00658171380513,-0.07110978919079598
4,65.0,739.1631764877267,214.62213134765625,54916,439.936757957608,278.12912448102554,-0.0929833373039092
4,70.0,742.6642909548266,257.6597900390625,57246,441.10847919505295,280.2381301750341,0.08889852786730343
4,75.1,739.6485658590922,258.6359558105469,57456,441.7091687552214,279.52373990531885,0.0930239114646534
4,80.1,739.6384250595054,226.6549835205078,55037,441.55691625633665,278.27001835129096,-0.042131184490012484
4,85.1,745.6034413556009,269.790771484375,57303,440.37434340261416,279.0623527564002,0.1401653857475483
4,90.1,736.3920292016917,259.9224853515625,56983,440.40185669410175,279.65007107382905,0.09846092638676185
4,95.0,742.160603819864,223.98648071289062,55447,440.86868541129365,276.64667159629914,-0.05340856998498474
4,100.0,745.5522126426501,259.6490478515625,55906,441.8815869495224,277.70146317032163,0.09730534952640434
4,105.1,740.0896364396156,264.1124572753906,57432,439.66314946371364,279.0539942888982,0.11616820721226469
4,110.1,740.8602442825559,248.7989959716797,55182,442.28415062882823,277.9944728353449,0.05145184045734428
4,115.1,742.8244534922327,255.7861785888672,57227,440.8470302479599,278.2293148339071,0.08098044041716734
4,120.1,739.3253344029578,250.6320037841797,57341,440.3369142498387,279.0934235538271,0.059198332481955176
4,125.1,737.3377867231148,258.2388610839844,57634,439.6066904951938,279.9494395669223,0.09134574560450029
4,130.0,743.2532108211504,255.46815490722656,58552,438.4829382429294,278.4086282279,0.07963643746384305
4,135.1,731.1153070609877,225.0653076171875,56536,436.7996674685156,278.28358921748975,-0.04884932918247376
4,140.1,732.5929738036525,240.23583984375,55962,438.9017368928916,277.48574032379116,0.01526300361870955
4,145.1,733.5376993716771,253.95606994628906,57932,437.5180038666022,278.9975315887592,0.0732462006025714
4,150.0,728.8325807079991,247.808349609375,56469,435.5623970674175,278.2118861676318,0.047265260295235416
4,155.1,730.5206016200165,245.87071228027344,56913,439.03979758578885,278.75755978423206,0.039076592459716515
4,160.1,711.455834803057,212.82608032226562,54432,435.18342151675483,279.2118974132863,-0.10057364589348741
4,165.0,711.3484522461306,203.52633666992188,52980,435.0818799546999,278.0881087202718,-0.13987538238502606
4,170.1,713.0829225352113,199.0189971923828,51120,434.3096244131455,275.8262715179969,-0.15892389329527085
4,175.1,718.6947455447364,237.07518005371094,54430,439.05546573580745,277.68607385632924,0.0019057087457255023
4,180.1,725.1857461421818,246.65733337402344,56055,436.9027562215681,277.4933012220141,0.04240093946335215
4,185.4,716.7456939131059,247.07809448242188,55677,435.1752429189791,277.47112811394294,0.044179122048416786
4,191.1,708.904228517572,217.1510772705078,55173,431.0614612219745,277.10015768582457,-0.08229573450786717
4,196.7,717.6967686827567,219.87632751464844,55024,431.8706200930503,276.3724920034894,-0.07077852812318121
4,202.4,715.862521705234,246.4097900390625,56438,431.9152344165279,277.73831461072325,0.04135479418402291
4,208.0,707.3282584404183,200.29208374023438,50116,433.36553196583924,276.2171961050363,-0.15354368993644227
4,213.6,703.0824878937968,219.2176971435547,54311,429.4943565760159,278.1301393824455,-0.07356197229731468
4,219.2,703.3082735411772,193.1295928955078,47247,428.86983300527015,273.81526869430866,-0.18381316169027467
4,224.9,700.0405635579855,189.43167114257812,47555,430.3311954578909,274.5464619913784,-0.1994409845349768
4,230.5,710.6013133548598,137.3535919189453,55126,431.31181293763376,278.9107861988898,-0.4195286582545486
4,236.2,717.8083097261567,252.57395935058594,56127,430.3384645536016,278.57067008748015,0.06740524966186477
4,241.8,701.6660807047344,203.34716796875,50629,430.59793794070595,278.5784234332102,-0.14063256896395004
4,247.5,704.760745593799,230.0712432861328,54185,425.61627756759253,280.3239641967334,-0.02769369609092081
4,253.1,701.0350060535214,191.48597717285156,47906,432.42827620757316,278.3930822861437,-0.1907592619743299
4,258.7,705.0483759759984,216.4225311279297,53663,423.8459646311239,279.75584667275405,-0.08537465039930857
4,264.4,709.8216000873172,249.22946166992188,54972,426.6506585170632,279.45914283635307,0.05327103570330108
4,270.0,707.8177127327482,247.47532653808594,54458,424.7665356788718,280.7671967387712,0.04585786827641272
4,275.6,709.3138223668914,198.99237060546875,51612,424.8416259784546,277.7050685887003,-0.1590364201714608
4,281.3,709.708357845197,191.04180908203125,47596,430.6854987814102,274.6603916295487,-0.19263636503393633
4,286.9,712.370107936015,201.5669708251953,51512,425.775217425066,277.3602073303308,-0.14815587731034122
4,298.2,724.8845732242035,263.2726135253906,54736,424.5687481730488,277.2617655656241,0.1126189354268809
4,303.8,725.0972060857538,217.7160186767578,54225,421.36099585062243,276.7094329183956,-0.07990823017316424
4,309.4,719.3864251930307,202.25128173828125,49474,425.8016129684279,275.8809475684198,-0.14526390434960165
4,315.1,720.3291786386604,212.99456787109375,50465,425.68399881105717,277.602853462796,-0.09986159903567113
5,0.1,809.2365412627838,386.4167175292969,131123,148.9826269990772,386.43777979454404,0.046096077533479246
5,5.1,813.3135605187855,309.1769104003906,134545,150.55306403062173,387.9125497045598,-0.16300527756217673
5,10.0,812.8626788568909,386.5577087402344,126987,146.67814028207613,384.15441738130676,0.046477764831253134
5,15.1,814.4647568520621,379.83306884765625,125911,148.88016932595247,381.1713670767447,0.02827301566970116
5,20.1,817.5067446950528,384.9621887207031,128842,146.1315099113643,386.13342698809396,0.04215841952774349
5,25.1,820.3337039524989,247.73468017578125,129513,147.50138596125487,383.3054210774208,-0.32933989280303977
5,30.1,813.7940205029134,388.6048583984375,128372,145.29717539650392,383.96536627925093,0.05201974873211252
5,35.0,821.1426617795553,391.2264099121094,125773,147.31817639715996,379.1995420320737,0.05911673659805852
5,40.1,815.8692535440166,387.0466613769531,124294,146.89499895409273,379.37836902827166,0.04780144316132527
5,45.1,818.9817621513411,391.1213684082031,126879,145.9121525232702,379.50799580702875,0.058832371299587155
5,50.1,818.1462879603354,387.1307067871094,122628,148.33188178882475,374.5114329516913,0.048028968446621655
5,55.1,819.0196981960684,385.0375671386719,124783,146.02850548552286,378.5897998926136,0.042362481784345554
5,60.1,819.4641344058584,384.1905212402344,123447,147.67142174374428,375.3389146759338,0.04006938381096631
5,65.0,821.1564219665306,385.75177001953125,123934,145.85543918537286,379.86494424451723,0.0442959510115755
5,70.0,819.8279942953887,381.5211181640625,119903,148.24387212997172,373.82801931561346,0.0328428535894122
5,75.1,815.6405879602668,384.29852294921875,121913,145.8666672135047,375.5044252868849,0.040361762890364965
5,80.1,816.3528518584328,386.4566650390625,123814,146.86911819341915,379.2961539082818,0.04620422226784852
5,85.1,822.7923351158645,390.9473876953125,123420,145.6458434613515,378.00924485496677,0.05836137578343803
5,90.1,815.781170983184,384.53497314453125,122205,146.73213861953275,376.5239638312671,0.041001873968969316
5,95.0,817.750470337904,386.3301086425781,121721,148.51201518226108,374.66157852794504,0.045861612479132424
5,100.0,820.0726615063035,389.8496398925781,122472,148.4402557319224,376.2500326605265,0.05538958492018595
5,105.1,815.6931037625633,360.31732177734375,120689,147.79184515573084,374.606260719701,-0.02455944611125574
5,110.1,818.7463890284826,387.1353759765625,123374,148.70084458637962,376.8875208714964,0.048041608740249236
5,115.1,817.8080389887696,387.4126892089844,122702,146.85492494009878,376.7827174781177,0.048792343042169437
5,120.1,818.4013034927756,330.3607177734375,123054,145.71102117769433,377.82864433500737,-0.10565709153684254
5,125.1,818.3408307770751,390.1523132324219,121597,146.2549322762897,377.8242966520556,0.05620897336592652
5,130.0,818.0645520496605,387.9630126953125,120337,146.70708925766806,376.3043452969577,0.05028216274796091
5,135.1,819.3249888749544,328.4451904296875,123595,144.48086087624904,381.85698450584573,-0.1108427513434814
5,140.1,816.4707073053376,387.5459899902344,120542,146.9945330258333,374.9850923329628,0.04915321103279203
5,145.1,815.5682194057761,386.2575378417969,120325,146.73472678163307,377.1005194265531,0.04566515092196656
5,150.0,821.4830803237655,397.7073669433594,123052,143.8593277638722,381.7356808503722,0.07666179461832813
5,155.1,814.7833011784554,384.7193603515625,119733,147.9177670316454,372.88376638019594,0.04150104164281127
5,160.1,811.9139264830122,387.05084228515625,120734,146.15613663094075,376.67152583365083,0.04781276159418134
5,165.0,816.6881556940855,383.42303466796875,118386,147.54705792914703,371.89375432905916,0.037991666527045186
5,170.1,821.7690617931192,391.44281005859375,122457,145.14213152371852,378.112063826486,0.05970256876873269
5,175.1,816.9513652516207,381.88482666015625,120161,147.56450096121037,373.85193199124507,0.033827474631591685
5,180.1,822.8821351434742,393.21783447265625,119917,145.54967185636733,375.2013225814522,0.06450786313836918
5,185.4,819.947296966835,391.1356506347656,118589,146.03658012125914,372.3095143731712,0.05887103572715386
5,191.1,818.8188943684647,388.7259826660156,118014,143.25485959292965,375.9695120917857,0.052347652819745544
5,196.7,824.2723178830329,398.27667236328125,118358,144.02930938339614,373.74878757667415,0.0782030016616121
5,202.4,822.6201825049303,394.61077880859375,119668,141.86908780960658,378.48491660260055,0.06827880145429807
5,208.0,825.8125443844942,265.6867980957031,122509,144.38766947734453,378.20072810977155,-0.2807404422939532
5,213.6,817.9532358976084,256.42303466796875,118916,142.05389518651822,377.42941235830335,-0.3058190326999604
5,219.2,826.8021538105243,314.52197265625,120902,143.9942680848952,375.9390663512597,-0.14853528077793351
5,224.9,832.0983675677396,297.9736633300781,125702,141.21238325563635,383.60015751539356,-0.1933343815689251
5,230.5,808.6475134958285,202.37896728515625,73356,136.66103658869076,450.22717978079504,-0.452125557077568
5,236.2,835.7997851450272,267.753173828125,120081,139.1444858054147,380.2131228087707,-0.2751464101252155
5,241.8,837.5484067038382,304.18768310546875,123392,139.7907400803942,382.7649604512448,-0.17651196830918106
5,247.5,843.1834237805868,283.7825622558594,123092,136.37028401520814,388.402983134566,-0.2317521168691476
5,253.1,831.6158682073958,352.4703063964844,122799,143.43132273064114,378.4540672155311,-0.0458026574887229
5,258.7,835.3286370286429,402.12939453125,118249,138.889994841394,380.2879347816895,0.08863297884662565
5,264.4,831.9899983033594,395.4287109375,117880,139.05556498133694,378.2383949779437,0.07049308347917595
5,270.0,833.7876253894348,402.9960632324219,116836,138.68234961826835,377.45962716970797,0.09097919909976
5,275.6,837.7699888822945,357.02777099609375,119629,138.2496551839437,379.8623661486763,-0.03346482212892743
5,281.3,828.8328551289493,394.9278564453125,120590,143.20883157807447,374.15560991790363,0.06913718479279822
5,286.9,834.269227258015,406.2802734375,120493,138.50131542911205,379.16406762218554,0.0998701172652433
5,292.6,827.9714499469061,356.4192199707031,124308,148.15031212794028,370.44550632300417,-0.03511227373172162
5,298.2,833.0422205315393,403.4364929199219,116981,138.5005770167805,375.4807105427377,0.09217151751566321
5,303.8,833.3862947292691,403.6911926269531,116758,137.56701039757448,376.3948080645438,0.09286103314060279
5,309.4,830.1995968927147,402.3501281738281,119075,140.76333403317238,373.58696619777453,0.08923054253164699
5,315.1,833.072755158484,405.5922546386719,119318,139.6561876665717,375.2777870899613,0.09800753282188564
6,0.1,1726.4432074408116,1352.3125,85152,735.0269048290116,661.8211551108606,0.03468375896937654
6,5.1,1718.2632486759617,1230.4390869140625,90443,729.9193967471225,652.724898554891,-0.05856424485384141
6,10.0,1721.8381804373562,1341.9986572265625,89538,728.9185262123344,653.5576961736916,0.02679241313752225
6,15.1,1731.6333121221762,1347.3714599609375,88004,734.5316690150448,661.2757601927185,0.030903261576329163
6,20.1,1735.7026643796455,1262.78564453125,87450,733.3944082332762,659.9916866781018,-0.0338151888293862
6,25.1,1748.7624283252037,1356.9627685546875,88769,731.7016638691435,658.0810530703286,0.03824178076417704
6,30.1,1729.0463247727453,1343.75,88117,733.8885913047426,658.1895320993679,0.028132403653075545
6,35.0,1747.9324950063556,1357.2503662109375,88112,730.171520337752,654.0184197385146,0.03846182799737168
6,40.1,1726.410418535454,1341.0067138671875,91414,730.1559607937515,655.4677401710898,0.02603345566004361
6,45.1,1723.9550020308916,1345.3226318359375,91093,729.714379809645,654.352925032659,0.029335658536456956
6,50.1,1732.9059980141194,1352.52587890625,91647,727.9430314140125,653.6757668008772,0.034847019819811274
6,55.1,1728.4943903287528,1341.281005859375,91984,725.3849582536093,652.4963798051836,0.026243322439750045
6,60.1,1726.138482477033,1241.6343994140625,94048,721.1212678632188,648.2700004253147,-0.04999846732805735
6,65.0,1738.0399093267072,1247.1260986328125,91758,725.2528607859805,650.9493123215415,-0.045796648598447565
6,70.0,1739.4827406303236,1351.70263671875,93920,720.1371699318569,647.0370954003407,0.0342171392847244
6,75.1,1722.9911802768806,1345.4332275390625,91953,728.8753493632616,653.9020804106445,0.029420277718661687
6,80.1,1733.5441529235381,1254.165283203125,93380,726.6446134075819,650.3387020775326,-0.040410815108562516
6,85.1,1743.6106082608173,1360.0791015625,91589,729.1504329122492,655.7218989179923,0.0406261550495022
6,90.1,1726.471551845476,1347.7366943359375,92361,731.0884680763526,653.0775218977707,0.031182710354647657
6,95.0,1745.460875839485,1271.1932373046875,90085,733.4933784758839,654.7413886884609,-0.027382356407365343
6,100.0,1751.0454104790024,1363.173828125,90772,729.7857929758076,653.7021438329,0.04299399777274101
6,105.1,1741.8526847785306,1361.6004638671875,90622,732.6005053960407,653.8940544238706,0.041790182497424465
6,110.1,1734.440861933065,1348.69970703125,93882,728.7518480645917,648.5459939072452,0.03191953235068864
6,115.1,1745.7159943459824,1353.4656982421875,91970,727.6949657497009,652.4207893878439,0.03556609607123978
6,120.1,1732.3585779194211,1355.4532470703125,92878,727.5134369818471,651.1430478692479,0.03708681298587272
6,125.1,1734.8002497271889,1350.4814453125,95304,724.1464996222614,647.3591664568119,0.03328277913154985
6,130.0,1752.292851916724,1357.5343017578125,90206,733.2595392767665,656.9055827771989,0.03867907327089067
6,135.1,1752.1324065533447,1271.666748046875,91068,731.3708437650986,653.2592568190803,-0.027020063021303362
6,140.1,1736.812233808195,1344.952880859375,95326,722.2924175985565,645.847544216688,0.02905275400787182
6,145.1,1752.538304369796,1352.418701171875,91034,731.9105608893381,654.027561131006,0.03476501579997049
6,150.0,1757.309408415196,1353.77392578125,92024,731.2840671998609,652.4370164304964,0.03580192767727394
6,155.1,1743.73574429934,1344.112060546875,92577,727.0728690711516,649.4100478520583,0.02840942406634181
6,160.1,1740.5965930404466,1258.2105712890625,90638,731.8671197510978,654.1997175577573,-0.03731567705217995
6,165.0,1756.3530739609614,1265.441162109375,90372,732.881611561103,653.4495086973841,-0.031783394469914086
6,170.1,1759.7600647873887,1261.1663818359375,90141,730.4771524611442,650.9059695366149,-0.035054121999304265
6,175.1,1754.0062707859759,1359.570556640625,89303,731.6319048632184,653.0945992855783,0.040237056249209806
6,180.1,1755.306393662612,1370.037353515625,92404,725.1212393402883,645.771719838968,0.04824543059685055
6,185.4,1750.5543206146408,1362.254150390625,92672,723.3379877417127,646.2431370856353,0.04229033229952859
6,191.1,1749.7729576478057,1277.8018798828125,91353,725.8870754107692,648.9627707902313,-0.022325939976681277
6,196.7,1759.603028144695,1285.64306640625,92664,724.7755978589312,646.8133687300354,-0.01632647731782814
6,202.4,1755.7515918655122,1372.9149169921875,90774,725.1782228391389,649.4113843170952,0.05044711711132311
6,208.0,1765.6102235364212,1295.984130859375,90634,726.5148288721672,650.7951320696427,-0.008414303585718163
6,213.6,1738.2729466479466,1277.3603515625,91168,729.1968782906283,652.551608020358,-0.02266376291490922
6,219.2,1753.9764592714741,1277.3671875,94602,724.0131392570981,646.6454620409717,-0.02265853259018133
6,224.9,1751.510840681569,1268.21484375,92199,726.4675538780247,648.337585006345,-0.029661190211574227
6,230.5,1748.1438335586602,1366.14501953125,93198,725.6658511985236,649.1315478872937,0.04526732105625444
6,236.2,1767.4695095713575,1380.2362060546875,90635,725.658895570144,649.5997683014288,0.05604879489488932
6,241.8,1759.9687101236368,1283.8814697265625,93257,723.3799285844494,648.3258414917915,-0.017674313320473267
6,247.5,1758.064484715048,1297.476318359375,94472,720.1116415445846,643.7206579727326,-0.007272598416545271
6,253.1,1759.8353630649124,1277.13623046875,94019,719.1749752709559,645.7697380316745,-0.022835242847059203
6,258.7,1774.76219180467,1298.4755859375,91906,724.9413204796205,650.8903227210411,-0.006508037019715323
6,264.4,1740.3264855038783,1347.595947265625,96819,717.3644326010391,641.5602206178539,0.031075021704446714
6,270.0,1758.5963446638993,1371.6011962890625,95641,713.5561317844857,640.6060580713292,0.04944196077701039
6,275.6,1763.9610880922357,1276.525146484375,94367,717.7205273029766,643.6127247872668,-0.023302796518269896
6,281.3,1768.7434541550492,1289.461181640625,93609,718.1681462252561,644.8057772222757,-0.01340515415999194
6,286.9,1758.9645617122321,1279.471923828125,94333,716.9821165445815,644.2028134375033,-0.021048152965927484
6,292.6,1765.8572991174358,1268.525390625,93251,721.892119119366,648.783820012654,-0.02942358403107882
6,298.2,1769.101403793296,1378.860107421875,94957,715.8157060564255,642.5140958539129,0.05499591184743464
6,303.8,1770.4233261110817,1283.2518310546875,94615,717.6387253606722,644.8127675315753,-0.018156063587373934
6,309.4,1763.3887108726738,1274.3956298828125,95809,710.2160861714452,639.5182602886994,-0.02493213606966233
6,315.1,1761.921114098558,1271.0562744140625,96329,712.679099751892,639.2538591701357,-0.02748714969923478
7,0.1,1224.4661933369744,1168.6083984375,64085,833.493625653429,480.7066084107045,0.02754300051778368
7,5.1,1247.0136145262543,1047.472900390625,65151,826.5669905296926,475.0140442970944,-0.07896995394902363
7,10.0,1240.078781055318,1192.289794921875,66615,828.8473617053216,474.3355100202657,0.04836576136097251
7,15.1,1228.5977229601517,1182.294189453125,64294,835.8984042056802,477.1603882166299,0.03957674833566465
7,20.1,1247.5383452508731,1095.755615234375,66149,826.650032502381,475.09708385614294,-0.036515556265397195
7,25.1,1241.8459889822032,1183.3822021484375,62989,833.2729047929004,479.97804378542287,0.04053342452508589
7,30.1,1228.7789891462821,1174.2379150390625,61730,830.9480641503321,479.679944921432,0.0324929652689942
7,35.0,1241.305180031654,1174.7381591796875,60656,833.2411303086257,483.29698628330254,0.03293282379297583
7,40.1,1242.9080514455175,1189.2587890625,63057,827.15785717684,476.6842222116498,0.0457006351651541
7,45.1,1236.3502422527883,1178.6954345703125,61506,829.5186973628589,479.4909927486749,0.036412407402159924
7,50.1,1238.3367176940244,1184.0528564453125,63626,829.9544840159683,478.4495017760035,0.04112312260482114
7,55.1,1228.373588968225,1160.717529296875,63163,836.0670804110001,480.223976061935,0.020604656274928537
7,60.1,1247.4625296931438,1099.58251953125,61462,828.5541472779929,479.5520321499463,-0.033150606356460145
7,65.0,1244.4654984729823,1081.140625,66142,831.4483535423785,477.8960116113816,-0.04936633753485165
7,70.0,1242.2061234986234,1171.7578125,66106,833.3295464859468,481.75566514385986,0.03031224159116728
7,75.1,1246.9341538361487,1195.830078125,61507,824.6926528687792,476.7031882549954,0.051478688865246584
7,80.1,1242.266214525581,1111.917724609375,60748,835.5722163692632,480.6197076446961,-0.022304412152374376
7,85.1,1256.2551480500163,1009.4442138671875,64539,830.4465516974233,478.36413641364135,-0.11240811057042932
7,90.1,1242.2414099714194,1017.2462768554688,62980,835.8997300730391,477.91879961892664,-0.10554785248574806
7,95.0,1256.2532939004163,925.2156372070312,63906,828.6820486339311,475.07157387412764,-0.18646926271210454
7,100.0,1262.8896259725173,1039.758544921875,65423,827.5978784219617,474.69923421426716,-0.08575309188985891
7,105.1,1250.8831822759316,1030.825439453125,62559,831.6763055675442,474.614955482025,-0.09360786172513844
7,110.1,1250.4471525439803,982.7166748046875,63267,833.7416188534307,476.82981649201,-0.13590930714017685
7,115.1,1254.568214105678,992.1284790039062,65463,827.4861219314728,473.54461298748913,-0.12763362339523554
7,120.1,1250.6946232924074,1003.366455078125,65077,831.9511040767092,476.0562718010972,-0.11775220916743304
7,125.1,1260.45236660331,1040.0693359375,64713,828.274334368674,474.3177259592354,-0.0854798171699816
7,130.0,1262.5422039141222,1002.5464477539062,65302,826.4979633089339,474.76653088726226,-0.11847323152830336
7,135.1,1256.5905679936873,891.5362548828125,64631,829.6592656774612,473.5166715662763,-0.21608312961164505
7,140.1,1252.4362049478839,1000.9793701171875,63704,830.2820231068692,474.7846132111013,-0.11985114363216236
7,145.1,1259.0512072467038,1011.8031616210938,62042,829.5862802617581,477.3463460236614,-0.1103339168059874
7,150.0,1268.641782194086,1035.684326171875,62395,825.6004167000561,473.8254507572722,-0.0893355023575043
7,155.1,1258.0986968156699,1018.960205078125,63153,827.5253907177806,476.902443272687,-0.10404081646672317
7,160.1,1253.8692467788317,920.5385131835938,62943,827.2977455793337,476.34647220501085,-0.19058180037592984
7,165.0,1259.391708204763,903.0328369140625,63195,828.3295988606693,475.75987024289896,-0.20597432634454169
7,170.1,1265.6152264988782,889.8107299804688,63731,828.9317129811238,475.5392352230469,-0.21760036244857583
7,175.1,1269.1082291354599,1039.5401611328125,63421,823.8982198325476,476.20805411456774,-0.08594511407126523
7,180.1,1266.937967561451,1024.931640625,63628,828.518843905199,478.52299302194,-0.09879020658967747
7,185.4,1265.218685799172,1042.0162353515625,63278,826.1112234899965,477.38871329688044,-0.08376793244597404
7,191.1,1264.4921914357683,965.1802978515625,65505,824.6938096328524,475.02128081825816,-0.1513288278425079
7,196.7,1276.603065707373,978.5745849609375,62824,824.6787533426716,476.8555329173564,-0.13955139582630288
7,202.4,1271.3527077497665,1072.1688232421875,64260,824.5531746031746,477.884360410831,-0.05725513254145919
7,208.0,1270.4873431584217,949.87548828125,63918,826.353030445258,477.80922431865827,-0.16478615877497363
7,213.6,1255.1113894717064,942.4835815429688,63866,828.4760592490527,475.9576770112423,-0.17128577151056304
7,219.2,1271.0328786564694,959.0169067382812,63415,827.814192225814,475.60126153118347,-0.15674822188962706
7,224.9,1268.2764955103073,969.5629272460938,63256,823.8953300872645,475.1506734539016,-0.14747523568602902
7,230.5,1259.3890383867204,1062.1544189453125,61688,830.3929775645182,477.57975619245235,-0.06606067514526709
7,236.2,1273.112455749107,1200.643798828125,64123,828.170328899147,478.31576813311915,0.055711334310510494
7,241.8,1271.4021697632986,1098.454345703125,62864,828.550283150929,480.18205968439804,-0.03414259573631329
7,247.5,1270.622187630388,976.3213500976562,62314,831.0766280450621,480.6848862213949,-0.1415326375454134
7,253.1,1266.899855113547,934.5462036132812,63498,830.6323506252165,481.18450974833854,-0.178265010359967
7,258.7,1275.058883183362,942.899169921875,62123,824.6257102844357,475.70378120824813,-0.17092034975729425
7,264.4,1262.431307324635,1062.0294189453125,61928,829.0255780906859,478.18321276320887,-0.06617058610879983
7,270.0,1270.0154230244896,1049.7161865234375,60883,826.3667526238852,479.2344825320697,-0.07699746002632711
7,275.6,1272.5563121614143,949.2010498046875,59623,825.8203210170572,478.4552773258642,-0.16537918423739395
7,281.3,1261.0608109233203,952.90576171875,60055,823.6232287070186,477.18822745816334,-0.16212167658870716
7,286.9,1262.3997105355093,932.4913330078125,60111,822.4749047595282,474.50247042970506,-0.18007183282542447
7,292.6,1267.6937418725618,701.8191528320312,61520,821.4415149544864,473.1602568270481,-0.38289904549197606
7,298.2,1268.1541244813277,1037.707763671875,60250,822.4559004149378,473.6326804979253,-0.087556318635318
7,303.8,1268.9314841080522,917.1934204101562,62044,821.2124782412482,473.3814389787892,-0.19352309933460934
7,309.4,1269.6750461030767,920.9826049804688,61818,823.1541622181242,477.2810993561746,-0.1901913159175977
7,315.1,1272.6342757326777,913.0923461914062,61828,819.9770815811606,473.274115287572,-0.1971291234858262
8,0.1,2174.5984672963823,1861.7972412109375,123442,1073.0607734806629,668.981424474652,-0.006939527490035517
8,5.1,2209.9542401377507,1888.0010986328125,123121,1073.5424176216893,667.7905718764467,0.0070372979434503895
8,10.0,2193.3932402609476,1870.3914794921875,123703,1072.169470425131,670.1525832033176,-0.0023554631571813477
8,15.1,2199.2051759884475,1874.9405517578125,123957,1073.384375226893,668.5824761812564,7.095780509556119e-05
8,20.1,2204.135721542257,1878.9072265625,124026,1073.1765113766469,667.6992566074855,0.002186734898671157
8,25.1,2221.534292313303,1889.7530517578125,123395,1073.6675959317638,669.5454840147494,0.007971768872731724
8,30.1,2186.361713421696,1863.60205078125,124336,1073.5154178998841,667.3056958563891,-0.005976863562400029
8,35.0,2207.53066544375,1872.1600341796875,124293,1073.2934598086779,668.4437900766736,-0.0014121371522044825
8,40.1,2198.3251925953327,1870.0352783203125,124354,1073.841822538881,667.7700355436898,-0.0025454566195310504
8,45.1,2196.447993792234,1873.1470947265625,123716,1073.0106049338808,669.8598402793494,-0.0008856508134246004
8,50.1,2201.814114205815,1882.661865234375,124442,1073.6899358737403,667.8423040452581,0.0041894144445766245
8,55.1,2188.1712052284233,1866.7408447265625,124856,1073.8355545588518,667.0366502210546,-0.004302668258288342
8,60.1,2193.171388992827,1874.934326171875,125609,1072.4170799863068,665.5561384932608,6.763715170973705e-05
8,65.0,2200.600683060109,1884.14990234375,124440,1073.8397540983606,666.4484892317582,0.004983115714639296
8,70.0,2208.085948498476,1893.8304443359375,124307,1075.6719492868463,665.9801539736299,0.010146601507894428
8,75.1,2173.7373849369046,1863.5908203125,125366,1073.3026897244868,665.167653111689,-0.0059828537606646534
8,80.1,2194.7470967018535,1875.2935791015625,124858,1074.203695397972,664.3659597302536,0.00025925838532700056
8,85.1,2196.214552283534,1621.935302734375,125135,1074.9717025612338,662.8111639429417,-0.13487902846693267
8,90.1,2194.276018905183,1626.138671875,123564,1075.9912029393674,663.8881713120327,-0.13263700143384508
8,95.0,2198.375122878829,1626.91943359375,124106,1075.1142732825165,663.1573977084106,-0.1322205524327523
8,100.0,2199.512882176583,1625.90869140625,124746,1074.5249947894122,662.8714026902667,-0.13275967027656846
8,105.1,2193.097808649897,1624.674560546875,124672,1074.1744497561601,662.2364203670431,-0.13341794097717005
8,110.1,2209.914353487843,1633.613525390625,123099,1075.7068213389223,662.6295745700615,-0.1286500036019322
8,115.1,2194.7364604722793,1621.58935546875,124672,1073.967201937885,661.4295351001027,-0.13506355261782338
8,120.1,2195.6723637744753,1626.4681396484375,123747,1074.887286156432,662.8880457708066,-0.1324612672477992
8,125.1,2211.1030599854284,1645.235107421875,123530,1074.407536630778,663.0568606816158,-0.12245119017165769
8,130.0,2230.5779996229726,1646.97412109375,122007,1075.4907669232093,663.7980935520093,-0.1215236209925508
8,135.1,2216.1057318065705,1625.480224609375,124097,1075.2427778270223,659.9540037228942,-0.132988209362534
8,140.1,2201.3545570034917,1619.7076416015625,125159,1074.1513035418948,660.0870093241397,-0.1360672363814014
8,145.1,2222.851249207562,1636.7642822265625,123038,1074.950730668574,662.0013491766771,-0.1269694274344517
8,150.0,2230.8333131523505,1643.5018310546875,123879,1074.548180078948,660.0824029900144,-0.12337569914078154
8,155.1,2223.5177366368357,1640.48828125,123586,1074.881726085479,660.7274772223391,-0.12498309071207253
8,160.1,2221.023476657379,1641.3905029296875,123101,1074.5722211842308,662.1174888912357,-0.12450185641453085
8,165.0,2238.8166416243653,1645.7724609375,123125,1075.1122030456852,658.7261076142132,-0.12216457220686557
8,170.1,2237.9987953657965,1638.1112060546875,123689,1074.2159690837505,659.0505299582017,-0.12625099430780104
8,175.1,2233.618908588159,1650.5928955078125,122960,1074.3422251138581,661.1473080676643,-0.11959340982347715
8,180.1,2244.3576809615524,1668.783203125,123051,1074.61855653347,660.291082559264,-0.10989091640605393
8,185.4,2229.088200257566,1658.7132568359375,124240,1073.373615582743,660.0547005795235,-0.11526210581304983
8,191.1,2242.319546737614,1683.60009765625,123284,1073.621362058337,661.092688426722,-0.10198776134779249
8,196.7,2251.159098019397,1675.6480712890625,124659,1073.919901491268,658.9761669835311,-0.10622927749510115
8,202.4,2247.3078878558977,1680.148193359375,123912,1074.1523419846342,660.7708777196721,-0.10382896598395591
8,208.0,2263.9184945609,1687.639404296875,123366,1073.798607395879,661.2092229625666,-0.09983324329804893
8,213.6,2224.960786668909,1658.2384033203125,124881,1074.6693412128345,659.4988909441788,-0.1155153870222823
8,219.2,2259.3647325096254,1695.1185302734375,124154,1074.1709087101503,660.6476956038468,-0.0958439665863615
8,224.9,2241.0183605089123,1678.280517578125,125051,1073.4167099823271,659.25861448529,-0.10482516199970315
8,230.5,2239.723000646691,1675.4942626953125,125253,1073.4828067990388,659.4464404046211,-0.10631131716698622
8,236.2,2258.3257363282037,1927.135498046875,124435,1073.2789167034998,660.6859324145136,0.027911120459293032
8,241.8,2272.128242436,1940.0208740234375,123711,1074.5895595379554,661.2275141256639,0.03478402652688987
8,247.5,2260.394006046742,1682.85302734375,125026,1073.4220402156352,659.4215763121271,-0.10238623975409138
8,253.1,2265.822085247801,1683.1805419921875,124273,1074.0152325927595,659.0767262398108,-0.10221154734165674
8,258.7,2260.988936878393,1678.040771484375,126185,1072.0138764512421,657.7603360145818,-0.10495303971048274
8,264.4,2262.140946954845,1697.156494140625,124969,1072.7009818434972,658.1635285550817,-0.09475694093388437
8,270.0,2257.591830795369,1677.1656494140625,127136,1070.8542584319155,658.1448212937327,-0.10541981939916849
8,275.6,2267.569501036388,1678.981201171875,126883,1070.4308063333938,656.8863835186747,-0.10445142571667118
8,281.3,2254.1373185325024,1686.400634765625,128191,1069.8054777636496,655.160822522642,-0.10049398821097724
8,286.9,2230.0762794109783,1659.6453857421875,130861,1068.3406897394946,653.4868906702532,-0.11476491935708605
8,292.6,2265.7207887658724,1684.006591796875,127896,1069.784950272096,654.6731875899168,-0.10177094221495338
8,298.2,2261.9656963532084,1673.4881591796875,129374,1068.7283611854004,655.3596781424397,-0.10738134888743002
8,303.8,2273.4392122688123,1689.58935546875,128521,1070.3049696158605,655.8928501956879,-0.09879316256892826
8,309.4,2270.6677252939626,1680.92333984375,129098,1069.2049063502145,653.1857426141381,-0.10341551208199545
8,315.1,2285.7389691846197,1692.5609130859375,128345,1069.250091550119,655.9989013985742,-0.09720816913027891
9,0.1,1510.5096707345153,1047.1522216796875,104232,510.1845210683859,653.0151968685241,0.011272622104039978
9,5.1,1509.5146899429285,1016.9556274414062,104255,505.0900963982543,658.943158601506,-0.017889316725613155
9,10.0,1506.3137937351164,1037.8699951171875,103721,505.0661968164595,660.0551190212204,0.0023084415384235267
9,15.1,1512.1389746935017,1041.6593017578125,104242,505.77200168837896,656.1906525200975,0.005967911463697934
9,20.1,1514.8701929991084,1033.7611083984375,104301,506.35657376247593,654.2466323429305,-0.0016596583805487213
9,25.1,1534.0845191634144,1060.17578125,99930,506.70540378264786,651.624867407185,0.023849942729566722
9,30.1,1506.4757211259991,1040.484375,103588,506.09495308336875,655.0045372050816,0.004833242369220575
9,35.0,1525.4658716383565,1054.8118896484375,102554,506.7558847046434,657.1818066579558,0.018669839386145463
9,40.1,1526.8404628045303,1060.805419921875,98184,506.45839444308643,653.4292858306852,0.024458007476508458
9,45.1,1516.875811119122,1051.033203125,101249,504.71807128959296,655.9237424567157,0.01502062569060815
9,50.1,1530.3064861084363,1064.1923828125,98657,505.05069077713694,656.4142331512209,0.027728919548754567
9,55.1,1513.232591355777,1045.3856201171875,99419,502.65418079039216,655.0141019322263,0.009566551336738541
9,60.1,1520.6191441100862,1044.8724365234375,99195,500.26062805584957,662.2317858763042,0.009070951453810457
9,65.0,1526.9970215563612,1038.9508056640625,100388,503.21220663824363,657.5229509503127,0.003352219217644569
9,70.0,1533.6837773849034,1059.990478515625,96723,501.9592754567166,661.5196695718702,0.02367098920380915
9,75.1,1521.054091931077,1051.9119873046875,99183,504.27301049575027,653.2207333918111,0.01586929922942815
9,80.1,1525.0058367716615,1046.301025390625,99370,502.72155580154975,654.5631277045386,0.010450591184996796
9,85.1,1527.0044533093717,1054.6341552734375,101273,502.5673871614349,655.583047801487,0.018498194897671797
9,90.1,1514.683590190947,1045.0206298828125,103170,503.20460405156535,657.9838131239701,0.009214067119337263
9,95.0,1529.2151131688242,1046.475830078125,102811,506.3578021807005,651.0792035871648,0.010619406368715402
9,100.0,1531.8387172079722,1059.8431396484375,102807,503.1917962784635,655.8407695974009,0.023528698752169234
9,105.1,1528.931910725261,1063.3624267578125,104128,503.9695759065765,654.1312711278426,0.026927401089185572
9,110.1,1535.306926090053,1065.7640380859375,101096,503.4594345968189,658.3109025085067,0.029246723662146357
9,115.1,1534.8767823026647,1061.809814453125,99450,502.3356460532931,654.7948717948718,0.025427987456701676
9,120.1,1515.2014832277393,1052.0899658203125,101805,500.64387800206276,658.4738372378567,0.01604117949329807
9,125.1,1531.0784936935488,1064.2296142578125,99422,500.1015871738649,663.880006437207,0.02776487529668346
9,130.0,1534.0659470220435,1065.1934814453125,103477,501.86785469234707,652.2680499048098,0.028695716561098338
9,135.1,1535.9593814212121,1053.4566650390625,102687,501.96770769425535,654.3445421523659,0.01736105016153376
9,140.1,1531.5063006937842,1063.8780517578125,98878,498.9240579299743,661.3343514229657,0.027425358726076206
9,145.1,1535.4432545880516,1065.2518310546875,102440,501.9175517376025,652.3279968762203,0.02875206688080329
9,150.0,1543.9931937996696,1070.39892578125,101672,501.6782496655913,651.952474624282,0.03372280167235008
9,155.1,1543.4889198353112,1072.7479248046875,99096,500.97150238152904,655.5559053846774,0.0359913146474179
9,160.1,1529.859272308422,1057.03076171875,103313,501.3291744504564,652.0544171595055,0.020812684075009354
9,165.0,1546.2426343322768,1059.5841064453125,102842,502.6907294685051,649.7648528811186,0.02327854105674264
9,170.1,1538.8671394484425,1052.9754638671875,105193,500.77687678837947,651.6572015248163,0.016896336855515087
9,175.1,1539.452527292839,1067.8834228515625,103965,501.97284663107774,650.521502428702,0.03129348987703632
9,180.1,1545.1140042431148,1075.7369384765625,101812,500.0888598593486,655.5942619730483,0.038877912823768304
9,185.4,1535.5284679446115,1074.59814453125,101465,498.9945991228502,657.383393288326,0.037778138487936694
9,191.1,1538.181374382394,1068.335205078125,101602,499.388348654554,650.8903564890455,0.03172979224780626
9,196.7,1544.4797052264132,1070.2655029296875,103130,497.66805003393773,653.8355958498981,0.0335939504182967
9,202.4,1538.6554140679975,1069.2149658203125,103739,498.37152854760507,655.5292705732656,0.032579408888211286
9,208.0,1545.0176008979458,1068.13671875,103347,498.8498553417129,649.3402227447338,0.03153810685065092
9,213.6,1519.2415003310946,1054.4637451171875,105710,498.59352946741086,650.8316904739381,0.01833362367108578
9,219.2,1535.22660998692,1053.6456298828125,103976,495.0686408401939,655.862362468262,0.017543540318235157
9,224.9,1529.0222877559122,1052.1357421875,105798,495.9420310402843,653.2198151193784,0.016085387380095892
9,230.5,1540.0196059418997,1070.057373046875,103132,496.6103149361983,653.4313307217934,0.033392951892989284
9,236.2,1544.0432230319868,1077.815673828125,105106,496.67501379559684,654.2528495043099,0.040885422435181805
9,241.8,1538.4726843127314,1065.300537109375,104537,494.14999473870495,657.8454901135483,0.028799104072356172
9,247.5,1549.2983133469825,1078.5074462890625,102570,493.0230184264405,657.4171687627961,0.04155349202047045
9,253.1,1544.99108574802,1064.70849609375,101635,491.89796821960937,660.6682048506912,0.028227348736437712
9,258.7,1546.9401777564256,1072.106201171875,104075,492.6262695171751,653.5249771799183,0.03537157901836154
9,264.4,1553.844994890164,1076.8140869140625,98829,490.87573485515384,660.8286737698448,0.039918153872045524
9,270.0,1555.1009986450545,1080.965576171875,99635,489.21049831886387,663.2541476388819,0.04392739659766427
9,275.6,1552.22396852717,1074.81298828125,101675,490.6881534300467,656.3640324563561,0.03798562083664112
9,281.3,1534.3100724602907,1057.095947265625,104195,488.577100628629,656.2848313258794,0.020875636105809448
9,286.9,1548.9218759264018,1068.1190185546875,101198,490.49818178224865,655.3635348524674,0.03152101313442243
9,292.6,1551.6490305361488,1045.5799560546875,101912,491.6743955569511,649.7142730983594,0.009754228552157549
9,298.2,1555.6103413415794,1077.9410400390625,100896,488.45341738027275,657.9151502537267,0.04100649310115877
9,303.8,1559.3198098036492,1075.5460205078125,100738,488.52851952589884,657.5745101153487,0.038693536463896866
9,309.4,1553.722122166437,1069.8726806640625,99389,485.9818994053668,660.2751511736711,0.033214587805722354
9,315.1,1560.3575297833213,1076.0635986328125,100056,486.48562804829294,659.253647957144,0.03919338030395754
10,0.1,1052.0827570308898,573.8527221679688,43380,63.37010142923006,752.6739972337483,0.007416676999863305
10,10.0,1067.8839274191466,582.4505004882812,38743,53.92362491288749,749.0228428361253,0.02251034987172505
10,15.1,1033.4846681058875,553.5106811523438,47711,65.09442266982457,740.3611536123746,-0.028294421983749277
10,20.1,1052.562885958847,568.697998046875,41941,62.133687799527905,751.2375718270904,-0.0016326048878390772
11,0.1,825.7600303518923,353.9196472167969,52715,219.90488475765912,909.0257991084131,-0.050159349132179516
11,5.1,927.25643821558,443.7104797363281,93543,149.7878622665512,844.0865698128133,0.1908190296411008
11,10.0,833.3702363724071,357.4710998535156,58044,208.17071531941286,892.2763076286955,-0.04062804983722735
11,15.1,833.7302906999491,351.74432373046875,51118,220.7335967760867,914.9555146914981,-0.05599742761228233
11,20.1,835.4849045092348,356.2019348144531,54089,216.57636488010502,907.9870029026234,-0.04403420305941161
11,25.1,844.530786901491,242.0354461669922,66603,192.6083509751813,885.9488911910875,-0.35043135489023947
11,30.1,829.1860000760659,356.81195068359375,52586,218.65686684668924,911.9643441220096,-0.04239705780697722
11,35.0,928.1957442465683,444.8977966308594,97985,145.74948206358115,831.5078226259121,0.19400552087083778
11,40.1,1031.0191881270719,554.4170532226562,45549,63.54932051197611,736.741267645832,0.48793054815249687
11,45.1,1038.021831456385,558.55908203125,41912,63.218696316090856,746.279633517847,0.49904682092911945
11,50.1,1022.8410314130768,548.3687133789062,48865,66.34802005525427,733.7098741430472,0.471698165748651
11,55.1,1025.7939892056525,549.6561889648438,44653,65.77381139005217,742.8541195440396,0.47515346035617023
11,60.1,1022.5584495401179,549.509033203125,47186,65.46740558640275,735.9625312592718,0.47475852742269486
11,65.0,1039.0559252506837,558.0294189453125,43880,63.43320419325433,740.652484047402,0.49762532445599666
11,70.0,1022.1308096616075,548.2587280273438,50799,66.49806098545247,726.8565522943366,0.47140298982740564
11,75.1,1007.4847020282704,541.2887573242188,49451,68.98574346322623,736.4364926897333,0.45269715769503316
11,80.1,1040.52063312606,563.7415771484375,44225,62.14975692481628,735.1344262295082,0.5129554710250925
11,85.1,1030.3816509413641,557.1406860351562,46422,66.71326095385808,737.9795355650339,0.4952401654164552
11,90.1,1022.8393246074385,554.6552124023438,48209,66.31321952332551,734.534775664295,0.488569713771087
11,95.0,1032.600818353928,558.0401000976562,49123,65.58878732976406,729.8499073753638,0.4976539902641087
11,100.0,1050.3417908775075,574.0955200195312,44615,60.35546340916732,731.7126526952818,0.54074312258122
11,105.1,1081.2637423071887,351.1893615722656,38185,49.38140631137881,732.9899175068745,-0.057486821099476254
11,110.1,1044.0149170440643,573.3848876953125,46591,63.15730505891696,733.6340065677921,0.53883594541637
11,115.1,1054.2137226344869,574.8336181640625,43257,59.39061885937536,732.5838361421273,0.5427240118240725
11,120.1,1048.151594089306,558.8519897460938,43379,60.27068397150695,738.7543972890109,0.4998329192898611
11,125.1,1042.2951596426785,577.7159423828125,46009,62.78769371209981,733.2593622986807,0.5504595210942672
11,130.0,1048.949186184994,582.4898681640625,45342,59.850403599311896,728.6069868995634,0.5632716630787995
11,135.1,1064.994216126513,562.4013671875,40976,58.100449043342444,742.6477694260054,0.5093586492278086
11,140.1,1046.9265780514777,578.4820556640625,46117,61.25506862978945,729.1142311945704,0.5525155966566823
11,145.1,1057.6517268827665,588.0294189453125,45226,58.89906248618052,726.8742537478441,0.5781385701888044
11,150.0,1077.8728686366655,605.202880859375,40643,57.4140934478262,737.8541692296336,0.6242282754944688
11,155.1,1045.2267519490028,580.3632202148438,46434,60.29471938665633,725.204548391265,0.5575642187813789
11,160.1,1056.6237767137686,590.2410888671875,42815,57.43557164545136,729.7879715053135,0.5840741943187973
11,165.0,1055.705808354661,583.9459228515625,46106,59.81499154123107,720.061336919273,0.567179386040636
11,170.1,1092.4306798433327,615.5416259765625,38553,54.9568386377195,734.6230902912873,0.6519751397007683
11,175.1,1076.3391169781237,603.1228637695312,42649,57.548594339843845,722.2843442988112,0.6186459779250345
11,180.1,1076.7666696681824,602.914306640625,44422,60.714285714285715,726.5884021430822,0.6180862575460693
11,185.4,1066.3074971264991,593.1400146484375,46111,61.02853982780682,722.0508989178287,0.5918542584450289
11,191.1,1079.9750766962354,610.6829833984375,42049,57.423054055982305,724.8773811505624,0.6389356369067529
11,196.7,1079.9736154946527,608.8815307617188,44041,59.95377035035535,724.5553234486047,0.6341009436128812
11,202.4,1082.861975241531,616.9208374023438,40471,57.636258061327865,732.5178522892936,0.6556766326488157
11,230.5,1119.9095341006182,645.3695678710938,39794,55.12222948183143,721.0576720108559,0.7320266202160451
12,0.1,1228.3143636338339,787.7783203125,71869,399.6866242747221,912.0980255743088,-0.0034533725220506025
12,5.1,1226.0940062042987,793.700439453125,72208,397.91230888544203,916.8026534456015,0.004038161206335515
12,10.0,1226.5285023211723,784.0648803710938,71731,396.90768287072535,916.8064156361963,-0.008150907291073355
12,15.1,1236.7975510551155,784.0076904296875,70561,396.90428140190755,913.9523816272446,-0.008223253078923232
12,20.1,1249.9095879739166,802.9898681640625,69316,394.7013532229211,910.8708667551504,0.015789371685711675
12,25.1,1247.8207351324947,796.3168334960938,73701,397.3405923935903,908.6321488175195,0.007347923092953065
12,30.1,1237.4567782052557,798.9033203125,70439,396.18481239086304,911.9867828901603,0.0106198520702361
12,35.0,1245.312131020017,794.46728515625,71989,395.6818124991318,911.1070163497201,0.005008227885680066
12,40.1,1236.640840322537,803.4600830078125,74162,399.79891319004344,907.8095250937138,0.01638419767247309
12,45.1,1240.5309522810257,799.6285400390625,71481,397.9487975825744,911.6641065457953,0.011537261516588534
12,50.1,1260.2062304853819,820.997314453125,70460,394.73272778881636,906.1659097360205,0.03856895244611764
12,55.1,1254.518791260949,816.8104248046875,69527,395.0115494699901,907.6666331065629,0.033272499559323813
12,60.1,1253.1748472019535,805.5499267578125,69209,395.7166697972807,911.818722998454,0.01902786872474605
12,65.0,1254.630902802287,802.3687744140625,70835,396.0635702689348,913.3360485635632,0.015003682531858591
12,70.0,1266.9191577256297,822.612548828125,69716,397.35559986229845,908.9391531355786,0.04061223839025758
12,75.1,1251.8315925972909,812.4153442382812,70947,397.3973247635559,908.239234921843,0.02771268329755035
12,80.1,1256.562415121532,808.1402587890625,72162,397.43298411906545,910.4207061888528,0.02230466193322924
12,85.1,1267.9768482657717,817.7698364257812,69714,395.8862782224517,910.496915970967,0.034486163848771206
12,90.1,1275.074971095662,834.0394287109375,66599,392.6405801888917,910.785882670911,0.05506734373676572
12,95.0,1282.295733302331,831.098876953125,68812,392.21050107539384,906.4258850200547,0.05134751943897347
12,100.0,1278.7364514385072,831.0484008789062,68439,394.47769546603547,909.8554771402271,0.0512836667532191
12,105.1,1292.1141157464028,840.9852905273438,66231,392.00564690250786,907.2491129531488,0.06385392111467796
12,110.1,1279.1402476063754,832.110595703125,69142,393.93205287668854,911.1559688756472,0.052627352714746736
12,115.1,1285.2646692732358,837.9474487304688,68289,393.3751702323947,905.9168240858703,0.060011024046519965
12,120.1,1274.6017100054448,836.5062866210938,67953,394.0715936014598,911.1569319971156,0.0581879410767107
12,125.1,1288.022706535234,853.5357055664062,66853,391.9034299133921,909.1466800293181,0.07973030849185901
12,130.0,1273.3756718609657,826.1820068359375,70141,396.823270269885,912.6077187379707,0.045127634724341316
12,135.1,1283.1553158795048,813.5996704101562,68982,395.4497840016236,910.3536284827926,0.029210866507197092
12,140.1,1281.6894951852933,833.9066162109375,68540,393.3478114969361,910.3883717537204,0.05489933473531286
12,145.1,1281.8909067361242,827.4052124023438,69491,395.11451842684664,909.8791354276093,0.046675000716122926
12,150.0,1294.0259219322838,837.2528076171875,69555,392.75284307382645,910.0256056358278,0.05913229681971159
12,155.1,1291.008550737283,838.0799560546875,68766,393.046869092284,906.581086583486,0.060178646997877575
12,160.1,1289.3370508054522,838.0374145507812,68595,389.77416721335373,909.9162766965522,0.0601248316145997
12,165.0,1284.8035464697662,825.1221923828125,70831,392.82701077211954,911.1747963462326,0.04378695995355663
12,170.1,1281.4764953640886,813.5479125976562,70752,393.44499095431934,914.4701209859792,0.02914539241104267
12,175.1,1293.3055324124825,835.1054077148438,68415,389.6806548271578,909.8226558503252,0.05641581671947446
12,180.1,1304.1497210351376,849.5526123046875,67392,386.27081849477685,909.7704178537512,0.07469165985867324
12,185.4,1311.8547644026821,869.1044311523438,65769,381.7155954933175,906.51131992276,0.09942488573110206
12,191.1,1303.1284622448677,854.3230590820312,67514,383.4907574725242,904.3714488846757,0.08072631773760437
12,196.7,1316.1744366626065,855.2975463867188,65680,380.802862362972,907.5317295980511,0.08195905290175712
12,202.4,1322.3673283640644,848.5217895507812,63725,375.3131581012162,906.9985406041585,0.07338765984693732
12,208.0,1313.0660691459318,845.8175659179688,67278,380.4183239692024,906.2912244715955,0.06996679274290678
12,213.6,1295.0366209030553,833.0186767578125,66574,379.8621834349746,907.8259080121369,0.05377608337817305
12,219.2,1312.0515539194062,836.1149291992188,65737,381.34221214840954,909.6519463924426,0.05769287043456192
12,224.9,1287.6372968100266,813.14794921875,68778,386.0511791561255,913.5641774986187,0.028639435156207836
12,230.5,1297.336834042804,810.0377197265625,67891,383.831155823305,909.5833910238471,0.024704967005456508
12,236.2,1288.4654242415595,807.2808227539062,70078,386.3365535546106,913.7658894374839,0.021217467654985795
12,241.8,1325.6441892713024,850.0474243164062,64183,374.6441425299534,908.7545611766355,0.07531760148311181
12,247.5,1326.2268531339425,839.4310913085938,64998,377.45069079048585,909.3130865565095,0.061887845189588044
12,253.1,1324.773385664891,832.5933227539062,64206,372.89343675045944,909.2828863346105,0.05323800675541341
12,258.7,1327.093514189158,826.5701904296875,64803,375.2948011666127,907.7201055506689,0.045618690445499495
12,264.4,1299.144477664439,810.8180541992188,68232,382.8360300152421,911.3534265447297,0.025692097099011116
12,270.0,1313.8038492117066,808.2666625976562,66663,378.062148418163,912.3370685387696,0.022464563882681848
12,275.6,1308.2473580696296,814.4176635742188,68132,379.08260435624965,909.9585070157929,0.03024563518250557
12,281.3,1312.5574287925463,816.7685546875,65899,377.6074599007572,912.081397289792,0.0332195334862555
12,286.9,1312.6295010134731,809.6132202148438,67096,377.0121020627161,907.2054369858114,0.024167971322963566
12,292.6,1309.226129041663,810.978271484375,68598,379.79862386658505,906.4189480742879,0.02589477339901744
12,298.2,1328.0894439597778,835.1351928710938,65337,377.21907954145433,907.5011096316023,0.056453495208770875
12,303.8,1326.8095238095239,818.5363159179688,65730,377.59370150616155,908.101567016583,0.03545576726800146
12,309.4,1326.6542794507202,826.0082397460938,65686,378.13696982614255,909.3611728526627,0.04490781780010589
12,315.1,1334.18611230703,818.0048217773438,65036,377.37609939110644,907.9890829694323,0.03478342242211382
13,0.1,688.8650434821438,373.95928955078125,89577,582.4210009265771,1086.2778391774675,-0.004458380229415455
13,5.1,696.3421545288558,375.1910095214844,86534,579.9257748399473,1088.8827744008136,-0.0011793374859912346
13,10.0,693.186401963681,375.3215637207031,87998,582.6760153639856,1087.621230027955,-0.0008317805657868587
13,15.1,696.7632110627217,374.3381652832031,89092,579.5794347416154,1087.1729672697886,-0.003449750223726505
13,20.1,699.0020661381702,379.3600158691406,91959,579.8517274002545,1084.6611750888983,0.009919248504920356
13,25.1,703.8351336364644,381.6342468261719,90170,578.8138627037818,1086.2543528889876,0.015973628310313178
13,30.1,694.9512361578936,380.4661865234375,90846,581.0928934680668,1085.310448451225,0.01286405815584322
13,35.0,699.4756840734784,381.64654541015625,91401,581.2089692672947,1084.7016006389426,0.016006369179607793
13,40.1,696.7601002397037,386.96282958984375,91780,582.7641098278492,1085.5041839180649,0.030159198942881073
13,45.1,698.5507067888789,384.47979736328125,91753,581.5746951053371,1084.5690931086722,0.02354895554514642
13,50.1,700.1687697826545,389.23883056640625,94780,582.2765667862418,1081.5079974678201,0.03621829083368106
13,55.1,701.9694394927575,385.5171203613281,93683,579.9924425989774,1082.8689837003512,0.02631048132230092
13,60.1,704.1020962311285,384.4498291015625,92070,580.3616270229173,1085.0956011730204,0.023469175064632
13,65.0,701.5383784844915,385.5301513671875,91692,582.7298564760284,1084.6759695502335,0.02634517202003988
13,70.0,706.8657359662169,387.7931823730469,92117,580.1696863771074,1085.057492102435,0.0323697356988046
13,75.1,699.8399285029773,382.55169677734375,92871,580.871940648857,1083.5440234303496,0.018416032165409987
13,80.1,704.8255918064291,386.6518249511719,91584,580.4008123689728,1085.4913303633823,0.029331253039701365
13,85.1,708.746058867146,390.7972412109375,93057,579.7634030755344,1084.3816800455634,0.040367038306134695
13,90.1,704.7658588322639,389.93206787109375,94285,579.9821710770536,1082.595502996235,0.038063803456252966
13,95.0,710.1825416116249,389.0404357910156,94625,579.2269167767504,1081.8752443857331,0.03569013105381929
13,100.0,712.2865848425027,395.4486389160156,93208,580.9663870054072,1084.5261887391641,0.05274983005620257
13,105.1,712.5378761782482,395.5593566894531,95799,579.6782429879227,1081.3352540214407,0.05304457912270595
13,110.1,710.377995583452,394.1054992675781,91927,582.2450531399916,1083.9043697716666,0.04917416966068247
13,115.1,711.6567628898623,397.9058837890625,94745,580.009731384242,1081.735437226239,0.05929142324412593
13,120.1,707.6412370253299,399.50665283203125,93644,581.6796911708171,1083.5437187646833,0.06355293579494414
13,125.1,712.7245069706881,403.18743896484375,94467,580.157155408767,1082.8020366900612,0.07335179864199655
13,130.0,711.1837287471853,398.6929931640625,91929,581.4889534314525,1084.7628931022855,0.0613868388789813
13,135.1,715.1540323277725,395.9328308105469,92552,579.0523705592532,1084.5993711643184,0.054038829143617864
13,140.1,710.4894913739922,401.1224365234375,94018,581.1849858537727,1083.498106745517,0.06785441982887142
13,145.1,711.7613788054946,400.6492614746094,92892,580.51323041812,1084.436097834044,0.06659474941097314
13,150.0,715.5810012288295,401.6163330078125,93585,580.6757279478549,1082.7441256611637,0.06916925414317428
13,155.1,715.7329997243485,398.7861022949219,94322,577.3828375140477,1082.3402599605606,0.06163471081996857
13,160.1,713.3479622155248,399.7956848144531,93901,578.8190541101799,1082.090691259944,0.06432238684479352
13,165.0,716.5624289089159,398.1029357910156,91432,578.2149247528217,1084.814036661125,0.0598160083385064
13,170.1,718.5792228197128,397.6700439453125,90378,577.7978269047777,1085.7845604018678,0.05866357848504706
13,175.1,717.4550880397612,400.415283203125,94162,577.0244897092246,1082.6335252012489,0.06597186046585697
13,180.1,718.438754187187,401.7169189453125,95231,577.8780439142716,1081.540874295135,0.06943703058286423
13,185.4,719.1765241504904,404.4285888671875,96644,575.5804188568354,1079.4912151814908,0.0766559454266417
13,191.1,720.2917964046997,403.9803161621094,96348,573.6684103458297,1080.4053223730643,0.07546256917585113
13,196.7,726.0832466072767,402.92999267578125,96088,573.4559258180002,1080.2452855715594,0.07266643394380952
13,202.4,721.0581142921206,396.4124755859375,98117,573.3424075338627,1078.009825004841,0.05531572304610785
13,208.0,724.8334147431434,399.71142578125,96221,572.923914737947,1080.4022198896291,0.06409807533084208
13,213.6,716.5592166452435,396.01715087890625,95691,573.8227210500465,1080.925395282733,0.054263303143273
13,219.2,727.2524110798022,398.92144775390625,94045,572.5629751714605,1083.0562284012972,0.06199502286791303
13,224.9,719.7364416911205,395.14678955078125,92010,574.3690577111183,1084.537582871427,0.05194625700857716
13,230.5,720.338194979868,386.3630065917969,93384,572.517358433993,1083.4480853251093,0.02856237068981492
13,236.2,720.7190401044784,391.95587158203125,91885,573.3858409968983,1084.3481852315394,0.043451504419383724
13,241.8,724.143601734634,400.21978759765625,97081,572.6002307351592,1079.5889308927597,0.06545141875692073
13,247.5,726.2795136200828,397.28167724609375,96879,571.9669381393285,1079.810929097121,0.05762968195243348
13,253.1,728.2689643765377,392.1536865234375,96734,570.4263444083776,1078.8982777513595,0.043978120585060385
13,258.7,731.1804559652163,390.6422424316406,96367,568.3573941286955,1080.4322849108098,0.03995440586160033
13,264.4,726.8051694602858,390.7355651855469,92234,568.8781252032873,1085.2286900709066,0.040202846502550536
13,270.0,724.7429695223271,382.5817565917969,95086,571.1563006120775,1081.1211008981343,0.018496056374479954
13,275.6,726.3286243631311,391.7031555175781,94996,571.515190113268,1081.9702197987283,0.04277873236323308
13,281.3,725.8130225487712,388.9082946777344,94728,570.7946963938856,1081.565756692847,0.03533834950531884
13,286.9,727.9081120712228,386.3378601074219,95475,569.2065147944488,1081.4326368159204,0.02849542657989243
13,292.6,729.6258265432363,389.8009338378906,93764,568.7970969668529,1083.135158483,0.037714702921863484
13,298.2,733.7051107717411,399.2745666503906,95602,567.065197380808,1081.4244890274263,0.06293508390664254
13,303.8,729.5021808273676,386.6090393066406,96523,569.3364897485574,1080.6433906944458,0.029217350561410917
13,309.4,731.2784924538613,396.8213195800781,95148,568.0607369571615,1081.7804157733215,0.056404133532311225
13,315.1,731.8596293278172,383.9427490234375,95718,567.6511627906976,1081.1727365803715,0.022119243838330947
14,0.1,1645.5778817856256,1170.430419921875,28203,203.19377371201645,1133.7148175725986,-0.0012399493437005528
14,5.1,1657.2391737891737,1177.544677734375,28080,201.44052706552708,1133.7886039886039,0.00483083997641021
14,10.0,1645.6631754597743,1166.9744873046875,28166,201.7618405169353,1133.7842789178442,-0.004188990463152437
14,15.1,1650.6709841771017,1171.333251953125,27871,200.5811416884934,1133.950880843888,-0.00046953826251422464
14,20.1,1648.166243881525,1173.1346435546875,27989,199.6240665975919,1133.742470256172,0.0010676380929571982
14,25.1,1641.6785301027385,1170.385498046875,28519,199.8777657000596,1133.3714365861356,-0.0012782823991192343
14,30.1,1622.7040966386555,1154.1978759765625,28560,200.33641456582632,1133.718732492997,-0.015091619752423423
14,35.0,1636.8193421698577,1161.4462890625,28518,200.37716529910932,1133.3138368749562,-0.008906352095613934
14,40.1,1630.8268995205265,1160.42724609375,28573,199.8832464214468,1133.6877821719806,-0.009775929124513808
14,45.1,1634.0778962082825,1163.262451171875,28615,200.36477372007687,1133.2167045255985,-0.007356571664855391
14,50.1,1636.7281045298582,1167.2950439453125,28853,200.44716320659896,1133.4759990295636,-0.003915450779648476
14,55.1,1627.967248303559,1158.98779296875,28884,200.38086830078936,1133.466902091123,-0.01100425355249504
14,60.1,1646.9220363737525,1169.6219482421875,28757,201.0371387836005,1133.384184720242,-0.0019298401753253568
14,65.0,1649.7989837822788,1172.61669921875,28734,200.9149091668407,1133.2516878958725,0.0006256621306162585
14,70.0,1660.9053665380568,1182.7716064453125,28510,201.39666783584707,1133.6985619081024,0.009291120139379029
14,75.1,1646.5154459043893,1169.6480712890625,28616,201.36053256919206,1133.4448210791165,-0.0019075486702721017
14,80.1,1655.7308811669413,1177.696044921875,28519,201.24355692696096,1133.729198078474,0.004960005706625333
14,85.1,1664.2752380285635,1181.84765625,28568,201.67166059927192,1133.507770932512,0.008502688355509462
14,90.1,1655.6480131754151,1174.6063232421875,28538,202.64994043030345,1133.6029504520288,0.0023234623215648742
14,95.0,1667.6192495007183,1183.0679931640625,28541,202.90715111593846,1133.35804631933,0.009544034972413155
14,100.0,1663.913677517451,1180.8033447265625,28938,203.23605639643375,1133.0128205128206,0.0076115489829365795
14,105.1,1663.9035036142911,1178.3607177734375,28913,203.70950783384637,1133.2708470238301,0.005527189094545771
14,110.1,1661.7249156394187,1177.2491455078125,29042,203.96047104193926,1133.1240272708492,0.004578654304756329
14,115.1,1662.2744129834255,1172.563720703125,28960,204.15542127071822,1133.3245856353592,0.0005804541250409656
14,120.1,1655.4393455020454,1172.3548583984375,29091,203.44151112027774,1133.0222405554982,0.0004022262505263892
14,125.1,1663.711685725078,1186.2938232421875,29121,202.57999381889357,1133.289001064524,0.012296723348755761
14,130.0,1658.8279961845064,1184.4090576171875,29354,202.10002044014445,1132.5192478026845,0.010688401675754557
14,135.1,1664.3930899608865,1185.8717041015625,29146,202.0600082344061,1132.8981335346189,0.01193651762691391
14,140.1,1655.693504552249,1181.798583984375,29436,201.84549531186303,1132.8780065226254,0.008460813659101011
14,145.1,1660.3270158277292,1187.285400390625,29442,201.4206575640242,1132.9565586576998,0.013142863047576277
14,150.0,1672.4368938600344,1199.475341796875,29593,201.43412293447776,1132.6946575203594,0.0235448709663522
14,155.1,1670.8687529828867,1195.4676513671875,29334,200.78557305515784,1132.956194177405,0.0201249999270839
14,160.1,1649.2305948252867,1183.429931640625,29992,201.12193251533742,1132.2752067217925,0.009852886899903348
14,165.0,1665.9627491777971,1191.7403564453125,29798,200.58117994496274,1132.5221826968252,0.016944397986447972
14,170.1,1672.4640950750327,1195.1500244140625,29787,199.87783261154195,1132.1480847349515,0.01985396022545507
14,175.1,1673.4497583398113,1199.361328125,29587,199.18984689221617,1132.5695744752763,0.023447580005045
14,180.1,1675.520459584761,1201.10009765625,29766,199.08845662836794,1132.3743196936102,0.024931319247935492
14,185.4,1676.0014414052025,1203.1336669921875,29832,197.71473585411638,1132.3371547331724,0.026666619167011078
14,191.1,1669.2590136621127,1195.5013427734375,30010,196.75481506164613,1132.3316894368543,0.020153749718647914
14,196.7,1687.1728940446483,1208.1741943359375,29654,195.7973291967357,1132.5896000539556,0.03096783798317466
14,202.4,1665.114232147042,1189.3228759765625,29869,195.90367940004688,1132.3012153068398,0.014881496275818706
14,208.0,1677.202791351496,1194.456298828125,29878,196.0043844969543,1132.0274449427673,0.019261985350606248
14,213.6,1644.335989156308,1169.8037109375,30248,195.59653530811954,1131.9904125892622,-0.001774737133155746
14,219.2,1665.4084660630494,1185.360107421875,30262,195.7915207190536,1132.0627189214197,0.011499958291969089
14,224.9,1657.5956127329705,1177.8323974609375,30315,195.20131947880589,1131.5267689262741,0.005076359029730406
14,230.5,1650.8272332302022,1164.40673828125,30382,194.21904417089067,1131.8089658350339,-0.0063801204107936495
14,236.2,1662.7315542638219,1174.8472900390625,30278,193.56440319704075,1131.6284761212762,0.0025290858307944323
14,241.8,1660.864848027804,1174.966552734375,30499,193.84960162628283,1131.7043181743663,0.0026308559262945732
14,247.5,1665.8775248792986,1175.9505615234375,30447,193.1918415607449,1131.6681774887509,0.003470537338604334
14,253.1,1667.6214220063025,1169.5118408203125,30464,193.54480698529412,1131.7361475840337,-0.002023797827465712
14,258.7,1667.5991288970395,1164.6878662109375,30536,192.8232905423107,1131.6530324862458,-0.006140226316692499
14,264.4,1669.737178003373,1171.77587890625,30241,191.63000562150722,1131.662610363414,-9.183266754645482e-05
14,270.0,1665.8595335181863,1153.0362548828125,30655,192.48057413146304,1131.2498124286412,-0.016082862565913025
14,275.6,1665.3878174899996,1157.773193359375,30749,192.13301245568962,1131.4770561644282,-0.012040704371559935
14,281.3,1658.4474822466107,1151.87890625,30980,192.7411555842479,1130.9798579728858,-0.017070459572501393
14,286.9,1652.9625838333923,1144.1361083984375,31163,192.95138465487918,1130.6155376568365,-0.02367759917073931
14,292.6,1656.5583341348465,1150.752197265625,31191,193.03295822512905,1130.3053124298676,-0.018031910935312347
14,298.2,1657.2740563019834,1162.6334228515625,31260,192.13777991042866,1130.368330134357,-0.007893338606628397
14,303.8,1661.37922061233,1150.3038330078125,31127,192.66379670382625,1130.663057795483,-0.018414512328118915
14,309.4,1657.306772145842,1157.758056640625,31349,192.71833232320012,1130.0672748732018,-0.012053620944581447
14,315.1,1663.560684580934,1147.952880859375,31260,192.75937300063978,1130.1032629558542,-0.020420643617000404
15,25.1,644.6143128562381,223.2399444580078,3158,1176.0373654211526,1168.1554781507284,-0.004605663697190736
15,30.1,651.7667126119917,227.6758270263672,2902,1177.0031013094417,1169.5778773259822,0.01517328937399605
15,35.0,648.9036416371254,227.94381713867188,3103,1175.3499838865614,1170.1952948759265,0.016368218178609766
15,40.1,635.2025462962963,220.45875549316406,3456,1174.2913773148148,1167.9817708333333,-0.017006579449586844
15,45.1,634.6608333333334,222.04600524902344,3600,1173.6541666666667,1167.6775,-0.009929264405828489
15,50.1,650.8767366242979,231.49905395507812,3383,1175.2036653857524,1167.6065622228791,0.03222050034906911
15,55.1,642.1026417171162,226.87973022460938,3634,1173.37039075399,1167.7325261419924,0.01162360990447994
15,60.1,657.9451851851852,235.56544494628906,3375,1173.952888888889,1169.2118518518519,0.05035194439538992
15,65.0,653.6558610709117,232.23593139648438,3455,1172.8133140376267,1169.7293777134587,0.03550612933229553
15,70.0,669.9232795521897,239.83004760742188,3037,1174.9957194599933,1170.986829107672,0.06936718535407947
15,75.1,662.3980222496909,236.76739501953125,3236,1174.1616192830654,1169.9972187886278,0.055711264378776985
15,80.1,667.1445519825164,240.34246826171875,3203,1174.3637215110834,1170.1901342491415,0.07165199427718702
15,85.1,659.8416158093578,237.1208953857422,3441,1173.03632664923,1169.7027027027027,0.05728747092757195
15,90.1,658.748272754581,236.22705078125,3329,1172.5446079903875,1171.1354761189546,0.05330194826940041
15,95.0,662.3829282750445,238.3855438232422,3374,1172.6455245998814,1170.5936573799645,0.06292635376799699
15,100.0,669.1638897303848,241.12318420410156,3301,1172.330505907301,1171.3783701908512,0.07513309273918445
15,105.1,665.2155147273257,240.7954559326172,3429,1172.3455818022746,1170.4972295129776,0.07367180020001156
15,110.1,681.8673502082665,249.5709686279297,3121,1174.1618071131047,1171.1534764498558,0.11280053075168289
15,115.1,668.2061177815895,242.178955078125,3498,1171.9056603773586,1170.45025728988,0.07984062100428879
15,120.1,664.444679724722,241.64010620117188,3778,1172.8083642138697,1167.2384859714134,0.07743797249286541
15,125.1,670.8692500696961,243.49986267089844,3587,1171.2405910231391,1170.455255087817,0.08573035520852472
15,130.0,674.5998908296943,246.94602966308594,3664,1171.7308951965065,1169.4549672489084,0.10109631094868293
15,135.1,687.0162980209547,252.92054748535156,3436,1171.7025611175786,1171.3684516880094,0.1277358140934351
15,140.1,666.9581139301101,245.6160888671875,4178,1172.3358066060316,1164.5418860698899,0.09516629900987253
15,145.1,683.8736336976806,252.13145446777344,3751,1172.2162090109305,1168.1135697147427,0.12421736347555695
15,150.0,691.3302900107411,255.14590454101562,3724,1171.310955961332,1169.3391514500538,0.13765835647193927
15,155.1,689.6746496815286,255.75213623046875,3925,1171.220127388535,1167.899872611465,0.14036145511153975
15,160.1,685.398219441771,255.3241729736328,4156,1172.0430702598653,1165.106833493744,0.13845322939936067
15,165.0,697.443515704154,261.4425354003906,3948,1172.1061296859168,1166.6555217831813,0.1657341146451829
15,170.1,702.1392373306574,263.9012756347656,3986,1172.4184646261917,1165.9889613647767,0.17669727856138376
15,175.1,710.0070422535211,267.10174560546875,3692,1170.9734561213434,1170.2313109425786,0.19096770713580205
15,180.1,701.5886091420191,264.63934326171875,4091,1171.556587631386,1166.2669274016132,0.17998821440828722
15,185.4,710.2439209726443,269.55645751953125,3948,1170.1702127659576,1169.0177304964539,0.20191290935955755
15,191.1,723.8280155642024,276.67242431640625,3855,1169.8822308690012,1170.096757457847,0.2336419669174472
15,196.7,729.1034311287916,280.6353759765625,4022,1170.2886623570364,1168.224763799105,0.25131219008086214
15,202.4,729.2519665683383,282.09783935546875,4068,1171.116273352999,1167.005162241888,0.2578331008790969
15,208.0,745.328734412311,287.13653564453125,3769,1169.2406473865747,1171.349164234545,0.28029991236599106
15,213.6,737.2461230615307,286.3281555175781,3998,1170.7676338169085,1167.8814407203602,0.27669546334185935
15,219.2,752.3197365087408,294.3746032714844,3947,1170.9133519128452,1167.9549024575626,0.3125733997077741
15,224.9,749.35642839717,297.0473937988281,4099,1171.8599658453281,1165.9360819712124,0.3244909826452766
15,230.5,770.1256845564075,305.9975891113281,3652,1170.5041073384448,1171.0465498357064,0.3643985974966244
15,236.2,757.8049359278596,302.3795166015625,4214,1171.2736117702896,1165.3822971048885,0.34826614013870283
15,241.8,759.5694349119194,307.9706115722656,4371,1171.3070235644018,1164.6739876458475,0.37319601673888214
15,247.5,775.423512051156,312.6454162597656,4066,1171.719134284309,1166.0799311362518,0.39404028867487795
15,253.1,779.1437154530161,314.5566711425781,4161,1171.284066330209,1165.85820716174,0.40256229529964
15,258.7,771.5781723689909,312.4772033691406,4618,1171.4317886530966,1162.0911650064963,0.3932902519418562
15,264.4,772.7481835167116,313.51153564453125,4817,1171.729707286693,1160.2455885405855,0.39790218862406
15,270.0,767.4168586789555,312.8038024902344,5208,1171.5249615975422,1157.5309139784947,0.3947465097642073
15,275.6,782.2734198064649,317.7919921875,4857,1170.7854642783611,1161.1239448219064,0.4169881197283963
15,281.3,775.2371967654987,316.8739318847656,5194,1170.6817481709666,1158.906430496727,0.4128946228054111
15,286.9,787.4874950377134,321.6883544921875,5038,1170.6319968241366,1160.049225883287,0.4343614306727521
15,292.6,781.9610104338276,318.8921813964844,5463,1169.8453230825553,1158.0591250228813,0.42189370286739636
15,298.2,767.788126100176,314.332275390625,6249,1169.599295887342,1152.5036005760921,0.40156174738637634
15,303.8,769.0985689017527,314.6483154296875,6219,1169.1863643672616,1153.3529506351504,0.40297092380277216
15,309.4,780.439576789552,319.9147644042969,6049,1169.6176227475617,1153.9795007439245,0.4264532512799678
15,315.1,783.2960958005249,321.1523132324219,6096,1168.7701771653544,1154.9373359580052,0.43197130091666947
16,30.1,1028.203902881779,551.8196411132812,44070,66.96966190152031,751.8709779895621,0.0
17,40.1,836.8169623938238,359.220703125,54273,215.39876181526725,909.1996941388904,0.0024779574309264827
17,45.1,833.3284568529732,357.9545593261719,55983,211.93181858778559,900.3598592429845,-0.0010554726810383442
17,50.1,835.9477174670761,361.52569580078125,53077,217.37321250259058,910.4297341598055,0.008910505247376709
17,55.1,831.1937685077894,355.6384582519531,54369,215.06231492210634,905.7164192830473,-0.007519020727929293
17,60.1,836.0761349484886,357.3244323730469,52998,215.68293143137478,908.3383523906563,-0.002813969269335236
17,65.0,837.319115614924,358.0974426269531,54275,213.67784431137724,904.3943988945186,-0.0006567279587211198
17,70.0,842.2265458932573,361.25994873046875,52219,219.88988682280396,914.9590761983186,0.008168884349910158
17,75.1,832.7284511196492,356.4436950683594,51534,219.7300811114992,914.549268444134,-0.00527184468284978
17,80.1,837.9106601611592,360.3396301269531,54108,211.79807052561543,906.5294041546537,0.005600549324083473
17,85.1,841.3119340139585,356.9146423339844,52011,215.51762127242313,908.9865797619734,-0.003957571176912273
17,90.1,835.1959541236816,358.53607177734375,52053,217.78573761358615,911.1892494188616,0.0005673553163462585
17,95.0,839.3663049175872,359.1189880371094,51509,217.78164980877128,910.97520821604,0.0021941009252700733
17,100.0,844.7131628873431,363.6855773925781,55345,211.14322883729335,899.1261541241305,0.014938091262327915
17,105.1,840.2914297645434,326.8636474609375,62262,201.20344672512928,877.9859946676946,-0.08782094457668081
17,110.1,842.2045373246729,364.2165222167969,53115,215.4660265461734,907.8727289842794,0.01641980007883263
17,115.1,842.6646328371028,362.59136962890625,55888,210.18707056971084,900.4166726309762,0.011884483398448359
17,120.1,836.3220836929179,360.8895263671875,54461,211.4733295385689,902.1101705807826,0.007135145896367554
17,125.1,840.5934498061906,369.6551818847656,53403,213.47403703911766,908.1638297473925,0.03159747883642379
17,130.0,842.2792534626548,366.8699035644531,54438,210.52628678496637,901.7982108086263,0.02382459688075347
17,135.1,843.5976222310555,365.6681823730469,55346,208.75709175008132,899.5678820510967,0.020470951072251196
17,140.1,842.7349215922799,364.41790771484375,53056,211.78168350422195,904.7714490349819,0.016981807003773115
17,145.1,844.1877591057151,367.2011413574219,54032,211.19288569736452,905.1300710689961,0.024748982873071104
17,150.0,848.6353365733353,371.9996337890625,55144,207.84119759175977,899.5373204700421,0.03814014560331318
17,155.1,844.3045987608792,370.9527282714844,54232,210.59326596843192,904.129812656734,0.03521854421521143
17,160.1,841.313480253428,369.7037658691406,54769,205.3189395460936,898.5317606675309,0.03173306226186783
17,165.0,847.8395665785577,370.3978271484375,53343,207.8788219635191,903.2020883714827,0.03366998050613538
17,170.1,849.3343397030617,367.7154235839844,56308,200.86314555658166,892.4224976912694,0.026184191343914733
17,175.1,848.0333483876796,369.9439697265625,55355,204.05766416764519,898.2974799024479,0.032403399662414366
17,180.1,850.0803533000243,375.3481140136719,53439,207.43369075020115,903.3726117629446,0.047484756275421855
17,185.4,850.6930958445805,374.2100830078125,52606,208.60945519522488,905.4555754096491,0.044308850799144275
17,191.1,845.4870686523792,372.01416015625,55060,202.9584271703596,899.1995096258627,0.038180684366197204
17,196.7,853.2065460421246,372.7958068847656,53223,205.66967288578246,902.850121188208,0.0403620275043243
17,202.4,844.6986606731638,366.576171875,54281,202.22422210349845,899.2304305373888,0.023004879248907404
17,208.0,947.7235956796954,386.8317565917969,90364,143.19320747200211,836.9139369660485,0.07953218131367094
17,213.6,927.8077322801912,351.1313171386719,86598,147.30221252222915,845.8588651008106,-0.020097108732848316
17,219.2,955.0952850702731,450.3926696777344,94275,140.28011667992575,826.8335189604879,0.2569117526148908
17,224.9,949.3584369929691,403.43865966796875,88752,143.99322832161528,839.8094578150351,0.12587709999521207
17,230.5,848.3995965853834,360.8515319824219,55526,198.392842992472,895.5466628246227,0.0070291148884040885
17,236.2,915.1618634438591,288.045654296875,77448,155.46188410288192,865.6302034913749,-0.1961503981971083
17,241.8,963.2017636249552,426.2224426269531,89248,142.12948189315168,837.043306292578,0.1894598501111606
17,247.5,954.9531548869357,370.4003601074219,85217,145.93337010220966,848.7555886736214,0.03367704923999961
17,253.1,967.8717025586824,477.54779052734375,90828,138.79540450081473,830.1268661646188,0.3326936044020737
17,258.7,971.1244045458046,480.2916564941406,90897,137.6280625323168,828.6721453953376,0.34035091681733726
17,264.4,960.9607180273689,479.5068359375,92587,137.98710402108287,829.7777333750959,0.33816071647051277
17,270.0,966.6147532910935,475.8441162109375,91383,135.73277305406913,826.4288981539236,0.32793915697189824
17,275.6,963.1670285600337,472.3431701660156,90266,137.1358207963131,832.3923182593668,0.31816905962044384
17,281.3,964.0838360063495,476.7173767089844,91345,135.84357107668728,827.3671136898571,0.3303761668456931
17,286.9,959.3313074993031,478.21014404296875,89675,136.77563423473654,832.2602620574296,0.334542035724836
17,292.6,964.0523587633816,479.1414794921875,91637,135.97954974519027,827.9046673286991,0.33714111548469866
17,298.2,964.6132730799658,485.8017883300781,92277,135.66358897666808,827.3492311193472,0.35572805310155525
17,303.8,962.2614836756475,480.12188720703125,91826,135.3348289155577,827.8361139546533,0.3398771413174973
17,309.4,959.5048113639835,479.5032958984375,91658,135.24306661720743,827.8174518318095,0.3381508372761965
17,315.1,959.8005000165203,474.6322937011719,90797,135.91469982488408,830.6609579611661,0.3245573213934073
