cell_id,time_seconds,mean_intensity,mean_intensity_sub,area,centroid_x,centroid_y,dF_F0
0,0.1,465.7273688256775,131.73196411132812,20812,52.091822025754375,123.56477032481261,-0.001549432826258754
0,5.1,463.17042988410213,127.72547149658203,21657,52.67340813593757,119.60539317541672,-0.03191628304789485
0,10.0,470.19696438411063,133.90489196777344,19963,50.1889996493513,124.20993838601413,0.014920078315789688
0,15.1,481.4278965258973,134.4396209716797,17357,56.49236619231434,139.52382324134356,0.018973008679624846
0,20.1,468.9599537928379,131.8800048828125,20776,51.53215248363497,121.82012899499422,-0.00042737112126135936
0,25.1,465.7053360919983,136.40487670898438,20783,51.32430351729779,120.26444690371939,0.033868487683452866
0,30.1,465.53183139534883,141.70068359375,20640,50.98817829457364,120.21463178294573,0.07400757938687749
0,35.1,464.7844618812361,137.5271453857422,20646,50.65659207594692,117.80189867286641,0.04237462212386241
0,40.1,468.86080032254813,151.60275268554688,19842,50.049188589859895,121.92420118939623,0.14905942096226601
0,45.1,468.70021936384484,149.22105407714844,20058,49.94844949646026,121.29688902183668,0.13100755069346284
0,50.1,483.97644884331027,141.94699096679688,16772,53.075125208681136,137.43769377533985,0.07587444395522093
0,55.0,469.29200660693726,139.67604064941406,19979,49.572501126182495,119.299314279994,0.05866198039172296
0,60.1,486.38567936181164,129.3857879638672,15544,55.755725681935154,143.55082346886257,-0.019332063799119444
0,65.1,464.85881227018587,147.10365295410156,19853,48.44456757165164,118.39364327809399,0.11495889943025231
0,70.1,539.6936187902722,198.55589294433594,19244,48.14659114529204,119.87918312201205,0.5049365221520504
0,75.1,463.9604540085255,140.2423553466797,19471,48.96826048995943,120.05433721945457,0.06295431167591935
0,80.1,537.7479919158418,187.54335021972656,19297,48.84064880551381,120.88386795875006,0.42146794561037754
0,85.1,465.5632033499084,143.2371063232422,19105,48.23360376864695,119.68463752944255,0.08565275719948238
0,90.1,533.2946129654053,187.5834197998047,19714,48.66303134828041,116.62732068580704,0.4217716493866426
0,95.0,459.02979985174204,138.53195190429688,20235,49.18304917222634,113.25950086483815,0.04999046270681267
0,100.1,536.9659974774017,197.62306213378906,19028,47.91770023123818,118.93225772545722,0.49786621497071554
0,105.1,460.25773511692023,142.23751831054688,19586,49.69202491575615,119.88752169917288,0.07807646981207007
0,110.1,532.1738485917293,186.48919677734375,19563,48.88611153708531,117.4588253335378,0.41347808445909484
0,115.1,460.5571421233756,136.82843017578125,19469,48.26806718372798,117.80938928553084,0.037078773068663924
0,120.1,530.9249194847021,187.50123596191406,19872,49.40705515297907,116.01670692431561,0.42114874438322925
0,125.0,459.1326714801444,140.46351623535156,19944,49.55094263939029,116.35028078620137,0.06463058072892205
0,130.1,537.1207701589633,195.69927978515625,19061,48.72189287025864,121.47363726981796,0.4832850797840575
0,135.1,462.9831418012454,143.5707550048828,19753,48.81025666987293,115.5813294183162,0.08818161735630295
0,140.1,535.6101164520597,190.7410888671875,19493,48.96685989842508,119.50879803006207,0.4457049179182717
0,145.1,460.73513379583744,132.0526580810547,20180,49.41769078295342,115.63597621407334,0.0008812382574281398
0,150.1,532.2571910335251,182.4196319580078,20164,50.04081531442174,118.6439198571712,0.38263318413875674
0,155.1,461.4593437945792,125.5832748413086,19628,49.2516303240269,120.82214183819033,-0.048152869816219857
0,160.1,529.7447059401562,190.14720153808594,20353,50.71861642018376,120.25627671596325,0.44120360235238804
0,165.1,456.7930248028129,102.8852767944336,21046,50.937802907915994,117.60386771833127,-0.22019030337682638
0,170.1,523.6655239014968,185.8527069091797,20710,50.610912602607435,119.49811685176243,0.40865386678226984
0,175.1,458.9641657872014,146.7158966064453,20846,50.278230835651925,119.53938405449486,0.1120199350881173
0,180.1,526.2125078841395,173.85903930664062,20611,50.37431468633254,118.72635971083402,0.3177489425216084
0,185.4,389.4685113557473,82.69937896728516,20166,52.49395021323019,124.02246355251414,-0.3731874993906553
0,191.1,389.14357784280094,80.54928588867188,19822,51.43890626576531,124.3226717788316,-0.38948393638907064
0,196.7,384.6223879883326,95.38150787353516,20913,52.03634103189404,120.18557834839574,-0.2770644446344489
0,202.4,380.7768955934895,92.20523071289062,22671,53.812844603237615,115.96678576154558,-0.3011387515343778
0,208.0,382.82690058479534,87.88159942626953,21375,53.605333333333334,121.24093567251462,-0.3339093257795828
0,213.6,384.10861843335204,82.4957504272461,21396,52.96588147317256,113.9089549448495,-0.37473088358496476
0,219.3,382.8258745090876,87.33016204833984,21898,53.71979176180473,116.96743994885378,-0.33808889576071055
0,224.9,382.41648503180465,86.51128387451172,22481,54.41012410479961,119.5826253280548,-0.3442955091868485
0,230.5,380.64844821673523,84.26079559326172,23328,55.396947873799725,115.41268004115226,-0.36135288258889503
0,236.2,380.03183246073297,77.80720520019531,23875,56.20046073298429,115.1525445026178,-0.4102672902023624
0,241.8,371.95504345920676,69.82650756835938,27382,60.89697611569644,118.24490541231467,-0.47075626970482093
0,247.4,376.9382577727982,87.91413879394531,24991,56.130526989716294,122.50678244167901,-0.33366269657056336
0,253.1,373.3689930059412,78.98590087890625,26594,58.6075430548244,118.01237121155148,-0.40133347237862155
0,258.7,371.13857003526147,102.27777862548828,26658,56.81371445719859,121.34860079525846,-0.22479478107844061
0,264.3,373.4864844139412,82.8095703125,26081,57.082895594494076,119.89927533453472,-0.37235231400592655
0,270.0,377.350388732853,82.23384094238281,24567,55.77168559449668,126.46004803191273,-0.37671600295575713
0,275.6,371.4011694186004,71.22310638427734,27193,58.14040378038466,121.91056521899019,-0.4601708746621339
0,281.2,371.48424951410027,82.22660064697266,27269,57.79434522718105,123.93853826689647,-0.3767708801232506
0,286.9,371.7243718859324,69.99349212646484,28299,59.763101169652636,120.15262023393053,-0.46949062527391605
0,292.5,371.2227474874812,79.14442443847656,28557,59.48198340161782,121.9252022271247,-0.4001319573246927
0,298.1,354.40073734778235,65.49058532714844,8951,49.558485085465314,46.52072394145905,-0.5036200021342535
1,0.1,423.8348426986725,63.222312927246094,27495,212.41771231132932,90.17494089834516,0.4349531872102232
1,5.1,424.7944265093324,58.82331466674805,26949,214.04000148428514,89.60603361905822,0.335109377609364
1,10.0,426.0987981487011,34.34340286254883,26792,212.13978053150194,93.04833532397731,-0.22050976758838128
1,15.1,427.52568537353505,31.27118682861328,19369,203.37880117713874,116.46140740358304,-0.29023967757707925
1,20.1,429.3717486850638,32.63377380371094,27758,211.3954535629368,88.99866705094027,-0.2593131196541265
1,25.1,415.50985582338365,54.53633117675781,35512,191.8000957422843,75.65659495381843,0.2378079607890374
1,30.1,413.5735277808584,29.88255500793457,36068,192.49085061550406,76.94330154153266,-0.32175737385683234
1,35.1,413.0970529023599,27.846343994140625,35764,193.73028743988368,77.0409350184543,-0.367973137703349
1,40.1,412.6784160952051,75.43791198730469,37477,191.27547562505003,77.94476612322224,0.7122099339712092
1,45.1,411.9279089376054,77.99144744873047,37952,188.17796163575042,81.5237405143339,0.7701673809447783
1,50.1,413.68683303460637,23.74449920654297,36265,192.67020543223495,77.06168482007445,-0.46107247208199215
1,55.0,418.8167243089627,28.20517921447754,37299,201.6580069170755,76.2918040698142,-0.35982867541994157
1,60.1,412.47936610087686,0.8976597785949707,37293,194.29831335639395,77.09854396267396,-0.9796258678196799
1,65.1,417.43932364161253,80.99907684326172,38796,193.31606351170223,83.17295597484276,0.8384313717069676
1,70.1,455.2064176996705,42.620872497558594,38238,191.62822323343272,78.90357759297035,-0.032636517072196926
1,75.1,417.3629918861289,39.40003204345703,36111,194.73268533133947,75.42696131372712,-0.10573974694654849
1,80.1,454.21346304978186,81.01795196533203,36901,193.5352429473456,76.83761957670524,0.8388597792630933
1,85.1,413.64617627567924,73.46111297607422,37725,193.02322067594434,78.25301524188204,0.6673426409175139
1,90.1,420.1633236116898,22.713092803955078,16801,170.84947324564013,35.89429200642819,-0.4844822436669969
2,0.1,620.0844291471774,219.46629333496094,33993,448.1354984849822,69.55305504074369,0.1207639777190958
2,5.1,626.2571138514825,225.6641082763672,33491,448.59203965244393,69.40392941387239,0.15241479580757342
2,10.0,641.571386871967,178.34666442871094,27407,466.7176268836429,75.13733717663371,-0.08922452737204326
2,15.1,640.3759630760285,178.5279998779297,27516,466.26192033725835,75.33009885157726,-0.08829848886162062
2,20.1,641.6113338774352,177.08731079101562,28181,466.1348426244633,75.68489407757,-0.0956557572930052
2,25.1,630.6353221519568,230.28744506835938,32733,453.13775089359365,68.90175052699111,0.17602511543610821
2,30.1,640.6288572894524,177.36410522460938,27286,470.57084219013416,75.19563145935645,-0.09424223166366603
2,35.1,641.7040386657391,148.97018432617188,27311,467.9109150159276,74.52403793343342,-0.23924346736870628
2,40.1,642.7722787137443,246.96511840820312,26651,472.95553637762185,76.10356084199468,0.2611941645298326
2,45.1,641.6124129888116,244.1567840576172,27439,471.69186194832173,74.21177885491454,0.24685264570386864
2,50.1,632.5505371177541,177.51861572265625,29137,469.4075574012424,74.21704362151216,-0.09345318202073943
2,55.0,641.2353999192453,181.15237426757812,27243,471.8231105238043,75.67129170796167,-0.0748964113249242
2,60.1,634.5033856844046,179.71878051757812,28207,471.28872265749635,74.44485411422697,-0.08221744549954788
2,65.1,628.5729166666666,232.44187927246094,27168,472.86988368669023,77.05811984687868,0.18702731632824082
2,70.1,721.2864278270869,215.41262817382812,27829,471.53246613245176,74.47849365769521,0.1000628403312307
2,75.1,632.6177043172883,175.8567352294922,26197,471.6030079780127,76.82158262396457,-0.10194002418547024
2,80.1,727.996756919828,286.95721435546875,26518,471.2295044875179,76.15185911456369,0.4654246176444342
2,85.1,636.2255214819427,229.86692810058594,25696,471.8588885429639,77.93773349937733,0.1738776318187456
2,90.1,724.2685075947501,215.6862335205078,27124,471.2163766406135,76.46674531779973,0.10146008002581067
2,95.0,631.0750951624228,229.90603637695312,27059,472.95317639232786,75.23633541520381,0.17407734880816103
2,100.1,722.9389666307858,216.0169677734375,27870,472.478327951202,74.5010764262648,0.1031490639296655
2,105.1,614.9939921340311,219.28155517578125,32291,457.0433867021771,69.01331640395156,0.11982056235005449
2,110.1,719.6535601581486,230.18002319335938,27569,472.73198157350646,75.25126047372048,0.1754765365810615
2,115.1,624.2015010485266,128.58689880371094,27181,473.0643832088591,75.64982892461646,-0.3433362271906912
2,120.1,722.618726085978,295.9522705078125,26658,475.6779578362968,75.74848075624578,0.5113603044413163
2,125.0,621.3252337128515,156.4713592529297,27491,471.71259684987814,75.25848459495835,-0.20093668904421633
2,130.1,716.522850453802,291.0841979980469,31181,455.13947596292616,68.97142490619288,0.4865001756854953
2,135.1,621.8625050744777,185.95172119140625,32023,457.3924366861318,69.28382724916466,-0.05038724835932062
2,140.1,712.0267920238424,288.41705322265625,32547,460.6690632009095,69.98420745383599,0.4728796796075068
2,145.1,617.3400194505227,229.95457458496094,32904,458.3113603209336,69.2210369559932,0.1743252222936587
2,150.1,716.4226794349104,293.7718200683594,31641,457.4877532315666,69.13292879491799,0.500225244607727
2,155.1,620.2282171810069,174.9125518798828,29358,470.33752299202945,73.29262892567614,-0.10676175179805289
2,160.1,709.6249734099127,283.1812744140625,32907,461.4248336220257,69.9972954082718,0.44614175919701027
2,165.1,621.2750908966179,137.56044006347656,29154,470.0351238252041,73.56012897029566,-0.29751041201108414
2,170.1,703.9337414923704,284.60821533203125,32177,458.9675233862697,68.87422693228082,0.4534288188857248
2,175.1,618.0357275887758,237.6184844970703,32216,458.83787558976906,67.98994288552272,0.21346305082966477
2,180.1,708.8952781673679,288.07586669921875,32085,460.8040829047842,68.11737572074178,0.4711373183576709
2,185.4,480.12717226903726,154.3192901611328,32397,460.9293761768065,67.49057011451677,-0.21192681185076195
2,191.1,480.38846080970126,150.45018005371094,31666,461.97176782669106,67.97082043832502,-0.2316854689471796
2,196.7,477.45280314126336,153.0852508544922,32089,457.22406432110694,67.65739038299729,-0.21822876729437696
2,202.4,478.1346809698022,118.57434844970703,32254,460.79515718980593,67.32399082284368,-0.39446802329178543
2,208.0,475.4389551040573,128.6913299560547,32386,459.57682331871797,69.59470141419132,-0.34280292126967704
2,213.6,475.76638417227133,148.14019775390625,33157,462.8405464909371,68.74310100431282,-0.2434820182552705
2,219.3,474.47892236454385,149.93853759765625,33258,457.71871429430513,67.95297372060857,-0.23429830951373812
2,224.9,478.4493602255476,151.17198181152344,32277,463.96204727824767,67.26294265266289,-0.22799939307230307
2,230.5,478.21730540048924,151.70057678222656,31886,463.34717430847394,68.352223546384,-0.2252999799051825
2,236.2,477.8159318669356,155.0799102783203,31233,466.9893702173983,69.74001857010214,-0.20804249952599357
2,241.8,478.0032076480392,140.0369110107422,31799,467.6240762288122,67.96770338689896,-0.2848636434008036
2,247.4,478.53902654309314,127.50709533691406,31722,468.44508542967026,67.64047033604439,-0.34885053560777035
2,253.1,478.0029423052322,161.739990234375,31268,466.46664321350903,67.1449724958424,-0.17403100012876016
2,258.7,474.99878155461136,152.4258575439453,32008,467.59185203699076,68.19104598850288,-0.2215961375560232
2,264.3,475.699873076804,153.64759826660156,32303,472.73352320217936,67.37878834783147,-0.21535698815746043
2,270.0,474.95006537575495,156.19036865234375,32122,471.1055351472511,67.7811780088413,-0.20237164353508078
2,275.6,476.55953480962245,160.33216857910156,31385,464.9582603154373,66.14991237852477,-0.18122042213205233
2,281.2,473.80002458588154,158.90541076660156,32539,472.7376686437813,67.69153938350902,-0.18850654674317302
2,286.9,475.3746167995095,159.76841735839844,32620,465.00174739423665,67.26759656652361,-0.1840993701971882
2,292.5,475.6636964387166,156.22584533691406,33443,473.20189576293996,67.42349669587058,-0.20219047225127626
2,298.1,474.3190587501948,158.8982391357422,32085,468.32173913043476,67.30141810815023,-0.18854317061559803
2,303.8,476.73710472151186,130.34771728515625,32066,472.0315910933699,67.16191604815069,-0.3343441314327611
2,309.4,475.6836149668075,156.066650390625,33140,476.9005431502716,67.52082076041037,-0.20300344429597833
2,315.0,478.4425729818056,161.28140258789062,31823,472.0114382679194,67.04556452879993,-0.17637290196250655
3,0.1,596.2755768393557,231.3243408203125,9188,646.623421854593,22.117762298650412,0.011378271743135313
3,5.1,598.403238591326,223.21852111816406,8831,641.6636847469143,22.60695277997962,-0.02406136202972563
3,10.0,599.2023877855585,227.762451171875,8711,643.1934335897141,21.35782344162553,-0.004194744844750521
3,15.1,600.4294267657168,230.53968811035156,9019,647.0702960416897,21.326089366892116,0.007947674258647954
3,20.1,606.4043909348442,230.764404296875,8472,640.9295325779037,21.731822474032107,0.008930160872693134
3,25.1,600.7371698766002,223.65731811523438,8671,639.4333986852728,22.991004497751124,-0.02214288796439683
3,30.1,600.4602131879028,221.27584838867188,8068,637.6965790778384,20.821269211700546,-0.03255496447877582
3,40.1,600.9152440490502,225.2684783935547,8318,641.9237797547487,21.660375090165907,-0.015098698442402084
3,45.1,604.3347117794486,228.20266723632812,7980,642.0502506265664,20.60451127819549,-0.002270066443500879
3,50.1,599.2896168538025,226.1907958984375,8639,645.1400625072347,21.928695450862367,-0.011066213660303833
3,55.0,595.021771343896,221.6829833984375,8773,642.6704662031232,21.3057107032942,-0.03077492048910016
3,60.1,599.6069384835479,224.8601531982422,8388,644.0728421554602,21.524558893657606,-0.01688394606865652
3,65.1,642.0958149779735,264.3421630859375,8172,638.5521292217328,21.538179148311308,0.1557362234455424
3,70.1,704.3103406909789,285.2021179199219,8336,645.6248800383877,20.919985604606527,0.24693849378951319
4,0.1,487.5620899149453,211.81568908691406,37035,803.3518023491292,68.37505062778453,-0.010710272035784275
4,5.1,489.13034905409006,212.55523681640625,37530,806.5419397815082,68.45145217159606,-0.007256198471735522
4,10.0,490.70118056899554,213.48802185058594,36169,809.0087091155409,66.30929801763942,-0.0028996059233239386
4,15.1,490.1844273031582,215.1568145751953,34355,814.1917624799884,65.25978751273468,0.0048945263606168
4,20.1,496.55231320875725,217.52850341796875,34303,811.0276943707547,62.31909745503309,0.01597155007022667
4,25.1,493.39927842811534,214.8926239013672,38527,798.9573026708542,68.55475380901706,0.003660618140839631
4,30.1,493.09457092819616,210.18943786621094,40541,791.4393576872795,69.85760094718927,-0.01830571331148089
4,35.1,492.21581024019935,63.958282470703125,43339,779.8167239668659,73.34650084219756,-0.7012814672073818
4,40.1,491.8284981091302,212.2071533203125,37020,806.7197460831983,67.6469205834684,-0.008881929920826247
4,45.1,494.39818306951133,213.5115966796875,36325,806.067832071576,65.67746730901582,-0.002789499177363691
4,50.1,457.7867773325701,169.5404510498047,62892,743.4158557527189,110.46729313744197,-0.20815767981582572
4,55.0,461.00402283934596,171.09609985351562,61648,742.9955878536206,108.76485855177783,-0.20089198864599195
4,60.1,457.79326150271356,168.95236206054688,62833,736.5660878837554,111.08694475832763,-0.2109043620786438
4,65.1,447.7094486387554,158.2903289794922,78678,764.4108518264318,126.6861638577493,-0.26070161671908726
4,70.1,499.2200759013283,190.04603576660156,79050,762.0916888045541,128.24318785578748,-0.11238590571507323
4,75.1,467.4215866943479,166.0124053955078,85738,748.423452844713,114.23092444423709,-0.22463549286466242
4,80.1,705.3966441388953,293.13739013671875,8582,647.2908412957353,20.615124679561873,0.36910448038388805
5,0.1,347.0427676960628,110.62327575683594,18846,1157.2441366868302,105.34532526796137,-0.0026197817431858083
5,5.1,347.79543770509156,109.56906127929688,18894,1157.093204191807,105.58081930771674,-0.012124586753739197
5,10.0,348.97771468366636,111.05908966064453,18667,1157.213478330744,104.8103069588043,0.0013095194235544924
5,15.1,349.030755192958,111.3873062133789,18631,1157.199935591219,103.49793355160753,0.004268722129875374
5,20.1,350.8328802174956,111.93049621582031,18759,1157.3073724612186,105.52300229223306,0.009166126943495268
5,25.1,349.9468554813698,112.88968658447266,18572,1157.6808636657333,103.89295713978032,0.017814193932030372
5,30.1,352.7852386548039,112.11027526855469,17871,1158.59252420122,103.99076716468021,0.010787016124614404
5,35.1,351.9122670807453,112.56733703613281,18032,1158.58007985803,104.0011091393079,0.014907888177851767
5,40.1,353.87680625602087,112.53508758544922,17647,1159.2038873462911,103.33586445288151,0.014617126907753712
5,45.1,354.93404340149226,114.25921630859375,17557,1159.2220197072393,101.8349945890528,0.030161883383530663
5,50.1,353.1973963571349,113.8644790649414,17898,1159.0826908034417,103.66594032852832,0.02660292966846009
5,55.0,352.7177603383982,113.15204620361328,17967,1158.7342349863638,103.15461679746201,0.02017963007022104
5,60.1,353.7981746168417,113.2254638671875,17421,1159.5135181677285,102.02433844211009,0.020841564232074266
5,65.1,373.2160957164626,129.30540466308594,17719,1158.9853829222868,102.23014842824087,0.16581842150597198
5,70.1,420.00383580466024,163.86949157714844,17467,1159.7525047231923,103.25631190244461,0.4774484678442524
5,75.1,371.5150074464429,127.56896209716797,17458,1159.803471187994,103.28439683812579,0.15016264333870266
5,80.1,419.89252471526856,164.9886016845703,17297,1159.9198126842805,102.47540035844366,0.4875383723020388
5,85.1,374.26178535606823,129.46640014648438,16949,1160.2240250162251,101.90778217003952,0.1672699578962273
5,90.1,420.63373294749897,166.4757537841797,16933,1160.4070158861396,102.3010689186795,0.5009465459033148
5,95.0,373.39496394372856,128.9495849609375,16918,1160.2047523347912,101.77473696654451,0.1626103486138894
5,100.1,422.37114820798183,167.993896484375,16713,1160.3734218871537,101.22276072518399,0.5146341309735138
5,105.1,374.70834837002286,130.26316833496094,16626,1160.6519908576927,102.16931312402262,0.1744536253865089
5,110.1,421.9884578772013,168.77499389648438,16808,1160.2845668729176,101.60941218467397,0.5216765106358369
5,115.1,377.03066313650635,131.88095092773438,16241,1160.9673049689059,100.91952465981159,0.18903956441636752
5,120.1,421.4360274381151,169.02552795410156,16765,1160.2297643900984,101.73963614673427,0.5239353274296574
5,125.0,373.6715249337509,130.9773712158203,16604,1160.73223319682,101.580040953987,0.18089288349306656
5,130.1,420.98775534583683,168.0371551513672,16742,1160.5173217058893,102.45950304623103,0.5150241514138867
5,135.1,377.8995300006104,133.43423461914062,16383,1161.3070866141732,102.76377952755905,0.20304398090603004
5,140.1,426.2660730733804,171.32208251953125,16285,1161.6449493398834,102.62308873196193,0.5446410792530065
5,145.1,376.42683000788406,132.32952880859375,16489,1161.2743647280006,102.84753472011644,0.19308394568835363
5,150.1,426.69406674907293,171.977783203125,16180,1162.3145859085291,102.80673671199011,0.5505528811449647
5,155.1,377.6809399152331,133.40750122070312,16044,1162.1599351782597,102.01302667663924,0.20280295240108004
5,160.1,424.8287235344511,169.81942749023438,16342,1162.2560274140253,104.24513523436543,0.5310931311305952
5,165.1,377.8555952157305,133.03028869628906,15969,1162.6679190932432,102.92153547498278,0.19940200167569844
5,170.1,421.11160741981513,167.32839965820312,16119,1162.391029220175,102.83807928531547,0.508634006992413
5,175.1,376.23750618505693,131.58680725097656,16168,1162.0939510143494,103.43981939633845,0.1863875629951798
5,180.1,420.7123844731978,166.1765594482422,16230,1162.322797288971,103.84269870609981,0.49824900770408
5,185.4,314.34475290411496,84.5899887084961,15237,1163.8935485988056,101.71857977292117,-0.23733607757309827
5,191.1,313.63988234507656,81.86328125,14959,1164.258573434053,104.73821779530718,-0.2619200908512375
5,196.7,310.1869908268651,82.19818115234375,15589,1163.329078196164,103.34954134325486,-0.25890063101867916
5,202.4,309.9517743403094,81.18994903564453,15386,1163.9033536981672,103.21071103600676,-0.26799085874631773
5,208.0,307.1677654739807,79.25582122802734,15623,1163.3608781924086,103.2981501632209,-0.2854289684180845
5,213.6,310.1522403935647,80.24889373779297,15042,1164.4055311793645,103.65310464034037,-0.2764754198112609
5,219.3,308.69522121570174,80.11830139160156,15234,1164.290337403177,104.2183274254956,-0.2776528413064746
5,224.9,308.96591058083123,80.31794738769531,15254,1163.9560115379572,103.51055460862725,-0.2758528316268139
5,230.5,310.10769651027795,80.10228729248047,14643,1165.0504678003142,103.04882879191423,-0.27779722453475375
5,236.2,307.6094186510576,79.07330322265625,15034,1164.6637621391512,103.50445656511906,-0.2870745520150932
5,241.8,308.74035303776685,79.74820709228516,14616,1165.793035030104,102.70614395183361,-0.2809896140652129
5,247.4,307.5704018071052,78.78853607177734,14609,1165.7721952221234,103.20247792456705,-0.2896420146141966
5,253.1,307.8116542391605,78.53890228271484,14484,1165.9372410936205,102.96216514774925,-0.29189271458051036
5,258.7,308.4160751416075,78.94178009033203,13947,1167.057288305729,102.68896536889653,-0.28826036548450895
5,264.3,307.70053172633817,78.06716918945312,14105,1167.060333215172,103.96334633108826,-0.2961458634074403
5,270.0,306.5086333449843,76.69029998779297,14305,1166.8382383781895,105.08423628102062,-0.3085597256391238
5,275.6,307.13460700276045,77.63981628417969,13766,1167.189089060003,102.2811274153712,-0.29999888015295073
5,281.2,307.6749470300285,77.03174591064453,13687,1168.005187404106,103.88083582961934,-0.3054812468404561
5,286.9,306.31527627302273,75.57167053222656,13845,1167.5789093535573,103.23098591549295,-0.3186452965364616
5,292.5,307.849538945948,77.07611846923828,13339,1168.5473423794888,101.46742634380388,-0.30508118354571034
5,298.1,305.0259109916368,76.40459442138672,13392,1168.807945041816,103.33885902031064,-0.31113564899910295
5,303.8,305.99721028424943,76.73741149902344,13263,1169.6420870089723,103.80879137450049,-0.3081349679284885
5,309.4,305.4694438086519,76.6048355102539,13107,1169.6016632333867,104.43907835507744,-0.30933027395888685
5,315.0,308.5223340040241,77.48870086669922,12425,1171.110824949698,103.14494969818914,-0.3013613378006517
6,0.1,284.1871507721325,37.99201583862305,42415,1005.2775904750678,175.59165389602734,0.031206524324510283
6,5.1,285.67971383533404,36.93598937988281,41235,1004.302849521038,172.64421001576332,0.0025430972840011805
6,10.0,285.8065352443379,34.87614440917969,40886,1006.8167098762412,174.65741329550457,-0.053366691286014255
6,15.1,286.4390173340727,36.43890380859375,41479,1006.5608139058319,174.6524988548422,-0.0109491555734991
6,20.1,287.8347575516693,37.96842575073242,40256,1007.7892488076311,174.88153318759936,0.030566225251001507
6,25.1,287.0134450889785,38.6517333984375,40684,1010.0737636417265,175.23139317667878,0.04911305117956873
6,30.1,287.5340431093895,36.34307098388672,42079,1006.5530549680363,175.76460942512892,-0.013550318789004841
6,35.1,288.04044855785713,38.99406433105469,40842,1008.5997992262867,176.2564272072866,0.05840484271525399
6,40.1,288.47885948637827,37.9627685546875,40964,1008.1963187188751,176.68787227809784,0.030412673581206306
6,45.1,289.9327968201781,37.71261215209961,40757,1008.0448511912064,176.4236818215276,0.023622749204834204
6,50.1,289.46538287375773,39.789283752441406,41959,1009.1987892943112,178.53540360828427,0.07998925821683657
6,55.0,289.99032702728397,40.34526062011719,42076,1006.9697214564122,176.3857781157905,0.09507998085066748
6,60.1,290.06750938902627,38.862998962402344,43668,1005.2091233855455,177.51369423834387,0.054847372539378415
6,65.1,294.62712177121773,38.95293426513672,43360,1004.0251383763838,178.93948339483396,0.05728846098650696
6,70.1,317.41636985659386,46.903846740722656,42676,1003.6937857343706,181.53247727059707,0.27309782614322886
6,75.1,296.39305693753454,39.936153411865234,45225,1000.7262133775566,181.29771144278607,0.08397569978041378
6,80.1,317.7282706662661,49.123199462890625,43271,1007.0944050287721,183.31170992119434,0.33333708842923654
6,85.1,296.21335998742165,38.50782775878906,44521,1007.1231778261944,182.8815839716089,0.045207061165169454
6,90.1,317.5089454611756,49.21552276611328,43877,1008.868154158215,182.93363265492172,0.33584299369719567
6,95.0,297.59867224445253,42.04733657836914,43984,1004.5525873044744,183.81354583484904,0.14127894645704
6,100.1,318.815056855313,51.8370246887207,45906,1007.7244151091361,184.53217444342786,0.4069976778183212
6,105.1,295.93024181950926,42.25972366333008,45199,1005.4062700502224,180.92488771875483,0.14704370894356567
6,110.1,320.95149421161267,50.168243408203125,44572,1006.8854437763619,184.8421206138383,0.3617024202186732
6,115.1,299.0505146203867,44.67010498046875,46442,1000.2300073209594,182.25642737177554,0.21246800627228016
6,120.1,322.253041056885,55.366004943847656,47763,1000.5092016833114,183.08770387119736,0.502783789267552
6,125.0,298.3135143301105,41.5550651550293,46336,1003.5439399171271,183.06763639502762,0.1279173626536743
6,130.1,322.5331670090989,53.54928970336914,47698,1001.2419598306009,186.40041511174473,0.4534732020963208
6,135.1,298.9504646602438,42.136837005615234,46916,1005.5241282291755,182.1837326285276,0.14370823120197257
6,140.1,323.2445658232081,49.29967498779297,44855,1008.6725894549103,186.55873369746962,0.338127113613367
6,145.1,300.4255405869229,41.493309020996094,46616,1008.4366955551742,187.504976831989,0.1262411334005964
6,150.1,322.65320328183645,51.17658233642578,45828,1006.7147158942131,182.9178013441564,0.38907147812626947
6,155.1,298.05301323099576,39.56052017211914,44819,1007.0062027265222,181.75305116133782,0.0737799931555093
6,160.1,321.1611457091118,49.148502349853516,45282,1006.8244335497549,181.66496621173977,0.33402387752279794
6,165.1,298.6604962933369,39.89784622192383,45054,1008.4389621343277,183.8905979491277,0.08293593857469335
6,170.1,317.7342625695796,46.2012939453125,44194,1009.8201792098475,181.42661899805404,0.2540286346218654
6,175.1,298.89307204977405,40.627830505371094,44039,1008.0470719135312,183.03197166148186,0.10274969520563014
6,180.1,319.8262963221439,50.1227912902832,42987,1007.7321050550166,183.38734966385186,0.3604687262566976
6,185.4,266.799160128191,29.033523559570312,45245,1006.6390540391203,181.30135926621728,-0.2119512940315885
6,191.1,267.2595320057519,28.746456146240234,45898,1006.4415007189856,184.4536145365811,-0.21974308351715707
6,196.7,266.4255148077009,28.360929489135742,44774,1007.3732970027248,184.5676508688078,-0.23020732436702032
6,202.4,265.5519812113508,26.910282135009766,46411,1008.7685247031953,183.95815647152614,-0.26958183459103513
6,208.0,265.18547889869245,27.547929763793945,47035,1010.8051663654725,186.44596577017114,-0.2522743456224231
6,213.6,266.1182165378808,22.713010787963867,45036,1011.3663513633537,188.7098099298339,-0.3835071818487058
6,219.3,264.5990331824048,26.711578369140625,45717,1008.5368681234552,183.6693133845178,-0.27497519462337644
6,224.9,265.8737659139383,27.55841064453125,45479,1008.1564678203126,185.7696739154335,-0.25198986604537504
6,230.5,265.1228806584362,27.31181526184082,48600,1010.320390946502,185.56604938271605,-0.2586831346673616
6,236.2,265.7262543027016,25.561607360839844,47935,1012.9245227912799,188.37183686241787,-0.30618853196196133
6,241.8,265.3612305443288,25.633657455444336,46516,1008.6746710809184,183.62079714506837,-0.30423289665295467
6,247.4,265.2414568166448,26.072980880737305,50274,1015.338365755659,189.59559613319013,-0.2923084653625744
6,253.1,265.1288582100963,23.948795318603516,45779,1013.3990912863977,188.01011380764106,-0.34996463238073594
6,258.7,263.8365534368818,22.621421813964844,47514,1013.9277265648019,187.4170139327356,-0.3859931554265533
6,264.3,264.483947532792,23.050512313842773,48030,1015.6485946283573,190.33783052259005,-0.37434647353214445
6,270.0,263.7043920063227,23.0285587310791,44285,1016.1509540476459,186.1376764141357,-0.37494235341054727
6,275.6,262.9870955753309,21.420413970947266,48433,1017.5263972911032,187.42243924596866,-0.41859177111320967
6,281.2,263.88421206856856,23.506168365478516,47777,1012.9161311928334,185.9575527973711,-0.36197873039130685
6,286.9,264.2171089108911,21.89610481262207,50500,1016.068594059406,190.40912871287128,-0.4056802293413779
6,292.5,263.3300285041517,18.242246627807617,48414,1016.2845664477218,185.46534060395754,-0.5048558670633098
6,298.1,262.72364291526213,21.835962295532227,51618,1018.4776822038824,189.75248944166765,-0.4073126606468338
6,303.8,263.2666482180625,22.377771377563477,50591,1014.2070921705441,186.0621652072503,-0.39260649020559857
6,309.4,263.3531484342616,22.964292526245117,53074,1023.2862418510005,190.19823265629122,-0.37668671280437044
6,315.0,263.5421943005692,21.266006469726562,50777,1014.6221320676684,184.09283730823012,-0.42278281018151737
7,0.1,396.72356222205474,103.8455581665039,26534,635.8067385241577,178.9365719454285,-0.03612013691139075
7,5.1,410.7431742228388,105.20823669433594,31718,623.0876158648086,178.2330222586544,-0.02347194650218179
7,10.0,408.88752548791143,107.76290893554688,27464,638.0917564812117,170.87689338770755,0.00024016187848202486
7,15.1,415.7767095211478,112.2356185913086,26835,644.2883174958077,164.77670952114775,0.04175522373330191
7,20.1,416.4234482301032,109.63285064697266,30143,633.8296121819328,170.24984241780845,0.017596697801788738
7,25.1,398.25924738508394,99.29087829589844,24953,636.3434056025328,180.1987336192041,-0.07839603476975213
7,30.1,392.7857205546779,95.67847442626953,22788,637.2867298578199,184.03330700368616,-0.11192585933572755
7,35.1,387.1699189291101,73.53959655761719,21216,635.1548359728507,189.81348981900453,-0.3174158094668365
7,40.1,409.73109029271313,105.29850006103516,27433,639.5243320088944,171.17584660809973,-0.022634134629704192
7,45.1,411.2227399083826,108.33914184570312,25541,643.9607689597118,169.9222426686504,0.005588674692655635
8,0.1,561.1593292900463,182.26373291015625,14015,295.2565108811987,156.2083481983589,0.2347352403413357
8,5.1,571.9457305018813,187.42416381835938,15681,291.4032268350233,160.08271156176264,0.2696942845569279
8,10.0,574.8914918343629,127.56366729736328,16349,290.54370297877546,161.77625542846658,-0.13582722747770914
8,15.1,569.8535044964647,120.08983612060547,14567,292.4968078533672,158.14306308780118,-0.1864582695778592
8,20.1,573.0992303810244,120.72667694091797,15852,292.58163007822355,158.32065354529396,-0.18214402784269548
8,25.1,568.7876033057851,188.70755004882812,15730,292.54081373172284,157.31182453909727,0.2783885112164341
8,30.1,576.327949347461,129.7759552001953,15478,288.07584959297066,160.10763664556146,-0.12084020953512137
8,35.1,571.9336817653891,123.60409545898438,17220,291.4505226480836,162.2192218350755,-0.1626511205663003
8,40.1,571.8007678883072,192.9355010986328,14325,293.60774869109946,159.11916230366492,0.3070305239321799
8,45.1,567.2375554460325,191.98684692382812,16232,296.06881468703796,159.8206012814194,0.30060392045036893
8,50.1,572.1494223197573,138.49302673339844,15493,292.58665203640356,160.41741431614278,-0.061786906704284765
8,70.1,677.5816722919187,198.3629608154297,15703,288.73336305164617,160.59479080430492,0.34379853954813067
8,75.1,595.3043761820909,159.29208374023438,15333,294.45398813017675,158.6228396269484,0.07911511610717538
8,80.1,663.0470690345841,251.43873596191406,14978,293.2059687541728,158.05942048337562,0.7033573444481773
8,85.1,594.2278258687743,219.5648956298828,15942,293.64709572199223,160.10381382511605,0.4874298350386575
8,90.1,665.7657614628821,185.21340942382812,14656,293.7081058951965,158.71185862445415,0.2547176552786679
8,95.0,598.5934689442869,230.81610107421875,16567,291.77974286231665,161.3426691615863,0.5636504831984854
8,100.1,661.7291014213442,188.35162353515625,16604,294.77216333413634,160.75602264514575,0.2759773073944476
8,105.1,609.5698800738007,243.88563537597656,17344,286.5311923431734,166.73956411439116,0.6521892962666065
8,110.1,656.1388336434208,254.604248046875,15587,296.53583114133573,158.89799191634054,0.7248019251259707
8,115.1,605.707594038325,189.60498046875,16908,287.7152235628105,165.1090016560208,0.28446810229875913
8,120.1,672.4549142173162,275.28228759765625,15038,292.11517489027796,161.46043356829367,0.8648841220987884
8,130.1,668.421392494086,270.86529541015625,15641,292.443577776357,159.86784732433986,0.834961461001383
8,135.1,599.3656305872645,233.62322998046875,14542,294.8169440242057,159.43095860266814,0.5826672175174091
8,140.1,679.3872420262664,282.2373962402344,15990,290.35959974984365,163.63277048155098,0.912001108041499
8,145.1,615.4203207939072,250.23341369628906,17332,286.1851488576044,168.15514654973458,0.6951919576563417
8,155.1,606.6109838472834,208.79006958007812,17025,289.85086637298093,166.54989720998532,0.4144363918570692
8,165.1,622.5165592856335,156.5291748046875,17694,286.41686447383296,171.85616593195434,0.06039794745215109
8,175.1,593.5943554637045,232.08506774902344,15484,295.69336088865924,160.2173856884526,0.5722470254023723
8,180.1,675.9419191919192,279.427978515625,17820,291.8098204264871,167.3317620650954,0.8929688682534295
8,185.4,491.4736842105263,169.0869140625,15542,292.7585896281045,162.8260841590529,0.14546963424944775
8,191.1,496.6420955882353,174.1055450439453,16320,289.93939950980393,166.875,0.1794680629665524
8,196.7,491.4645468457745,176.4344940185547,17643,289.3666043189934,165.80088420336676,0.19524539467150828
8,202.4,495.22283777969017,62.78579330444336,18592,292.2337026678141,168.46218803786576,-0.5746612321168835
8,213.6,506.38017203832754,171.11239624023438,18368,280.09086454703834,171.7515788327526,0.15919114748524182
8,219.3,502.3433114035088,179.1385498046875,18240,284.6217653508772,170.7124451754386,0.21356386602989352
8,224.9,507.49141957491474,190.02980041503906,19055,284.93083180267644,172.38053004460772,0.28734602074203813
8,230.5,507.2454240225279,187.05191040039062,18466,284.69083721433987,171.48115455431605,0.2671724750550338
8,236.2,500.4953227855411,180.1280975341797,17318,287.7433883820303,167.3647072410209,0.22026750056044514
8,247.4,501.03458935138303,188.28759765625,18763,283.23866119490486,167.0645419176038,0.27554356773753874
8,253.1,499.16971253083625,186.93295288085938,19863,281.94562754870867,169.59683834264715,0.2663666041386226
8,258.7,508.6277534203159,198.56568908691406,18931,283.6472980825102,173.2657017590196,0.3451719106352829
8,264.3,513.0553963179362,196.43637084960938,18142,280.4657700363797,173.94157204277369,0.3307469659492351
8,270.0,510.8681046104071,94.38983917236328,18545,282.27770288487466,174.80091668913454,-0.36056142988294027
8,275.6,508.05308154320653,186.37440490722656,18481,279.6380607110005,174.03609112061037,0.26258275281804405
8,281.2,505.4587240114146,196.95945739746094,19624,282.50351610273134,174.8748980839788,0.33429058586784605
8,286.9,509.4158295724754,189.81591796875,20607,276.9865579657398,176.44368418498567,0.28589708633524813
8,292.5,515.1061320754717,199.01214599609375,18656,280.1126715265866,177.54909948542024,0.3481964074468881
8,298.1,505.8337337582741,196.53549194335938,20395,282.25359156656043,176.64069624908066,0.3314184561330482
8,303.8,491.299767687434,99.83885192871094,23675,260.483252375924,177.5911298838437,-0.3236474044325319
8,309.4,520.9149503397805,199.3034210205078,19130,277.6783585990591,179.14945112388918,0.35016963345039925
8,315.0,515.3112217503783,143.30850219726562,20487,282.5288719675892,178.60545711914872,-0.02916474342857289
9,0.1,363.12872411834564,96.70658874511719,19367,839.6842050911345,205.54768420509114,0.0016517124230366908
9,5.1,360.61798930705527,93.68822479248047,19078,841.7328336303596,207.85124226858161,-0.029611404817536918
9,10.0,366.142446338708,95.91454315185547,19474,842.3860018486187,204.4615898120571,-0.006552008079386448
9,15.1,364.71576012522013,95.36845397949219,20444,842.010271962434,203.0866268831931,-0.012208201330862062
9,20.1,373.3818181818182,101.05779266357422,21395,840.7773311521383,198.2243514839916,0.04671990180474903
9,25.1,367.81653838363377,98.50518035888672,19748,843.6243670245088,200.3974073323881,0.02028087092463803
9,30.1,367.03161462115713,96.71666717529297,20655,842.0570321955943,203.01176470588234,0.0017561011412729859
9,35.1,365.6318214542837,94.88331604003906,20835,843.8861531077514,203.79937604991602,-0.01723308385562325
9,40.1,373.26929328027796,94.92198181152344,17843,849.138093369949,201.1623045451998,-0.0168325978419809
9,45.1,379.2462834489594,103.75968933105469,18162,844.6683735271446,193.0121132033917,0.07470516587920492
9,50.1,371.7537097357944,95.53142547607422,16578,850.9084328628303,200.80594764145252,-0.01052020177730756
9,55.0,368.6591958849465,94.54393005371094,19052,846.5224648330884,203.7748792777661,-0.02074832060204516
9,60.1,370.04932418801695,97.3886489868164,19828,839.0038329634859,203.33346782328022,0.008716244611989407
9,80.1,425.02174817279695,127.8136215209961,16829,847.0246003921802,201.53389981579417,0.32384705663562896
10,0.1,517.7368396479678,187.54928588867188,42837,446.2835866190443,242.00994467399678,0.0652674953543298
10,5.1,525.5289484153295,182.3829803466797,37705,437.3604561729214,250.4133669274632,0.03592322278685091
10,10.0,515.8492193824447,168.0808563232422,43235,449.00871978720943,242.66652018040938,-0.045311892369695246
10,15.1,512.6254950277215,165.36143493652344,45452,452.67396374196954,240.6278051570888,-0.06075802534597578
10,20.1,526.2334222848799,176.91741943359375,39722,443.99891747646143,244.65903026030915,0.004879199574490324
10,25.1,514.5476588628762,174.0201416015625,44252,445.1680602006689,245.14446804664195,-0.011577146206029504
10,30.1,548.167638483965,175.9484100341797,15092,356.94679300291546,237.39590511529286,-0.0006247094966503766
11,0.1,656.2629987908101,322.6529235839844,41350,198.6637484885127,306.9434340991536,-0.007686752701197204
11,5.1,661.2181868035995,325.3550720214844,40117,196.9117331804472,309.72131515317693,0.0006236560839290418
11,10.0,663.0017467912205,326.082763671875,39501,198.23761423761422,310.03417634996583,0.002861658630474661
11,15.1,660.1463781332413,323.3592224121094,40573,198.44963399304956,309.16846178493086,-0.005514543393700798
11,20.1,663.7547632615643,328.31146240234375,40361,197.07698025321474,310.78489135551644,0.009715981380494648
11,25.1,660.5879373159655,324.81463623046875,40074,198.4907171732295,310.3835404501672,-0.0010384444443484325
11,30.1,660.3665382358195,327.3603820800781,39191,197.2702151004057,312.50690209486874,0.0067909510025078905
11,35.1,659.4109620781093,327.3868103027344,38843,198.61673918080479,313.8175475632675,0.006872230524642867
11,40.1,656.9783625730994,327.07769775390625,41040,203.30750487329433,309.3485623781676,0.0059215604556992485
11,45.1,659.1064649243466,330.9288330078125,39985,203.44109040890334,312.5058897086407,0.017765657472213314
11,50.1,658.403181829552,327.6553955078125,39977,204.04329989744102,312.06423693623833,0.007698259478811372
11,55.0,640.685715360596,281.37884521484375,53162,226.32440464993792,275.5474022798239,-0.1346244363297989
11,60.1,659.7591177492185,251.65878295898438,40306,206.75594204336824,310.93035776311217,-0.22602795178363588
11,65.1,681.19191272035,333.4881591796875,54629,230.61066466528766,272.71275329952954,0.025636818955270636
11,70.1,773.9835401563428,409.7438049316406,38761,205.35989783545315,314.44041691390834,0.260159682162154
11,75.1,709.8079429579085,363.77386474609375,39129,208.10209818804466,315.02328196478317,0.11877996020907504
11,80.1,778.3930832057172,409.60736083984375,39180,207.31702399183257,312.3476263399694,0.25974005081866036
11,85.1,720.1848147064301,373.4613342285156,37589,206.70797307723004,314.6060815664157,0.1485735978846001
11,90.1,782.3583890554147,414.5566711425781,39033,208.88494350933826,313.9707939435862,0.27496156539178773
11,95.0,719.9210687225841,375.3072509765625,37615,209.21656254153928,318.0299348664097,0.15425068155131869
11,100.1,790.0671598260685,420.2576599121094,37716,209.637633895429,316.0887952062785,0.29249485353270566
11,105.1,720.5167316660758,374.5148010253906,36667,208.95868219379824,319.4262961245807,0.15181351601866402
11,110.1,791.3998138717266,421.3644714355469,38683,210.84000723832173,313.9946229609906,0.29589883241121756
11,115.1,721.4489823281757,374.6811218261719,37291,212.31525032849748,319.46700276206053,0.15232503264179986
11,120.1,788.8080973554879,424.9293518066406,38457,213.42052162155133,317.0646436279481,0.3068625576983713
11,125.0,688.87834715752,325.2398681640625,52806,235.6420103776086,273.25569064121504,0.0002693486981790013
11,130.1,794.5596679349705,431.39141845703125,37583,215.03772982465478,317.7217624990022,0.32673652713550644
11,135.1,727.1550047713615,383.68646240234375,38773,217.9236324246254,316.7234157790215,0.18002079516864017
11,140.1,795.7290167865707,430.3640441894531,37530,218.19014122035705,319.68308020250464,0.3235768561047051
11,145.1,725.8209164043371,383.02447509765625,37167,219.79223504721932,323.9580541878548,0.17798486515229847
11,150.1,764.7906798225084,388.1121520996094,53411,240.32182509220948,274.60788976053624,0.1936319240133704
11,155.1,727.5251563848145,386.3552551269531,37088,221.3793949525453,323.7237111734254,0.18822861906035587
11,160.1,761.9006052355636,389.0823669433594,54359,242.76081237697528,275.07730090693354,0.19661580226708306
11,165.1,732.4299969339688,368.7308654785156,35877,221.29726565766367,326.51208295007945,0.13402512656000612
11,170.1,756.8527303120356,385.24072265625,53840,244.4181835066865,277.4027117384844,0.18480089454777912
11,175.1,731.4399291926422,388.55560302734375,38979,225.73673003412094,320.35231791477463,0.19499574934378996
11,180.1,794.9825206501465,430.5330810546875,37530,225.20514255262458,324.34345856648014,0.3240967259350811
11,185.4,590.8242366754685,283.6976318359375,39007,227.63293767785268,320.9427538646909,-0.12749304989693544
11,191.1,589.257065032346,284.82598876953125,38181,226.9875592572222,323.6837956051439,-0.12402280849806868
11,196.7,588.9117949258372,285.1143493652344,37957,228.45562083410175,324.1089390626235,-0.12313596068669064
11,202.4,591.7528863905652,242.3485107421875,36291,227.82370284643576,327.1217381719986,-0.25466152607164555
11,208.0,589.4357860301071,222.80873107910156,39127,228.63613361617297,318.9043371584839,-0.3147557660171669
11,213.6,593.4453917307478,283.9837341308594,35892,227.20870946171848,327.23161150117016,-0.1266131474488807
11,219.3,592.7719798289849,284.3905944824219,36488,229.15314623985967,326.85518526638896,-0.12536185577555103
11,224.9,598.0534771698059,289.84234619140625,34669,228.2645302720009,329.60362283307853,-0.10859509171924786
11,230.5,595.464989934089,286.1148986816406,36261,230.41912798874824,326.8345329693059,-0.12005878930941889
11,236.2,598.0021563489464,286.10760498046875,36636,232.26869745605416,324.9846053062561,-0.12008122095582797
11,241.8,596.225415218231,221.20713806152344,38835,233.2876786404017,318.3160808548989,-0.319681436457312
11,247.4,591.890351585635,284.7442626953125,37146,231.36380767781188,327.05222635007806,-0.12427415556536368
11,253.1,595.5212046366723,286.4541931152344,35629,231.66631115102865,328.53860619158553,-0.11901529539822182
11,258.7,584.5191871119499,278.9640808105469,36561,230.08148026585707,332.2410492054375,-0.14205100070390314
11,264.3,593.5676924811182,283.84429931640625,35484,232.36808138879496,331.6306504339984,-0.12704197670596465
11,270.0,598.0578341013825,243.1661834716797,34720,231.3464573732719,332.1893721198157,-0.2521467883391704
11,275.6,597.2429977716978,290.53717041015625,35453,234.48847770287423,329.67235494880543,-0.10645817236593476
11,281.2,595.1543588301462,295.6094055175781,35560,232.7196850393701,332.9516029246344,-0.09085860477299251
11,286.9,598.2078915348513,286.1181945800781,34518,232.65980068370126,335.6090735268556,-0.1200486528332173
11,292.5,596.9584204802142,285.6505126953125,35859,234.9403775900053,332.5319166736384,-0.12148700003497079
11,298.1,592.6786422059906,283.2605285644531,35322,234.10265556876735,333.8853972028764,-0.12883735312504083
11,303.8,594.6157266689181,243.62091064453125,35532,234.17989417989418,334.29049870539234,-0.25074828312026487
11,309.4,600.0624567274406,287.0725402832031,34664,234.73104661897068,333.8051292407108,-0.11711357983529008
11,315.0,596.7391506015365,276.5086975097656,34495,235.00275402232208,336.3578199739093,-0.14960248776156584
12,0.1,391.3811134718125,133.44622802734375,48479,1127.1109758864663,422.6641019823016,0.43947083892606564
12,5.1,376.7249388057153,121.42057800292969,35134,1113.4550008538738,373.4420219730176,0.309751379746391
12,10.0,381.65447932618684,67.9128646850586,36568,1115.5245843360315,376.75317217239115,-0.2674308614999408
12,15.1,388.62207051151415,83.857666015625,39256,1119.051431628286,384.31314958222947,-0.09543591726579662
12,20.1,376.3876872817393,56.88795471191406,35508,1110.7592655176297,369.8001013856032,-0.38635543990671944
12,25.1,397.1467882055891,137.7480010986328,46734,1126.2253819489024,414.1076090212693,0.48587362590127486
12,30.1,380.97944835045973,120.52359771728516,35131,1113.944436537531,369.9320543110074,0.30007574497301764
12,35.1,382.914298475797,67.26687622070312,35822,1113.706939869354,371.27580816258165,-0.2743990731194688
12,40.1,378.1252106700761,122.93899536132812,34414,1111.1623176614169,366.8316382867438,0.32613039278440537
12,45.1,383.02123105898465,123.17351531982422,35043,1111.856861570071,368.81919356219504,0.3286601356358264
12,50.1,385.4740189105514,128.5583953857422,35853,1113.0329400608039,370.52296878922266,0.38674628719355264
12,55.0,403.47510765445116,142.52496337890625,45516,1125.6137182529221,409.32803849195886,0.5374022303642979
12,60.1,384.0280986134252,62.839271545410156,35411,1112.1445596001242,369.5806952641834,-0.3221591927615991
12,65.1,439.55942016272286,172.80184936523438,45599,1124.1199149104148,406.67365512401585,0.8639959086950056
12,70.1,442.8085637142689,163.32676696777344,34074,1109.41189763456,366.92924223748315,0.7617891621335968
12,75.1,439.8934337512402,172.761474609375,44348,1124.9411472896186,406.85298096870207,0.8635603903251914
12,80.1,458.04777113907323,103.76404571533203,36319,1113.8281615683252,374.21649825160387,0.11929216842012186
12,85.1,421.95035149384887,152.6147003173828,34140,1112.897100175747,370.3613942589338,0.6462391927128789
12,90.1,449.258286246869,169.5348663330078,34334,1110.2505096988407,366.99263121104445,0.8287552962350359
12,95.0,413.290332042708,147.92343139648438,34092,1108.392936759357,364.0357268567406,0.5956349537694616
12,100.1,480.86701660370727,197.14361572265625,45532,1125.4838355442325,412.2748835983484,1.1265680574730186
12,105.1,421.07972729321614,152.6408233642578,35496,1111.0356941627226,367.5313556457066,0.6465209793527588
12,110.1,484.0430010836734,171.20896911621094,43371,1123.2618108874594,398.27679786032144,0.8468136720573339
12,115.1,418.4334351317724,151.82888793945312,35364,1109.1167854315122,363.96273046035515,0.6377627148114942
12,120.1,461.12067789209397,176.38023376464844,36643,1111.4252108178916,367.9944327702426,0.9025955759135429
12,125.0,444.6457619247695,161.0111083984375,45221,1125.1196789102407,406.9349638442317,0.7368103895392503
12,130.1,483.5876719867914,186.72537231445312,45425,1127.4215520088057,411.84537149146945,1.014187529370949
12,135.1,450.10714447720574,175.6668243408203,44090,1126.9171921070538,409.2859832161488,0.8949001012868251
12,140.1,483.87822079916924,193.24375915527344,46223,1129.5519113861064,424.5187244445406,1.0845007027959603
12,145.1,451.30433084434236,177.67230224609375,43525,1127.8593681792074,411.5638139000574,0.9165329867225986
12,150.1,490.99911599125295,188.54315185546875,42986,1127.8073791466988,408.0747452659005,1.033795731712586
12,155.1,522.3993833504625,239.27450561523438,9730,1175.2907502569374,549.0729701952723,1.581029665829191
13,0.1,398.0520064575646,124.05817413330078,34688,925.3729531826568,378.64310424354244,0.02469363395502945
13,5.1,399.5536719917251,123.77572631835938,34804,925.5634984484542,373.917566946328,0.022360676212285453
13,10.0,402.2542555045605,121.12139129638672,34426,923.3842735142043,377.9713007610527,0.0004364441461521331
13,15.1,401.31984857901574,116.31359100341797,35398,922.8184925702017,380.4094299112944,-0.03927494438547856
13,20.1,403.21350056369783,120.0738754272461,35480,921.7240980834273,379.92953776775647,-0.008215809927988245
13,25.1,400.4563506511693,119.1257553100586,35705,921.0016244223498,382.9452737711805,-0.016047076630840196
13,30.1,403.07834914391486,117.14468383789062,34576,921.6222813512263,386.10194932901436,-0.032410297677114876
13,35.1,401.1504550784522,118.99944305419922,35818,922.8856161706404,387.31634932157016,-0.01709038849137529
13,40.1,402.01952850599906,117.03662872314453,35589,923.2300429908117,386.73432802270366,-0.033302809508520916
13,45.1,400.584512285927,117.61239624023438,36261,917.883676677422,379.17522958550506,-0.028547094590726657
13,50.1,404.2154599107528,119.06706237792969,34735,920.4365049661725,382.91438030804665,-0.016531867531003067
13,55.0,403.72020505267926,120.06434631347656,35308,921.7045995241872,388.45547751217856,-0.008294518342690366
13,60.1,405.9706275429895,119.23430633544922,33671,921.4899468385257,388.00255412669657,-0.015150468684978075
13,65.1,429.0458248472505,135.8618621826172,34370,919.1631655513529,386.28137910968866,0.12218953928996773
13,70.1,481.2449760486038,168.33694458007812,34236,923.1522374109124,384.8710129688048,0.39042668228618044
13,75.1,425.00511892304644,130.7408905029297,35359,921.8983002912978,386.20034503238213,0.07989142297075282
13,80.1,485.68725458356704,174.2969207763672,33871,920.7682678397449,389.24847214431225,0.4396547940936198
13,85.1,430.30014705882354,131.0911407470703,34000,922.0218235294118,387.9811176470588,0.08278441408536051
13,90.1,484.7901062284624,179.58079528808594,35113,919.7766923931307,389.0899097200467,0.4832984525030827
13,95.0,431.3009483543263,141.4525604248047,34059,918.2973076132594,393.02434011568164,0.16836749522197705
13,100.1,492.0301087683053,172.9254608154297,32914,917.1980616151181,392.1018715440238,0.4283268320224802
13,105.1,432.782255665933,138.45404052734375,33622,917.6751234310868,392.15445244185355,0.14360037067189113
13,110.1,495.2048498562779,178.0267333984375,32702,917.8745948260046,392.9137667420953,0.47046223807207066
13,115.1,433.48843405595255,137.4677276611328,33028,919.4308465544386,392.35239796536274,0.1354536401387759
13,120.1,499.5578900169747,183.1785125732422,31223,918.9737052813631,392.8975114498927,0.5130148176247261
13,125.0,439.15386288092947,138.3964080810547,32191,915.2204342828741,394.70963934018823,0.1431243391549497
13,130.1,499.50432558726953,181.85374450683594,31672,919.4198029805507,393.7401174539025,0.5020725204839123
13,135.1,443.1699391506179,139.05133056640625,31882,918.8864876732953,394.223888087322,0.14853385695707905
13,140.1,504.15650916104147,182.15049743652344,31110,919.8644487303118,395.0892317582771,0.5045236353744277
13,145.1,442.64979927177666,141.35585021972656,32133,918.4595275884604,398.2444838639405,0.16756868988589693
13,150.1,499.5405805866344,182.54136657714844,33070,924.3365285757484,392.63900816449956,0.5077521297715607
13,155.1,435.7891369945685,136.6532745361328,33140,932.061013880507,385.6726916113458,0.12872643382469992
13,160.1,487.1541815299247,176.29843139648438,35322,934.8013419398675,389.71697525621425,0.4561868380726303
13,165.1,433.4325105117131,136.88291931152344,34961,932.2399244872859,391.2482194445239,0.13062324990359012
13,170.1,480.0056368501964,161.18336486816406,35126,938.9799863349086,386.2474235608951,0.33133966410298643
13,175.1,428.45378057614084,135.60447692871094,35894,938.6704741739567,387.9841756282387,0.12006359287011922
13,180.1,478.4597931989036,169.53384399414062,36847,939.9278638695145,389.2343745759492,0.4003128120687816
13,185.4,349.19110174072875,85.50127410888672,36996,940.9236403935561,390.54378851767757,-0.29377800466190757
13,191.1,350.842462122269,85.94744873046875,35839,935.3630681659645,391.5611484695444,-0.29009269897720397
13,196.7,348.87666703104503,85.64984130859375,36592,938.0311543506778,395.3437363358111,-0.2925508717880129
13,202.4,351.39034517823853,86.45983123779297,35402,933.2755776509802,396.3892152985707,-0.2858605305040416
13,208.0,353.01631379015873,88.4625244140625,33959,923.4840248534998,405.0254424453017,-0.26931871886748204
13,213.6,355.4890463718996,86.65511322021484,32455,922.7157602834694,407.89413033430907,-0.28424754364838467
13,219.3,348.48524635669673,86.20989990234375,36025,933.5898959056211,400.1295766828591,-0.28792490917275804
13,224.9,345.9893656322567,82.50016784667969,37896,938.9973084230526,397.89798395609034,-0.3185664920243106
13,230.5,350.8379795433057,86.16093444824219,34903,929.5522447927112,405.7623413460161,-0.28832935321243636
13,236.2,350.57266317944055,84.70829010009766,35176,929.4096258812826,406.49513873095293,-0.3003278807286082
13,241.8,346.6796434516458,81.22642517089844,37246,938.112334210385,397.0204854212533,-0.32908733049616695
13,247.4,352.7456696363371,86.31433868408203,34235,925.2005549875859,406.6105447641303,-0.2870622674683086
13,253.1,347.48933174482835,83.05071258544922,36932,928.6809541860717,407.3536499512618,-0.31401911178946684
13,258.7,347.5621577602426,83.68122100830078,35611,926.7308135126787,406.2701974109124,-0.30881124885286737
13,264.3,349.02614950634694,85.64049530029297,35450,922.2428772919606,410.8673624823695,-0.2926280677912236
13,270.0,344.2391672529248,82.03155517578125,38379,932.3505041819745,403.64913103520155,-0.3224371311338652
13,275.6,346.5290797410215,83.14044952392578,36142,928.1790437717891,407.03879143378896,-0.3132779041243537
13,281.2,346.1129101207652,84.2428970336914,37428,928.0181949342738,408.08862349043494,-0.3041719266027711
13,286.9,351.9096532172618,87.54388427734375,34921,920.1500529767188,416.57280719337933,-0.2769064873202067
13,292.5,352.5072967538064,87.20671081542969,34810,920.2991094513071,416.55288710140763,-0.27969146704746495
13,298.1,348.0052511291288,86.0185317993164,36754,922.4172334983947,415.3861076345432,-0.28950556823278467
13,303.8,350.00256927369674,88.41095733642578,36197,926.3729038318093,411.6366549714065,-0.2697446517537684
13,309.4,353.68485459257124,90.43132019042969,34730,919.171062482004,417.282004031097,-0.2530568924082816
13,315.0,350.69047158604303,89.18135833740234,36197,924.9951100919966,414.61706771279387,-0.2633813064376828
14,0.1,362.64399680462896,61.24605941772461,46317,447.9131420428784,432.5569229440594,-0.06110538557750546
14,5.1,365.48111027063374,63.666046142578125,47592,451.3833417381072,428.50493780467303,-0.024007284499000026
14,10.0,364.7553742845554,70.40369415283203,44378,444.8558519987381,429.7262382261481,0.0792800370175758
14,15.1,366.8989003041712,64.65092468261719,47013,444.83653457554294,433.4350498798205,-0.008909216706652269
14,20.1,369.53583181694995,66.19373321533203,51658,455.9127531069728,423.32951333772115,0.014741849765582382
14,25.1,364.94154550296906,72.42828369140625,50689,460.73558365720373,430.1204797885143,0.11031674749748864
14,30.1,364.39310648026026,75.17254638671875,56865,471.7128462147191,421.42683548755826,0.15238595961799617
14,35.1,367.8420316771353,67.3182144165039,47921,448.5514492602408,428.68779866864213,0.03198000931146937
14,40.1,365.79924587863906,70.48458099365234,57020,474.75615573482986,420.6625394598386,0.08052002241330336
14,45.1,365.05498575996364,76.02115631103516,57233,477.4800901577761,422.68083098911467,0.1653950461659476
14,50.1,368.45190897197,76.04743957519531,50446,458.65977480870635,425.7972287198192,0.16579796539706262
14,55.0,370.860744655911,76.80426788330078,46921,451.3545320858464,427.0482939408794,0.17740005097249917
14,60.1,366.53176854622467,74.85234069824219,51466,457.87784168188705,426.9721369447791,0.14747724550191565
14,65.1,371.90878703756164,76.34748840332031,52953,470.9014786697638,422.0398088871263,0.17039767730454927
14,70.1,421.47829035281916,99.35792541503906,50139,454.98532080815335,429.26290911266676,0.5231448677557682
14,75.1,372.7119872036131,75.87557220458984,53140,469.014188934889,426.0468385397064,0.16316325958593692
14,80.1,420.5208365488501,102.18360900878906,51832,464.2297422441735,428.1403766013274,0.5664622523100811
14,85.1,373.7442306617743,30.028888702392578,53689,467.2140289444765,423.71329322580044,-0.5396608018897368
14,90.1,424.2366265973348,106.693603515625,47501,452.74187911833434,429.9404012547104,0.6355999175541875
14,95.0,377.54544194793624,79.67744445800781,50515,457.6689894090864,427.8588340097001,0.22144549712730294
14,100.1,422.76420893764265,72.73881530761719,54332,468.9927298829419,426.0834499006111,0.115077159266674
14,105.1,375.81592976969006,80.734130859375,56272,476.7726578049474,422.29503127665623,0.23764437066805552
14,110.1,424.2393199651264,111.30436706542969,57350,484.90999128160416,420.0755884917175,0.7062823599258897
14,115.1,377.46049523499227,80.60408020019531,49108,458.9530422741712,426.028386413619,0.23565070993842224
14,120.1,427.2590112096072,95.73188781738281,56291,478.0140875095486,423.34218613988025,0.4675581540226773
14,125.0,377.67649283364216,82.19882202148438,52886,472.881953636123,420.3308815187384,0.26009790738488037
14,130.1,428.9612501673136,94.89092254638672,44826,450.8681791817249,431.6805871592379,0.45466625907692537
14,135.1,383.18227309966124,67.1825942993164,45163,452.15614551734825,433.1146956579501,0.029900969470453228
14,140.1,432.0239875507648,106.47550964355469,52694,481.34852165331915,425.27490795916043,0.6322565651185841
14,145.1,382.66063743528974,81.88023376464844,48099,456.99343021684444,434.9881078608703,0.2552139882984069
14,150.1,435.7659339761399,98.90170288085938,48952,463.85931116195457,429.84139565288444,0.5161510319989566
14,155.1,382.20776245451685,71.36366271972656,44522,452.95069853106327,436.34266205471454,0.0939962379624372
14,160.1,431.26212438572463,105.54703521728516,49652,477.2666962055909,426.8534198018207,0.6180231655049397
14,165.1,381.36345827922435,79.3677749633789,45433,460.72167807540774,430.87969097352146,0.2166983015767289
14,170.1,430.25142121158285,111.15393829345703,45032,459.3401136969266,439.0054183691597,0.7039763052147445
14,175.1,383.0335565867374,68.12860107421875,43747,459.82791962877457,440.8654993485268,0.04440313784842333
14,180.1,431.88715028694406,100.15269470214844,44608,454.0585096843615,440.5476820301291,0.5353285839077897
14,185.4,324.1763180639585,48.27346420288086,45123,473.87589477649976,428.86669769297254,-0.25997368662570247
14,191.1,324.69268582755205,43.757728576660156,50450,475.12834489593655,432.12545094152625,-0.32919936252914533
14,196.7,325.30800946781704,52.04122543334961,52388,483.11138046880967,432.907077956784,-0.2022143669021348
14,202.4,324.2248837657746,26.483379364013672,46673,475.6160092558867,433.2486448267735,-0.5940130272383809
14,208.0,320.54174535643875,48.53223419189453,48185,474.583646362976,433.61627062363806,-0.25600677428278706
14,213.6,322.03917935437784,47.23943328857422,44794,474.5502969147654,428.88132339152565,-0.2758252543154257
14,219.3,322.2506915392177,46.56657028198242,43743,464.9588962805477,432.9341608943145,-0.2861401620685005
14,224.9,323.3109439213725,46.16101837158203,45989,471.9158929309183,430.41207680097415,-0.29235722334825825
14,230.5,321.17929141486366,43.470672607421875,43354,464.5899340314619,430.97760298934355,-0.33359989549596764
14,236.2,326.4376391982183,48.550682067871094,48492,481.551328054112,431.62754681184526,-0.2557239705960421
14,241.8,324.7658430898713,45.85792922973633,48002,476.93294029415443,437.0076246823049,-0.29700354289394504
14,247.4,325.9774836026236,48.44846725463867,50008,487.8956566949288,429.7226643737002,-0.25729091120529135
14,253.1,322.6763499796996,44.28792953491211,49260,474.48024766544864,433.1144742184328,-0.32107144656202696
14,258.7,322.2185838595578,42.76549530029297,46083,472.9053447041208,432.2051732743094,-0.34441017753159325
14,264.3,323.49036280020437,44.005699157714844,48925,480.91916198262646,429.9004803270312,-0.3253980037919319
14,270.0,322.67216613313633,32.33880615234375,48732,466.3154600673069,439.4036156939998,-0.5042500493590677
14,275.6,323.79923165088934,42.67864227294922,47114,471.9958611028569,434.92929914675045,-0.3457416238384186
14,281.2,321.0562529495045,36.16520690917969,42380,455.1369513921661,433.66045304388865,-0.44559179285455663
14,286.9,325.3946958836781,45.114437103271484,48830,469.6125332787221,440.4465082940815,-0.30840118643281
14,292.5,324.06949985302145,42.24266815185547,47626,465.33874354344266,440.52664510981396,-0.35242505389439444
14,298.1,321.775167163872,41.587013244628906,48605,459.9669992799095,443.93138565991154,-0.36247616358483353
14,303.8,323.13844847671135,28.22832489013672,50647,465.78918790846444,440.33887495804294,-0.567263225332539
14,309.4,304.5717078780909,25.465068817138672,8695,372.2272570442783,498.2193214491087,-0.6096236036143995
15,0.1,423.66961540874587,141.4658660888672,31878,657.407867494824,410.930955517912,-0.04413004052940831
15,5.1,438.39224330933763,154.3232879638672,29033,663.3657906520167,415.3819446836359,0.0427462050720013
15,10.0,426.65858203256255,148.9528350830078,32737,655.0861105171518,411.55084461007425,0.0064586205154482925
15,15.1,430.32663505918555,137.4993896484375,31849,652.8638261797859,412.91381205061384,-0.07093110412995805
15,20.1,455.5327711028959,157.74351501464844,25968,666.7191158348737,418.18838570548365,0.06585631907191676
15,25.1,500.1506396169238,209.0984344482422,43229,658.4583034537001,474.4260103171482,0.41285610152663177
15,30.1,500.7254130265548,210.25962829589844,23122,676.4409653144191,437.93339676498573,0.4207021660705651
15,35.1,438.4641878425511,152.25729370117188,32112,658.199053313403,409.7103263577479,0.028786499407678832
15,40.1,524.0538703350439,220.7008056640625,37219,660.6678578145571,492.5493162094629,0.49125210199265296
15,45.1,548.6407155768871,245.24227905273438,16043,636.5090693760519,568.549273826591,0.6570762532309599
15,50.1,557.9747880029594,254.63558959960938,17571,643.9469011439303,567.9692675431108,0.7205458633918712
15,55.0,554.5989923596501,248.724365234375,18062,640.4040527073414,568.7345255231978,0.6806043428637414
15,60.1,548.8764860274819,242.82290649414062,19431,637.4801605681643,564.9157531779116,0.640728807635324
15,65.1,564.1878136974473,256.6600036621094,18529,638.0565599870473,567.6887041934265,0.7342246160222617
15,70.1,610.1219177329892,283.3690185546875,18209,638.4056235927288,570.6244714152342,0.9146946169398699
15,75.1,562.2220229360291,252.9810791015625,18399,638.4939398880374,570.153269199413,0.7093665101921512
15,80.1,608.5195974576271,262.20684814453125,18880,638.1306144067796,570.4783898305085,0.7717040600548709
15,85.1,558.6565223160968,250.00294494628906,22607,654.9706728004601,571.0443667890477,0.6892435713306245
15,90.1,603.2846095260413,278.0065612792969,17069,634.0256605542211,570.4548596871522,0.8784610578474564
15,95.0,561.7431360914828,253.3692169189453,18539,643.7621770322024,570.8777711850693,0.7119891165496287
15,105.1,551.3677453478867,246.41697692871094,20797,650.910900610665,571.9369139779776,0.6650135630721519
15,110.1,598.3806206459784,276.33935546875,18948,639.6800717753853,573.2498944479629,0.8671959237581103
15,115.1,547.1665721844294,241.19444274902344,21168,653.7683767951625,575.2899659863946,0.6297254496021808
15,120.1,600.5870536835233,265.47296142578125,19913,647.4508612464219,573.5055993572039,0.7937728435436993
15,125.0,550.846327451785,245.51148986816406,19496,647.3171932704145,573.9092121460812,0.6588952823603766
15,130.1,611.2499412179637,275.2464599609375,17012,643.0340347989654,569.3672701622385,0.8598113439040409
15,135.1,558.810940111822,241.65798950195312,17349,644.9092166695486,569.3971986858032,0.6328575861958753
15,140.1,595.9929764504515,267.6905517578125,16943,639.4369356076255,572.1850911881013,0.8087568678840267
15,145.1,549.02552405151,239.17495727539062,17317,635.4961020962061,574.6572731997459,0.6160799989277389
15,150.1,590.5147612888713,202.41317749023438,17783,636.4798402969128,576.9473654613957,0.36768452428207477
15,155.1,541.3707388441843,230.99546813964844,20505,649.6067300658376,576.291733723482,0.5608120522149925
15,160.1,581.9553542542866,190.71478271484375,15455,635.372112584924,581.0348754448398,0.2886397027362248
15,165.1,538.6689014672748,232.3495635986328,18197,631.5377809529043,580.8476671978898,0.5699615326323083
15,170.1,594.4463722397477,273.5655212402344,17752,636.2794614691302,575.6518138801262,0.848453417986974
15,175.1,543.1577664320869,188.6400146484375,21741,644.8659675267927,579.5208132100639,0.2746207134041919
15,180.1,604.1350697569757,280.40667724609375,17776,641.7964108910891,571.9145477047705,0.8946783886802219
15,185.4,455.0448934899463,178.51751708984375,20092,638.9958192315349,577.7654787975314,0.2062240633953767
15,191.1,461.411850921273,147.22384643554688,19104,649.8274706867671,574.153161641541,-0.005223973696609902
15,196.7,457.5830119965724,180.95091247558594,18672,635.8884425878321,576.3771422450728,0.22266625975731844
15,202.4,459.6580024559967,148.19290161132812,19544,636.164602947196,573.925757265657,0.0013238300754809967
15,208.0,458.4767160727426,185.5657196044922,19026,636.9569010827289,576.8925155050982,0.25384802554455915
15,213.6,464.54412730487496,190.52662658691406,19795,639.8663803990906,572.0675928264714,0.28736835159442137
15,219.3,464.41019050498943,192.548828125,19842,636.967442798105,574.0544803951215,0.3010321544303458
15,224.9,470.8957209448489,196.60028076171875,19093,641.9398208767611,571.8113444717959,0.32840739324042467
15,230.5,467.1894041102964,193.94052124023438,19366,638.0823608385831,573.4573995662502,0.31043567825155455
15,236.2,467.53299760191845,193.1860809326172,20850,640.9238848920863,573.4947721822542,0.30533800454267546
15,241.8,468.49436070952527,192.367431640625,19506,634.440223520968,575.6906080180457,0.29980647748818706
15,247.4,463.18077647551274,188.6886444091797,19112,631.6536730849728,578.5641481791545,0.2749492995763538
15,253.1,457.52750874702093,185.82183837890625,19721,630.796916992039,582.3076923076923,0.2555785931315489
15,258.7,458.66358053410255,186.9478302001953,21494,631.6347352749605,578.4323066902391,0.26318680129042504
15,264.3,463.28083521326266,190.63722229003906,19061,632.9876186978647,576.4435758879388,0.28811563511366484
15,270.0,466.70392871607936,194.6015625,19752,639.903756581612,577.377885783718,0.3149022644299025
15,275.6,460.5611645177457,188.60501098632812,21949,645.2913116770695,579.0346257232676,0.2743841973455351
15,281.2,496.73071882246194,222.6953887939453,9919,692.5740498034075,556.601673555802,0.5047292901528282
16,0.1,614.058213519879,316.4416198730469,28447,793.3821492600274,469.11231412802755,-3.75136891212616e-05
16,5.1,612.8756589900111,312.1217346191406,28832,791.7578385127636,467.8053551609323,-0.013688446208070014
16,10.0,620.6193804375523,318.864501953125,27471,794.2277310618471,466.7400895489789,0.007618847031712472
16,15.1,626.1264667057789,317.45745849609375,27272,792.2141757113523,471.2430698151951,0.003172558726764175
16,20.1,626.2107014941572,317.38214111328125,27641,791.9776780868999,468.83828370898306,0.0029345541387146286
16,25.1,613.9288810019452,315.2043151855469,29303,789.8788519946763,468.283315701464,-0.003947423744988692
16,30.1,612.3302917185124,310.404541015625,28932,790.6164108945113,467.3465367067607,-0.01911481580489333
16,35.1,616.981731036399,316.043212890625,28792,788.4862114476243,471.470200055571,-0.0012964885258258123
16,40.1,613.085456457577,307.40313720703125,29477,787.8222003596024,470.57468534789837,-0.028599317925911524
16,45.1,611.5213217461601,309.36968994140625,29688,788.3983764483967,469.2553220156292,-0.022384967985104077
16,50.1,613.4711978704526,312.2976379394531,28175,791.5441703637977,463.70977817213844,-0.013132587842787362
16,55.0,615.2351774456329,314.78558349609375,28234,790.9732591910463,464.3547850109797,-0.0052706251034278446
16,60.1,615.0793441923323,314.691162109375,28118,790.1948218223203,465.8077743794011,-0.005568998764459165
16,65.1,640.5853073984023,335.1243591308594,28790,788.7513720041682,466.9944772490448,0.05900035372805063
16,70.1,680.940761443812,352.364013671875,29339,788.6673369917175,463.3815399297863,0.11347804166584696
16,75.1,631.5472129357986,324.10357666015625,29314,788.1723067476291,465.51606740806443,0.02417443846154143
16,80.1,687.779709637922,362.24566650390625,28585,788.9019765611334,464.41147454958895,0.144704282192435
16,85.1,649.472230110755,340.6392517089844,24649,798.8736662744939,446.58501359081504,0.0764275357035813
16,90.1,685.9603883099691,366.016357421875,29461,786.0813618003463,469.6729235260174,0.156619748517486
16,95.0,634.7288123657618,331.0866394042969,28401,791.6009999647899,461.5937114890321,0.0462410704883183
16,100.1,685.297896997171,288.66729736328125,29339,788.6704045809332,466.74279968642423,-0.08780498436383148
16,105.1,643.7242840005998,341.4623107910156,26676,794.7285575048733,453.48264357474886,0.07902842052517622
16,110.1,690.2874694614595,367.97296142578125,28243,791.1119923520872,461.44478277803347,0.1628026602509579
16,115.1,648.7761118663818,344.1451110839844,25745,798.3781705185473,447.7354437754904,0.08750612852170606
16,120.1,693.7490528192557,372.5467224121094,26922,796.2080083203329,454.69400490305327,0.17725584567427627
16,125.0,646.3568614078957,339.90228271484375,26394,795.6008562552095,455.77926801545806,0.07409869745527964
16,130.1,689.8553305770522,365.9175720214844,28299,793.2075691720555,462.26958549772075,0.15630758447716334
16,135.1,650.3769045412419,337.9930419921875,26975,794.1278962001853,461.79885078776647,0.0680654547334175
16,140.1,702.0033961437335,367.66571044921875,27384,793.4810108092316,463.21592900964066,0.16183174039987086
16,145.1,645.6555876171137,335.33343505859375,28071,791.3756545901464,466.15685226746467,0.05966103826319141
16,150.1,700.2134831460675,371.2074890136719,27857,791.602828732455,465.0874107046703,0.1730238386475476
16,155.1,653.3110400883838,338.50372314453125,25344,798.3884943181819,452.027619949495,0.0696792184191635
16,160.1,694.7518767566798,371.3602294921875,28107,791.6924253744619,465.23150816522576,0.17350650192274533
16,165.1,642.3489444988116,331.28338623046875,28612,790.1069830840207,467.4228295819936,0.046862794791055505
16,170.1,683.1084710384415,351.3987731933594,28745,793.7449991302835,463.01287180379194,0.11042786050076628
16,175.1,649.3817241379311,342.28521728515625,26100,799.1631800766284,455.7854406130268,0.08162882316567704
16,180.1,696.4427558257346,371.8074951171875,26649,795.603587376637,463.70107696348833,0.17491987114578186
16,185.4,526.7596953418206,247.913330078125,27178,794.8095518434028,463.092059754213,-0.21658841831871553
16,191.1,530.3357587548638,256.1947326660156,25700,799.3011673151751,453.0789105058366,-0.1904190037984298
16,196.7,525.7141044234953,250.928466796875,27580,791.5483683828861,468.9999637418419,-0.207060519899228
16,202.4,526.3334553842774,250.47573852539062,27311,792.5916663615393,467.841162901395,-0.20849115120543346
16,208.0,525.0055499683391,253.07293701171875,26847,793.5942935896003,466.36253585130555,-0.20028394680269573
16,213.6,525.8389670296431,248.468505859375,26448,794.5544086509377,463.3557924984876,-0.21483405062592892
16,219.3,520.9076985383455,247.61834716796875,27161,793.7301645742057,464.0160524281138,-0.21752057080983664
16,224.9,526.4489571064929,251.23794555664062,26321,795.0863948938111,462.23939060066107,-0.20608256020416704
16,230.5,522.1692910475346,248.12789916992188,27054,795.2910844976714,461.52461743180305,-0.21591037526418702
16,236.2,525.3783907870069,250.71266174316406,26137,796.2101235795998,461.5872517886521,-0.20774246862061876
16,241.8,522.9082500924899,248.74961853027344,27030,792.568923418424,466.54731779504255,-0.21394572839626183
16,247.4,522.4462654684738,250.3647918701172,27152,791.3428108426635,468.4330804360636,-0.2088417450789562
16,253.1,524.3790714312611,251.88909912109375,26557,791.911322815077,467.65041232066875,-0.20402490060318926
16,258.7,523.6637500959398,253.53884887695312,26058,792.6602962621844,466.5304704889094,-0.19881165504995973
16,264.3,526.219583205639,253.2228546142578,26104,789.6197134538768,470.33140514863624,-0.19981020387773893
16,270.0,529.5456168106771,256.5598449707031,24651,792.7694616851244,464.3793355239138,-0.18926524087645866
16,275.6,532.6686159844055,263.2763366699219,23085,798.9786008230452,449.69443361490147,-0.1680409792210808
16,281.2,540.5225818248308,267.6641845703125,21876,798.8538581093436,448.07524227463887,-0.1541752832428183
16,286.9,541.6212427612832,268.76519775390625,21758,799.8442871587462,449.50928394153874,-0.15069605734020422
16,292.5,540.7405651608105,268.2229919433594,21516,800.2958728388177,447.919966536531,-0.152409439639992
16,298.1,530.1693388429752,259.69354248046875,24200,790.9489256198348,466.84929752066114,-0.1793626877468526
16,303.8,532.8510116747684,261.53289794921875,24069,792.1662719680918,464.7454401927791,-0.17355028396608993
16,309.4,535.4070066108046,262.3870544433594,23749,792.3906269737673,463.5497494631353,-0.1708511306375167
16,315.0,536.3772035948842,267.3771667480469,23144,794.8781973729692,460.93981161424125,-0.1550822658808272
17,0.1,573.5800589654248,158.25489807128906,18655,52.13058161350844,461.6655588314125,-0.22783977425514187
17,5.1,572.2534377998081,217.7449951171875,18762,52.52302526383115,459.9009700458373,0.06242540757734538
17,10.0,577.6374108612177,217.0084686279297,18230,51.54618760285244,460.6591881513988,0.05883173390819809
17,15.1,577.8343876104265,214.61575317382812,18338,52.928127385756355,462.0472788744683,0.047157152408989114
17,20.1,576.4819147215784,217.13015747070312,18551,51.50299175246617,459.9897579645302,0.059425480360609566
17,25.1,577.6823139435415,215.99932861328125,18704,51.83645209580838,463.89258982035926,0.053907919283717444
17,30.1,579.1986077876876,220.9175262451172,18388,51.556613008483794,465.8471829453992,0.07790488013573191
17,35.1,576.8644380984377,225.70884704589844,17859,51.81034772383672,462.5269611960356,0.10128278120695623
17,40.1,579.9281113537118,158.56759643554688,18320,52.29306768558952,468.1814410480349,-0.22631405061260038
17,45.1,574.5567535352441,224.0312042236328,18457,50.18209893265428,465.14021780354335,0.09309719531895216
17,50.1,576.6536381377196,156.25604248046875,17935,50.463674379704486,465.32679119040984,-0.2375926274246148
17,55.0,576.1191307722157,227.68406677246094,18039,50.5572925328455,464.2682521204058,0.11092030983037456
17,60.1,577.2926856075177,224.57911682128906,18197,50.045062372918615,468.0260482497115,0.09577058059960313
17,65.1,619.2328248404198,256.44000244140625,18486,50.62328248404198,461.8188358757979,0.2512268030147758
17,70.1,694.6182839246179,200.9438934326172,18519,49.636157459906045,465.5470057778498,-0.019550838514425625
17,75.1,626.9867133644652,177.5109405517578,17988,49.69034912163664,465.69518567934176,-0.13388533562554947
17,80.1,698.7379556746497,204.2584991455078,17913,47.810249539440626,465.3836319991068,-0.003378153013292599
17,85.1,631.449976569822,261.7532653808594,17072,48.93744142455483,462.8941541705717,0.27715137382282606
17,90.1,701.406520985085,307.7403869628906,17298,47.88276101283385,461.7361544687247,0.5015325880215902
17,95.0,635.0303648443875,268.0455322265625,17158,48.040972141275205,462.85248863503904,0.30785271859786323
17,100.1,709.0304940272525,314.49237060546875,16659,47.0422594393421,460.50333153250494,0.5344769914948408
17,105.1,635.5788158286224,269.6752624511719,16805,47.15031240702172,461.474858673014,0.3158045284531937
17,110.1,708.4850569259962,215.1951904296875,16864,46.901268975332066,459.57726518026567,0.049984353385023404
17,115.1,636.0572734929611,277.31915283203125,16622,45.839128865359164,459.623811815666,0.3531007397805329
17,120.1,703.6879043438078,214.88629150390625,17312,45.94610674676525,458.41162199630315,0.048477168032970995
17,125.0,629.264,187.92022705078125,17750,46.308056338028166,460.44490140845073,-0.08309615240982285
17,130.1,711.9993245732531,329.238525390625,16286,45.53229767898809,458.19906668304066,0.606426702666786
17,135.1,631.418856615952,271.138916015625,17352,45.99942369755648,456.87384739511293,0.3229460139965434
17,140.1,713.584376273357,319.0930480957031,17179,45.40363234181268,461.3182373828512,0.5569247021991148
17,145.1,633.6609606986899,271.446044921875,17175,45.1650655021834,457.4164192139738,0.3244445630365607
17,150.1,705.810913779966,313.0200500488281,17061,44.844557763319855,454.7011312349804,0.5272932178029056
17,155.1,629.1485021564284,263.66058349609375,17158,44.91286863270778,454.5518125655671,0.28645759564834705
17,160.1,713.020346692894,320.9145202636719,16268,43.32640767150234,453.91683058765676,0.5658120628909347
17,165.1,639.5221551776681,270.3535461425781,16407,44.244225025903575,455.0231608459804,0.3191140227858075
17,170.1,710.0835283971911,322.5757141113281,16234,43.38499445607983,453.92090673894296,0.5739173906377851
17,175.1,641.9293581241118,274.7972106933594,16888,44.75621743249645,454.688003315964,0.34079563305179755
17,180.1,717.3531924994066,318.0198974609375,16852,44.77177783052457,455.49976263944933,0.551688565773021
17,185.4,507.2980938933992,185.93441772460938,16998,44.878573949876454,456.21737851511944,-0.09278535000351999
17,191.1,507.3617709313264,137.66986083984375,17008,45.04680150517404,455.99682502351834,-0.3282786686547258
17,196.7,505.39158139819864,186.51593017578125,16321,44.43300042889529,452.60768335273576,-0.08994802369613424
17,202.4,507.1587263586306,183.7034149169922,16708,46.14484079482882,455.23533636581277,-0.10367090016697263
17,208.0,502.9229465528721,182.26820373535156,16521,44.76883965861631,452.6505659463713,-0.11067360911003454
17,213.6,498.5427971293541,178.1508331298828,17139,45.78691872337943,452.05198669700684,-0.13076315992293785
17,219.3,501.09829558720526,176.80455017089844,17132,44.703187018445014,452.0764067242587,-0.137331968637203
17,224.9,508.0596437346437,179.90927124023438,16280,42.75472972972973,451.89717444717445,-0.12218335617091888
17,230.5,501.09736070381234,177.15867614746094,17050,44.637888563049856,449.41882697947216,-0.13560411062246125
17,236.2,506.9590817100936,180.9971923828125,15812,42.873007842145206,449.17025044270173,-0.11687515120991153
17,241.8,507.4824914409274,134.1269073486328,16649,44.92828398101988,453.684365427353,-0.34556551285934944
17,247.4,499.37380435420454,172.904052734375,17041,44.498914382958745,448.08209612111966,-0.15636334787291203
17,253.1,506.3684178449537,185.9215850830078,16408,43.870977571916136,452.7921136031204,-0.0928479632657743
17,258.7,502.1694772850027,176.83096313476562,16663,43.76912920842585,451.990577927144,-0.13720309401536926
17,264.3,500.55043227665703,172.9945526123047,16656,43.4897934678194,449.5812319884726,-0.15592177919463587
17,270.0,503.7932442025556,175.4618682861328,16904,44.07069332702319,453.05152626597254,-0.14388320692353476
17,275.6,506.4770457787576,100.2743148803711,15422,41.06185968097523,448.8738166255998,-0.5107397081665086
17,281.2,508.0215228680473,214.6195068359375,15983,43.187198898830005,450.94994681849465,0.04717546734658074
17,286.9,505.7059023836549,178.41004943847656,17620,45.47650397275823,455.1312145289444,-0.12949838691559412
17,292.5,501.1660051365865,134.79469299316406,17132,44.876021480270836,450.48581601681065,-0.34230724079121955
17,298.1,507.46657139306575,151.84608459472656,16094,41.418665341120914,453.6622965080154,-0.2591097755071093
17,303.8,503.00248851454825,171.62001037597656,15672,42.205525778458394,445.98481368044924,-0.16262847109759898
17,309.4,505.4029934169668,130.74673461914062,16102,43.42839398832443,450.0276984225562,-0.3620581141606094
17,315.0,505.82793877427554,175.909912109375,16529,42.77270252283865,452.7973864117611,-0.14169710321417323
18,0.1,340.9117248356095,77.10881805419922,49425,1040.0301062215478,586.2295397066262,0.39799479427533513
18,5.1,342.17082618783417,78.04220581054688,49565,1036.6348229597497,585.3772621809745,0.4149172586230207
18,10.0,343.17203211157965,40.93915557861328,49328,1040.3604849172884,587.0644258838794,-0.2577667791419011
18,15.1,342.4771288118647,41.5081672668457,48008,1041.6547867022164,586.1822404599234,-0.24745050925080236
18,20.1,344.09634846544674,38.1852912902832,48418,1038.5902556900326,585.2088892560618,-0.30769476450565214
18,25.1,342.288644273257,77.21063995361328,51146,1046.7610174793729,590.1284753450906,0.39984084105592554
18,30.1,343.2326755392382,78.48218536376953,50117,1047.3377297124728,587.3868348065527,0.4228941559547956
18,35.1,343.1253945368819,37.80513000488281,51326,1050.0213147332736,589.2325332190313,-0.3145871473924084
18,40.1,343.20625049988,79.10517120361328,50012,1047.4335359513716,584.7259457730145,0.4341889855603621
18,45.1,344.87135323048966,77.17852783203125,50627,1049.8572303316412,584.3229897090486,0.39925864332630584
18,50.1,344.05096537168765,76.56550598144531,51172,1047.5410185257563,585.0054326584851,0.3881444623866655
18,55.0,344.84584211054266,78.02873229980469,49845,1051.670799478383,585.5102818738088,0.41467298178992296
18,60.1,344.57580748834965,36.48574447631836,49784,1049.8303270126949,584.7149686646312,-0.3385078110352986
18,65.1,368.36337098870337,94.83164978027344,50015,1052.491412576227,582.0608017594722,0.7193124738623098
18,70.1,400.6433508887426,113.77861785888672,48608,1052.9868540158,582.4372531270573,1.0628239348029282
18,75.1,368.17216102131164,94.54821014404297,48565,1056.0958715124061,578.7373828889117,0.7141736694305914
18,80.1,402.29623908386884,56.540348052978516,48552,1054.0775045312243,580.0599563354754,0.025085252753073273
18,85.1,370.64726890756305,92.6312255859375,47600,1054.574537815126,575.7431092436975,0.6794184429783593
18,90.1,405.21917249667365,116.03622436523438,46598,1053.3836430748102,574.9681745997682,1.1037546898454675
18,95.0,370.6420701806526,97.46343231201172,47107,1053.970598849428,576.5629736557199,0.7670270981021572
18,100.1,406.02010136218803,117.35585021972656,46763,1054.1412869148685,573.5929474156919,1.127679710634588
18,105.1,371.8620865572655,97.609619140625,47044,1052.709250914038,573.2550590936145,0.7696774879090577
18,110.1,408.4662283323371,92.34574127197266,46844,1054.5883571001623,573.1864272905815,0.6742425682231583
18,115.1,373.50308871293015,98.79759979248047,47107,1052.979642091409,573.2067420977774,0.7912157608187319
18,120.1,409.75951371944694,121.44615173339844,46722,1052.7684816574633,572.4834981379222,1.2018375095404212
18,125.0,374.70151504764516,85.5437240600586,43761,1047.214254701675,562.5691140513243,0.550920944409094
18,130.1,411.4450164744646,108.43616485595703,43704,1047.2357678930991,563.2750320336811,0.9659644357828989
18,135.1,378.0075662042875,98.16658782958984,45994,1053.8448493281733,568.2225072835587,0.7797754163612861
18,140.1,414.7318847251634,120.21717834472656,43444,1047.3622824785932,562.6045483841267,1.1795560319737628
18,145.1,378.43193303853445,102.18475341796875,44324,1058.1717805252233,567.5952531359985,0.852625379787539
18,150.1,416.92800832273724,106.42384338378906,43255,1048.309143451624,562.5916772627442,0.9294807363372414
18,155.1,378.498268490808,97.65250396728516,46780,1055.08223599829,569.5239418554938,0.7704549964474735
18,160.1,416.8643298303835,122.37870025634766,43392,1048.5581213126843,562.7642883480826,1.2187447584568267
18,165.1,379.4341551695772,48.11806869506836,42547,1048.2745434460714,562.2451876748066,-0.12761197430097054
18,170.1,413.7884728440284,118.98274993896484,44226,1049.9228960340072,564.2116402116402,1.1571756541037832
18,175.1,380.4092530468385,100.31143951416016,47098,1057.950571149518,570.6361204297423,0.8186619090502852
18,180.1,416.18482373569583,122.42623138427734,43344,1051.2834302325582,564.7453396087117,1.2196065051556937
18,185.4,321.9344515043917,64.98578643798828,42808,1051.0659456176415,564.8744627172491,0.1782023565493981
18,191.1,321.1174549102872,31.146442413330078,42859,1052.0743134464174,563.3064700529644,-0.4353101830269761
18,196.7,320.1941664941458,31.13925552368164,43473,1052.517654636211,564.8238676879903,-0.43544048244757527
18,202.4,320.607290881688,65.77069091796875,42464,1052.1137669555387,561.8980077241899,0.19243279613731662
18,208.0,318.9543277573402,63.717220306396484,43221,1052.2186437148607,563.1985840216562,0.15520305643157253
18,213.6,320.6391332611051,65.79822540283203,46150,1057.929252437703,572.7614084507043,0.19293200060540824
18,219.3,319.64976759022966,67.3402099609375,43888,1050.2503873496173,563.7279210718192,0.2208884190732569
18,224.9,321.48550569952613,68.40848541259766,46846,1060.6583486316867,575.5917047346625,0.24025641819397098
18,230.5,320.2013222681985,30.91541862487793,43259,1053.1891629487504,564.4918051734899,-0.439498680033672
18,236.2,320.5680030910496,31.24884033203125,43998,1057.1405972998773,568.2069866812128,-0.4334536929276434
18,241.8,320.87175970055563,51.61701202392578,43013,1055.4355892404621,566.6973938111734,-0.06417559072459558
18,247.4,321.26451541361723,65.60702514648438,45090,1061.5595919272566,571.9168108227989,0.18946551039348136
18,253.1,321.54539277573207,66.54459381103516,45624,1062.6250657548658,573.1189943889182,0.20646377525336257
18,258.7,320.10479122055676,62.82639694213867,44832,1060.0846716630979,570.4623706281228,0.13905229109399592
18,264.3,320.08967560488634,64.98602294921875,46579,1059.7970115288006,571.1533738379957,0.17820664453457702
18,270.0,321.0626107629133,65.60343933105469,46270,1061.4927166630646,572.8734169007996,0.18940049900528433
18,275.6,320.2501408196832,34.18218231201172,44383,1059.9765676047134,570.3779600297411,-0.38027174926252877
18,281.2,320.26317329551847,51.21308517456055,44427,1054.6625475499134,569.239696580908,-0.07149884696078533
18,286.9,321.69473259933386,62.79666519165039,47139,1061.1010416003733,573.5863297906193,0.1385132498603708
18,292.5,320.75125960667765,62.605712890625,43069,1057.2122408228656,565.9425805103439,0.1350512551167767
18,298.1,319.3898126275715,52.556270599365234,43603,1056.1732678944109,567.7685480356856,-0.04714668751900022
18,303.8,320.0210435552655,30.765487670898438,42911,1057.5645172566474,563.8167602712591,-0.44221695141239725
18,309.4,320.5625504253014,65.4172134399414,43381,1056.6958806850926,567.1838362416726,0.186024194804218
18,315.0,321.5716688196154,31.00310707092285,41029,1058.834726656755,561.6362329084307,-0.43790887494804964
19,0.1,522.0293221899568,155.98410034179688,28238,203.29045966428217,565.2263262270699,-0.12630579053749824
19,5.1,530.2734242564339,188.0572509765625,25956,202.62478810294346,554.2974264139312,0.05334153202557324
19,10.0,521.8907789354313,181.35568237304688,28218,208.89910695300873,570.373733078177,0.01580487495361915
19,15.1,524.7208565497651,180.84585571289062,27459,210.4475399686806,573.7545067191085,0.012949246720792357
19,20.1,528.2430726824315,186.42698669433594,27572,203.88415784128827,563.5887857246482,0.04421013683751364
19,25.1,524.0161584384942,182.89576721191406,27973,205.6044757444679,571.0459014049262,0.024431159317543517
19,30.1,518.6882191780821,179.7854461669922,29200,203.11092465753424,570.8344178082192,0.007009707512115897
19,35.1,517.3977851148713,178.6586151123047,29076,205.08519053514925,569.6378456458935,0.0006981298233276497
19,40.1,514.9638329604772,149.7229461669922,29502,203.8774659345129,571.440105755542,-0.16137560941706397
19,45.1,517.0477835348302,181.45138549804688,29529,203.58423922245927,572.0682380033188,0.01634092488407197
19,50.1,512.9658371715432,145.54612731933594,30179,202.0691871831406,572.2715795752013,-0.184770701821833
19,55.0,520.0512221868478,185.0684814453125,28269,204.9452049948707,570.102232127065,0.03660091149342164
19,60.1,513.286106698438,176.64732360839844,30216,200.78501456182155,575.8749669049511,-0.010567465430633954
19,65.1,575.9052173913044,225.4331817626953,28750,202.87304347826088,573.2154086956522,0.26269065305496414
19,70.1,636.691888184965,206.35166931152344,30622,199.45467311083536,575.6459408268565,0.15581176668228497
19,75.1,566.367504528266,174.81509399414062,31469,201.01029584670627,574.9303441482093,-0.02083010374360961
19,80.1,636.7592066179054,206.31837463378906,31309,199.30272445622666,575.6225685905011,0.1556252773729342
19,85.1,581.9794254796568,225.19667053222656,28093,201.34805823514753,573.1847791264728,0.26136591231484635
19,90.1,649.6279195721346,268.1023864746094,29542,200.29466522239522,572.0389614785729,0.5016883265196362
19,95.0,580.8656603253378,230.83474731445312,29016,202.03966776950648,570.4033636614282,0.2929457658149302
19,100.1,654.7947641817744,270.1155090332031,29069,196.99198458839314,568.4809934982284,0.5129641778309406
19,105.1,577.5699084051724,201.27003479003906,29696,197.08129040948276,569.6407260237069,0.1273486435415479
19,110.1,651.4008964494953,221.39358520507812,28334,201.11579727535823,572.2490647278887,0.24006416668089697
19,115.1,571.5590169491526,225.0240478515625,29500,199.34945762711865,566.4169491525424,0.26039902250884944
19,120.1,650.4215207534007,218.76478576660156,28670,196.80013951866061,565.8472968259505,0.22533980155520464
19,125.0,579.1152599793784,182.15281677246094,27156,201.6809176609221,567.7874134629548,0.02026976405068321
19,130.1,644.3222320698119,268.9714660644531,29336,197.07390237251158,564.4321311698936,0.5065561932031296
19,135.1,584.1430103806229,231.7439727783203,28900,197.6280276816609,567.3010380622837,0.29803849655566556
19,140.1,663.7981481481481,283.2558898925781,27000,199.40451851851853,564.2638888888889,0.5865657477461502
19,145.1,580.8154796558639,228.85403442382812,30918,193.86580632641179,568.6804773918105,0.28185144671859413
19,150.1,662.4422108795973,278.83355712890625,28604,198.64200811075375,569.3000978884072,0.5617954889859944
19,155.1,585.5136258009999,228.9712371826172,28402,199.81409759876064,569.6928033237097,0.2825079198556809
19,160.1,665.3716739107389,284.4142150878906,28299,195.85695607618644,565.2193717092476,0.5930537296212355
19,165.1,593.6104978515335,215.45407104492188,26996,200.63824270262262,569.0867535931249,0.2067959097407469
19,170.1,656.134072220236,280.2148132324219,27970,199.99034680014302,566.3244905255631,0.5695321458425713
19,175.1,588.8473006223766,235.45608520507812,27636,200.80912577797076,568.358734983355,0.3188306870739645
19,180.1,667.0987589319293,280.99224853515625,26590,197.7210605490786,568.5978563369688,0.5738866968560552
19,185.4,464.93579362235755,155.5107421875,27910,199.84414188462915,570.0402723038337,-0.1289571522949133
19,191.1,469.2090902266927,131.36666870117188,26644,200.7167092028224,570.4336435970575,-0.2641923278776749
19,196.7,465.0800766011774,154.6885528564453,28198,197.5381941981701,568.2970778069366,-0.13356237844328533
19,202.4,465.6745263782301,146.9864501953125,26973,201.08953397842288,569.8189671152634,-0.17670320164880476
19,208.0,464.9292082173438,154.19757080078125,28379,196.6580570139892,570.7735297226823,-0.13631245475262532
19,213.6,466.88540396763824,157.1176300048828,27069,199.01352100188407,570.1966456093686,-0.11995669277226406
19,219.3,469.08805465712106,155.72979736328125,27517,194.44314423810735,569.2994512483192,-0.12773018596813068
19,224.9,471.20829909613803,157.44322204589844,26774,196.1538059311272,567.8491446926122,-0.11813299484241677
19,230.5,464.8090863597369,152.92625427246094,27976,197.46832999714042,569.0776379754075,-0.14343332083290875
19,236.2,467.7543611152527,153.21295166015625,26828,199.78138512002386,569.8166095124496,-0.14182747865445242
19,241.8,464.4762523458929,125.26905059814453,27708,198.82698137721957,568.2642558105962,-0.29834615263580755
19,247.4,469.8183606815409,154.1847686767578,25413,200.0238067130996,566.1280840514697,-0.13638416168688072
19,253.1,467.9956343583656,157.07574462890625,26113,197.18557806456553,561.9092406081262,-0.1201913000839817
19,258.7,467.0466681216354,152.8284912109375,27492,193.85606721955477,567.4297613851302,-0.14398090882787226
19,264.3,470.8725985844287,156.54498291015625,26703,194.10478223420589,565.8549975658166,-0.12316418923909504
19,270.0,476.75268008275344,159.66342163085938,26585,189.65427872860636,565.7253714500658,-0.1056972689127808
19,275.6,477.8929622592303,130.78765869140625,26841,188.23177228866285,567.6086583957378,-0.2674354641437723
19,281.2,473.27590465142384,173.9841766357422,26723,191.9931145455226,565.2521423492872,-0.025484217098649207
19,286.9,475.5160848733744,162.15936279296875,26298,190.67248459958932,562.4613658833372,-0.09171706621445656
19,292.5,477.1188191881919,135.7964324951172,27100,187.99025830258302,565.3159409594095,-0.239380446618136
19,298.1,476.73041971505586,137.98468017578125,25970,187.94516750096264,562.5212552945707,-0.22712368888913273
19,303.8,477.0947489489966,140.8089599609375,25214,192.60502102006822,562.7201158086777,-0.21130440417494692
19,309.4,480.8797844301955,127.07628631591797,25421,190.99323394044293,562.8491798119665,-0.2882235095055618
19,315.0,477.3952514503054,160.35520935058594,26029,190.38257328364517,561.0952399246994,-0.10182244498150855
20,0.1,565.2522573075549,248.06202697753906,19603,639.9299597000459,556.8271693108197,-0.019838815779081326
20,5.1,570.190460472025,252.994384765625,18177,641.7082576882874,557.6642460251967,-0.00034971577664795586
20,10.0,570.6888503872809,257.3905029296875,19624,642.5112107623319,555.7974419078679,0.017020554224623716
20,15.1,567.5042855649629,253.49383544921875,19134,642.2790320894742,557.8503710672102,0.0016237510189592705
20,20.1,569.2671309340279,253.4737091064453,18811,641.596831641061,558.5135824783372,0.0015442263121461844
20,30.1,551.1730094983106,246.97645568847656,15687,641.2213297634985,568.2131063938293,-0.024128206030415815
20,35.1,557.8554265118141,249.91343688964844,17479,639.2826820756336,561.6923164940786,-0.01252338683559461
21,0.1,453.52296792576334,141.53448486328125,51942,425.64302491240227,643.1183820415079,-0.03176370267864049
21,5.1,473.7049975381585,158.29946899414062,40620,470.43673067454455,622.3534219596258,0.0829254218495251
21,10.0,457.87723922003806,142.12107849121094,50464,432.083643785669,637.5234622701331,-0.027750820285437308
21,15.1,463.6033789724909,146.3038787841797,47766,434.6363940878449,639.2723904032157,0.0008636836074542347
21,20.1,459.59085537851644,142.6292266845703,52468,424.82760920942286,639.4873065487535,-0.024274582492901542
21,25.1,461.79850057896493,147.1064910888672,50953,431.0726159401802,637.9551940023158,0.0063543480686692145
21,30.1,458.3641735374951,146.28555297851562,50940,429.6871221044366,637.9482135846093,0.0007383169150983565
21,35.1,460.4635660777951,144.2145233154297,49926,426.8363377799143,638.6138685254176,-0.013429580714698706
21,40.1,458.7391397430907,144.82373046875,51380,431.95210198520823,639.8115998442973,-0.00926199937222707
21,45.1,461.1113181737079,147.85150146484375,50441,426.7516107928074,638.283162506691,0.011450958188798899
21,50.1,459.0343830993269,146.82937622070312,53631,435.1558054110496,643.6013313195726,0.004458607435967214
21,55.0,463.1893795012739,149.1758575439453,49847,426.792685617991,637.9215599735189,0.020510867705571364
21,60.1,460.8196860415783,148.49691772460938,49497,420.9195506798392,639.5132634301069,0.015866245743560707
21,65.1,491.95394736842104,171.70346069335938,51376,418.71220024914356,639.4247897851137,0.17462202359795725
21,70.1,556.7891350822161,212.33609008789062,50051,415.4650056941919,640.3522407144712,0.4525895215783635
21,75.1,494.95618624916017,174.17079162597656,49117,415.96090966467824,639.8620029724942,0.19150101509442116
21,80.1,553.6555741744702,177.67437744140625,50725,411.1232331197634,643.304208969936,0.21546901809069555
21,85.1,496.56774460171505,172.83030700683594,48395,406.8732926955264,640.6331232565348,0.18233077036214482
21,90.1,565.159871900217,217.69003295898438,47463,409.3937804184312,639.108674125108,0.4892158026333686
21,95.0,501.7299066604722,180.9314727783203,47354,411.51406428179246,640.0557291886641,0.23775078166289262
21,100.1,550.6094462169553,161.6067657470703,52656,392.99295426921907,646.6737693710119,0.1055506129136879
21,105.1,534.300968992248,175.67442321777344,30960,465.5004521963824,608.2,0.20178734698295817
21,110.1,570.5772381694501,219.48562622070312,47483,407.61857928100585,638.3358043931512,0.5014994420086145
21,115.1,496.8791071647776,177.55198669433594,48878,404.55296861573714,639.0628912803306,0.21463174395298823
21,120.1,566.3959833425647,213.41859436035156,48747,399.27226290848665,641.6186637126387,0.45999492478885734
21,125.0,496.71302120684356,171.27694702148438,48805,398.4601167913124,640.8683946316976,0.1717042469245755
21,130.1,570.3422695862126,212.35507202148438,48044,401.9306885355091,638.3782990591957,0.4527193768367238
21,135.1,499.0847324080247,170.94334411621094,49497,393.6252298119078,645.1291391397458,0.1694220720744701
21,140.1,544.0843171536202,191.30120849609375,55481,378.7201744741443,653.8496241956706,0.3086900621165342
21,145.1,498.12656424234916,173.4730682373047,48426,391.1447362986825,648.2179820757444,0.18672789488237712
21,150.1,569.6619614882507,184.60821533203125,49024,395.89872307441254,645.0608885443864,0.262903348543309
21,155.1,489.8132072516543,166.4121551513672,51078,388.05395669368414,652.8860370413877,0.13842424401848996
21,160.1,568.5778174953812,173.84585571289062,49796,395.75425737006987,643.3395453450077,0.18927813106967642
21,165.1,536.5117821449311,183.4818115234375,32719,448.89382316085454,608.7940951740579,0.255197628951543
21,170.1,566.4978612015578,212.74673461914062,46989,390.881631871289,646.9208538168508,0.455398737585592
21,175.1,497.12255072939536,136.9213409423828,48739,382.81971316604773,652.3768029709267,-0.06332218394414887
21,180.1,569.6504249411864,207.3997802734375,47183,388.61335650552104,647.8614331432931,0.41882026497779673
21,185.4,403.96790797507657,113.89326477050781,47987,392.6167920478463,645.1672536311918,-0.22085707184534448
21,191.1,403.30624467178177,88.90985107421875,46920,384.87661977834614,650.9044543904519,-0.3917684083659772
21,196.7,406.6729355862957,112.27399444580078,45037,390.5564979905411,645.6453360570198,-0.23193448739584568
21,202.4,404.2041654128874,86.20414733886719,46526,389.83381335167434,645.8686110991704,-0.41027810633037076
21,208.0,402.6866823140783,105.38121032714844,46014,387.2849132872604,647.2363845786065,-0.2790879693174154
21,213.6,400.46147731313937,105.06304931640625,47803,381.9382465535636,647.5803610652051,-0.28126450628853317
21,219.3,405.55008519822786,105.51078033447266,44015,387.61492672952403,642.7922072020903,-0.27820158191679933
21,224.9,407.9999774820419,109.87203216552734,44409,385.83782566596864,644.0004728771195,-0.24836629245596273
21,230.5,402.40033391098524,103.32608032226562,47318,380.7597108922609,645.2887696014202,-0.29314709751054735
21,236.2,407.3935445334277,112.64812469482422,45202,390.3709349143843,646.2251449050927,-0.22937506530602572
21,241.8,402.9934596819692,109.57208251953125,47857,382.85768017217964,651.4622521261258,-0.250418245624144
21,247.4,400.63426573426574,101.49366760253906,50050,378.4453746253746,652.4542257742257,-0.30568261850832007
21,253.1,401.4263464218379,101.56107330322266,48796,379.3429584392163,653.0949463070743,-0.30522149664030834
21,258.7,401.66729614462434,104.31968688964844,47129,380.1054976765898,648.5313925608436,-0.2863498428010239
21,264.3,397.6988033068044,101.77911376953125,51893,377.75320370762915,652.0322779565645,-0.3037298835258876
21,270.0,401.5873314646971,111.59667205810547,48877,371.81770566933324,653.4243100026597,-0.2365680445207292
21,275.6,396.88365969073595,99.7747802734375,50507,365.0051280020591,656.8002653097591,-0.31744151320207303
21,281.2,395.72430808839306,104.4059829711914,51271,362.6219500302315,657.8529578124086,-0.28575949198618733
21,286.9,431.3626707132018,138.95973205566406,25042,444.2911109336315,605.9018848334797,-0.0493775663767575
21,292.5,399.2293852171297,111.33474731445312,49855,362.63668639053253,658.474475980343,-0.23835986963116618
21,298.1,426.85655152726235,115.5156021118164,28024,433.82811161861264,615.7595989152155,-0.20975867485840402
21,303.8,429.01871976181616,112.72439575195312,26870,441.4039077037588,608.8772981019724,-0.22885329560432643
21,309.4,428.6531253235771,114.80990600585938,28973,446.11182825389153,606.6798398508956,-0.2145863363666645
21,315.0,397.87212993437066,84.91716766357422,51349,356.9180704590158,659.5425227365674,-0.41908232416277547
22,0.1,440.10529453678254,164.5238800048828,68769,820.667946313019,707.5477758873911,-0.0023212777246482373
22,5.1,442.5645425553703,163.90585327148438,68358,821.5845548436174,709.052839462828,-0.00606901405137882
22,10.0,443.5931900962942,164.90867614746094,67813,822.3677318508251,708.6141005411941,1.2139915711533962e-05
22,15.1,442.24930941234624,164.16815185546875,68782,824.6320548980838,708.2367916024541,-0.004478426009591824
22,20.1,445.6210731450006,167.0268096923828,68248,824.5056265385066,708.3962753487282,0.012856577869907002
22,25.1,443.4190882314151,165.69435119628906,68241,825.8143491449422,708.9345701264635,0.004776501653443496
22,30.1,444.01755423771425,165.90890502929688,67619,827.8897942885875,708.3805735074461,0.006077563809090207
22,35.1,443.44116439962477,165.98875427246094,68224,828.3894230769231,708.609199108818,0.006561772489873881
22,40.1,445.18034247694294,166.5480499267578,67333,830.2301546047257,706.8927717463948,0.009953361441802942
22,45.1,444.7123095164903,165.15223693847656,68313,832.4785911905494,707.1028501163761,0.0014891013073929785
22,50.1,443.8557303305145,165.11058044433594,68469,830.3391023674948,708.3579430107055,0.0012364948295524609
22,55.0,446.10311852754967,166.50564575195312,68077,832.3859453266155,703.986103970504,0.009696221001539645
22,60.1,443.97875905863674,164.63833618164062,68029,832.5352570227403,705.2900968704523,-0.0016272113545816721
22,65.1,442.3771868945375,160.46302795410156,69162,836.2207426043203,705.5731760215147,-0.026946430530748113
22,70.1,497.5673493304369,200.0467071533203,69971,837.02966943448,703.8417487244716,0.21309042299630174
22,75.1,437.6447944875303,156.0132598876953,70531,838.9059278898641,704.8529724518297,-0.05392998403545572
22,80.1,498.5777378242399,200.92625427246094,68969,839.9112789804115,704.9058997520625,0.2184240283427058
22,85.1,440.23808559275443,157.66514587402344,69118,841.3652594114413,704.2841083364681,-0.0439128880361668
22,90.1,498.95603140407445,203.48928833007812,69163,842.9186270115524,703.1665052123245,0.23396635899814522
22,95.0,439.68480552106496,157.66163635253906,69262,842.2501804741416,704.4681354855476,-0.04393416990060025
22,100.1,498.52189690961086,195.09475708007812,68891,845.12171401199,704.4818626525961,0.18306161975085813
22,105.1,439.2647397160539,158.65631103515625,68675,845.0835820895522,703.5342846741901,-0.03790242687093365
22,110.1,496.96380097010524,202.8745574951172,69477,846.1469263209408,703.5453891215798,0.23023860911801303
22,115.1,440.5638802190684,160.44436645507812,67924,845.2778104940817,703.3380395736411,-0.027059594531626853
22,120.1,498.70810418631646,206.04727172851562,68915,847.2063846767758,702.4423710367845,0.24947806227476954
22,125.0,438.67943159573696,158.87623596191406,68965,849.4187486406148,703.003320524904,-0.03656879420971922
22,130.1,499.67593185789167,206.51161193847656,68680,850.361415259173,702.4929965055329,0.25229383799900573
22,135.1,444.21432808375596,162.69442749023438,67434,848.293145890797,702.766942491918,-0.01341514353442438
22,140.1,502.3966379386416,207.09483337402344,67994,851.4962349619084,702.3354266552931,0.2558305137484637
22,145.1,442.0114778239778,161.18252563476562,69264,854.5669467544468,701.4939795564795,-0.02258337073235473
22,150.1,505.9115697925509,208.69793701171875,67149,851.6291679697389,702.0957125199184,0.2655517918321277
22,155.1,443.78882802951426,162.9507293701172,66273,851.0982451375371,703.6690809228494,-0.011860919721864977
22,160.1,507.4099657827203,210.9633026123047,65464,851.169528290358,703.2965141146279,0.27928905026422907
22,165.1,445.03327440047144,164.9164276123047,66177,853.6464934947187,704.4111096000121,5.914507715585008e-05
22,170.1,503.2829278039933,210.52325439453125,65059,853.0398561305891,705.5418927435097,0.2766205820538105
22,175.1,446.2903250536645,165.91134643554688,65220,853.169978534192,705.7039098436063,0.006092368584348259
22,180.1,505.0754401826624,213.104736328125,65257,854.1737591369508,706.671131066399,0.29227478129229356
22,185.4,380.3546866844739,121.39100646972656,65142,852.8952595867489,707.1565503054865,-0.26388057328309167
22,191.1,381.1275008530041,121.5167007446289,64478,855.3916219485716,705.1368218617203,-0.26311835868191535
22,196.7,380.515948534758,122.76483154296875,63266,854.4844308159201,706.3623115101318,-0.2555496486558495
22,202.4,380.4668469630026,122.65650177001953,63599,855.6294910297331,705.6241607572446,-0.2562065642930029
22,208.0,380.2004669409018,124.00425720214844,62963,855.601019646459,707.6542096151708,-0.24803372690656317
22,213.6,381.0744317722236,124.5677490234375,61815,854.410499069805,708.4054841057996,-0.24461669224715935
22,219.3,381.3995003406768,125.96990203857422,61642,855.7883748093832,707.3668764803218,-0.23611398596200112
22,224.9,382.6994321519483,126.70146179199219,61284,856.1674662228314,710.7839240258469,-0.23167778132084843
22,230.5,384.86725972730295,128.26670837402344,60140,859.9172264715663,706.0940305952777,-0.22218606978352962
22,236.2,384.1138091007798,128.09092712402344,60786,860.8298292369954,706.1968874411871,-0.2232520136021094
22,241.8,384.7908752203852,128.56610107421875,60122,859.3653238415222,705.9432653604338,-0.2203705416876656
22,247.4,383.78190683270736,127.73220825195312,60708,861.2182578902286,706.0161263754366,-0.22542729773674408
22,253.1,383.3521525398481,128.24664306640625,60417,859.5689789297714,708.2955128523429,-0.22230774653018173
22,258.7,382.29910602806774,127.755859375,60069,860.9345086483877,706.7017762905991,-0.22528387647643172
22,264.3,381.12357839323255,126.98075866699219,60407,859.2457993278924,710.0398463754201,-0.22998411503132724
22,270.0,383.3195872823822,128.03005981445312,59508,859.2182731733549,709.5262653760839,-0.2236211151552617
22,275.6,381.98665430340765,127.62232971191406,60394,861.6807133158923,708.5959366824519,-0.22609360515320182
22,281.2,383.190074668563,128.59605407714844,59061,856.5538341714498,710.8645298928227,-0.22018890560121837
22,286.9,385.3080325760823,130.12867736816406,58325,860.3611830261466,711.1191427346764,-0.2108950228732853
22,292.5,383.74282508958174,129.0980987548828,59722,863.7373497203711,709.2081979839925,-0.21714448862909064
22,298.1,381.56921592524884,128.3109893798828,59076,860.5900534904191,709.5327713453856,-0.2219175481722867
22,303.8,381.77651120913254,127.7353286743164,60531,863.0880705754076,708.0448695709637,-0.2254083753833674
22,309.4,384.20774345593804,129.3422393798828,59405,860.3621075667031,707.2612069691104,-0.2156640111032854
22,315.0,383.9426552363299,128.86349487304688,60424,867.3404938435059,705.6152522176618,-0.2185671350015441
23,0.1,726.5354886881206,419.7541809082031,66965,475.0096169640857,834.6254909280967,-0.0029325927730127527
23,5.1,761.2822339653222,448.9170227050781,59231,492.7583697725853,832.8723134844929,0.06633966318133579
23,10.0,722.4791809571068,412.1142578125,68519,474.14001955661934,834.338271136473,-0.02108016261011268
23,15.1,722.4642586438108,412.2304382324219,68604,476.2606407789633,833.4136347734826,-0.02080419225572238
23,20.1,722.4513506879773,411.9279479980469,69261,475.388790228267,832.5662782807063,-0.02152271554248798
23,25.1,719.7730680926502,410.0478210449219,68818,478.7526228602982,833.5589671306925,-0.025988694421730834
23,30.1,712.2117037142249,404.087890625,70405,477.25234003266814,830.7455578439032,-0.040145676391957645
23,35.1,712.5793053401443,403.516845703125,70279,479.07972509569004,830.5079184393632,-0.04150211381548043
23,40.1,715.1029948345185,406.8310241699219,69887,476.4302230743915,831.4456765922131,-0.03362974593619699
23,45.1,711.5783740364426,402.0145263671875,70961,477.4536012739392,828.7857837403644,-0.04507066348869442
23,50.1,731.7498531913933,421.0061950683594,66413,475.2767379880445,833.3469802598888,4.13919286464042e-05
23,55.0,712.6818605702659,402.63372802734375,70774,476.5477717805974,826.777559555769,-0.043599836462012216
23,60.1,711.7138752169336,403.40380859375,70298,480.00509260576405,824.59291871746,-0.04177061767486096
23,65.1,701.6868941534449,388.8379211425781,69015,482.4883286242121,823.6297036876041,-0.07636984811844326
23,70.1,790.9876064735945,460.1521301269531,70440,481.6547132311187,822.7004968767745,0.09302709105354419
23,75.1,695.4961350485113,382.8280334472656,68953,483.6743578959581,821.7070468289994,-0.09064549661615547
23,80.1,829.5992726228645,472.9959411621094,62691,475.59778915633825,832.4331562744253,0.1235357695854138
23,85.1,728.1521101037114,412.01287841796875,61324,474.5892472767595,834.1613397690953,-0.02132097519673852
23,90.1,832.5868923216719,493.3009033203125,61628,474.43950801583696,834.7271694684234,0.17176737011198293
23,95.0,726.6073523217005,411.62744140625,61722,478.83117851009365,835.1499951394965,-0.022236526963470716
23,100.1,833.0784460095421,497.6139831542969,61622,477.0523189769887,834.2206841712375,0.18201248861903188
23,105.1,725.8338809903374,391.1280517578125,61474,475.64454891498843,834.2925789764779,-0.07092996282700348
23,110.1,835.4758558558559,495.31787109375,61050,477.55497133497136,835.016723996724,0.1765583952400007
23,115.1,719.027516223438,404.4238586425781,62872,477.7156126733681,832.2153581880647,-0.039347631308825834
23,120.1,837.0217244391699,501.2389831542969,60669,478.46704247638826,833.3388550989797,0.19062316962136897
23,125.0,727.548102601299,410.9049377441406,60662,478.3020342224127,833.350812699878,-0.023952733462076006
23,130.1,835.4334842816827,494.1934509277344,60948,475.91399225569336,833.4032617969417,0.17388749224354402
23,135.1,740.811042506506,422.6150817871094,58791,479.319640761341,834.0131482709938,0.003863077529764494
23,140.1,841.8940061628176,495.4590759277344,60362,479.51338590503957,831.6657499751499,0.1768938075934979
23,145.1,699.6947288639743,381.2947998046875,69928,493.5470626930557,810.5926095412424,-0.09428747890533934
23,150.1,848.1154551517172,483.44146728515625,59980,483.20715238412805,829.648449483161,0.14834765740531325
23,155.1,701.8747303678657,384.3845520019531,68612,494.05414504751354,809.8549670611554,-0.08694820427170503
23,160.1,843.4795095566764,473.8575439453125,60272,483.99077515264133,827.6446940536235,0.12558238661076218
23,165.1,714.4753116374997,380.4784240722656,65942,495.83503685056564,811.2945012283521,-0.09622666539083839
23,170.1,793.6876049184326,453.64471435546875,69697,494.1314547254545,809.5519606295824,0.07756963412724648
23,175.1,738.7356765372033,393.34088134765625,59605,483.05773005620335,827.0956798926264,-0.06567369532060985
23,180.1,795.7264009802943,452.0417785644531,70183,497.18528703532195,805.4081757690609,0.07376208412347698
23,185.4,597.8508278689943,307.85394287109375,57799,482.5696984376892,828.8755514801294,-0.2687359731380156
23,191.1,588.3965216814086,282.9308166503906,60259,482.1974144941005,826.5135830332398,-0.3279373771290384
23,196.7,566.2146771782773,276.8301086425781,68242,494.05125875560503,806.5251604583688,-0.34242875658936306
23,202.4,593.6713787595115,283.5234680175781,58219,485.2767996702108,824.8403957470929,-0.3265296166136038
23,208.0,596.9835236912529,302.5289611816406,57173,486.6921973658895,824.9803403704545,-0.28138472311626855
23,213.6,597.3115894682936,304.8611145019531,56629,486.4018082607851,827.0731427360539,-0.27584501876047485
23,219.3,597.0751531058618,301.8587646484375,57150,486.3922484689414,824.3927559055118,-0.2829766813386918
23,224.9,598.5667689071948,303.9704284667969,57055,488.2943125054772,825.3787573394094,-0.2779607189872243
23,230.5,601.3472461502939,305.612548828125,56303,489.54645400777935,826.7483615437899,-0.27406009151168254
23,236.2,557.1050838373784,253.7999267578125,26122,427.726858586632,774.8489395911492,-0.39713373579916145
23,247.4,564.3160362887321,250.96878051757812,22817,419.69746241837225,776.3205066397861,-0.4038587281151957
23,253.1,568.3478587196468,254.29837036132812,22650,424.18865342163355,772.932582781457,-0.3959497526632915
23,258.7,566.8440666020615,256.46307373046875,22702,425.2643379437935,771.4243678971015,-0.3908078022698145
23,264.3,573.5032790104065,262.115966796875,25465,432.2129589632829,772.6924798743373,-0.37738014463253244
23,270.0,605.0648394647037,317.5047607421875,55969,495.06923475495364,824.4275938465936,-0.24581180373121778
23,275.6,631.0561023622047,351.8092956542969,32512,538.6622785433071,861.0310962106299,-0.16432617419695308
23,281.2,600.3008531735604,310.6775207519531,57081,491.7964821919728,821.0529773479792,-0.2620289584021991
23,286.9,609.0633703730427,317.8955993652344,55436,497.6661916444188,822.7831733891334,-0.24488342119150763
23,292.5,609.8662174821648,323.87188720703125,55508,498.27136628954383,820.7996865316711,-0.23068758445113288
23,298.1,573.5679508825787,280.765869140625,65150,507.02030698388336,801.0678741366079,-0.333079907444458
23,303.8,635.1176106972054,356.2020568847656,30737,541.1598073982497,865.5901356671113,-0.15389178366591857
23,309.4,577.6630980723447,280.8752746582031,65105,506.2698256662315,801.5724905921204,-0.33282002992397225
23,315.0,610.091000520824,291.0364685058594,55681,498.8104200714786,822.291930820208,-0.3086835336963645
24,0.1,412.5144022233189,144.15713500976562,38501,1133.3712111373732,866.3870548816914,0.04290299708648942
24,5.1,417.1888019105745,144.89634704589844,37685,1134.5322542125514,870.5867851930476,0.048250817351598675
24,10.0,414.449576715517,139.66958618164062,39099,1136.1259367247244,871.6209877490473,0.010437881002526706
24,15.1,415.08709159633406,137.67672729492188,38626,1134.0634546678402,871.0175011650184,-0.003979431783195867
24,20.1,394.31127526872206,124.73416137695312,22607,1118.875038704826,813.168443402486,-0.09761226365741893
24,25.1,391.4390133103166,129.747802734375,22013,1120.08095216463,809.4247490119475,-0.06134113772516564
24,30.1,411.2155766448417,140.04751586914062,40779,1136.361068196866,877.197577184335,0.013172008617888998
24,35.1,411.3835824925743,139.0577850341797,40737,1135.131477526573,875.1873235633453,0.006011813224024159
24,40.1,411.2042576976354,141.29205322265625,41149,1132.8993657197016,877.5769763542249,0.02217559859544791
24,45.1,415.3288281561131,140.14971923828125,40176,1133.5894563918757,875.1385653126245,0.013911397618522742
24,50.1,415.1666915348652,141.13095092773438,40212,1133.960459564309,873.6367750920124,0.02101010605010735
24,55.0,420.69397024275645,143.6513671875,38310,1136.3391020621248,871.5523884103367,0.03924402607797849
24,60.1,420.37716690779956,141.918212890625,38015,1135.032250427463,871.5361830856241,0.026705542911662664
24,65.1,456.98937974584453,173.7522430419922,38323,1136.293218171855,868.8271012185894,0.2570084374021328
24,70.1,488.57702852322456,191.10166931152344,37934,1136.1811567459272,870.0986450150261,0.3825226455819741
24,75.1,457.2570890474548,173.77853393554688,37699,1136.8148226743415,868.0794981299239,0.2571986385439799
24,80.1,491.81138571581084,198.38560485839844,37468,1136.3409843066083,870.6917636383047,0.43521818654084615
24,85.1,460.0733328059489,177.02175903320312,37923,1135.8001476676422,869.1908076892651,0.28066171010365465
24,90.1,494.3546291573833,200.94033813476562,37253,1136.2654282876547,871.4628620513785,0.45370037259774465
24,95.0,462.2526134281711,177.5999298095703,37116,1135.8916909149693,870.5015357258325,0.28484447938150076
24,100.1,495.344953089615,201.0688018798828,37092,1135.6171411625148,872.2360077644776,0.45462974196118683
24,105.1,459.8387755102041,174.03512573242188,38710,1132.6362955308705,872.7250322913976,0.2590549487014384
24,110.1,497.1492752462561,202.6498565673828,37461,1134.2984437147968,871.4735057793439,0.466067862398581
24,115.1,466.1133879407172,181.81472778320312,36503,1136.0635564200202,870.166999972605,0.315336382807009
24,120.1,499.98313460092385,204.4092559814453,37236,1134.4962939091201,872.4901976581803,0.4787962155381859
24,125.0,465.80173750334137,176.8988800048828,37410,1133.535551991446,870.5780807270784,0.2797727433042961
24,130.1,503.6962783794184,203.37652587890625,36382,1136.0569237535044,869.5041778901655,0.4713249424787812
24,135.1,470.3734874675886,184.68873596191406,37024,1134.2183448573899,869.588996326707,0.3361283591668726
24,140.1,503.36104513064134,204.74156188964844,37469,1133.8208919373349,872.5633190103819,0.4812002784906794
24,145.1,475.3694918139772,190.74688720703125,35243,1139.7492551712396,873.0303322645632,0.37995597886747196
24,150.1,513.9845341597085,205.91505432128906,34851,1140.0079768155863,873.8363605061547,0.4896898948661257
24,155.1,475.23004507331547,187.24136352539062,35054,1140.1640041079477,873.2527528955326,0.35459531147010026
24,160.1,511.8789816156622,213.15309143066406,35193,1139.909101241724,872.1577870599267,0.5420533841507806
24,165.1,477.9032777921667,185.36578369140625,34749,1140.9393076059744,873.3208437652883,0.3410264525301333
24,170.1,511.4056883615425,216.801513671875,34386,1141.7804048159135,873.2668818705287,0.5684478493969034
24,175.1,482.9330214819891,194.68374633789062,33563,1142.320233590561,872.6381133986831,0.4084371371979453
24,180.1,514.8753875855614,218.94650268554688,34186,1141.8274147311765,872.0212952670684,0.5839657456905863
24,185.4,395.57120253164555,129.81912231445312,33496,1141.9588309051828,871.7437903033198,-0.06082517711170459
24,191.1,395.35443680908276,128.80203247070312,33470,1142.4351658201374,869.5097400657305,-0.06818330091377132
24,196.7,392.8731588773968,127.69631958007812,33743,1142.8277568680912,871.7703523693804,-0.07618256704424665
24,202.4,392.73500163267727,131.72935485839844,33687,1143.1223617419182,870.1370261525218,-0.04700562357328446
24,208.0,391.08272412466334,131.9279327392578,33787,1143.2699854973807,871.4141533725989,-0.04556901436841023
24,213.6,389.7155564688959,131.7040252685547,34063,1142.601855385609,869.804802865279,-0.047188870175412255
24,219.3,389.7592581775701,131.95631408691406,34240,1143.3764310747663,871.7829147196262,-0.045363689862411606
24,224.9,390.4302431566258,131.49070739746094,34011,1142.967892740584,871.4237452588868,-0.048732115655982546
24,230.5,390.8937626473039,126.75851440429688,33604,1143.5144030472563,869.1875074395905,-0.0829671069037495
24,236.2,391.6254217550984,129.7305908203125,33491,1144.2231345734674,871.6803917470365,-0.06146565710299706
24,241.8,392.90353384830604,128.67379760742188,32882,1145.0961012103887,873.4808101696977,-0.06911101443442316
24,247.4,393.0095898859081,131.99667358398438,32430,1144.5757940178846,869.1333333333333,-0.04507170958372002
24,253.1,395.58205813040064,134.1875457763672,31825,1146.6737470542027,870.8383032207385,-0.02922187200533932
24,258.7,392.88245537657815,131.38165283203125,32158,1145.9411654953667,872.1832825424467,-0.049521069550806276
24,264.3,393.1403558140262,132.84727478027344,31983,1146.366288340681,871.6913360222618,-0.038918045827325845
24,270.0,395.41861352150283,133.80465698242188,31461,1146.5084708051238,871.4356187025206,-0.03199187621449169
24,275.6,392.8161292354201,132.01535034179688,31756,1145.7662803879582,869.6058067766721,-0.0449365928120306
24,281.2,394.2083779865095,129.48809814453125,31726,1146.056861879846,872.9249511441719,-0.06321996734457239
24,286.9,394.0582018927445,132.58644104003906,31700,1145.6220504731862,871.1647949526814,-0.04080504427116479
24,292.5,392.36178963110666,131.616455078125,32096,1144.790472333001,871.6229125124626,-0.047822395626985426
24,298.1,390.218799787573,129.4541473388672,32011,1144.3206397800757,870.6066352191434,-0.06346558402513525
24,303.8,389.5043963113875,129.1531982421875,32641,1142.9463864464938,870.2205202046506,-0.06564279651535612
24,309.4,390.4711132998861,132.13294982910156,32489,1143.8644156483733,871.9075379359168,-0.04408582078636857
24,315.0,390.70056984444784,131.36981201171875,32465,1143.41059602649,871.6780224857539,-0.04960673181782506
25,0.1,365.0969905682198,55.23948287963867,38911,63.05139934722829,881.7267610701344,-0.1836234492934607
25,5.1,367.4388166741372,83.02861022949219,35696,62.72512326311071,893.5720528910803,0.22706815660823743
25,10.0,368.6537028868304,58.160526275634766,40806,63.525633485271776,878.1622800568543,-0.14045375964804227
25,15.1,369.5076813872129,84.93597412109375,39446,63.2407595193429,878.7088424681843,0.25525681938338884
25,20.1,372.81918838324907,56.95650863647461,38565,65.42582652664333,878.897523661351,-0.15824776705012292
25,25.1,369.33185517397766,82.96221923828125,39689,64.83330393811887,870.042782634987,0.22608697348382498
25,30.1,367.8150489821441,56.36260223388672,43179,67.53602445633294,860.7241019940249,-0.16702502626965027
25,35.1,372.93036320485476,53.01544189453125,33287,64.10003905428546,896.5779132994863,-0.2164922383081606
25,40.1,372.38403410761543,53.924102783203125,34010,63.37324316377536,892.6014995589533,-0.20306326679385056
25,45.1,371.77942766715023,85.2735595703125,37915,64.3262824739549,879.7472240538045,0.26024594727226535
25,50.1,371.89632789802914,53.98207473754883,38207,64.82830371397911,876.7344989138116,-0.2022065074315375
25,55.0,372.61389990652555,83.91351318359375,39583,65.69949220625016,864.2459389131698,0.24014601294794158
25,60.1,373.44446744337336,53.144317626953125,33818,63.729463599266666,893.690874682122,-0.2145876019788598
25,65.1,381.09841793012527,83.1204833984375,45510,71.48503625576797,849.2982421445836,0.22842593725454577
25,70.1,429.1212366801741,72.84638214111328,33315,63.65757166441543,890.2033618490169,0.07658643932985179
25,75.1,377.52362641251267,46.778385162353516,42389,71.10068649885584,858.8163438627946,-0.3086688228115086
25,80.1,421.1273292635526,65.70977020263672,43737,68.49077440153646,857.8554313281661,-0.028884545088290445
25,85.1,382.4697105564689,49.6057014465332,40146,66.85644896129129,862.0985652368854,-0.26688431297342263
25,90.1,414.37287764267717,91.32714080810547,54774,86.30390331179026,826.1077153393946,0.3497109732410887
25,95.0,377.14844900238614,81.48267364501953,59091,90.57047604542147,812.2883010949214,0.20422097718780816
25,100.1,423.7847442523614,103.70784759521484,56110,78.1255747638567,817.8406522901444,0.5326836980979132
25,105.1,381.4547560879502,71.37110137939453,63445,84.93022302781937,807.3536291275908,0.05478347237956547
25,115.1,378.8953437107878,80.74079895019531,58974,80.87614881134058,819.2586563570387,0.19325691538193082
25,120.1,428.42935121409784,65.7403793334961,65769,84.69579893262784,797.2892852255621,-0.028432177047019145
25,125.0,378.4706612399847,49.087989807128906,54791,81.90768556879779,820.9322881495136,-0.27453550050098174
25,130.1,418.40410564571266,97.92713165283203,55582,84.793314382354,815.397610737289,0.4472513099646003
25,135.1,383.1187697989462,77.63006591796875,62819,88.39510339228578,802.789506359541,0.14728382927336972
25,140.1,419.69461517110113,104.7278823852539,50438,77.63628613347079,838.0297394821365,0.547758648841156
25,145.1,381.73645444620075,90.3519287109375,61367,85.04098293871299,813.3195691495429,0.33529845077363574
25,150.1,423.8161149348007,98.13562774658203,56519,87.01397760045295,812.1910507970771,0.450332644419202
25,155.1,379.8426944739917,77.7292709350586,57347,81.21486738626258,825.4588906132841,0.1487499662725349
25,160.1,419.49138198124746,100.34255981445312,61325,86.5791928251121,817.9528577252344,0.48294858315161104
25,165.1,379.2744,65.1672592163086,62500,84.92696,818.156144,-0.0369022386772036
25,170.1,413.22245255940044,98.10140228271484,56439,85.88454791899218,835.2962844841334,0.44982683110087124
25,175.1,378.35742922670215,74.86332702636719,57119,81.95509375164131,834.1674574134702,0.10639458420290443
25,180.1,422.0626130539644,89.04068756103516,53072,86.08296276756104,808.8224675911969,0.3159198021821166
25,185.4,325.17380290274656,46.35053253173828,52502,87.7321244904956,817.9323263875661,-0.31499199668251404
25,191.1,323.22739209087905,25.733444213867188,51409,92.18206928747884,814.7233363807893,-0.6196890461322605
25,196.7,325.96602894079376,42.22412872314453,59639,89.37693455624675,794.9829641677426,-0.3759755383898496
25,202.4,320.5503674458604,23.722213745117188,51164,92.05154014541475,822.436850128997,-0.6494127384472593
25,208.0,323.7699848817818,11.545645713806152,64161,88.38228830598027,803.9085893299668,-0.82936852533442
25,213.6,327.5610277628079,43.94380569458008,57523,85.58079376944875,790.3333449229004,-0.3505606742187098
25,219.3,326.17495106999013,41.50341796875,61823,95.48365495042299,783.5134982126393,-0.38662682129580506
25,224.9,324.57381584358296,44.39112091064453,53498,94.14277169239972,801.1397809263898,-0.34394986553382517
25,230.5,328.79838461955444,44.86819076538086,55343,86.03691523769943,787.6771407404731,-0.3368993172275652
25,236.2,326.02658267028386,45.158233642578125,54923,90.45909728164885,798.6795331646123,-0.33261281432602224
25,241.8,329.49829166155627,28.75650405883789,57073,87.11115588807317,786.9965833231125,-0.5750116697311444
25,247.4,327.8500954746853,44.423648834228516,53941,89.49978680410078,793.6678778665579,-0.3434691399246626
25,253.1,325.1322074915825,43.40675354003906,57024,89.63127805836139,804.154356060606,-0.3584976925001629
25,258.7,324.8303894483558,43.31072998046875,56105,87.03186881739596,799.9319490241511,-0.35991681118596563
25,264.3,327.95617191313937,46.839256286621094,55307,85.75344893051512,789.4438317030395,-0.3077692170245487
25,270.0,326.74349815827657,46.82019805908203,53754,86.51220374297726,800.6446776053875,-0.30805087588972707
25,275.6,328.14068943102643,30.073970794677734,49229,80.89865729549656,799.1859269942513,-0.5555410140803837
25,281.2,329.49175949079336,46.687015533447266,52788,79.76244601045693,794.9833106008941,-0.31001916171037824
25,286.9,327.82795230451734,51.999176025390625,43610,85.93556523733089,809.402017885806,-0.23151148869936256
25,292.5,328.3669595632145,27.65808868408203,46888,82.7702610476028,805.7783867940625,-0.5912449961154642
25,298.1,342.6993631769179,27.912839889526367,63911,80.13119807231932,755.1629296991129,-0.5874800638686846
25,303.8,325.52777716854916,24.6048583984375,45595,85.62555104726395,811.1000548305735,-0.6363682572172801
25,309.4,326.9397778162654,28.771398544311523,40417,82.94920454264295,816.5737932058292,-0.5747915462245213
25,315.0,329.07244693890715,41.1286735534668,46503,79.85585876180032,806.743048835559,-0.39216511631952994
26,0.1,333.6231740214791,64.66797637939453,39294,309.74650073802616,985.5304372168779,-0.019225885391015187
26,5.1,334.68229285551246,64.08625793457031,35048,306.3307464049304,985.0403446701666,-0.028048403499931623
26,10.0,335.52694645109506,65.01318359375,34884,301.5925065932806,977.500687994496,-0.013990368231334909
26,15.1,343.54229350441057,69.84729766845703,31175,282.1086768243785,949.8625501202887,0.05932526984776731
26,20.1,339.1904177605296,66.06352233886719,35044,297.06614541718983,969.0531046684168,0.0019393872745148426
26,25.1,337.42812803627334,64.75096130371094,37052,304.9016787217964,979.1811778041671,-0.017967310896665454
26,30.1,336.2047020883722,63.97354507446289,38451,303.11157057033626,973.2407219578164,-0.029757840871658735
26,35.1,339.19072091363313,65.42564392089844,35025,300.7672234118487,972.9089221984297,-0.007734869995283124
26,40.1,338.5580349370321,65.44866180419922,34462,300.5836863792003,975.406766873658,-0.007385773806126817
26,45.1,337.43019889562,64.26409149169922,37306,312.15386264943976,987.2949927625583,-0.02535132591523015
26,50.1,338.00221452205403,64.35987854003906,38383,309.3889221790897,976.7875882552172,-0.023898590530789507
26,55.0,337.02802805503103,62.384952545166016,37070,311.0820609657405,979.4899109792285,-0.05385091627972175
26,60.1,340.83724923188146,65.10737609863281,33198,291.18317368516176,951.5674136996205,-0.012561816175874598
26,65.1,356.6323487306738,76.34998321533203,41912,301.95571673983585,959.8188824203093,0.15794696820431456
26,70.1,383.66760006588703,88.6191635131836,42497,301.57848789326306,959.7476292444172,0.3440250723498093
26,75.1,356.0482957205731,76.57457733154297,42716,313.88725536098883,976.0327980147954,0.16135323058959244
26,80.1,385.96974366157724,93.59996795654297,42834,312.79625998038944,977.1856235700611,0.41956546098539416
26,85.1,360.40271582912084,80.74334716796875,40356,307.17115174943007,976.0063931013975,0.22457805644995313
26,90.1,388.91696673423155,96.57637786865234,41935,312.06383689042565,978.574222010254,0.4647065951247428
26,95.0,359.9044382734093,80.1192855834961,41052,309.0833820520316,977.7640797037903,0.2151133494614154
26,100.1,389.4055092736257,97.41450500488281,41893,309.17661661852816,977.048098727711,0.47741788510146344
26,105.1,361.28744103773585,78.14459228515625,40704,308.50953223270443,977.1725383254717,0.18516455285857836
26,110.1,392.1801299013712,93.92272186279297,41570,305.2927351455376,968.8474380562906,0.4244604444743131
26,115.1,360.9972999509082,80.82806396484375,40740,307.8325233186058,975.7238586156112,0.22586289704802792
26,120.1,393.17661539904344,98.94707489013672,42652,312.0384741629935,975.8397496014255,0.5006613041233896
26,125.0,361.20065682209906,79.62962341308594,42934,310.6064424465459,970.5072203847766,0.2076869846897081
26,130.1,392.3167191243482,97.70710754394531,42574,313.7547329355945,978.9329872692254,0.48185558382420873
26,135.1,363.26768475464394,82.3572006225586,42367,315.3152925626077,980.3865508532584,0.2490542467013362
26,140.1,396.93770356326866,102.5825424194336,41142,314.1616596179087,980.120898352049,0.5557979056820549
26,145.1,365.32479222727596,83.47461700439453,41993,309.9676612768795,969.1332126783035,0.26600132196027254
26,150.1,399.16673056647176,104.21989440917969,41732,301.97749928112717,955.3496836959647,0.5806304818342009
26,155.1,365.8925199532801,85.5425796508789,41096,309.572075141133,970.251313996496,0.297364669743897
26,160.1,398.78228639259675,100.9938735961914,41279,313.9682162843092,974.8691586520991,0.5317036731769115
26,165.1,370.0216360702037,78.6377944946289,39656,303.4721857978616,957.1509985878556,0.19264460693481614
26,170.1,396.27835126666827,103.19969177246094,41171,306.2928517645916,960.9842607660732,0.5651577796751086
26,175.1,368.5885397134928,86.33759307861328,39999,307.1156778919473,965.1657291432285,0.3094220841604843
26,180.1,403.37669282958626,104.94283294677734,37585,299.3646933617135,953.7307702540908,0.5915947866389354
26,185.4,316.6077272399625,57.430458068847656,41619,302.55621230687905,951.6006151036786,-0.12899227998713114
26,191.1,317.00066557444194,57.797645568847656,39064,303.61675711652674,961.5153338111817,-0.12342340315858799
26,196.7,315.3873837635757,57.181636810302734,42263,305.6597496628256,958.7975060927998,-0.13276597855028965
26,202.4,316.48936577888486,57.18918991088867,41752,307.0118557194865,957.9853180685955,-0.1326514259393302
26,208.0,314.49726591670077,27.950401306152344,41513,306.89545443595983,961.9713342808277,-0.576095748950293
26,213.6,312.7407904790572,55.01721954345703,43189,310.3469633471486,966.5237676260159,-0.1655921863178083
26,219.3,314.4986215813999,54.7152214050293,40989,304.88145600039036,954.6065773744175,-0.17017238154600475
26,224.9,312.1944257087531,53.50645065307617,45961,311.3477948695633,955.8637105371946,-0.18850496484901055
26,230.5,313.6329192120255,53.14836883544922,43707,305.5497059967511,946.834511634292,-0.19393574214100814
26,236.2,312.4018365555581,53.48672103881836,44431,309.01096081564674,953.0718867457406,-0.18880419015400168
26,241.8,313.9953667772055,54.60710525512695,42519,307.1239210705802,949.0352548272537,-0.17181210381863782
26,247.4,314.00917806899207,54.202049255371094,41512,306.7862786664097,952.3528377336673,-0.17795530578303692
26,253.1,312.94457582771463,52.82160186767578,39748,308.9856848143303,955.7514340344168,-0.19889158893635603
26,258.7,313.99400699591496,52.691951751708984,40881,305.14104351654805,938.3922604632959,-0.20085790185993166
26,264.3,311.04600391725984,51.60916519165039,41866,315.3777050589978,962.1345483208331,-0.217279770754075
26,270.0,314.18648809796815,52.94356918334961,43606,312.0413933862313,946.3944181993304,-0.19704179568877656
26,275.6,313.6527669334374,52.632198333740234,40984,310.41816318563343,947.6841694319735,-0.20176414029329998
26,281.2,314.3256620588384,54.03717803955078,39498,307.7583675122791,950.5190895741556,-0.18045579257377864
26,286.9,315.49665097315926,53.0041389465332,41206,312.14439644711933,940.5131534242586,-0.19612317631664797
26,292.5,316.1733854286371,55.69263458251953,43510,310.9960698689956,932.1013330268904,-0.15534863728445414
26,298.1,312.7485818430345,43.439640045166016,43895,315.500535368493,941.3737327713862,-0.34118126328434223
26,303.8,315.94631118391277,42.986576080322266,46397,315.9501045326206,931.1774252645645,-0.34805256858658223
26,309.4,312.51931614243887,44.65558624267578,42348,316.45754226882025,959.607136110324,-0.32273985500092495
26,315.0,313.8546593643681,52.678863525390625,48204,325.13847398556135,955.8267156252593,-0.20105640186407406
27,0.1,496.0415740619689,215.9174346923828,30596,695.7693162504903,951.9253170349065,0.022779938128830807
27,5.1,498.5524185899462,202.96212768554688,31630,700.1580777742649,952.8898514068921,-0.038588094136694805
27,10.0,499.1534073000063,216.01077270507812,31726,700.8791527453824,953.9136985437812,0.023222071238579854
27,15.1,499.93024281170284,214.43002319335938,31753,701.6511510723396,953.6398135609234,0.015734214178327745
27,20.1,503.41416582307414,206.2216339111328,30623,699.1519446167913,950.3905887731444,-0.023148129409043598
27,25.1,500.77102847951556,205.13851928710938,31707,701.0796038729618,952.2548648563409,-0.028278738290736672
27,30.1,502.7269146325714,204.81927490234375,30972,701.324680356451,950.3575164664859,-0.029790967965768474
27,35.1,499.0185819674661,207.17222595214844,32397,703.0020063586135,951.4698891872704,-0.018645267144674453
27,40.1,502.58593923264584,214.87721252441406,31563,703.4687767322498,950.3028229255774,0.0178525066497051
27,45.1,503.07121624969034,209.17764282226562,32296,704.7585459499628,950.0664478573198,-0.009145802012258586
27,50.1,503.1535506179164,207.484375,31234,700.6620349619005,948.5434782608696,-0.01716664739215913
27,55.0,498.1948837766595,208.65435791015625,33384,702.8235382219027,951.8079918523844,-0.01162455186769978
27,60.1,502.2207833029484,213.27682495117188,31814,702.2905324699817,947.4604890928522,0.010271625997455765
27,65.1,539.5555209759741,236.16139221191406,32132,705.5754388148886,946.9131395493589,0.11867360067075286
27,70.1,571.4366744119426,255.11663818359375,31417,704.1764331412929,946.1467995034535,0.20846276165143982
27,75.1,534.9412302627568,234.47500610351562,32806,706.191306468329,946.4435469121502,0.11068535330172315
27,80.1,570.4483173819079,258.5181884765625,32390,705.4908922506946,946.8538437789441,0.22457557534404995
27,85.1,538.6316735908724,236.45729064941406,32254,706.0043405469089,946.3455695417623,0.12007524285879496
27,90.1,572.4409395767617,257.04412841796875,32653,707.3475331516247,946.0008881266652,0.2175930958714005
27,95.0,536.8437144700857,235.73158264160156,32543,708.1808376609409,946.2715176842946,0.11663763443969007
27,100.1,570.6647073008983,257.4956970214844,33174,707.5232410924218,947.5312594200277,0.21973213253151383
27,105.1,537.2866832040695,233.94293212890625,31847,706.6308286494803,944.8663610387164,0.10816497051000347
27,110.1,571.5643497894673,256.1825256347656,32774,707.802038201013,945.0585219991457,0.21351176708685093
27,115.1,536.9663826776981,235.18585205078125,32513,707.7523759726879,945.2668471073109,0.11405256158205158
27,120.1,570.1743252219069,256.32061767578125,33122,707.6459754845722,945.110349616569,0.2141658956863652
27,125.0,534.7204481110537,234.20016479492188,32849,707.5155712502664,944.5100307467503,0.10938345669018157
27,130.1,572.9526555016625,258.087646484375,32781,706.492571916659,943.6556236844514,0.22253613970163064
27,135.1,538.0234646052712,234.49627685546875,32858,705.794266236533,943.4303061659261,0.11078611078986932
27,140.1,572.4244745333374,257.50091552734375,33161,704.5583969120353,943.3636802267724,0.21975685208742918
27,145.1,536.9718182910708,235.0199737548828,33284,704.7449224852783,943.0259283739936,0.11326681218919857
27,150.1,576.7521463119709,259.3112487792969,33080,705.2071342200726,942.6532648125756,0.22833222504915
27,155.1,535.4295826792643,233.18934631347656,33763,706.3977134733287,943.5379261321565,0.10459530762114028
27,160.1,575.4088427620134,256.8081970214844,33338,706.3292938988542,942.5511428400024,0.21647551173817509
27,165.1,535.2337160192731,232.97171020507812,33622,705.8845398845993,943.5490155255487,0.10356438649242512
27,170.1,571.0839833121712,254.15866088867188,33078,705.7745329221839,943.6475905435638,0.20392491615589223
27,175.1,536.9150813591768,234.37142944335938,33432,705.7068078487677,943.7365996649917,0.1101947207123858
27,180.1,572.1064653503678,256.33935546875,33579,706.2595967717918,942.9294797343578,0.21425465479357003
27,185.4,445.29877993673745,175.20724487304688,33195,705.6225033890646,942.9943666214791,-0.17006028102231988
27,191.1,444.6820891538393,173.36444091796875,33717,706.7922709612362,943.7721327520242,-0.17878946455418063
27,196.7,442.9145525017618,173.91400146484375,34056,705.9643234672304,944.1117277425417,-0.1761862495663236
27,202.4,443.6748054100447,175.8734893798828,33789,706.9900855307941,942.6334014028234,-0.16690434543772406
27,208.0,444.32246774432747,174.8666229248047,33715,705.3113747590094,943.604953284888,-0.17167377414132068
27,213.6,444.3964941569282,178.07833862304688,33544,706.3530884808014,943.0663606010016,-0.1564601885046837
27,219.3,445.38120104438644,177.45518493652344,33321,705.2822544341407,940.9998199333753,-0.15941200705446976
27,224.9,447.9838034576888,179.4638671875,32970,706.244889293297,941.5409766454352,-0.14989707412975598
27,230.5,445.56868836143195,177.05142211914062,33157,707.4015140091082,941.1653346201406,-0.1613245923441656
27,236.2,446.02358404662175,177.74847412109375,32946,706.6235354823044,940.0552419110059,-0.15802272464438533
27,241.8,442.06665698518736,173.62974548339844,34430,705.7336915480686,943.9945106012199,-0.17753274256967735
27,247.4,443.6188465684513,176.26785278320312,33396,706.6972391903222,941.4857168523176,-0.16503628426043715
27,253.1,444.42961026473154,176.8585662841797,33279,706.0339853961958,940.6179272213708,-0.1622381317219845
27,258.7,437.8183837498173,173.8706817626953,34215,704.9023819962005,938.6084465877539,-0.17639145079218227
27,264.3,433.8651968327691,168.2177276611328,35741,702.9188327131305,939.9234772390253,-0.20316894587718284
27,270.0,439.2759082440615,173.67323303222656,34352,703.6609804378202,934.6817652538426,-0.17732674627038278
27,275.6,433.12867473885456,169.21658325195312,36091,702.6875121221357,934.4729988085672,-0.19843746386029837
27,281.2,435.4372861553868,170.67127990722656,35949,702.9208044730034,934.4849091768895,-0.19154670695038742
27,286.9,436.71204217847327,173.1295623779297,35658,703.3957877615121,933.8890010656795,-0.179902061408581
27,292.5,436.8839378822468,173.00746154785156,35481,703.7766692032355,932.0954031735295,-0.1804804411934775
27,298.1,435.44865804319335,172.2272186279297,35098,704.1316599236424,933.4398256310901,-0.1841763761998381
27,303.8,434.5568175475805,171.0341796875,35834,704.0545013116035,931.5246972149355,-0.1898276859026252
27,309.4,436.99489682097044,171.71788024902344,35860,703.8964026770775,932.0500278862243,-0.1865890626806985
27,315.0,438.9359687401957,173.7450408935547,35061,705.5457916203188,932.4023844157326,-0.17698659939863537
28,0.1,635.7222883163768,349.994873046875,48752,150.70696586806696,1059.5889809648836,0.0016526182759213988
28,5.1,636.0431586387963,347.4478454589844,49515,151.4353226295062,1058.456952438655,-0.005636736650971946
28,10.0,640.5523709298006,352.7755432128906,48462,152.1680491931823,1059.6831538112335,0.00961063642659945
28,15.1,639.079752855575,347.4591369628906,49202,151.3298646396488,1059.3686638754523,-0.005604421422027283
28,20.1,641.0191091866399,349.4096984863281,49191,151.0874956801041,1060.7685755524385,-2.209662952162107e-05
28,25.1,635.317028768055,297.33392333984375,49986,150.16592645940864,1059.961529228184,-0.14905809841471968
28,30.1,630.6291141187327,326.02081298828125,52016,148.05719394032604,1065.5115349123346,-0.06695890114247435
28,35.1,632.3205824088748,299.32177734375,50480,149.09599841521396,1060.9659865293186,-0.14336904602824002
28,40.1,634.7000199004975,309.0565490722656,50250,149.72722388059702,1060.2698308457711,-0.11550903909356657
28,45.1,632.7367932195518,330.7566833496094,51678,148.51497735980496,1064.0648825418941,-0.05340528275388634
28,50.1,627.9361268705022,331.2134094238281,52526,148.5253779080836,1064.0072916270037,-0.05209817541230302
28,55.0,625.9222170383503,326.57049560546875,53585,147.94875431557338,1062.1071381916581,-0.0653857608620655
28,60.1,630.9528818885567,333.17669677734375,52188,148.96617996474285,1062.1973825400476,-0.046479430483392155
28,65.1,662.4990010465227,353.71942138671875,52555,148.71764817809913,1062.8145371515554,0.012311927551003476
28,70.1,707.687126201832,386.6007995605469,52836,148.66731016731018,1062.828279960633,0.10641535899162512
28,75.1,660.4700990326157,344.76617431640625,52306,148.9315948457156,1060.31445723244,-0.013311428848416249
28,80.1,708.8420487385769,341.68890380859375,51212,149.5610599078341,1057.1361009138484,-0.022118289458859658
28,85.1,660.4022653166295,338.4151306152344,52443,148.41465972579752,1061.1537097420055,-0.031487522391396815
28,90.1,710.3846198876054,344.6593933105469,51248,149.90942085544802,1056.2266039650328,-0.013617026108084834
28,95.0,659.8764770727367,317.7422790527344,51707,150.50252383623106,1057.3926741060204,-0.09065129160476554
28,100.1,706.6520214282962,348.7694091796875,51894,150.39357151115735,1058.4619801903882,-0.0018545447875972405
28,105.1,660.7445750364254,324.9314880371094,51475,150.73385138416708,1058.3395240407965,-0.07007644735106829
28,110.1,711.4736412726778,324.2077331542969,51482,150.73229478264247,1057.7608096033566,-0.07214776618796459
28,115.1,659.5066049195262,356.9747619628906,52688,150.8049840570908,1060.8971302763437,0.021628408055749882
28,120.1,709.362508263292,389.54669189453125,52945,150.4207007271697,1060.0066295212011,0.11484622754637454
28,125.0,661.2277418493294,354.10400390625,52419,150.94124267918122,1058.5430092142162,0.013412566781167383
28,130.1,688.8524565381708,362.2996520996094,39690,153.78054925673973,1096.6535399344923,0.036867745995313415
28,135.1,662.7223489388024,325.0717468261719,51734,152.43180500251285,1055.109115861909,-0.0696750398045016
28,140.1,712.7742155127132,353.2256164550781,51403,152.408108476159,1054.2330214189833,0.010898703984642405
28,145.1,665.1986138765508,359.8289794921875,52232,154.99406494103232,1057.8788673610047,0.029796911886851282
28,150.1,715.2895642859876,388.60601806640625,52282,154.5902796373513,1058.997169197812,0.11215410695991426
28,155.1,658.5491420254328,354.1158142089844,52216,154.96960701700627,1059.090891680711,0.01344636676387437
28,160.1,710.2598881914103,387.2731628417969,52411,155.3765621720631,1057.448951555971,0.1083395998675949
28,165.1,660.4955243949289,351.76226806640625,52060,155.9227045716481,1057.3378793699578,0.006710737651870659
28,170.1,704.3546315466606,383.53662109375,52164,156.64655701249904,1058.1937351430106,0.0976459665790662
28,175.1,660.2284510942728,352.3249206542969,51998,157.39959229201122,1058.6783530135774,0.008320996776337566
28,180.1,711.2129995947276,374.04461669921875,51817,156.7965725534091,1057.5453036648205,0.070480737066703
28,185.4,537.9144596533406,252.1599884033203,51578,157.69041064019544,1057.729671565396,-0.2783416785228621
28,191.1,534.5557800823548,248.22752380371094,52456,155.35406817141987,1056.7713131005032,-0.28959602470280904
28,196.7,535.6746073146699,249.7895965576172,51759,158.5190788075504,1057.6811762205607,-0.285125518462913
28,202.4,535.994083638466,253.7764129638672,51890,158.8032183465022,1058.747697051455,-0.2737156224917487
28,208.0,530.0460676835081,160.02854919433594,41960,157.8138465204957,1086.5442087702575,-0.5420132474970982
28,213.6,535.3134183880898,254.54420471191406,51653,158.2837589297814,1057.3739763421293,-0.27151827426196823
28,219.3,534.898002894356,251.9344940185547,51825,158.7038880849011,1057.5157163531114,-0.27898702237873274
28,224.9,536.2936480455525,253.85675048828125,51984,159.12890504770698,1055.9928054786087,-0.27348570400473027
28,230.5,532.6220994265315,249.96832275390625,52662,160.5376932133227,1055.808856480954,-0.284614020791793
28,236.2,533.3204895395907,248.7333984375,52866,160.3734914689971,1055.2156773729807,-0.28814825877685984
28,241.8,532.0109672677935,248.81387329101562,53067,160.23464676729418,1056.4637345242807,-0.28791794726678666
28,247.4,535.0061944723333,255.5364532470703,52789,159.94756483358276,1056.1124666123624,-0.26867855168384175
28,253.1,538.1420685015532,234.11544799804688,50539,161.66133085340036,1050.8004907101447,-0.3299834668301643
28,258.7,529.5429669284289,258.5812683105469,53611,160.29969595791908,1054.271791236873,-0.25996457552200014
28,264.3,531.8199726560243,233.65750122070312,51931,162.232096435655,1049.8720032350618,-0.33129406771001185
28,270.0,535.3801259377308,237.36016845703125,51454,163.19877949236212,1051.7377657713687,-0.32069738010831716
28,275.6,533.0850860599704,261.8634338378906,53393,162.12083981046206,1054.2427284475493,-0.25057132451389597
28,281.2,533.7192295500737,264.9197692871094,53631,162.20163711286384,1055.7744215099476,-0.24182437808468513
28,286.9,533.7308515517504,233.3538055419922,52328,165.14393823574378,1050.3417290934108,-0.3321632163609384
28,292.5,535.5476902377037,250.59278869628906,53512,164.21215802063088,1054.0707131110778,-0.2828268576234682
28,298.1,531.6485375645192,231.27813720703125,52310,165.206786465303,1049.6855285796214,-0.3381035851563053
28,303.8,534.6271961722488,230.30052185058594,52250,164.54591387559807,1049.4468133971293,-0.34090142894448855
28,309.4,534.3602463222717,225.835693359375,52614,165.6472041661915,1050.3900862888204,-0.3536793508307197
28,315.0,538.0728832351053,225.6281280517578,51411,166.35782225593744,1048.3058683939234,-0.3542733833433336
29,0.1,492.36974350026173,210.24765014648438,40117,826.373681980208,1062.554179026348,-0.020416442040565003
29,5.1,513.6403545949,219.0115966796875,28314,812.4444797626616,1096.5502931412022,0.020416442040565003
30,0.1,562.9089330099123,288.2491455078125,33393,1021.9578055281047,1007.6195310394394,0.008291706137510763
30,5.1,564.1568785197104,286.8866882324219,33561,1024.9781293763594,1011.2163225172075,0.003525848572441782
30,10.0,563.4436308659176,285.5401611328125,33733,1020.8591883319006,1007.1066314884534,-0.001184285448020501
30,15.1,560.0877681967308,282.45361328125,34443,1021.6089190837035,1009.0971460093488,-0.011980989090781767
30,20.1,563.3057306255836,286.2640075683594,34272,1022.7945845004668,1009.7378618113912,0.001347719828849723
30,25.1,559.7574806324338,280.1695251464844,34723,1022.4044005414279,1011.3288598335397,-0.01997069923654474
30,30.1,556.7674644427943,277.93670654296875,35014,1019.6609927457588,1008.0569772091163,-0.027781069238745924
30,35.1,559.0820804903435,282.232177734375,34588,1021.2777552908523,1006.8123337573725,-0.012755567710831953
30,40.1,553.5832417350131,276.5066833496094,35481,1014.8873199740706,1003.2948338547392,-0.03278327149300883
30,45.1,558.9734531052692,278.0234375,34844,1016.7103662036506,1003.8746699575249,-0.02747768549588724
30,50.1,546.0457398862538,266.73382568359375,37276,1016.0825732374718,1005.3379654469363,-0.06696859860836318
30,55.0,535.6743049959709,254.72366333007812,39712,1016.5026692183723,1004.8028051974214,-0.10897998798848038
30,60.1,544.4491735868202,237.48812866210938,37451,1016.8528210194654,1000.0324690929481,-0.16926966075036343
30,65.1,573.4917051392623,285.0500183105469,39422,1015.019887372533,998.4464512201309,-0.0028987985704882558
30,70.1,613.5814836604803,313.95550537109375,37394,1017.916296732096,996.1115152163449,0.098212213618877
30,75.1,561.6332643135744,272.5274658203125,41534,1018.3146337940001,1006.0661626619155,-0.04670252188536877
30,80.1,605.5016159647053,305.5958251953125,38986,1018.668060329349,997.167572974914,0.06897016271061525
30,85.1,578.8555275736239,285.97979736328125,38914,1019.0610834147094,1002.1248907848076,0.00035355628302180455
30,90.1,602.2205076903839,304.2476501464844,39985,1016.2886082280855,995.6077779167188,0.06425426418553848
30,95.0,572.9147805599418,282.91790771484375,39897,1015.9110710078452,995.1901396094944,-0.01035689329069308
30,100.1,604.1364520939167,306.0019836425781,39567,1016.0719033538049,994.1192660550458,0.07039089959791513
30,105.1,580.7688427765002,288.08514404296875,38264,1016.7311572234998,999.9424785699351,0.007718031178283958
30,110.1,606.0509753124047,307.3133850097656,39372,1016.6905922990958,995.080031494463,0.07497816427002049
30,115.1,573.3087408763765,283.64349365234375,39321,1017.1987487602045,988.5334299738054,-0.007818803258952008
30,120.1,607.1999541214253,305.04925537109375,39234,1018.1731151552225,996.1423765101697,0.06705826868014408
30,125.0,580.0297139244508,288.6917419433594,37962,1017.6998577524894,993.8123386544439,0.009839902626842053
30,130.1,613.3904769445984,311.7549743652344,37887,1017.3913479557632,987.489323514662,0.09051478520708556
30,135.1,590.6488135964312,295.833984375,36539,1019.0272311776458,991.5212512657708,0.034823372376109586
30,140.1,630.2041756741381,326.2292785644531,35156,1017.537546933667,989.3859085220162,0.14114571023714104
30,145.1,579.9472189959995,288.55572509765625,38745,1019.8923215898826,985.7173054587689,0.009364117495976055
30,150.1,621.2437210046393,316.8599548339844,37506,1018.8569028955367,983.2576121153949,0.10837193950173757
30,155.1,583.7042231117945,293.0864562988281,37721,1018.7488666790382,983.6515999045624,0.025212555432650625
30,160.1,619.6996800853105,318.6994323730469,37510,1018.4914422820581,983.0881631564916,0.11480640765252932
30,165.1,583.7206324110672,292.7247314453125,37950,1019.9011594202899,982.9877470355731,0.02394724666977096
30,170.1,607.4668484832891,309.2944030761719,38867,1021.757815113078,982.7779864666684,0.08190773931714532
30,175.1,582.0276863962945,290.0060119628906,37997,1020.8935442271759,977.4543253414744,0.014437201806980047
30,180.1,608.610761867805,308.1558837890625,38655,1018.8886819298926,976.014124951494,0.0779252138791337
30,185.4,491.82925892742867,224.60028076171875,39065,1020.9963394342763,978.5257903494177,-0.21435118258812166
30,191.1,491.7374386780274,224.72018432617188,38730,1019.4958430157501,974.5459592047508,-0.21393176150237508
30,196.7,492.08585753081263,224.912841796875,38296,1019.4793973260915,973.2741278462503,-0.2132578482129075
30,202.4,488.3251951630185,221.44992065429688,39198,1017.1045971733251,972.5841624572682,-0.2253711006595661
30,208.0,485.5049467371777,221.94390869140625,39521,1015.9224715973786,971.5886743756483,-0.22364313702633118
30,213.6,486.3866467111438,222.09918212890625,39421,1015.5268004363156,973.2130590294513,-0.22309999259154406
30,219.3,486.5808806695327,223.63623046875,39311,1012.8408079163593,971.6970822416117,-0.21772341778759594
30,224.9,489.9398075062382,224.9147491455078,39274,1016.0574935071548,975.4092784030147,-0.21325117633256666
30,230.5,485.7677930809563,220.43252563476562,39861,1010.8446852813527,971.1214470284237,-0.22892993500841297
30,236.2,485.14572039588205,222.14169311523438,40214,1011.6415924802308,971.101432336997,-0.2229512897225074
30,241.8,488.8017673570669,223.12637329101562,39494,1011.9262926014078,972.2560135716818,-0.2195068914652666
30,247.4,491.5969666641004,227.71817016601562,38967,1012.701337028768,972.5299869120024,-0.2034448466075997
30,253.1,493.7484232473286,228.5320281982422,38370,1013.1769351055513,971.3969246807402,-0.20059798195368456
30,258.7,490.514449815479,225.78866577148438,38478,1012.2752481937731,970.5697801341026,-0.21019422751047911
30,264.3,494.7012744220338,229.599609375,37978,1016.197798725578,971.4352783190268,-0.19686359708930948
30,270.0,496.1297482535917,229.7432403564453,37935,1016.4368525108739,971.3352049558455,-0.19636117781212284
30,275.6,492.06384751588377,227.16334533691406,38404,1015.8900114571398,969.6112384126653,-0.20538561653618603
30,281.2,493.046467483163,227.54486083984375,38457,1014.4396078737291,969.4234599682762,-0.20405108034288982
30,286.9,490.92671649842026,226.5776824951172,38931,1015.0869487041175,968.151139194986,-0.20743425742612306
30,292.5,490.7278147567526,226.34915161132812,38911,1013.3661175503071,968.9206394078795,-0.2082336554410412
30,298.1,485.51323761519274,222.3708038330078,39282,1013.3292093070618,968.3877602973372,-0.22214986345596568
30,303.8,486.1747813337378,221.8980255126953,39558,1013.6691946003336,968.7343141715961,-0.22380363577981044
30,309.4,484.5285188134581,220.5117950439453,40184,1011.4670266772845,966.6388861238304,-0.22865265166144766
30,315.0,484.33620988081697,219.9419403076172,40442,1012.7971168587112,966.0263340091983,-0.2306459960071198
31,0.1,375.4578486629092,93.78685760498047,16678,943.4469360834632,1108.3199424391414,-0.4219977958596418
31,5.1,394.98312081765823,113.34747314453125,30037,925.886606518627,1070.0808003462396,-0.3014470152393719
31,10.0,454.9897862149121,168.88087463378906,56786,869.5108477441623,1084.0524072834853,0.04080166740012306
31,15.1,516.6076551467855,226.57606506347656,26910,818.3173541434411,1104.3531400966183,0.39637331238597834
31,20.1,498.3688605108055,208.71063232421875,36648,823.4661918795023,1067.5186640471513,0.286269831312912
31,25.1,501.0038812397303,207.68414306640625,35298,825.9885262621111,1073.286871777438,0.2799436458676016
31,30.1,497.59422453138905,208.1423797607422,34837,823.2566524097941,1072.839997703591,0.28276772832550556
31,35.1,497.6321232000889,211.30857849121094,35974,829.5450325234892,1067.9181631178074,0.30228080181673384
31,40.1,500.50075047435644,210.083740234375,35311,827.9198266829034,1072.144884030472,0.29473220460124283
31,45.1,501.1434574699319,210.07554626464844,34505,825.8759889871034,1074.8047819156643,0.2946817057074366
31,50.1,501.27073863636366,210.80149841308594,35200,824.0298295454545,1071.7408806818182,0.29915570081306875
31,55.0,500.76781839425803,209.2707061767578,35946,828.7374394925722,1073.433984309798,0.28972152944542057
31,60.1,498.250370817997,149.76673889160156,36406,827.5961929352304,1071.9874471241005,-0.0769974877411585
31,65.1,565.5194230261808,259.4248352050781,34109,824.8898824357208,1078.3785804333168,0.5988181114762233
31,70.1,536.7392591522854,221.08570861816406,55396,872.9671817459745,1089.8539966784606,0.3625366085241962
31,75.1,442.55102118434564,142.22796630859375,26293,922.4176016430229,1074.550678887917,-0.12345844485995229
31,80.1,437.36676112990216,114.54499816894531,21878,962.0658195447481,1126.433449126977,-0.29406674766990165
31,85.1,410.35877644368213,96.63172149658203,20988,959.3716409376786,1124.8924147131695,-0.4044650877402294
31,90.1,437.14094021414456,114.01923370361328,21761,961.4419374109646,1125.216396305317,-0.29730699931689203
31,95.0,433.53673157693777,125.59546661376953,26190,944.8363115693013,1102.7097747231767,-0.22596344107662594
31,100.1,448.2136734090621,129.9474334716797,23681,952.7825260757569,1112.2173472404038,-0.19914255699484304
31,105.1,404.2736498367244,93.78933715820312,19905,961.2101984426024,1126.7324290379302,-0.42198251453702823
31,110.1,434.6879418695994,114.40557861328125,20368,959.6492046347212,1126.423605655931,-0.29492598117587443
31,115.1,411.9535990481856,102.92306518554688,20172,956.1898671425739,1123.673259964307,-0.3656919524408001
31,120.1,437.93488884630125,119.03874969482422,20872,958.9413089306248,1127.6271080873898,-0.2663720540513453
31,125.0,408.65978767734896,100.63949584960938,20158,960.0161722393094,1127.099960313523,-0.37976543931503265
31,130.1,440.97904161155765,120.60791778564453,19658,958.5629769050768,1127.6954929290873,-0.25670137482909255
31,135.1,412.0496750232126,101.43109130859375,19386,960.9410399257196,1128.9938615495719,-0.3748868888255004
31,140.1,444.8210699015611,124.8893814086914,20114,957.7905936163866,1128.6833051605847,-0.23031499752353243
31,145.1,413.43197611571526,105.08592224121094,19427,959.9311782570649,1128.1400113244454,-0.35236240737085245
31,150.1,441.67131559260446,121.46248626708984,18714,960.5386876135514,1130.5221224751524,-0.2514347257646288
31,155.1,409.616476525945,105.40147399902344,19021,959.9819147258294,1130.5486567478051,-0.35041768274531704
31,160.1,441.05479452054794,127.28016662597656,19564,959.1221120425271,1127.8517685544878,-0.21558074625948728
31,165.1,410.63346801700163,107.4745101928711,19057,959.6380332686152,1130.465865561211,-0.33764169770961566
31,170.1,433.9997351554637,119.16705322265625,18879,960.4088140261666,1130.4894327030033,-0.26558132789013567
31,175.1,409.37485442300874,105.94938659667969,19749,961.2228467264165,1130.0086586662617,-0.3470409336227964
31,180.1,432.8932519212549,119.39618682861328,18998,962.9154121486472,1131.9486261711759,-0.2641691926222753
31,185.4,342.4906755282214,67.44585418701172,20162,962.9853189167741,1131.8124690010911,-0.5843356587932873
31,191.1,343.1922625400213,68.89983367919922,18740,961.2262006403415,1132.9307897545357,-0.5753748792904817
31,196.7,344.463392171911,68.825927734375,19545,959.4503453568688,1132.4731133282169,-0.5758303567432758
31,202.4,340.403358731146,65.47215270996094,19293,963.7983724666977,1133.6539677603275,-0.5964994505353602
31,208.0,342.0550069818472,66.38077545166016,20052,962.0126670656293,1132.5237881508078,-0.5908996686379197
31,213.6,340.8847069786705,64.98542785644531,19316,963.5764133360944,1133.1650445226755,-0.5994991036352311
31,219.3,341.91159657002856,67.11018371582031,19592,963.3675479787669,1131.2669456921192,-0.5864043737195369
31,224.9,343.5683105877716,67.08572387695312,20297,963.4129181652461,1131.5857515889047,-0.5865551180896884
31,230.5,342.7893823733518,64.13859558105469,20174,964.4060176464757,1132.2550312283138,-0.6047180749731405
31,236.2,343.4776649492272,67.62065124511719,19991,964.0817367815517,1132.2965834625581,-0.583258396078209
31,241.8,345.4377432916385,67.89103698730469,19267,962.7304717911455,1132.3744225878445,-0.5815920266215122
31,247.4,345.1268558633111,69.47203063964844,20543,963.8265102467994,1131.0247286180208,-0.5718484672452562
31,253.1,343.7812359043753,69.65542602539062,19953,965.2054828847793,1131.9324412369067,-0.5707182136052992
31,258.7,342.0226180944756,69.29866790771484,19984,965.6247497998398,1133.451261008807,-0.5729168903029457
31,264.3,342.11611485956377,69.55452728271484,19119,965.3567132172185,1132.925937549035,-0.5713400458870377
31,270.0,343.56210874851257,70.7571029663086,19329,965.798851466708,1133.1567075378964,-0.5639286514388898
31,275.6,343.6729550256565,72.89346313476562,19878,965.6591206358788,1134.571083610021,-0.5507624049333639
31,281.2,341.60694393836866,70.15886688232422,19211,967.7124043516735,1133.787465514549,-0.5676155408812855
31,286.9,341.04766144660346,68.1349868774414,19093,967.9697795003405,1132.3488189388781,-0.5800885795736037
31,292.5,342.20013257189476,70.6363525390625,19612,968.3149602284316,1134.1972771772384,-0.5646728283404456
31,298.1,342.7003468556779,71.5516357421875,19893,965.8248127482029,1132.501030513246,-0.5590319984594923
31,303.8,343.7053108482255,69.51255798339844,19865,966.2868864837654,1132.5786559275107,-0.5715986999045684
31,309.4,342.6524703607592,70.09941101074219,19653,968.6559303923066,1133.696534880171,-0.5679819634878328
31,315.0,343.79233829830645,68.42084503173828,19604,967.7760150989594,1134.6663436033461,-0.5783268546637981
32,0.1,370.83633428100103,91.53334045410156,28491,564.6475027201573,1114.8511459759222,0.1755442676945354
32,5.1,368.758165794547,76.06387329101562,36310,584.4782153676673,1131.9333241531258,-0.023126985399010553
32,10.0,363.9710197471781,80.66112518310547,41373,580.200420564136,1126.0682087351654,0.03591459531991873
32,15.1,356.1449831523774,63.200252532958984,10684,687.8375140396855,1157.7658180456758,-0.1883318776154436
33,0.1,372.78569974554705,91.6644058227539,19650,1115.930330788804,1145.5992875318066,-0.08285675812625677
33,5.1,385.86555103079667,102.61925506591797,15716,1135.6812165945532,1143.447760244337,0.02675139193955206
33,10.0,388.8787956438181,96.49787902832031,15610,1129.4592568866112,1147.3827674567585,-0.034495704067445156
33,15.1,389.7955011577903,100.23572540283203,15115,1137.1610982467748,1143.3150512735692,0.002903115144610722
33,20.1,393.40877321440456,108.7105941772461,15023,1134.949943420089,1145.6345603408108,0.08769795510953915
33,25.1,394.2527745327103,112.60631561279297,13696,1142.2390478971963,1144.9051547897195,0.1266763846838634
33,30.1,398.000582962909,117.47504425048828,13723,1133.0948043430737,1151.817095387306,0.17539018505708293
33,35.1,395.797589219205,115.52586364746094,14767,1132.4182298367982,1148.6299180605404,0.1558877642295848
33,40.1,395.1454700406451,112.4013671875,15254,1129.655959092697,1149.007670119313,0.12462578432810949
33,45.1,391.45179584120984,98.61470031738281,16928,1122.5297140831758,1148.3405600189035,-0.013315963446291034
33,50.1,396.1112755651238,105.51002502441406,14864,1135.913549515608,1146.335979547901,0.055674834004653104
33,55.0,399.38205956729416,106.53311157226562,14236,1142.8517139645967,1141.9594689519529,0.06591127098138284
33,60.1,395.6002461538462,87.86392211914062,16250,1136.1231384615385,1140.629046153846,-0.12088229173807216
33,65.1,426.1328980218936,123.12450408935547,15621,1139.5870942961399,1139.4660393060624,0.23191554912776774
33,70.1,440.4550212246322,127.93917846679688,17197,1132.106646508112,1140.0986218526486,0.28008851253115824
33,75.1,420.7198804557624,115.93660736083984,16061,1139.1954423759416,1138.6009588444058,0.1599974381808458
33,80.1,446.7573661640614,133.63722229003906,14458,1145.5141790012449,1137.516461474616,0.3370999810229964
33,85.1,428.37781230997905,122.18080139160156,14801,1145.4594959800013,1136.3066009053443,0.22247338295852861
33,90.1,448.1144501706713,130.40997314453125,14941,1144.1833879927715,1137.1385449434442,0.3048099146981397
33,95.0,427.1374852383616,121.36750030517578,16089,1140.9674311641495,1135.9592268009199,0.21433594304028697
33,100.1,443.0397163120567,125.24507904052734,16215,1138.4292321924145,1136.7625038544556,0.25313284681161147
33,105.1,426.771531554319,117.7121353149414,15814,1139.1061717465536,1137.8327431389907,0.17776238684598994
33,110.1,440.4846618357488,123.15071105957031,16560,1138.8635869565217,1134.5716787439615,0.23217776154715555
33,115.1,415.87060880623113,106.2205581665039,18873,1130.4416361998622,1131.4936152175064,0.06278403482852682
33,120.1,442.10668642341176,120.68624877929688,16197,1139.995925171328,1135.4988578131754,0.2075197178395895
33,125.0,420.00434137495193,111.20626831054688,18197,1135.7229763147773,1130.4677694125405,0.11266828732007915
33,130.1,444.2531159610834,125.18561553955078,19015,1129.9814882987116,1132.137470418091,0.25253788797705295
33,135.1,426.0499663439134,119.8758773803711,19313,1131.8702428416093,1128.9843628643919,0.19941159075076414
33,140.1,449.82244118238486,131.21261596679688,19892,1127.2940880756082,1130.437261210537,0.31284071393228097
33,145.1,430.3167141245366,122.56964111328125,18613,1132.7907913823672,1131.068822865739,0.22636389770860696
33,150.1,450.5509871768777,130.7779083251953,19652,1128.693364543049,1130.701709749644,0.30849127019665395
33,155.1,432.90381679389316,128.21444702148438,18995,1128.2541721505659,1133.1364043169256,0.28284269712839616
33,160.1,453.1516391292945,137.4446563720703,19065,1128.6292158405456,1132.703015997902,0.37519505626918215
33,165.1,434.3490124320542,131.30299377441406,18581,1130.0424089123298,1133.5019643722082,0.31374498418557584
33,170.1,450.2492699910153,137.33609008789062,17808,1132.5943957771788,1134.2916666666667,0.37410880219992787
33,175.1,439.52806483193734,136.10055541992188,18386,1131.7735777221799,1133.2430653758295,0.36174672707755823
33,180.1,457.96762433344213,143.2874298095703,18378,1131.2144955925562,1133.6064316030036,0.43365460906838177
33,185.4,385.2579501191791,106.51241302490234,17201,1134.8305912446951,1135.0681355735132,0.0657041727881371
33,191.1,379.678734472874,102.79057312011719,18838,1129.0325406094066,1132.7541671090348,0.028465505440964954
33,196.7,379.86464073618316,104.03016662597656,18691,1127.4519287357552,1134.2512439141833,0.04086819104575504
33,202.4,379.02927666168574,103.33081817626953,18069,1130.1736122640987,1133.8415518290997,0.03387089805501743
33,208.0,378.60703551152176,103.5842514038086,17966,1129.5434710007792,1135.0999666035846,0.036406610470512135
33,213.6,373.5865192774333,100.60711669921875,18545,1129.240603936371,1132.5584793744945,0.006619050621577021
33,219.3,373.30837469637765,98.66748046875,18938,1125.8850987432675,1132.8771781603125,-0.012787874503838378
33,224.9,374.8796504918393,104.87883758544922,18197,1127.3605539374623,1133.9137220420948,0.04935952231080362
33,230.5,373.2210183042289,99.4890365600586,19012,1127.116242373238,1131.0608563012834,-0.004567839581876915
33,236.2,373.2319978914075,103.57117462158203,18970,1125.9415392725357,1132.4447548761202,0.03627577143504468
33,241.8,374.19865067466264,103.38371276855469,18676,1124.342632255301,1134.7485542942813,0.03440013202986916
33,247.4,375.8597714714876,106.23651123046875,18641,1129.4014806072635,1132.1939810096026,0.06294365234495765
33,253.1,377.24251092999407,107.7521743774414,18527,1129.6269768446052,1132.5554595995034,0.07810853777377916
33,258.7,379.09066442388564,107.18917083740234,17835,1129.8988505747127,1135.0855060274741,0.0724754363832976
33,264.3,378.1638169679205,106.6156005859375,18423,1127.4314172501763,1134.8180535200565,0.06673661033463496
33,270.0,380.58816737229887,108.21424865722656,18187,1129.1057348655634,1134.2761862869083,0.08273179692377122
33,275.6,378.0322336398053,110.7568588256836,18490,1127.7230935640887,1133.1820443482964,0.10817174508891787
33,281.2,381.22831570382425,113.55094146728516,18435,1125.944561974505,1134.7898562516953,0.13612778744778842
33,286.9,379.2058636748518,109.54021453857422,18896,1126.3219729043183,1133.002751905165,0.09599867664788865
33,292.5,382.80670751723386,119.74732208251953,18278,1128.742750848014,1133.659973738921,0.19812533768913837
33,298.1,379.5141754649231,114.53469848632812,18659,1126.9410472158208,1133.4672276113404,0.14597071495670327
33,303.8,382.72589833479407,109.23307800292969,18256,1128.43032427695,1134.3134312007012,0.09292563869525543
33,309.4,386.45001953452027,120.0167465209961,17917,1128.3442540603896,1135.424178154825,0.20082104929853026
33,315.0,385.1102994479451,115.58984375,17933,1128.7071878659456,1135.2540010037362,0.15652791367616012
34,0.1,351.4685071574642,63.52813720703125,9780,681.908282208589,1161.645501022495,0.0
35,0.1,592.468147856862,286.2201232910156,5086,74.7473456547385,1183.390876917027,0.05612218975446979
35,5.1,589.3550095318789,279.3717956542969,4721,73.63355221351408,1184.2762126668079,0.030852580138329665
35,10.0,582.5904700579523,270.8220520019531,4659,78.24211204121056,1184.9205838162695,-0.0006950758549975362
35,15.1,581.4551060680809,254.683349609375,4054,81.36605821410951,1185.8517513566846,-0.06024519243892233
35,20.1,580.4098554145766,263.9548034667969,3389,88.98790203599881,1187.5759811153732,-0.02603450159887937
36,5.1,433.97604044548655,169.75201416015625,13648,1170.3794695193435,581.9890826494725,-0.12299243293914593
36,30.1,458.03359030837004,196.29232788085938,10896,1171.5758076358297,561.6090308370044,0.014125562864222549
36,40.1,461.4982659891927,202.1729736328125,12399,1173.4748770062101,561.4512460682313,0.04450735744370437
36,45.1,474.67533104462973,205.29296875,10195,1172.7588033349682,554.0187346738597,0.06062651420601984
36,50.1,466.22847883329956,194.28076171875,9874,1172.4656674093578,561.782256431031,0.003732998425198877
36,70.1,569.7818991097923,285.37066650390625,11458,1172.409320998429,547.2259556641648,0.4743402909199084
36,85.1,525.0689873417722,237.3983154296875,9480,1174.2524261603376,553.2371308016877,0.22649572124018802
36,90.1,562.8857840477482,267.01934814453125,11058,1173.7193886778803,550.6748960028939,0.3795299574676633
36,95.0,517.3476182627328,242.57044982910156,12134,1173.1669688478655,545.0468930278556,0.2532170595912151
36,105.1,515.6984065668759,235.93045043945312,10355,1173.8121680347658,555.5522935779817,0.21891213697328973
36,115.1,518.070253567209,238.6923065185547,11003,1173.3372716531856,550.8310460783423,0.23318100260347804
36,120.1,555.291812384283,257.61279296875,9722,1173.1433861345402,559.2893437564287,0.3309318886320717
37,5.1,516.9169702780441,155.53514099121094,10430,56.93250239693193,591.005560882071,0.29758566840979067
37,10.0,482.02377525761324,112.01681518554688,17371,67.38000115134419,609.6498186632894,-0.0654754090981444
37,15.1,434.45511870714313,100.56393432617188,29021,77.64635953275214,648.191240825609,-0.16102355320513811
37,20.1,507.22427348027514,122.11949157714844,14246,62.23382001965464,603.3946370911133,0.0188083612111319
37,25.1,441.08587535717044,109.08975219726562,25898,74.28535022009422,648.9908873272067,-0.08989506731764034
37,30.1,491.9104088722608,113.04122161865234,14968,62.35615980758953,615.9832308925709,-0.05692907611028563
37,35.1,502.2056062749132,122.21156311035156,15554,61.12671981483863,610.7168574000257,0.019576487958512044
38,5.1,376.7881184204023,61.5864372253418,20233,77.64552958038847,695.7153165620521,-0.47922897948735355
38,45.1,434.9502794242168,106.07872772216797,29525,80.29192209991533,661.7639288738358,-0.10300498324937837
38,55.0,458.36616346859194,123.4703369140625,25901,74.95714451179491,647.2493726110961,0.044057364814055526
38,60.1,513.1704784723735,128.50950622558594,13773,59.325056269512814,617.0476294198795,0.08666826200390358
38,65.1,524.4366445705565,171.65553283691406,20969,66.70093948209261,632.9655205303067,0.4515083359187727
38,85.1,543.0654286331246,148.7725372314453,18524,63.05155473979702,622.1440293673073,0.25801117143362207
38,90.1,601.3877551020408,185.6491241455078,18130,65.81152785438499,623.7665195808053,0.5698372595379263
38,95.0,544.6765388718078,144.99620056152344,15937,62.23718391165213,614.5900734140679,0.22607870724189064
38,100.1,628.3456038941284,216.6748504638672,13148,55.8456799513234,605.9486613933678,0.8321888402575466
38,105.1,571.3052342677906,192.69984436035156,10202,51.637522054499115,595.9881395804745,0.6294577040231032
38,115.1,532.4597460400576,175.41253662109375,15278,72.31731902081424,604.9704149757822,0.4832773224506328
38,130.1,596.3378444281882,209.689208984375,16404,63.83040721775177,608.8171787368934,0.7731186974451015
38,135.1,569.8648265431515,192.93411254882812,10579,52.48218168068816,595.8955477833443,0.6314386610175823
38,140.1,567.229685966634,177.51397705078125,20380,68.17502453385673,625.3877330716389,0.5010469698993177
38,145.1,563.2779717228137,177.44931030273438,11458,51.16582300576017,606.6885145749694,0.500500151965194
38,150.1,609.4826951165302,208.8543243408203,15747,65.49965072712263,609.5071442179462,0.7660589656693624
38,155.1,529.1425954198473,155.3539276123047,16375,66.4326106870229,610.9727022900763,0.31366299250733626
38,160.1,610.4643889972426,212.7057647705078,14869,62.60360481538772,605.40076669581,0.798626502506624
38,165.1,549.9317658901351,168.7053985595703,13908,61.284368708656885,597.0547167098073,0.4265621869372975
38,170.1,559.9131218632754,174.24386596679688,20523,66.48628368172294,618.7133460020465,0.47339511726551237
38,175.1,505.42840017436794,139.20574951171875,18352,65.21616172624238,614.2326721883173,0.17711501915904623
38,180.1,565.7169743032936,165.93069458007812,16578,63.19459524671251,612.043129448667,0.40309946546611525
38,185.4,402.9932519280206,87.73092651367188,18672,61.98961011139674,620.6029348757498,-0.258152830567618
38,196.7,442.75852683507696,116.67633819580078,11757,55.03572339882623,591.284596410649,-0.013392258922498124
38,202.4,455.14652186124897,97.0345687866211,10681,56.46390787379459,584.859001966108,-0.17948181955848144
38,208.0,450.4622160407974,120.19469451904297,10785,52.57413073713491,591.4165044042652,0.01635873976375179
38,213.6,453.67582760774513,123.54582214355469,11207,58.03426429909878,588.0368519675203,0.04469566314348222
38,219.3,452.27576274802647,117.06107330322266,9374,49.35161083848944,589.9172178365692,-0.01013896317190893
38,224.9,414.31498453096725,87.0114974975586,17131,63.99089370147686,610.9126145584029,-0.26423627685526196
38,230.5,444.42802824551876,113.28650665283203,11046,51.81486510954191,590.5328625746877,-0.04205646019036092
38,236.2,424.4845958252025,95.02854919433594,16911,64.18088817929159,602.2539767015552,-0.19644459443731202
38,281.2,435.69139993533787,115.18905639648438,12372,59.1578564500485,593.9790656320724,-0.025968619811599567
38,286.9,393.9554295818598,69.67367553710938,19228,60.92963386727689,627.2527043894321,-0.4108438034892984
38,309.4,356.9923587371808,4.064971446990967,14919,73.65741671693813,654.6814129633353,-0.9656268583769743
38,315.0,402.597215583174,69.4195327758789,16736,66.97149856596559,612.4182600382409,-0.4129928186147818
39,5.1,405.3836876224936,90.02029418945312,13266,288.35526910900046,689.1742047339062,0.0
40,5.1,468.0963505221229,173.13360595703125,9289,335.31348907309723,844.9851437183765,0.0
41,15.1,363.56929451532005,0.7977961301803589,9171,118.86435503216661,40.3976665576273,0.0
42,15.1,399.09818072970364,115.68740844726562,30067,922.1609738251238,1064.8568197691823,0.149569731449561
42,20.1,386.42468027821405,102.9167709350586,22285,948.602692393987,1105.470136863361,0.022669677827567042
42,25.1,381.12266301869585,91.53156280517578,21930,954.924943000456,1111.7611947104424,-0.09046355618668399
42,30.1,386.56371000044504,101.34795379638672,22469,949.368418710223,1107.4764341982286,0.0070805595215884054
42,35.1,379.23821170025434,91.69329833984375,20444,953.8049794560751,1117.5447074936412,-0.08885641261203248
42,40.1,378.86856854329716,89.79752349853516,19805,953.6416561474375,1122.555314314567,-0.10769446425881447
42,45.1,385.7917312661499,95.31896209716797,19350,946.5849095607235,1114.2350904392765,-0.05282869474908538
42,50.1,384.00578147966684,89.74017333984375,20410,950.2927486526213,1117.6589906908378,-0.1082643448310422
42,55.0,378.95807527394,86.27889251708984,18891,955.3413794928802,1123.3231697633794,-0.1426586122737128
42,65.1,415.2054332642936,113.3713607788086,20761,953.0533692982034,1116.0751890564038,0.12655548701287134
43,15.1,361.5700524395805,81.84391021728516,35088,533.1610522115823,1112.1274509803923,0.021052647809871497
43,20.1,368.4662195028289,79.75213623046875,39061,577.3209595248458,1131.6083049589104,-0.005043507202619913
43,25.1,369.8135225017433,78.05338287353516,37286,584.8306334817357,1131.2290403904951,-0.02623649038814994
43,30.1,370.1009747223806,80.12628936767578,36831,588.7183622491923,1132.5577638402433,-0.0003757188428339709
43,35.1,367.26120540959425,81.00630950927734,40003,585.907031972602,1129.7073969452292,0.010603068623732153
43,40.1,357.46937466595404,54.1452751159668,9355,686.365473009086,1158.9126670229823,-0.3245047019774991
44,20.1,448.20901088152584,158.29685974121094,16358,1156.8630028120797,955.0160777601174,0.005539112354022431
44,25.1,445.97177019539225,156.55287170410156,17145,1156.0176144648585,954.0510936132983,-0.005539112354022431
45,30.1,497.46781232028684,161.76097106933594,29561,493.70887317749737,245.64402422110211,-0.03480863527568906
45,35.1,516.7119190492999,169.5272216796875,42495,448.18449229321095,244.44374632309683,0.011530836945847285
45,40.1,512.6186517427955,170.37432861328125,43063,452.4727260060841,245.41875856303554,0.01658533366342893
45,45.1,508.82844199330316,169.61288452148438,45693,455.67892237323,244.59129407130195,0.012041967873372745
45,50.1,510.40366287098453,166.6981658935547,44173,455.84275462386523,243.79306363615783,-0.005349503206959558
45,55.0,509.3791783339167,163.9794158935547,45712,457.7098354917746,243.28042964648233,-0.02157167352095601
45,60.1,510.6938074938299,115.8866958618164,44570,452.75463316131925,244.7457033879291,-0.3085301269345495
45,65.1,510.5038773011406,169.4550323486328,46553,458.53182394260307,242.54393916611176,0.011100099429259658
45,70.1,580.8632103426327,198.77943420410156,45559,456.67060295441075,243.9902982945192,0.18607221575311716
45,75.1,508.7895273933287,160.4834747314453,47037,456.3195356846738,244.51117205604098,-0.0424311688550062
45,80.1,575.6317836792196,198.23301696777344,47559,459.3100780083686,245.79871317731659,0.1828118668905082
45,85.1,532.7524538194233,94.12960052490234,32806,425.38383222581234,226.7072791562519,-0.4383498257274793
45,90.1,582.2280251394176,203.5380859375,45188,454.29576436222004,246.92960520492167,0.21446602131971354
45,95.0,506.1539847104409,163.46871948242188,47745,461.6361084930359,244.74621426327363,-0.024618884246525936
45,100.1,577.3462154371731,198.9570770263672,46835,459.7840930927725,245.8818832070033,0.18713217055508571
45,105.1,504.6698826652061,165.0675506591797,47471,459.8086410650713,244.54572265172422,-0.015079017891512567
45,110.1,574.6545338305807,202.70323181152344,46925,459.3246244006393,246.89189131592968,0.20948463435182962
45,115.1,509.1665718252794,165.63180541992188,43933,455.04761796371747,249.2215418933376,-0.011712236529032352
45,120.1,575.4037565772448,206.82562255859375,46372,458.5312041749331,247.0907228499957,0.23408201358854416
45,125.0,502.9213317682211,163.60232543945312,46855,459.2738234980258,247.87369544338918,-0.023821687523794745
45,130.1,568.1292618338299,200.56045532226562,48336,462.84450513075143,249.6381992717643,0.19669916854821853
45,135.1,503.94099483969205,162.8091278076172,47284,461.84633279756366,248.26467726926657,-0.028554519551859565
45,140.1,603.8517378782499,207.7272186279297,25347,417.85197459265396,221.73022448415986,0.2394616347347317
45,145.1,522.181650893796,159.6904754638672,26628,428.97288568424216,217.1673426468379,-0.0471628172881195
45,150.1,566.9372553059962,199.0740203857422,48530,468.0392746754585,251.01450649083043,0.18782994530188926
45,155.1,494.4902875701453,157.0635528564453,48649,467.8458344467512,251.37351230241114,-0.06283707418532788
45,160.1,566.2610969442884,201.84896850585938,46274,462.67379089769634,256.7891688637248,0.20438743717022775
45,165.1,498.6982053062341,153.8434600830078,47529,464.1128153337962,250.4084243304088,-0.08205064417064184
45,170.1,552.0964684756584,191.12026977539062,50120,470.9543096568236,252.39584996009577,0.1403717027138704
45,175.1,458.1029547329096,154.8135986328125,20611,520.4250157682791,301.24680995584885,-0.07626204544582155
45,191.1,398.99740512487836,122.33029174804688,21581,517.9540799777582,294.3200963810759,-0.27008263823533196
45,224.9,396.92638719305387,103.38945007324219,36855,514.5131461131461,257.2233618233618,-0.3830983842727107
45,230.5,413.81809135237336,118.10739135742188,50245,475.7632600258732,252.47411682754503,-0.295279735929405
45,236.2,414.53117960877296,120.68624877929688,50610,474.7948626753606,254.62770203517093,-0.27989227319352633
45,241.8,412.05040322580646,85.83283233642578,52080,475.538133640553,254.61858678955454,-0.487854777123972
45,247.4,414.8394511011982,119.38860321044922,49991,473.95233141965554,253.50003000540096,-0.2876350327061882
45,253.1,417.62972792243073,123.76377868652344,47854,468.63626865047854,257.74094119613824,-0.26152934379529297
45,258.7,411.5757599731018,119.16551971435547,50561,475.5392100630921,255.1618243310061,-0.2889661217978202
45,264.3,413.29073891625615,119.02816772460938,50750,474.1605714285714,254.92011822660098,-0.28978567025598206
45,270.0,398.904783325836,60.34901428222656,40014,507.9992752536612,255.5417353926126,-0.6399109929312796
45,275.6,392.70051625951356,121.87544250488281,18789,529.910160200117,305.84922028846665,-0.2727966214591664
46,40.1,575.447723440135,169.13424682617188,5930,358.635413153457,30.18431703204047,0.0572122894575723
46,45.1,578.7236220472441,157.66790771484375,5080,353.1820866141732,30.721850393700787,-0.014460685419259656
46,65.1,568.5541556976307,150.93983459472656,5318,358.94490409928545,30.50169236555096,-0.05651604511390179
46,80.1,646.7112855740922,185.24948120117188,5095,357.41570166830223,29.8243375858685,0.15794424734572943
46,85.1,560.6969419520234,136.91526794433594,5461,359.17597509613626,30.12946346822926,-0.1441798062701401
46,95.0,561.2271584241408,137.90780639648438,4772,356.9189019279128,30.91324392288349,-0.13797571768925695
46,110.1,642.896691816599,218.3013153076172,5169,354.90462371832075,30.895917972528537,0.3645422951222952
46,120.1,655.6903908210828,237.4661102294922,5578,360.6516672642524,31.64413768375762,0.48433622861918113
47,40.1,369.4234789515489,85.36064147949219,31475,556.1530420969023,1115.241270849881,0.023022114483741835
47,45.1,372.29815189531905,83.27394104003906,37065,595.8329960879536,1129.7076487252125,-0.0019863748957148386
47,50.1,371.43844299374274,83.10599517822266,36917,592.5808976894114,1133.0705095213586,-0.00399915652078606
47,55.0,373.50805853765684,84.27346801757812,36421,593.2222344251943,1132.0210318223003,0.009992661160278474
47,60.1,363.9225113513264,81.18437194824219,43387,574.3233687510084,1127.0430313227464,-0.02702924422751907
47,65.1,392.6006511123169,97.50904846191406,36860,590.0545035268584,1134.1291372761802,0.16861718948973412
47,70.1,437.9138664750746,122.88508605957031,36188,593.8942743450867,1134.2026362330055,0.47274151646787843
47,75.1,395.09340411113624,94.51658630371094,35416,598.1436921165575,1134.3482324373165,0.13275341302862317
47,80.1,437.13597433317926,129.57435607910156,36779,600.1989450501645,1131.923842410071,0.5529104449239474
47,85.1,396.906258578095,96.96148681640625,36430,591.5738127916552,1134.0059840790557,0.16205482464935062
47,90.1,441.423142920403,130.58084106445312,36132,596.8567474814569,1134.1191464629692,0.5649728706515922
47,95.0,397.45475501232977,99.88789367675781,37308,594.0267770987456,1133.041224402273,0.19712694784603296
47,100.1,442.3321335078534,125.74090576171875,36672,594.6016852094241,1134.1688481675392,0.5069676733903065
47,105.1,401.38724560559314,86.99317932128906,35329,596.3326728749753,1131.7913612046762,0.04258759906706715
47,110.1,442.4869736239459,120.42457580566406,37117,592.565805426085,1132.0125548939839,0.4432530267021959
47,115.1,398.4902356723437,99.14529418945312,37637,595.4344395143078,1134.1059861306692,0.18822711199018952
47,120.1,448.01936624507005,124.18389892578125,36765,599.4703114375085,1132.6871209030328,0.4883074056374089
47,125.0,402.7097286897359,98.45854949951172,35863,601.0320943590888,1133.4085547779048,0.17999667940864514
47,130.1,448.6240750715845,130.90625,35273,596.1416947807105,1133.3889944149917,0.5688728007779965
47,135.1,405.47473144185255,101.87787628173828,35281,597.8709787137553,1133.9351775743319,0.2209763025023248
47,140.1,447.5199294824119,130.64956665039062,36303,595.984381456078,1133.507451174834,0.5657965265312379
47,145.1,404.0348896434635,101.59432983398438,35340,596.3047255234861,1133.5641482739106,0.2175780819464818
47,150.1,448.0062921955172,123.20753479003906,37030,589.2673237915204,1131.318120442884,0.4766059694094134
47,155.1,402.11292686899395,96.53388977050781,36838,595.0240783973071,1131.3984744014333,0.15693020015660808
47,160.1,453.81600655238987,123.3790283203125,34186,600.6524893231148,1132.7716024103433,0.4786612687947017
47,165.1,398.54103351442143,89.45158386230469,38103,584.3306563787628,1129.159593732777,0.07205085248474986
47,170.1,444.6218218056453,120.68576049804688,37128,588.8043794440853,1130.5433096315448,0.4463832482146062
47,175.1,403.1974785519983,89.90364074707031,38232,593.761770244821,1128.0244821092278,0.07746862093288143
47,180.1,442.8918800185488,115.43636322021484,40973,582.7995753300954,1127.9622678349156,0.3834707699359241
47,185.4,334.22437520136236,55.63417053222656,43454,588.9253233304183,1116.8190040042343,-0.3332408732061688
47,191.1,337.54758240667195,56.45655059814453,40288,591.992677720413,1121.031349285147,-0.32338489064368064
47,196.7,337.2028371185665,58.43413162231445,41521,595.6111124491222,1118.3089520965295,-0.29968416527606156
47,202.4,333.5596155205315,56.79988098144531,42447,590.0436544396541,1118.8904516220227,-0.3192701772511476
47,208.0,332.47472521969905,56.01731491088867,39941,583.7077939961443,1121.795648581658,-0.32864900082074816
47,213.6,334.89743526388617,59.76836395263672,40472,594.0407689266654,1120.667399683732,-0.28369378427468656
47,219.3,330.4383792120391,55.932098388671875,42794,579.87449175118,1118.214001962892,-0.32967029570837064
47,224.9,334.61309960914366,60.236324310302734,42215,592.4877887006988,1117.9482648347744,-0.27808541739392606
47,230.5,332.6697123277893,61.83409881591797,42027,588.166845123373,1119.0312180265068,-0.2589365611427062
47,236.2,331.5114908522875,58.26541519165039,42251,586.9361671913091,1117.3634470190054,-0.301706181941524
47,241.8,331.96953462535487,58.42445373535156,40505,575.6247129983952,1121.937143562523,-0.2998001518972128
47,247.4,331.5572462423455,57.58353805541992,43112,579.5248654666914,1118.6710660604936,-0.30987827832732967
47,253.1,332.32990671555206,59.84377670288086,43094,580.5363855757182,1119.0311180210701,-0.28278998470293276
47,258.7,327.2944396959967,56.483848571777344,43289,570.685786227448,1118.578230035344,-0.323057732480118
47,264.3,334.04417905887146,61.75381851196289,39272,582.2867182725606,1124.7705235282135,-0.2598986969101987
47,270.0,335.0080429617897,63.35264587402344,40408,586.2169867353,1119.3195654325875,-0.2407372224849789
47,275.6,332.67930057874645,60.909629821777344,40605,578.9420760990026,1121.3467553256987,-0.2700160494029674
47,281.2,330.59297009842794,56.48497772216797,42874,570.8276811120959,1121.0046181835146,-0.3230441999456833
47,286.9,332.2374367545045,60.04537582397461,43679,579.1323519311339,1118.6398498134115,-0.28037387869008207
47,292.5,329.7825391461079,58.17634201049805,44385,575.1913934887913,1116.3720851639068,-0.3027736977491244
47,298.1,330.0718625449597,57.427066802978516,41148,579.3940896276854,1116.4750170117625,-0.31175354014301065
47,303.8,331.0612318147014,57.21404266357422,41792,579.5913811255742,1116.0948746171516,-0.314306571630969
47,309.4,336.68068419287425,60.50590896606445,38761,588.1818064549418,1119.5941281184696,-0.27485452479764694
47,315.0,338.1857592572831,62.10236358642578,37484,596.5331341372319,1116.7334596094333,-0.2557214869819487
48,45.1,494.8432362975763,207.61509704589844,22569,682.3132615534582,433.22389117816476,0.13055491524882376
48,50.1,460.4847471648685,174.91282653808594,29011,664.0746613353556,419.95670607700526,-0.04752323604395319
48,55.0,449.9371300392548,165.07476806640625,32098,659.2790828088978,414.7341578914574,-0.10109576289735397
48,60.1,452.3298694937196,171.91497802734375,28581,669.8824743710857,413.9484272768623,-0.06384783101423935
48,65.1,483.32251296464904,198.6822967529297,25261,676.4054075452278,422.3723526384545,0.08191191470672292
48,70.1,542.8989727240524,224.41958618164062,28230,661.9575628763727,418.7863266029047,0.22206270086259694
48,75.1,491.5656294556739,195.6458740234375,23846,670.6741172523693,426.8135117000755,0.06537726626137538
48,80.1,550.1361748379333,243.06980895996094,25761,671.6773028997321,420.26330499592405,0.32362131260389154
48,85.1,499.3683321662479,185.1444091796875,24277,671.5843802776291,431.17498043415577,0.008192201854476413
48,90.1,532.0800857490241,227.9969024658203,31254,660.8015933960453,415.4341204325846,0.24154275104211206
48,95.0,480.1069312584767,189.94635009765625,28018,664.7341708901421,422.69116282389894,0.03434086823177669
48,100.1,570.1919904493162,92.47628784179688,27642,674.0808913971492,428.8364807177484,-0.4964262076741209
48,105.1,501.5206738805314,214.17396545410156,22734,677.3887569279493,430.0955397202428,0.16627081945267347
48,110.1,607.0131552819698,296.87591552734375,20144,683.8008339952343,438.9053316123908,0.6166190719947152
48,115.1,483.0659044592588,194.14974975585938,28951,666.0481848640807,423.16876791820664,0.057230215933144396
48,120.1,587.6060187864488,268.0649108886719,22463,683.603347727374,430.93024084049324,0.45973056354339475
48,125.0,506.43231195534315,215.00364685058594,24901,672.3878157503715,437.3310308822939,0.17078879716350703
48,130.1,547.8348155520596,226.28265380859375,31147,661.2537965133079,420.40498282338586,0.2322079181086586
48,135.1,481.10586730715244,173.99545288085938,32059,659.6183910914252,418.8708319036776,-0.05251873642930328
48,140.1,621.1367440540924,294.30657958984375,21149,682.1797248096836,441.82036975743534,0.602627915212779
48,145.1,495.99094165461185,203.49237060546875,29034,667.8202452297306,425.53588895777364,0.10810486846622562
48,150.1,585.5702078962427,259.7406005859375,26215,672.8904062559603,429.3638756437154,0.4144010568614591
48,155.1,493.38566898319954,185.2230224609375,29642,658.1253963970042,425.6737736994805,0.008620285518842002
48,160.1,604.9992922302611,282.4498291015625,25432,676.2773277760302,442.39237967914437,0.5380627283157885
48,165.1,499.31505647933767,197.83724975585938,28506,661.6944853715007,426.9416964849505,0.07731026458711292
48,170.1,567.8802685696207,252.82424926757812,28447,662.9603121594545,427.2505360846487,0.37673850201926373
48,175.1,496.69629888268156,196.1374969482422,28640,662.0215432960894,425.16784217877097,0.06805436788835421
48,180.1,561.5670985730687,246.649658203125,30485,661.2959160242742,423.4693783828112,0.3431151558517849
48,185.4,421.05502692634735,148.9073944091797,24697,667.557800542576,432.523545369883,-0.1891341763601332
48,191.1,422.5444540184866,150.28326416015625,25532,674.0367773774087,435.61350462165126,-0.18164196441677513
48,196.7,429.41586731559795,161.3577880859375,21163,681.0386051126967,436.08368378774276,-0.12133634292545958
48,202.4,420.09947555405176,149.41561889648438,23644,672.945652173913,430.1643968871595,-0.18636667197173556
48,208.0,420.1168690633642,156.1289520263672,24951,676.0385555689151,434.1739409242115,-0.14980963986913334
48,213.6,427.00972296217367,152.28001403808594,22524,667.9852157698455,439.1105931450897,-0.1707687889052812
48,219.3,414.8622349926225,145.3805694580078,25754,663.433447231498,432.17639978255806,-0.20833927917059053
48,224.9,424.79456742142617,151.04173278808594,23672,664.3300523825617,442.3153092260899,-0.17751177134522614
48,230.5,413.70797397488275,144.97572326660156,26436,662.3119609623241,434.0359736722651,-0.21054384356945463
48,236.2,435.0482001220256,160.0879669189453,19668,675.6821232458816,439.3201138905837,-0.1282510739939456
48,241.8,427.9906155120066,156.26051330566406,21738,673.1515778820499,437.2968534363787,-0.14909323122119852
48,247.4,433.9871692060946,167.3945770263672,21199,680.5026652200576,440.0491060899099,-0.08846338953222102
48,253.1,433.12841293230474,163.6169891357422,23074,673.274941492589,441.64644188263844,-0.10903400611212402
48,258.7,421.2564923970613,155.02159118652344,23412,673.1645310097385,436.24790705621047,-0.15583970347362472
48,264.3,440.19585218319526,166.402099609375,19673,677.3899761093885,443.9723478879683,-0.09386786270406322
48,270.0,428.53761196625794,155.40005493164062,22998,668.2171927993738,438.2124967388469,-0.15377880302190505
48,275.6,422.3777732296357,156.08921813964844,24430,673.0765861645518,436.1426115431846,-0.1500260082429703
48,281.2,414.84238405823214,142.85736083984375,27751,656.7080465568808,436.22168570501964,-0.22207925254465075
48,286.9,424.30387805424795,153.90081787109375,22305,673.8810580587312,433.5920645595158,-0.16194280386790205
48,292.5,422.7107251375544,152.4442138671875,24354,669.1068407653773,436.229859571323,-0.16987464909312316
48,298.1,415.09861150467555,146.741943359375,24703,668.0077723353439,431.91932153989393,-0.20092600346192718
48,303.8,427.6382922535211,157.09503173828125,22720,673.4852992957747,437.1385563380282,-0.14454891373520892
48,309.4,443.4972695680953,171.9844207763672,24172,674.6514562303491,447.1999007115671,-0.06346968490466486
48,315.0,417.8628287413901,148.3501739501953,25552,671.6069974953037,433.4185973700689,-0.19216848522179908
49,65.1,324.80555555555554,15.09217643737793,36,187.38888888888889,723.9444444444445,0.0
50,75.1,581.842850170815,270.8496398925781,26637,814.9203739159815,1103.7389345647032,0.0036825210685435122
50,80.1,590.7626222196809,274.92193603515625,34978,827.042197952999,1073.811024072274,0.018773153865919878
50,85.1,564.9771927833882,258.0364990234375,35252,827.1259219335074,1074.6776353114717,-0.04379889901178591
50,90.1,594.1091612307337,278.07049560546875,34646,828.0638168908388,1075.4969982104717,0.030440713064149166
50,95.0,576.7293544959035,267.40087890625,29171,817.9423399952008,1085.9731582736279,-0.009097488986827069
50,100.1,602.0373248407643,283.67083740234375,31400,823.495796178344,1081.7378662420383,0.05119379649362085
50,105.1,570.1348520776875,261.236572265625,35424,831.7633525293586,1074.257254968383,-0.031940446548653245
50,110.1,598.4436498855836,280.75067138671875,34960,829.82102402746,1075.6765732265446,0.0403725910836243
50,115.1,572.2337784575564,264.89813232421875,33998,829.5754750279428,1076.0628272251308,-0.018371870891285485
50,120.1,604.6206168782223,287.7509460449219,33167,833.8990562908915,1072.6114812916453,0.06631337992832853
50,125.0,570.8923375083162,265.5728454589844,34571,832.3060657776749,1074.3397066905789,-0.015871598857074155
50,130.1,596.8169463087248,279.577392578125,35760,829.8588926174497,1073.8555089485458,0.036024793416281196
50,135.1,570.0812946827525,262.3757019042969,35808,831.8888795799821,1074.3173592493297,-0.027719194831207574
50,140.1,599.3563808771237,282.20367431640625,35434,829.177033357792,1072.1697804368685,0.04575695727354107
50,145.1,568.1241042255841,263.8284606933594,36421,828.7632959007166,1075.3210510419813,-0.02233573334870741
50,150.1,599.6004699710367,280.6886291503906,36598,830.9455434723209,1073.9853543909503,0.04014268231137989
50,155.1,572.3228456116417,265.28082275390625,35184,832.6635686675762,1074.1594190541155,-0.016953742015759228
50,160.1,600.2903859649123,280.7342529296875,35625,829.2002807017544,1075.2486736842104,0.040311749509857706
50,165.1,569.666015517526,261.1818542480469,36346,829.2781874208991,1075.0343366532768,-0.03214321409839954
50,170.1,595.0721964094246,276.2527770996094,36373,831.6263712094136,1074.5237126439943,0.023704827082253584
50,175.1,573.7997888007307,263.013916015625,35038,833.1055425537987,1073.6435013414007,-0.025354176555778495
50,180.1,602.4413476350774,278.93853759765625,35054,836.1026416386147,1073.9187253951047,0.03365740028388353
50,185.4,468.9959573486719,190.57533264160156,36857,831.805979868139,1071.9094337574952,-0.2937885005309163
50,191.1,469.9493528572996,189.5118408203125,36468,832.9837391685861,1073.452753098607,-0.29772946258185545
50,196.7,471.55321959905797,191.56866455078125,34818,833.8817278419208,1072.5147050376243,-0.2901075287738236
50,202.4,466.8844911366289,188.2503662109375,36837,831.4997964003584,1074.5617449846623,-0.30240408580344663
50,208.0,460.9206676767149,185.1022186279297,38282,825.9351914737997,1074.6101823311217,-0.3140701183079104
50,213.6,464.10670813448445,188.6326904296875,37298,831.3282749745294,1074.540002144887,-0.30098731398904527
50,219.3,461.7949866639045,187.12173461914062,38617,826.0495636636714,1076.2466012377968,-0.30658643510197836
50,224.9,468.9449886546018,191.21054077148438,36138,829.2831091925397,1075.159859427749,-0.29143462146555416
50,230.5,465.9690710529864,188.1692352294922,37085,827.1208844546312,1076.3088310637725,-0.30270473138682674
50,236.2,462.97193284770634,187.656982421875,38301,825.8230855591238,1076.0656901908567,-0.30460297717950185
50,241.8,463.55545033670035,184.4901123046875,38016,825.2199863215488,1078.2700968013469,-0.3163383894339764
50,247.4,464.45048076923075,189.1582489013672,37440,827.4793803418803,1075.199919871795,-0.2990397616421652
50,253.1,465.5332595133281,189.76046752929688,37027,829.0640613606288,1076.938207254166,-0.2968081311664717
50,258.7,457.4677657731118,184.56353759765625,39244,824.5847518091938,1077.4609876669044,-0.3160662986784329
50,264.3,462.65659931776435,187.84353637695312,38110,828.98386250328,1077.320939385988,-0.30391166762478955
50,270.0,463.2296918767507,187.1622314453125,38199,827.7117987381869,1078.045498573261,-0.3064363667592492
50,275.6,461.0143700684538,187.56411743164062,38274,827.0734441134974,1077.1064168887494,-0.3049471052630925
50,281.2,462.47927700930734,187.2012176513672,38894,828.6645240911195,1078.1290430400577,-0.3062918962936603
50,286.9,465.10923089050635,189.96339416503906,38057,832.9926426150248,1076.6676826864966,-0.29605614967063343
50,292.5,462.9137735362394,188.72933959960938,38770,828.7473046169719,1078.1519473819965,-0.3006291629404973
50,298.1,458.922243663965,185.45401000976562,38865,826.2797375530683,1078.663296024701,-0.312766491464798
50,303.8,462.3274423425758,187.61793518066406,38590,826.5543923296191,1079.1079295154184,-0.3047476738219449
50,309.4,463.0029348161878,187.6064453125,38844,829.2661157450314,1078.7138039336835,-0.3047902516147388
50,315.0,462.5039511494253,185.83746337890625,38976,828.2850728653531,1078.8730244252874,-0.3113455353785949
51,80.1,521.6910695909442,205.90658569335938,62192,741.323160535117,109.10591394391561,-0.04852013813714356
51,85.1,467.6050524003478,160.53091430664062,87404,751.1868221134044,116.09277607432153,-0.25819792672067754
51,90.1,703.8970979303966,282.7825012207031,8649,644.449762978379,20.946930280957336,0.30671806485782094
52,85.1,443.5857832843343,137.8209686279297,9524,569.277299454011,704.2257454850903,-0.0327653251278729
52,90.1,492.36675566103037,167.542724609375,10113,570.0527044398299,701.4353802036982,0.17582349317416401
52,95.0,440.88196544276457,134.63674926757812,9260,570.9923326133909,696.4105831533477,-0.05511234103113387
52,100.1,495.9383836252374,126.04766082763672,9478,572.0702679890272,697.8629457691496,-0.11539100724108174
52,105.1,451.8436093168918,146.4003448486328,10218,571.7398708162067,698.6494421608926,0.02744518022592408
52,110.1,507.6449920823436,182.74403381347656,10104,571.5541369754553,696.6416270783848,0.28250706616046073
52,115.1,452.72433253744305,148.77305603027344,9214,573.0518775775993,690.0644671152594,0.04409698982490662
52,120.1,518.9736246432437,194.06161499023438,10161,570.6277925401043,695.8782600137781,0.3619344352960878
52,125.0,467.08088584735293,161.3470458984375,10521,571.8291987453664,693.6224693470202,0.13234190003746216
52,130.1,523.4542654231198,196.765380859375,11687,572.407461281766,691.7787285017541,0.3809096037875289
52,135.1,471.0678545859518,163.86705017089844,12571,573.0567178426537,688.6095775992363,0.15002742015400103
52,140.1,529.786107420763,200.8043670654297,10538,573.0686088441829,687.0140444107042,0.40925541755388656
53,90.1,479.7864466593543,64.12657165527344,20969,210.89117268348514,118.45705565358386,-0.1254559500458055
53,95.0,416.4121192376609,79.09172821044922,36834,195.98908617038606,82.21529022099148,0.07863555655020829
53,100.1,453.58953175178704,52.58024978637695,38612,189.06487620428882,83.25095825132084,-0.28292214274330685
53,105.1,414.62984121875337,79.28382110595703,37284,194.76102349533312,77.22473447055037,0.08125527711952107
53,110.1,456.60933753603274,91.54622650146484,37119,192.09844015194375,81.43796977289259,0.24848725911938338
53,115.1,418.16056064390784,39.113128662109375,36030,196.4194837635304,75.20066611157368,-0.466583772317919
53,120.1,458.4373535676251,95.60293579101562,37560,195.8743077742279,81.29070820021299,0.3038117662619509
53,125.0,419.0704037548669,43.731624603271484,37498,197.09381833697796,79.88583391114193,-0.4035977426453228
53,130.1,456.77163931958455,96.1000747680664,39858,189.68046565306838,83.30809373275126,0.31059163805546075
53,135.1,423.6337842121949,84.64818572998047,37852,197.06034027264081,79.79578357814647,0.15441329949040317
53,140.1,461.5790435113535,96.65016174316406,39415,193.5034377774959,82.81489280730686,0.31809360297594774
53,145.1,422.2596026123533,72.55411529541016,36136,198.0732510515829,78.60759353553243,-0.010522967415277043
53,150.1,463.96798603026775,91.07709503173828,37796,196.52947401841465,79.33175468303524,0.2420893475375642
53,155.1,443.0258569108471,55.48394775390625,23398,216.0797504060176,112.16954440550474,-0.2433221498726759
53,160.1,462.3934266523099,99.2887954711914,39006,196.3257703942983,80.86994308567913,0.3540787081716502
53,165.1,410.0997920166387,1.74072265625,25002,208.6715462762979,48.07719382449404,-0.9762604080906185
53,170.1,463.36426649063117,97.90837097167969,39386,195.05837099476972,84.19280962778652,0.3352527831097466
53,175.1,422.59986665640946,83.73058319091797,38997,195.26414852424546,82.39318409108392,0.1418992383134873
53,180.1,465.81471396848895,92.81375122070312,37828,198.2083641746854,79.64819710267527,0.2657734818624098
53,185.4,382.7971742840887,62.88178253173828,31638,214.70759845755106,83.4720273089323,-0.14243210974583595
53,191.1,388.093520253712,51.69112777709961,27748,225.58652875882947,96.00342367017443,-0.2950477927324697
53,196.7,370.60988819476097,67.44055938720703,37297,194.96224897444836,79.10955304716197,-0.08026051580110914
53,202.4,375.12586460432436,53.673038482666016,36722,200.58441806001852,81.62548336147269,-0.2680189313673061
53,208.0,374.3220595257043,5.77830696105957,37698,197.46845986524485,78.2710223354024,-0.9211967232745712
53,213.6,373.3979944255938,52.47919464111328,33008,203.11036718371304,68.33288899660688,-0.28430031054062327
53,219.3,372.59884467265726,61.69667434692383,34276,199.10196639047732,74.03019605554907,-0.15859435395800203
53,224.9,374.56872649408405,59.36111831665039,36427,199.70046943201473,77.49213495484119,-0.19044615231376683
53,230.5,375.4134618167086,63.7784309387207,34557,205.43774054460746,74.59490117776427,-0.13020381640368128
53,236.2,378.0044029239931,58.84089660644531,35431,210.5167226440123,73.99486325534137,-0.19754082133431836
53,241.8,379.9026572266493,2.8294246196746826,33757,213.6220635719999,77.19353023076695,-0.9614129306766563
53,247.4,371.42632911392406,66.26468658447266,35550,203.41971870604783,78.16315049226442,-0.09629680990805822
53,253.1,374.636210678124,63.245094299316406,33283,211.2283748460175,75.57083195625394,-0.13747734393796102
53,258.7,372.36101609375874,71.33268737792969,35666,206.05248696237314,83.05060842258735,-0.027180532136229098
53,264.3,376.1759920915125,70.10374450683594,35405,210.2794238101963,78.51936167208021,-0.043940584138171424
53,270.0,375.97738611713663,63.76068878173828,36880,204.8591377440347,75.64951193058569,-0.13044578003001925
53,275.6,375.267087950667,54.84130859375,32757,210.71053515279178,73.36633391336203,-0.2520863210933588
53,281.2,375.79998273232223,74.89765930175781,34747,209.857138745791,78.33041701441852,0.02143776919754038
53,286.9,376.75754045307445,57.114742279052734,30900,211.90728155339806,73.45974110032363,-0.2210817335857801
53,292.5,378.7187172500524,73.08155059814453,33397,212.61766026888643,79.19705362757134,-0.0033299210097749517
53,298.1,374.6316528659625,74.07699584960938,34177,209.2996752201773,78.38288907744975,0.010245741921398535
53,303.8,373.95572992347184,55.609031677246094,30969,213.7572411120798,63.152991701378795,-0.2416162828961931
53,309.4,380.62342867553286,63.39421081542969,32934,215.4269751624461,73.77375964049311,-0.1354437257583114
53,315.0,375.5284103979756,18.727006912231445,26082,222.14899164174525,52.209454796411315,-0.7446052073922733
54,90.1,498.98529987281086,190.5454864501953,81768,758.9197485568927,131.46284610116427,-0.24290355750762338
54,95.0,463.9812798279223,167.90940856933594,89262,753.1365306625439,120.39133113755014,-0.33284373061195166
54,100.1,710.5247888358429,288.5294494628906,8169,645.3998041375934,20.445464561145794,0.14641718264859246
54,140.1,727.3928444074646,306.8917541503906,8413,648.7804588137407,21.171520266254607,0.21937632649323582
54,150.1,722.2860256720755,304.5202941894531,8258,645.6024461128602,20.825502542988616,0.20995377897774703
54,155.1,666.7264554163596,285.6985168457031,6785,637.1042004421518,19.14620486366986,0.13516900745779095
54,160.1,734.3834175659063,307.7195129394531,7321,645.5995082638984,18.858352684059554,0.22266526944389878
54,170.1,729.9274302734904,314.7840270996094,7386,647.877877064717,18.46967235310046,0.25073477997512467
54,175.1,687.6050298242786,305.0820617675781,6203,643.9134289859745,16.86603256488796,0.21218585617269628
54,180.1,741.5964416831404,324.6358337402344,7082,648.640355831686,18.261931657723807,0.2898790698698608
55,100.1,501.0632141746969,194.5391082763672,80425,765.9527634442027,130.38501709667392,0.2884791626161611
55,105.1,464.8648672994854,171.59356689453125,88809,754.4438739316961,120.28731322275895,0.1365053399365492
55,110.1,506.7362180587572,98.13899230957031,81556,762.4676663887391,129.55361959880327,-0.35000192120038465
55,115.1,455.43479453034655,80.59880065917969,83881,752.5825991583314,126.44094610221623,-0.4661748164606832
55,120.1,525.4530206272958,210.04708862304688,88475,749.5839954789489,120.01072619384007,0.3911922351083574
55,125.0,469.43851330854017,176.684814453125,89003,749.5428468703302,119.5330831545004,0.17022589334655658
55,130.1,525.8746033859194,213.152099609375,90138,749.5408928531807,120.55194257693759,0.4117574674208983
55,135.1,456.64854252157915,80.07683563232422,84804,760.6509362765908,129.29248620348096,-0.4696319159954576
55,140.1,503.67649175801483,202.83712768554688,84749,758.46052460796,136.9164001935126,0.3434389349439103
55,145.1,469.89744304870703,173.60105895996094,89638,754.8690733840559,123.15989870367478,0.14980144126209258
55,150.1,508.34902738798024,201.6697235107422,82664,763.4996733765605,133.62962111681023,0.33570693716251776
55,155.1,452.59788264417125,164.200439453125,83217,764.7941286035306,131.9665933643366,0.08753888409526425
55,160.1,506.6006476805088,200.18148803710938,85536,759.1466517022072,135.29128086419752,0.3258499967569005
55,165.1,455.7549328607619,83.72396850585938,84079,764.4706288133779,131.2866232947585,-0.4454760804286236
55,170.1,506.8917243403194,198.78048706054688,81782,765.9931402998214,131.09868919811206,0.3165708313433261
55,175.1,454.6155828045231,166.439208984375,83836,766.3884011641777,132.32874898611576,0.10236679153492224
55,180.1,516.5844309188794,209.06790161132812,71141,750.8708620907775,123.43072208712276,0.38470684473064654
55,185.4,383.73132010546544,117.9889144897461,89508,758.4490436609018,125.15996335523081,-0.21853112679140316
55,191.1,384.85347740311573,119.58312225341797,88198,755.9815868840564,121.91294587178848,-0.20797230649777868
55,196.7,382.35405149439464,119.10549926757812,90806,758.6243530163205,125.2365592581988,-0.21113571806213563
55,202.4,387.20273185645425,108.30084991455078,81117,745.4569202509955,117.83883772821973,-0.28269750157238277
55,208.0,379.9922348367351,118.25315856933594,96714,745.403633393304,128.98370453088486,-0.2167809748892339
55,213.6,381.88071486560125,118.26709747314453,89919,760.279573838677,126.03767835496392,-0.21668865418690203
55,219.3,382.2377770962937,118.11526489257812,91304,755.9809646893893,125.90631297643039,-0.21769427777590367
55,224.9,384.16449050864645,117.80972290039062,88765,758.9638258322537,125.03075536529037,-0.2197179556560271
55,230.5,384.33766263254694,120.24151611328125,88082,760.2379146704208,123.11271315365228,-0.2036116060877454
55,236.2,385.1874142213854,120.56874084472656,88163,758.9172101675306,122.8298379138641,-0.20144431822621686
55,241.8,385.2327445245388,121.59634399414062,86842,761.130581976463,123.1668662628682,-0.19463825615885202
55,247.4,374.9768817927308,55.30451583862305,81797,767.1180605645684,129.45164248077558,-0.6337049301397573
55,253.1,384.4684740648711,120.34256744384766,90148,754.3443337622576,123.94593335404002,-0.20294231889432163
55,258.7,384.33312971116385,120.39887237548828,86762,759.618473525276,122.550736497545,-0.20256939783071518
55,264.3,384.34409329446066,120.8427505493164,85750,761.4359883381924,123.17724781341109,-0.1996294862479749
55,270.0,383.01584586806814,121.37570190429688,88288,763.1253737767307,125.01503035520116,-0.19609962162761876
55,275.6,384.48721674450786,120.13512420654297,86715,758.7524995675489,121.54320475119644,-0.20431626519777138
55,281.2,382.76530211270864,120.8135986328125,86524,763.4430215893856,124.02869724007212,-0.1998225663813137
55,286.9,383.45875831989275,119.92060852050781,88042,760.1622861815952,123.54772722109902,-0.2057370540250644
55,292.5,382.56771342172595,120.0556411743164,85980,765.9019074203303,123.73957897185392,-0.20484270037943156
55,298.1,381.57624054262584,119.47771453857422,86837,759.9551573637965,122.07413890392344,-0.20867044706888796
55,303.8,382.07973552043495,107.45999145507812,86812,762.9535202506565,124.42698014099433,-0.28826670877878624
55,309.4,381.31873092646975,120.2401123046875,86835,765.9721080209592,125.27416364369206,-0.20362090384868084
55,315.0,384.1286982248521,119.91236114501953,85852,763.3932232213576,123.50072217304198,-0.20579167837056014
56,130.1,769.7706142577417,459.0657653808594,13789,144.38001305388352,942.6988178983247,0.0
57,140.1,529.4088195647988,196.63241577148438,20772,511.9018390140574,296.48834970152126,0.10646840651745122
57,145.1,466.3365194614218,158.79104614257812,21761,520.0509167777216,291.10863471347824,-0.10646840651745122
58,155.1,433.47305015448956,158.68658447265625,32041,1113.1522736493866,370.9863924346931,-0.03840545915287638
58,160.1,489.9656037991859,199.88075256347656,44220,1131.688263229308,429.9364767073722,0.2112192163199092
58,165.1,440.2847314349181,88.39364624023438,32413,1116.088143646068,375.25662542806896,-0.4643602170111132
58,170.1,487.71714623023684,198.0625457763672,43199,1131.1691705826524,427.08921502812564,0.20020141209640954
58,175.1,459.10029469304874,180.0985870361328,40381,1129.0034917411654,412.4703449642158,0.091345047747671
58,180.1,490.1284611473212,199.0794219970703,43266,1131.8387879628347,429.8346045393612,0.2063633861901545
58,185.4,372.2376772295884,118.01882934570312,43517,1132.0021370958475,432.1317186386929,-0.2848402251952711
58,191.1,366.6941522186306,71.93561553955078,34030,1119.405406993829,379.5922715251249,-0.564091095506382
58,196.7,367.6324740814984,68.76712799072266,31927,1119.0327622388575,378.88830770194505,-0.5832912083566288
58,202.4,371.39644667689873,119.4343032836914,43002,1132.8717966606205,433.8703781219478,-0.2762628648846681
58,208.0,366.6557773203258,116.17742919921875,44692,1129.3224290700796,429.5047212028999,-0.2959985744297622
58,213.6,366.4756728944914,110.15723419189453,31097,1118.4686304145093,377.28546162009195,-0.33247920493243455
58,219.3,368.91757824194553,119.84829711914062,43423,1132.085438592451,434.5312392050296,-0.2737541826703822
58,224.9,374.1162967274936,123.32405853271484,39511,1128.8967376173723,413.94864721216874,-0.25269207958405626
58,230.5,364.71491634253255,66.74946594238281,32394,1116.8966783972342,379.8634623695746,-0.5955176534427434
58,236.2,365.4730399949132,66.4402084350586,31454,1117.4989190564,379.26705665416165,-0.5973916639758153
58,241.8,376.4112720988967,112.67619323730469,37615,1129.8939784660374,411.37692409942844,-0.31721504586862115
58,247.4,374.7513621503814,120.4006118774414,38542,1131.205386331794,415.56463079238233,-0.2704073159004137
58,253.1,373.2022495422443,119.0300064086914,38230,1129.8245880198797,412.2369343447554,-0.27871278633942437
58,258.7,371.60131765447005,114.21121978759766,38098,1130.7245524699458,416.58612000629955,-0.307913231504651
58,264.3,371.070321780218,115.88091278076172,37883,1130.4976374627142,414.7674418604651,-0.29779537767061176
58,270.0,371.2492821580043,116.93421173095703,37961,1130.164221174363,413.2898237664972,-0.2914126924313164
58,275.6,364.52456360751125,65.14603424072266,30248,1120.889546416292,381.8573790002645,-0.6052339831253153
58,281.2,371.2208929092501,107.41168212890625,37697,1129.898612621694,413.5068042549805,-0.34911645176810524
58,286.9,372.0407139023081,114.88231658935547,37260,1129.827911969941,411.32125603864733,-0.30384658010437793
58,292.5,370.00832152974505,110.36478424072266,39536,1133.2221772561716,430.8756576284905,-0.3312215120117071
58,298.1,371.3694184627897,109.15129852294922,36885,1131.883773891826,413.959224617053,-0.33857488246507367
58,303.8,364.3521443936542,59.336402893066406,29752,1120.2463027695617,382.08725463834367,-0.6404386591022136
58,309.4,368.9147600830145,117.36316680908203,39993,1134.4790588352962,433.7001725301928,-0.28881334943855874
58,315.0,363.2866215512754,55.4519157409668,28815,1118.5496442824917,380.0091271906993,-0.6639775212679275
59,175.1,512.4858504140952,157.8668670654297,31273,438.58443385668147,221.3205960413136,0.0999784235047751
59,180.1,553.1692705179444,193.80967712402344,49542,474.16715110411366,252.7566912922369,0.3504192935842279
59,185.4,420.6285644749118,122.11260986328125,49306,469.7349409808137,251.26088102867806,-0.14914865554534112
59,191.1,434.5489549751874,121.19715881347656,27607,434.65476147353934,217.37649871409425,-0.1555272986468261
59,196.7,416.5634176756909,122.60443115234375,49718,472.5835914558108,250.24753610362444,-0.145721762896836
59,202.4,393.57912262156447,29.224201202392578,18920,528.4487315010571,300.28197674418607,-0.7963727831916062
59,208.0,402.2366762929903,109.44683837890625,30472,504.5341296928328,267.2778944604883,-0.23740071000639684
59,213.6,414.66609988532565,118.90855407714844,50578,471.8960417572858,254.51599509668236,-0.1714737469211711
59,219.3,415.77048743491986,121.76023864746094,48786,471.6211618087156,255.7443733858074,-0.15160389356755286
59,224.9,466.9390064975896,152.26605224609375,14313,366.3978900300426,246.84643331237336,0.060953290683447084
60,180.1,442.75565719788153,151.53927612304688,12462,866.8478574867597,196.9447921681913,0.21640632786720096
60,202.4,349.90843597490124,97.61969757080078,8606,873.7214733906577,190.64606088775272,-0.21640632786720096
61,185.4,406.8753476360747,126.75099182128906,10068,561.7819825188717,690.4847040127136,0.03120355597663976
61,208.0,401.30156537753226,122.9471435546875,10860,561.1465009208104,683.1205340699815,0.0002567223262518689
61,213.6,403.53467579540876,124.75698852539062,12415,560.0153846153846,685.5642368103101,0.01498101396877323
61,219.3,399.8540115452188,120.66417694091797,11953,561.9285535012131,682.4219024512674,-0.018316728314784276
61,224.9,401.1180682764363,119.4586410522461,12010,561.9223147377186,680.0786011656952,-0.02812456395688058
61,230.5,403.33038252253715,121.9640121459961,12313,561.1754243482499,684.8545439779095,-0.007741705063289254
61,236.2,576.7615228524495,294.009033203125,41396,546.9795632428254,823.4788868489709,1.3919588807303824
61,241.8,572.4036100214918,283.3100891113281,66537,500.50627470429987,807.7240031861971,1.3049158601265536
61,247.4,581.4907799097857,298.1646728515625,42787,544.3785729310305,824.460186505247,1.4257677710692311
61,253.1,577.7653960964409,297.06292724609375,43550,543.6433295063146,823.1474626865671,1.416804338359033
61,258.7,573.9198371440401,296.4272766113281,43474,543.57912775452,823.9801260523532,1.411632897997814
61,264.3,571.0340889512418,292.91314697265625,40629,547.4526323561988,822.2075118757538,1.3830431179298945
61,270.0,397.5661058750991,118.70297241210938,11353,552.1553774332775,681.8376640535541,-0.034272430554624506
61,275.6,400.03906585386795,122.27202606201172,11647,556.4212243496179,687.4238859792221,-0.005235807153366513
61,281.2,393.8,115.31034851074219,10825,552.9216628175519,680.0120092378753,-0.06187368069800665
61,286.9,394.903193703067,115.73941802978516,11053,555.8388672758527,679.9464398805754,-0.058382915005047546
61,292.5,392.2790317638648,111.18931579589844,9791,551.8572158104381,678.6967623327546,-0.09540102063262935
61,303.8,407.90802206746855,128.5338592529297,11057,556.4148503210636,693.0133851858551,0.04570836740987035
62,208.0,460.1179024935851,50.246883392333984,15199,365.4657543259425,249.1165208237384,0.0
63,213.6,403.6656332529567,150.10806274414062,8709,1175.6677000803766,559.6407165001723,0.0
64,247.4,427.2151840389807,91.72740173339844,15187,59.51860143543821,599.0742082043853,0.03308320234866222
64,253.1,418.8037514510906,98.01421356201172,16367,67.50504063053705,602.4151646605975,0.10388864950767039
64,258.7,418.4622648752399,88.07510375976562,13025,56.706794625719766,602.0796928982726,-0.008050936580711812
64,264.3,430.025696969697,88.75433349609375,12375,60.919111111111114,596.0012121212121,-0.0004010869406254314
64,270.0,410.8872911820681,77.37867736816406,14187,60.20589271868612,609.8080637203074,-0.1285198283349957
64,275.6,342.16,0.0,50,49.3,657.6,-1.0
65,258.7,314.6761363636364,44.95452880859375,8096,26.275074110671937,1111.2503705533597,0.12435936076758114
65,264.3,311.9589997975299,35.4710578918457,9878,25.984915974893703,1090.7745495039483,-0.11283207645585644
65,270.0,313.37147527584796,36.57724380493164,9788,28.80016346546792,1096.098079280752,-0.08516522021044862
65,275.6,313.07237996902427,40.10765075683594,9685,24.558492514197212,1094.1086215797625,0.0031339169152800562
65,281.2,314.03730088057785,42.801265716552734,10107,27.57227663995251,1088.6648857227665,0.07050401898344387
65,286.9,313.5532342306147,38.94291305541992,12445,29.106227400562474,1075.5944556046604,-0.025997380245055567
65,298.1,311.72225268269756,34.79475021362305,12767,30.726873971958955,1078.318242343542,-0.12974723247954206
65,309.4,325.47013523666413,39.11320877075195,5324,26.928437265214125,1154.1720510894065,-0.02173810789348823
66,275.6,422.17733883221183,118.32266998291016,32249,446.3001643461813,224.87754659059195,0.0029471747281138543
66,281.2,412.10374577470327,120.16890716552734,50884,477.17683358226554,254.9545240154076,0.01859657113246601
66,286.9,396.2733767308435,110.93589782714844,36254,518.6675401335025,256.66729188503336,-0.05966586692359636
66,292.5,411.2885388609127,117.5246810913086,51234,480.651188663778,254.17722606081898,-0.003816877371215909
66,298.1,392.951582278481,122.9227294921875,18960,535.7584388185654,303.14182489451474,0.04193899843423264
66,303.8,395.4218808946376,34.2696647644043,18555,532.0631096739423,304.546645109135,-0.709517512922053
66,309.4,413.84059529862714,119.47076416015625,51134,477.0813939844331,254.18386983220557,0.012678850082947217
66,315.0,412.74894651222047,118.3304214477539,51021,478.5418945140236,251.22286901471944,0.003012879041295481
67,275.6,328.83384399015523,25.945276260375977,19909,122.62805766236376,398.0805665779296,-0.1504688400928734
67,281.2,322.38140437359067,35.13612365722656,19069,116.81068750327758,386.43636268288844,0.1504688400928734
68,275.6,345.19607843137254,0.8063949942588806,102,62.71568627450981,656.0784313725491,0.0
69,275.6,572.76832247557,259.2919006347656,22104,428.1064060803474,769.5318946796959,-0.0024440861146744495
69,303.8,588.1809859783871,260.5624694824219,22394,435.79056890238456,769.0398767527016,0.0024440861146744495
70,281.2,437.36930218400425,166.59356689453125,13141,611.183547675215,593.5285746899018,-0.11848060437488236
70,286.9,471.4198906915695,197.5752410888672,23237,647.7429100142015,572.7790162241254,0.04545697869238943
70,292.5,467.39606741573033,193.53292846679688,23140,650.1043215211755,576.8618841832325,0.024067335346850495
70,298.1,464.81223361903426,194.07608032226562,21351,631.8628167298956,576.3120696922861,0.026941389275166927
70,303.8,466.4691882702932,193.14505004882812,21177,632.4477026963215,578.161637625726,0.022014901060475517
70,309.4,461.02298460144925,188.10986328125,17664,634.4413496376811,586.6081295289855,-0.004628473464454979
70,315.0,469.00151064113385,163.90721130371094,22507,635.3885457857556,578.6454880703781,-0.1326952862560458
71,286.9,457.86487011725075,148.8823699951172,15437,371.3610805208266,256.84757401049427,0.12914032033307316
71,298.1,420.85638859556497,114.82687377929688,31251,443.90454705449423,226.97795270551342,-0.12914032033307316
72,286.9,362.4489592517346,68.17668151855469,26087,275.4553609077318,714.2418829301951,0.0
73,298.1,380.60172718982994,89.71285247802734,18643,61.456525237354505,162.24202113393767,0.2531559477831751
73,303.8,373.20652212993923,78.05497741699219,27813,55.83687484269946,129.03253874087656,0.09031266426560494
73,309.4,372.8156724904373,71.64532470703125,29019,59.71387711499362,124.67238705675592,0.0007792897841795315
73,315.0,374.9664508744948,46.94498825073242,27959,58.004935798848315,125.65706928001717,-0.34424790183295956
74,298.1,277.9158011869436,21.394298553466797,2696,438.6450296735905,1181.752596439169,-0.03140096076045667
74,315.0,283.5982905982906,22.78145980834961,2457,446.92429792429795,1181.5860805860807,0.03140096076045667
75,303.8,456.9084031070312,100.05780029296875,9913,52.42348431352769,576.5094320589126,0.0
76,309.4,329.1158729398237,47.72405242919922,41744,491.33149674204674,426.0343522422384,0.15421772492627783
76,315.0,323.0405232674256,34.97100830078125,50070,460.4981825444378,439.0206910325544,-0.15421772492627783
