cell_id,time_seconds,mean_intensity,mean_intensity_sub,area,centroid_x,centroid_y,dF_F0
0,0.1,215.73490189592079,13.6367826461792,48367,507.2331961874832,161.8209523021895,-0.062333780382423126
0,5.1,216.4216934372622,14.536572456359863,48623,501.817678876252,161.58721181333937,-0.00046416409144911123
0,10.1,216.93238698495884,15.151871681213379,48467,499.0536241153775,155.60542224606434,0.04184385775442755
0,15.1,216.61830070685053,14.78079605102539,49091,494.05569248945835,162.32696420932552,0.016328668990451076
0,20.0,218.0540999257452,14.610591888427734,47135,500.86067677946323,161.1287578232736,0.004625417728993485
0,25.1,217.26822911818908,14.365473747253418,53719,498.60347363130364,167.51583238705115,-0.012228924439392242
0,30.1,218.94593817397555,12.40693187713623,48685,506.21671972886924,166.851925644449,-0.14689841349442737
0,35.0,219.43787309518814,10.200480461120605,52433,499.3577327255736,157.4949363950184,-0.2986141819205595
0,40.1,219.39493043175344,9.627121925354004,48801,497.3403618778304,161.15649269482182,-0.3380383587712751
0,45.1,219.49874926550828,15.468586921691895,59565,505.95101150004194,177.73964576513052,0.06362122195682382
0,50.1,219.14088560137805,14.392448425292969,49345,501.6115715878002,162.01854291214914,-0.010374143510561233
0,55.1,219.266261212156,14.742405891418457,52287,495.8888060129669,166.57490389580585,0.013688958674379225
0,60.1,220.28406497261108,9.179068565368652,52576,498.7782448265368,161.6048387096774,-0.3688465421342423
0,65.0,220.39198689249176,14.958626747131348,52489,496.179466173865,164.44805578311647,0.02855632128029338
0,70.1,222.08583406884378,16.290468215942383,54384,498.402177110915,160.49420785525155,0.120133842722997
0,75.1,221.15459136126222,15.869769096374512,46141,496.0073036995297,154.6078541860818,0.09120653902704977
0,80.1,222.66712246129097,15.249296188354492,49730,501.904886386487,167.50892821234666,0.04854277433023061
0,85.0,221.83932479533112,15.91382122039795,49348,497.55720596579397,158.7074856123855,0.0942355664502268
0,90.1,223.85123116816322,16.355043411254883,46663,494.2740286736815,150.36954332126095,0.12457403810051178
0,95.1,222.8613491585915,11.951427459716797,48193,496.9277073433901,160.22189944597764,-0.1782189321374708
0,100.1,222.7780022277181,16.092546463012695,52969,500.8612207140025,163.85559478185354,0.10652472782655463
0,105.1,222.50291618063656,15.469325065612793,48008,493.1428511914681,149.8107607065489,0.06367197678938225
0,110.1,223.48392860611006,14.66187572479248,51489,498.46843015012917,163.0637806133349,0.008151698246861173
0,115.1,222.72990261049964,15.461491584777832,52059,494.06888338231624,156.95038321903994,0.06313334604695985
0,120.1,223.1642578885859,16.112234115600586,51340,493.16803661862093,153.47438644331905,0.10787845232698905
0,125.1,222.91700376054476,15.449230194091797,49195,498.96729342412846,156.29452180099602,0.06229025188390591
0,130.1,224.2880488070596,15.958348274230957,45895,499.4149471620002,147.1083996078004,0.09729725008349954
0,135.1,222.98930937766758,15.355298042297363,49202,493.42923051908457,151.3016137555384,0.05583146992932892
0,140.1,224.25587319039766,14.901749610900879,54570,495.7080080630383,169.26877405167676,0.024645445035093402
0,145.1,222.64276861104656,15.422574996948242,51636,500.05494228832595,162.31818886048492,0.0604574384859626
0,150.1,222.72332050693686,15.63568115234375,56654,493.43176121721325,158.3732304868147,0.07511063405940152
0,155.1,223.29172186683826,14.476827621459961,52838,496.01693856694044,163.56669442446724,-0.0045722235168857836
0,160.0,224.13376001288088,14.833820343017578,49686,490.50485046089443,151.94815440969288,0.019974623370617388
0,170.1,223.85304965721312,11.377086639404297,47989,495.53155931567653,161.9152097355644,-0.2177106509488262
0,175.0,222.82414227378544,15.195369720458984,52406,494.7221119719116,157.21253291607832,0.04483478626582622
0,180.0,223.60554989417574,9.86182689666748,51028,489.7402602492749,150.91467429646468,-0.32190002696039
0,185.4,219.91388125024207,14.682832717895508,51638,501.58019288121153,156.63550098764475,0.009592702698374747
0,191.1,222.09143003932263,14.2684965133667,50607,502.8233248364851,160.43148181081668,-0.01889708647195253
0,196.7,220.8505234321495,14.547663688659668,51105,497.06392720868797,159.95356618726152,0.0002984698913086984
0,202.4,220.77615066413,14.685461044311523,57293,489.07987014120397,157.18578185816767,0.009773426624125437
0,213.7,221.54050723893624,14.262221336364746,48695,496.53108121983774,153.58778108635383,-0.019328568123418256
0,219.3,221.56479703330905,14.104077339172363,45303,498.562037834139,147.0533960223385,-0.030202561487545215
0,225.0,220.28790136837827,14.842158317565918,51667,489.3890878123367,148.8286333636557,0.020547943139426636
0,230.6,222.21303784460034,14.735570907592773,44762,498.0333541843528,146.1912559760511,0.013218984662820737
0,236.3,221.62154769091458,10.308943748474121,53008,496.74151071536375,159.88009357078178,-0.2911562379715473
0,241.9,221.20216538757435,9.426939010620117,53293,493.77822603343776,155.56425797008987,-0.3518029513266271
0,247.6,221.60376468570448,14.722898483276367,46644,495.8119586656376,149.400244404425,0.012347627795848616
0,253.2,222.08891921296723,14.645608901977539,54229,490.13223551974033,154.0535691235317,0.0070331902637227415
0,258.9,222.03464423271842,10.163054466247559,49330,505.72712345428744,154.8138252584634,-0.30118759619565383
0,264.5,221.27002378284882,14.311108589172363,50877,495.1144131926018,158.6872653654893,-0.015967076874567797
0,270.2,221.34659202901406,14.653453826904297,50734,496.90564512949896,155.07460480151377,0.007572607902773965
0,275.8,220.8820481905013,14.181010246276855,53081,489.9740961926113,158.14481641265237,-0.024912648900350675
0,281.5,220.84531570296772,15.07448673248291,54149,489.58156198637096,158.43552050822728,0.03652286275039491
0,287.1,220.70376831821355,15.51041030883789,54454,493.04390862011974,150.15622360157198,0.06649700126153954
0,292.8,222.8264246029287,15.463680267333984,48417,504.86793894706403,151.4630604952806,0.0632838400272203
0,298.4,222.36856531370856,10.25340747833252,53266,493.26848270942065,154.6016408215372,-0.29497491616173804
0,304.1,221.80460649499688,14.52747917175293,49669,491.7237109665989,166.9872354990034,-0.0010894190377600066
0,309.7,222.47440121779678,15.002620697021484,51897,494.64942096845675,159.6804632252346,0.03158134864560727
0,315.3,222.4706333531476,15.757025718688965,52151,494.6211577917969,155.74569998657745,0.08345429573886161
1,0.1,250.2448596307227,48.29439926147461,40999,654.2410546598697,94.7188711919803,0.0012726198268332258
1,5.1,250.71956719986198,48.26115798950195,40573,655.4801468957188,96.31323786754739,0.0005834389697687345
1,10.1,251.8507134467851,48.58122253417969,40017,654.9504710498038,95.54739235824775,0.007219236703333345
1,15.1,250.15995971142135,47.54899597167969,42692,652.6120818888785,96.28600206127612,-0.014181592591456056
1,20.0,253.32583859990277,48.47930908203125,41140,649.8915410792416,92.81137578998542,0.00510629709152075
1,25.1,254.29049714256814,49.680015563964844,39546,650.1565265766449,89.81054973954382,0.030000167668512392
1,30.1,253.64812898568164,48.42276382446289,41555,653.508554927205,94.07585128143424,0.003933962016438474
1,35.0,256.27223258706465,49.81446075439453,38592,654.3756996268656,93.35250829187396,0.03278757759809478
1,40.1,254.46330433072802,48.08491134643555,40686,650.2147913287126,93.49793540775697,-0.0030706273554657877
1,45.1,254.14867307641927,49.14476013183594,38171,658.4160488328836,93.85585916009536,0.018902884815844612
1,50.1,255.102036199095,48.28828048706055,39780,651.0150326797385,89.18926596279537,0.0011457611976466934
1,55.1,255.62079868545536,48.64095687866211,40166,648.3083453667281,89.70303241547577,0.008457690116320821
1,60.1,256.81379616570024,49.589439392089844,38286,655.7076215849136,93.2698636577339,0.028122280329731204
1,65.0,264.4421909217599,57.51417922973633,40184,652.8191071073064,90.4991041210432,0.192423423734079
1,70.1,273.5345984135486,65.45100402832031,39207,655.7964139056801,94.09046853878134,0.3569751208399623
1,75.1,265.63559529642333,58.28411865234375,40820,649.7350073493386,89.30173934345909,0.20838633609184945
1,80.1,275.0072065189712,64.8067626953125,39270,650.407486631016,88.79096002037178,0.34361826751606056
1,85.0,267.0950553172274,59.99822998046875,39861,653.1753091994682,92.46127794084444,0.24392446818236893
1,90.1,275.3502536820846,64.74200439453125,40602,653.2862420570415,96.29296586375055,0.3422756539941961
1,95.1,269.6041302065103,59.34279251098633,39998,649.3900195009751,92.07662883144157,0.23033548887551056
1,100.1,275.1933461909354,66.71058654785156,39406,654.1793635486981,94.49972085469219,0.3830896498227301
1,105.1,270.12951374640954,58.48615264892578,38992,653.7274825605252,95.33555601148953,0.2125750435226332
1,110.1,277.5677941975724,64.55390930175781,38639,652.4738476668651,91.56362742306996,0.33837593748052436
1,115.1,270.73017624038033,60.5529899597168,38073,651.9730517689701,91.17652929897828,0.255426132687799
1,120.1,276.79283268542594,66.74404907226562,38843,652.5171330741704,92.75455036943593,0.38378341783720904
1,125.1,269.9966925360696,60.18532180786133,38398,652.9252565237773,91.39548934840356,0.2478033843098337
1,130.1,278.566677455899,67.036376953125,37074,654.2036737336139,91.49929869989751,0.3898441600266245
1,135.1,270.6274046211714,60.17927169799805,37220,653.6793390650188,92.12745835572272,0.24767794928122408
1,140.1,277.2810322242599,63.81346130371094,38170,652.1790411317788,91.7750327482316,0.32302446157053516
1,145.1,269.054551229454,59.83150100708008,37781,653.7154654455943,92.58619411873693,0.2404677287148778
1,150.1,276.856729606059,67.15607452392578,38026,652.954425919108,89.64411192342082,0.3923258121878558
1,155.1,269.35032811711255,57.39787292480469,37639,653.8997847976833,92.06907728685671,0.19001208162356267
1,160.0,277.4322011088981,63.17154312133789,37154,653.6973677127631,93.26554341389891,0.3097157733994854
1,170.1,278.04241612984185,58.63947677612305,35859,650.0374801305112,88.62143394963607,0.21575386452194387
1,175.0,269.09252833053193,59.26461410522461,36886,654.4795044190207,91.77492815702435,0.22871464052978188
1,180.0,277.73480243161094,65.6762924194336,36848,651.7864741641338,91.65441815023883,0.3616459543327916
1,185.4,249.59825494205862,43.12041473388672,36675,654.7505657805044,90.67528289025222,-0.10599797722175806
1,191.1,251.96257440273965,43.001625061035156,36793,652.3545239583616,87.58326312070231,-0.10846080621980583
1,196.7,250.37364689326694,42.20441436767578,36952,648.9360521757957,88.24534531283828,-0.12498912527337086
1,202.4,251.31130686156868,42.53948974609375,36668,652.0968419330206,90.88360423257336,-0.11804211263591036
1,213.7,250.76,41.374717712402344,36825,651.5429463679566,89.66593346911066,-0.1421909655776544
1,219.3,251.0286944848417,39.961517333984375,35756,653.649932878398,89.29620203602192,-0.17149040540664517
1,225.0,250.7557698254294,42.164554595947266,35573,653.0211396283698,89.94136002024007,-0.1258155254082649
1,230.6,250.63558794051522,42.254737854003906,36917,653.8344935937373,92.01912398082185,-0.12394578422834047
1,236.3,251.03178637804746,42.65478515625,36588,652.8374057067891,90.48075871870559,-0.11565172908944292
1,241.9,250.9369349442893,42.643104553222656,36169,653.4368934723105,90.12546655976112,-0.11589389936535886
1,247.6,250.2482533896667,40.308021545410156,36213,652.1565736061635,91.24466351862591,-0.16430644236205072
1,253.2,251.772749075929,43.04495620727539,35441,654.7788437120848,89.42100956519286,-0.10756243516685705
1,258.9,251.9854314002829,42.92914962768555,35350,653.4496463932107,88.30891089108911,-0.10996341662873035
1,264.5,251.32983900119567,41.42707061767578,35963,650.9674943692128,88.54386452743097,-0.14110554922668436
1,270.2,250.70543277322517,41.37860107421875,36243,653.6239825621499,89.541428689678,-0.14211045305613826
1,275.8,250.5421261106948,40.683326721191406,37364,650.9781340327588,91.85769724868858,-0.15652535796436506
1,281.5,251.12999531796524,43.448848724365234,36309,649.9210664022694,89.44834614007546,-0.09918865839565277
1,287.1,252.29851310850526,44.251869201660156,34367,654.2057787994297,87.19419792242559,-0.08253988691549728
1,292.8,254.12275956365366,45.104129791259766,33643,653.2138334869067,84.96673899473888,-0.06487023564385816
1,298.4,253.03534237929946,43.97623062133789,34859,652.7008233167905,86.11483404572706,-0.08825461507580357
1,304.1,250.36324964768517,40.09636306762695,38318,645.6639960331959,90.31191607077614,-0.16869469114036417
1,309.7,252.89413159781589,42.729095458984375,36262,647.884259003916,87.41746180574707,-0.11411107690954664
1,315.3,252.76031268453167,43.5945930480957,35563,648.2289458144701,86.88597699856592,-0.09616698708224837
2,0.1,219.05991154410566,17.97539710998535,98128,305.9007724604598,250.7812245230719,0.025591655662530213
2,5.1,214.53827521171553,16.491596221923828,54082,185.01917458673864,196.99918642062053,-0.059067047572192964
2,10.1,215.07400750234447,16.53602409362793,51184,174.39881603626134,195.58193966864644,-0.056532202070879355
2,15.1,220.1710595861381,18.24098777770996,100275,304.6279830466218,253.8275841436051,0.040745010605041466
2,20.0,221.14415458742414,18.390274047851562,99206,301.50285265004135,247.29226054875713,0.04926258337550104
2,25.1,220.87159213971043,17.95773696899414,95111,288.13702936568853,250.3812808192533,0.024584051038966794
2,30.1,217.7652329167343,16.839317321777344,61610,198.4509008277877,198.65523453984744,-0.0392277162725545
2,35.0,220.29079133231147,14.181614875793457,66546,220.50375679980766,214.41419469239324,-0.19086372381982764
2,40.1,229.8695652173913,4.100777626037598,46,385.9782608695652,293.04347826086956,-0.7660289066629034
3,0.1,216.00093038177735,13.031970024108887,31170,91.59268527430221,356.6871029836381,0.14900535861529873
3,5.1,216.86426459465034,5.3181681632995605,29086,83.69944303101148,356.43608608952763,-0.5311066779355708
3,10.1,217.27650142490236,12.923983573913574,28423,78.85434331351371,353.1231748935721,0.13948438751862507
3,15.1,217.5848938596814,12.772769927978516,27181,77.95886832714028,355.195872116552,0.12615215231905713
3,20.0,218.08988398921133,12.662896156311035,30773,87.80313911545835,354.1437298930881,0.1164647794825898
3,25.1,218.29838063729758,13.134206771850586,28715,84.32547449068431,358.095072261884,0.15801938878765906
3,30.1,218.1170430554667,11.737282752990723,31262,85.13332480327554,354.9864691958288,0.03485511045682743
3,35.0,219.0806114666578,12.777010917663574,30157,85.07059720794508,352.62642172629904,0.12652607275203462
3,40.1,219.40643452743083,5.479390621185303,27943,82.41448663350391,358.3704684536378,-0.5168919837874759
3,45.1,218.54986748500488,13.225902557373047,28676,83.86881015483331,357.06611800809037,0.1661040412794032
3,50.1,219.07679883977718,12.374482154846191,30339,86.73005043013943,358.2976367052309,0.09103583569514075
3,55.1,220.14739648914895,13.160744667053223,27002,81.42274646322494,356.9512258351233,0.16035918727843143
3,60.1,219.90227381033426,13.012120246887207,29378,80.84304581659745,354.23759275648445,0.14725523945811556
3,65.0,220.48795953263038,12.681190490722656,28072,81.05304217725848,353.3891778284412,0.11807775804472322
3,70.1,221.832907300203,12.899788856506348,26602,80.56341628448989,357.78448988797834,0.1373511827997946
3,75.1,220.62517200256858,3.2975406646728516,32703,91.33746139497906,359.4880286212274,-0.7092617703270047
3,80.1,221.61344091729484,12.141427993774414,28257,80.07704285663729,358.40832360123153,0.07048786946872397
3,85.0,220.80182581461983,5.121934413909912,30014,86.21423335776637,356.3248484040781,-0.5484082546866496
3,90.1,222.8514335060449,12.40900707244873,28950,81.70227979274611,355.1611398963731,0.09407983558600004
3,95.1,222.27195774361752,12.629167556762695,29534,82.00091420058239,353.94362429741994,0.11349098952236604
3,100.1,222.24155862408207,12.923091888427734,28461,81.4693440146165,358.6814939742103,0.13940576921306314
3,105.1,222.19799248845015,12.312020301818848,30087,84.47459035463821,356.96001595373417,0.08552868645333862
3,110.1,222.44353750452555,12.04132080078125,30383,79.81176973965705,354.4750682947701,0.0616615983084704
3,115.1,221.9654490151493,13.198184967041016,33863,86.22759353867052,357.02873342586304,0.16366023119079112
3,120.1,223.0810279406692,12.533709526062012,28990,80.35208692652638,357.3351845463953,0.105074626639775
3,125.1,222.50449775112443,12.073210716247559,30682,81.75532885731047,358.07349586076526,0.06447327480011296
3,130.1,223.90119191570219,12.557473182678223,28945,80.17636897564346,360.8600449127656,0.10716982550393808
3,135.1,223.38920111712582,12.505013465881348,29003,83.04651242974865,364.56787228907353,0.10254454662441795
3,140.1,224.08692289586065,12.262462615966797,29739,85.20249504018292,361.3326608157638,0.08115927442282918
3,145.1,222.31099745911786,12.609638214111328,30698,80.48810997459118,360.12984559254676,0.1117691225049356
3,150.1,223.0240457674086,12.331011772155762,33561,85.54444146479544,358.6517982181699,0.0872031302361841
3,155.1,223.6753175608587,12.86149787902832,29207,80.31800595747595,363.9780532064231,0.13397513618309134
3,160.0,224.5716087252897,13.046745300292969,29340,78.45255623721881,363.9249147920927,0.15030806814264758
3,170.1,225.07464046590863,5.678280830383301,25241,78.13961411988431,365.7053207083713,-0.49935619175282203
3,175.0,223.59694511676588,5.365886688232422,30574,85.01314842676784,369.541898344999,-0.5268994214155172
3,180.0,224.26978908996225,12.817575454711914,30724,80.33830230438745,361.6439916677516,0.13010257502698352
3,185.4,220.78366235534378,13.178537368774414,29380,76.46630360789653,360.9702859087815,0.16192793778845194
3,191.1,223.32434281598847,13.007744789123535,27770,74.57400072020165,360.2583723442564,0.14686946321649183
3,196.7,221.44266986706057,12.219099998474121,32496,82.12004554406697,363.8915866568193,0.07733607042753937
3,202.4,222.0629060934217,13.447498321533203,30935,78.63458865362857,357.2948117019557,0.18564174125841168
3,213.7,222.6306462585034,6.998198986053467,29400,78.01816326530613,363.6769047619048,-0.3829813818819448
3,219.3,221.71614480116264,13.208075523376465,30276,76.97787026027217,360.9977209671027,0.16453226375440919
3,225.0,221.49222449763215,13.193985939025879,31252,79.0380135671317,363.57317931652375,0.16329001044278124
3,230.6,222.01704473450766,12.99016284942627,31564,79.8288873400076,361.39221898365224,0.14531929521505868
3,236.3,222.81285797026837,13.196032524108887,31078,79.43635369071369,360.02912027801017,0.163470454168702
3,241.9,222.87590686105162,13.474446296691895,28946,76.40022801077869,365.4992745111587,0.18801769576136762
3,247.6,221.7701890849301,13.358067512512207,31626,80.67077720862581,363.56627458420286,0.1777567876711698
3,253.2,222.5468991748324,13.317895889282227,31024,76.6649368231047,359.6583290355853,0.17421492790091772
3,258.9,222.93757577743554,13.389470100402832,30517,79.22485827571518,362.64160959465215,0.1805254973669384
3,264.5,221.64852086548248,12.69359016418457,30457,72.91328758577667,357.44144203303017,0.11917101495265517
3,270.2,222.30038798581845,13.396147727966309,29898,76.76112114522711,363.70255535487325,0.1811142517792857
3,275.8,221.81852809141614,12.577899932861328,29404,72.68864780302,359.0858386614066,0.10897081532942604
3,281.5,221.2452016520894,12.842201232910156,32928,82.95720966958211,359.59860908649176,0.13227378560048136
3,287.1,221.2289184159838,12.879976272583008,30631,73.06026574385426,358.32728281806016,0.13560434290883275
3,292.8,222.78684346478389,13.575021743774414,29035,73.19462717410022,360.61153779920784,0.1968852520425099
3,298.4,222.84066777963272,13.544473648071289,29950,75.84921535893156,364.39035058430716,0.19419188138608193
3,304.1,222.6967663209274,13.533500671386719,29502,78.01660904345468,365.31214832892687,0.19322441376704907
3,309.7,222.66786193133984,13.056404113769531,32071,79.23298306881607,358.02531882385955,0.15115966835519448
3,315.3,223.28586068960956,13.673728942871094,30249,76.60831763033488,366.42186518562596,0.20558808825884375
4,0.1,253.39073570538199,42.189353942871094,154831,649.2965620579859,537.7560630623067,0.0020376007436526387
4,5.1,254.82385354883678,42.27581787109375,152078,656.5639671747393,534.2486881731743,0.004091201927127073
4,10.1,255.03674752456075,42.16771697998047,154922,651.8267708911582,534.2386943106853,0.0015237021328405416
4,15.1,254.49018530351438,41.7388916015625,156500,650.8671373801917,540.6850223642173,-0.008661311695761552
4,20.0,256.9862566848395,42.14603805541992,153893,651.8842897337761,534.5801043582229,0.0010088068921414676
4,25.1,256.12641067635695,41.54579162597656,156308,652.3758156972132,534.3551193796862,-0.013247621230195322
4,30.1,262.9113872161004,25.907907485961914,102457,624.219233434514,589.8933503811355,-0.38466236073026006
4,35.0,258.68945325264355,38.116127014160156,153014,654.6692132746023,535.7129739762374,-0.09470544359063059
4,40.1,258.32683417737957,37.499481201171875,154020,652.7320932346448,535.244747435398,-0.10935137279334135
4,45.1,256.8060069375173,40.3228759765625,155387,647.2954301196368,527.9185066961844,-0.042293040245382565
4,50.1,258.58901753395116,41.33281707763672,155812,648.2794778322594,537.5178933586631,-0.01830597092018816
4,55.1,258.7901784561349,41.501129150390625,154884,648.2184538105937,536.2291715090003,-0.014308397840806753
4,60.1,260.03952761604,37.54020690917969,151995,649.1573209645054,538.142386262706,-0.10838409818667176
4,65.0,258.5211725566506,39.71898651123047,159310,649.9490992404745,531.9177515535748,-0.056635993962452356
4,70.1,261.1744067395876,42.5716552734375,160722,648.4814462239145,530.2580356142905,0.011117623835748325
4,75.1,259.3878181155668,41.30725860595703,156429,646.2037154236107,538.6288539848749,-0.0189130091240741
4,80.1,260.60289337797894,41.43050003051758,163062,645.090155891624,527.5745728618563,-0.0159859071460229
4,85.0,257.9135450772921,40.22953796386719,162177,648.5682001763505,530.4328665593765,-0.04450990752488722
4,90.1,263.68094075033,43.03997802734375,156811,649.7176154734043,531.1787565923308,0.02224073819614669
4,95.1,262.5722158670345,37.56410217285156,148610,646.0620886885135,534.867027790862,-0.1078165627673969
4,100.1,262.4347565829274,42.69949722290039,157035,643.9608431241443,535.2947941541695,0.014153992690498997
4,105.1,261.2861870382699,41.1588249206543,154717,644.9896326841912,534.93354964225,-0.022438451445179444
4,110.1,263.74656072029774,42.391056060791016,155047,646.12229839984,531.3457274245874,0.006828219404916677
4,115.1,260.3232920756328,40.381591796875,159243,643.3960550856239,532.3787984401198,-0.04089848322535087
4,120.1,264.2321110994874,42.5761604309082,152944,643.9246717752903,530.5944267182759,0.011224625644522847
4,125.1,261.2011444847894,40.34525680541992,155878,644.4928213089725,533.2789617521395,-0.04176147410475588
4,130.1,263.37368038204875,41.944210052490234,158095,645.3557671020588,543.9130775799362,-0.003784801658783502
4,135.1,259.7503487269143,39.849525451660156,161301,644.5026503245485,530.918996162454,-0.05353556898678417
4,140.1,263.40813587962674,41.39391326904297,160966,642.6452977647454,523.8640209733733,-0.01685487780474977
4,145.1,258.71830400192863,38.70744323730469,165920,637.2759462391514,525.8085161523626,-0.08066111642878589
4,150.1,262.47565395045666,40.859615325927734,164462,642.2241004000924,527.4314005666963,-0.02954496615562684
4,155.1,260.3562670511394,39.58100509643555,160913,643.9870116149721,535.7570674836713,-0.059913184838983446
4,160.0,265.21283594116363,42.226341247558594,151403,644.4436041557962,531.6947022185822,0.0029160846876642907
4,170.1,266.2623060487532,40.32525634765625,146493,642.3680517157817,530.9442225908405,-0.04223650414997588
4,175.0,260.84352965904674,39.903316497802734,157001,639.7844026471168,530.3587174603983,-0.052257980074396755
4,180.0,265.066134031984,37.7923698425293,154202,646.2616827278505,533.347232850417,-0.10239498678495948
4,185.4,253.22873661670235,37.163204193115234,163450,640.7665096359743,539.9737167329458,-0.11733827410485735
4,191.1,257.2036039912178,36.9833984375,158047,644.6512113485229,528.9636563806969,-0.12160883317055345
4,196.7,255.91740162605777,36.738800048828125,156698,644.2494416010414,529.744400056159,-0.12741827938445888
4,202.4,256.5871392635478,37.17307662963867,158218,642.4986158338495,531.9884589616858,-0.1171037942732668
4,208.0,281.91500957099424,28.930559158325195,44405,627.3416957549825,509.959531584281,-0.31287148586263286
4,213.7,256.4968822921847,36.26974868774414,156846,640.2976167705903,525.8297948305982,-0.13855869886380384
4,219.3,256.33303003921003,37.3209342956543,152767,647.1678503865363,532.8805435728921,-0.11359203296242813
4,225.0,256.74405266504186,37.57893753051758,150992,644.0619370562679,537.9341157147398,-0.10746420880099206
4,230.6,255.68228622593642,36.829002380371094,160824,641.1558349500075,524.0532694125255,-0.1252758875383265
4,236.3,256.61775678478386,33.787471771240234,158148,643.5140690998305,535.2741925285176,-0.19751515525237628
4,241.9,256.1568051077818,33.760765075683594,158190,642.4493773310576,530.2055186800683,-0.19814946487407858
4,247.6,257.7874501294403,37.612579345703125,145627,640.554574357777,532.6961071779272,-0.10666518343978756
4,253.2,256.101017504527,35.540565490722656,162358,639.4622747262223,522.3060397393415,-0.1558774988206697
4,258.9,255.62185842890617,33.84642028808594,162180,638.3275743001603,529.6692008879023,-0.19611507146660773
4,264.5,254.21297227409855,36.05974197387695,167064,631.5135097926543,520.7822810419959,-0.14354655963997232
4,270.2,256.1212005571562,37.65214920043945,157227,635.9137743517335,531.9844873972028,-0.10572536145636834
4,275.8,255.24946224421325,36.712215423583984,159459,639.8946939338639,522.395223850645,-0.12804968971921726
4,281.5,253.80919240945278,36.790367126464844,166681,639.0228220373048,531.1445635675332,-0.12619351185608124
4,287.1,252.96916425824634,36.22316360473633,167468,637.7009040533117,523.1874805933073,-0.1396651392437822
4,292.8,257.23426000554946,37.931846618652344,151366,645.3324656792146,528.5969900770318,-0.0990822796433652
4,298.4,256.6128906807016,34.03926086425781,154282,641.6323874463644,525.1644521071804,-0.1915349229169298
4,304.1,253.9982870661516,36.238746643066406,166965,632.0620788788069,520.0431228101698,-0.1392950271448458
4,309.7,256.2201963361284,37.1929931640625,162069,637.7382904812148,525.6646675181559,-0.11663075748782074
4,315.3,255.76610069538296,37.231903076171875,162788,636.0136066540531,524.8303069022287,-0.11570660977444215
5,0.1,286.84972234162944,77.91476440429688,113989,1013.1447332637359,552.0232741755783,-0.019324027124248883
5,5.1,290.5533618957624,79.07266998291016,109001,1011.154493995468,551.1307327455711,-0.004750021947096393
5,10.1,291.8707888650486,79.21952819824219,107661,1011.1304279172588,552.1833533034246,-0.0029015876446037343
5,15.1,290.3173042918416,79.6318359375,110279,1007.8877030078256,552.5507304201162,0.0022879331915596113
5,20.0,293.51928470921507,81.4114990234375,107313,1008.6780632355819,551.7234817776039,0.024687703524389756
5,25.1,291.23706001324155,78.23336029052734,110259,1011.6986912632982,552.2682864890847,-0.015314012679976924
5,30.1,291.5033561245922,72.69743347167969,111885,1010.3110604638691,556.2285382312195,-0.08499208281661702
5,35.0,295.4890476593902,80.43428802490234,106233,1007.6622894957311,552.8196229043706,0.012388014832261741
5,40.1,294.71444443407063,79.11174011230469,107107,1009.9649322639976,554.1358547994062,-0.004258264865530342
5,45.1,289.7227219636351,76.70851135253906,114726,1010.7262521137319,551.2757090807663,-0.034506558883296325
5,50.1,293.2431149011754,79.10319519042969,110347,1009.4887763147163,553.2274823964403,-0.004365815721096438
5,55.1,291.9403482477408,77.12190246582031,113425,1010.4752479612079,552.251205642495,-0.029303402135087992
5,60.1,293.54055680827935,77.64218139648438,111313,1010.2849352726097,552.3884631624338,-0.022754899416807337
5,65.0,291.76484852839474,77.8153305053711,111341,1014.1316855426123,550.7750604000323,-0.02057555417834971
5,70.1,302.47423590812355,86.51932525634766,113239,1008.0707088547232,550.4479640406573,0.08897747579716846
5,75.1,290.41844218741835,75.45626068115234,114802,1005.8989042002753,548.9304193306737,-0.05026804073895805
5,80.1,301.7571426025273,84.3440933227539,112214,1011.1859750120306,554.0756590086798,0.061598869072024984
5,85.0,291.2517391657418,74.6251449584961,110829,1009.4689386351947,554.3747936009528,-0.06072889788355466
5,90.1,302.7037133936825,84.19065856933594,114666,1009.6869342263618,549.8646242129315,0.059667659021766274
5,95.1,292.7241494858997,74.4408950805664,113402,1005.4545246115589,548.8178427188233,-0.0630479632066986
5,100.1,301.84788764699135,84.92341613769531,113357,1005.9544800938628,552.5436629409741,0.06889052899675743
5,105.1,291.95447488223994,74.14933013916016,114003,1005.8109435716603,549.3786567020167,-0.06671775204269317
5,110.1,304.36941684276786,85.03170013427734,111205,1005.1773211636167,549.6647183130254,0.07025344800840887
5,115.1,292.6485953318209,75.49480438232422,111521,1005.7938594524798,551.2315079671093,-0.04978290955831526
5,120.1,303.3630898627711,84.5383071899414,112950,1004.9947233289066,552.5841080123948,0.06404334637496296
5,125.1,295.0304709141274,77.13341522216797,108300,1005.1354939981533,552.5553370267775,-0.0291584965627226
5,130.1,304.9505483155352,85.4560317993164,111341,1005.2254605221796,553.0450418084982,0.07559430826276164
5,135.1,294.4760370033251,75.6932144165039,107666,1006.3168131072019,551.3551353259153,-0.047285617103090365
5,140.1,306.47171071899254,85.3782958984375,109264,1006.4248334309563,549.4488120515449,0.07461588355975901
5,145.1,292.4718016893664,74.8111572265625,110574,1005.6268019606779,548.6635556279053,-0.05838765019645021
5,150.1,304.61761191616284,85.52826690673828,111311,1007.1768468525123,548.6802382513857,0.0765034971024936
5,155.1,293.72786917974173,75.00395965576172,110197,1007.3686942475748,550.7527065165114,-0.055960937990190564
5,160.0,305.6289293396721,84.998779296875,110642,1005.6413929610817,549.3852334556498,0.06983908913183055
5,170.1,307.9343045758897,80.60430145263672,106187,1006.4435571209282,547.8825844971607,0.014527892747828597
5,175.0,293.3301729648938,75.19014739990234,111063,1004.7529870433898,546.3951631056248,-0.05361748166944503
5,180.0,305.4959953716259,85.89857482910156,110622,1005.0285657464157,547.1094086167309,0.08116438627803967
5,185.4,263.267841434427,50.53324890136719,106858,1001.570701304535,546.1722940725074,-0.3639621013063376
5,191.1,265.14430316675276,48.84938430786133,108376,1007.566933638444,547.2302631578947,-0.38515610171245734
5,196.7,263.82285869290706,51.33110809326172,106909,1002.142195699146,549.2164364085344,-0.3539198282505023
5,202.4,262.94595274684787,49.02080535888672,111273,1008.5837444842864,545.0477294581794,-0.38299850671398694
5,208.0,288.16504827812577,30.603349685668945,36559,1022.5955578653683,553.4733171038595,-0.6148102358300259
5,213.7,263.36575469406483,47.451053619384766,111151,1008.7860927926874,548.0357351710736,-0.4027562230605512
5,219.3,264.6291291148396,49.092987060546875,105077,1004.1120130951588,548.9808140696822,-0.38208999006710226
5,225.0,262.98370880739765,48.29926300048828,110305,1005.4602420561172,546.8540229364036,-0.3920802161910476
5,230.6,264.2595741942601,49.96064758300781,108782,1001.396784394477,550.1302972918314,-0.37116916095986136
5,236.3,265.9720126620669,50.26960372924805,105512,1000.6339847600273,547.2787739783153,-0.3672804773245249
5,241.9,264.07022335462705,49.850616455078125,109109,1004.3680447992375,549.1599684718951,-0.37255407028037407
5,247.6,263.91055439658834,48.536407470703125,108334,996.3843668654347,547.3829914892832,-0.3890953918664396
5,253.2,266.05376251128655,51.940677642822266,104106,1000.518461952241,548.9321076595008,-0.3462474671053307
5,258.9,264.3789575467354,50.79113006591797,108590,997.8769776222488,547.0066396537435,-0.3607162741018826
5,264.5,264.1155741157939,50.3358154296875,109194,999.969155814422,549.5245343150723,-0.3664471022352121
5,270.2,263.6917937452716,50.63490676879883,109709,996.1340910955346,544.8151291142933,-0.3626825822215247
5,275.8,263.8285931615369,48.54576873779297,107802,1002.9492866551641,550.9176174839057,-0.388977566063065
5,281.5,264.12013967088393,51.71259689331055,105677,1000.3372919367507,547.855370610445,-0.34911821070099897
5,287.1,263.0638418710314,50.98659896850586,107406,997.9041673649517,546.7462246057017,-0.35825600026703336
5,292.8,264.68702038820345,49.478878021240234,106336,1001.4258106379777,545.9586217273549,-0.3772329646214725
5,298.4,263.990757263784,48.94707107543945,109275,1003.4540471288035,550.9914344543582,-0.3839265649672178
5,304.1,263.17954329298135,48.842506408691406,108297,999.054646019742,549.1201695337821,-0.3852426705484331
5,309.7,265.37726845834953,51.73499298095703,105413,1000.8344037262956,546.7804255642094,-0.34883632182911123
5,315.3,264.91427764705884,50.17698669433594,106250,1000.0061835294117,545.8127529411764,-0.36844620376304693
6,0.1,220.2397191376896,11.279563903808594,50701,314.1789905524546,451.15794560265084,-0.0050294322507894425
6,5.1,221.4400479856043,9.915084838867188,50015,310.4379086274118,455.30336898930324,-0.1253901590930974
6,10.1,222.21297949633643,11.580327987670898,48723,310.26835375490015,456.1558606818135,0.021500973874043535
6,15.1,222.22889224342936,12.225728034973145,48359,310.6619036787361,453.06054715771626,0.07843172553837491
6,20.0,223.6550532337518,11.682197570800781,50344,317.0090775464802,447.7666454791038,0.030486891931468713
6,25.1,223.54049421511212,12.685799598693848,49007,314.3008753851491,455.7865406982676,0.11901464779176904
6,30.1,224.81140868452107,11.46288013458252,49997,315.13814828889736,461.9139148348901,0.011140896297922625
6,35.0,224.77571736871553,7.588709831237793,50044,314.84685476780436,445.60606666133805,-0.3305997471479186
6,40.1,224.25383077948035,6.201179027557373,52535,311.78747501665555,456.6699533644237,-0.4529938683462813
6,45.1,223.83584981026561,11.668078422546387,50070,313.1378669862193,448.29211104453765,0.029241441568794074
6,50.1,224.81912493453123,12.456194877624512,49642,308.20958059707505,461.93269811852866,0.0987612105464586
6,55.1,225.11930777490053,12.11453628540039,47499,311.18375123686815,448.62923429966946,0.06862349898414834
6,60.1,225.74325090411494,7.706287860870361,51155,310.56553611572673,453.3302707457727,-0.32022818669611347
6,65.0,226.19447995941147,12.082305908203125,49275,311.56217148655503,448.2011364789447,0.06578045673781586
6,70.1,227.58040134604204,12.950864791870117,56759,316.45835902676225,448.7015627477581,0.14239605402291747
6,75.1,226.6772628861687,9.259453773498535,48036,308.66364809726036,459.0516071279873,-0.18322338907494135
6,80.1,227.2717016193257,12.254799842834473,52738,315.3202813910273,448.6425916796238,0.08099615031755585
6,85.0,226.5771397964649,11.11958122253418,46675,306.34907337975363,452.77242635243704,-0.01914150791037213
6,90.1,228.85294538321654,11.872529983520508,48941,309.5389755011136,453.1120124231217,0.047276118036290025
6,95.1,228.89982195845698,9.61890983581543,50550,313.677903066271,452.0431256181998,-0.15151576230369934
6,100.1,228.41961430561278,12.901487350463867,50973,313.5734408412297,449.02893688815647,0.13804046888425875
6,105.1,228.77023063450866,12.275238037109375,47391,309.6827245679559,452.0928235318942,0.08279900386179631
6,110.1,229.9713255742095,12.624083518981934,48545,316.06630960964054,449.3668348954578,0.11357067111023397
6,115.1,228.01158705240337,12.220796585083008,53508,303.4756298123645,457.1100583090379,0.07799672224047619
6,120.1,229.64581798837875,12.177447319030762,48876,307.5555691955152,452.981852033718,0.07417288257581048
6,125.1,228.94218349564326,12.314687728881836,48775,305.671348026653,453.28338288057404,0.08627886199772332
6,130.1,230.35370208034894,12.309216499328613,46771,307.93951380128715,449.42310406020823,0.08579624472445993
6,135.1,229.16048638327806,11.68764591217041,49755,305.328549894483,466.3902120389911,0.03096749023757883
6,140.1,230.90931305428578,11.496502876281738,47471,311.58471487855746,456.1434981357039,0.014106759046079135
6,145.1,228.54350583460172,12.021623611450195,47304,308.29748012853037,450.08606037544394,0.060427670072703575
6,150.1,230.01347408518052,12.126046180725098,49354,306.8254042225554,459.4910645540382,0.06963878709134996
6,155.1,229.16388272155706,12.048523902893066,48193,303.2818459112319,458.04040005809975,0.06280054534321784
6,160.0,229.8959322311344,11.798633575439453,48872,301.1641635292192,456.2436159764282,0.04075771433468873
6,170.1,230.55294962307048,10.067835807800293,41785,309.0518367835348,448.89658968529375,-0.11191599293031726
6,175.0,229.45544219985135,9.978178024291992,44403,308.1603945679346,454.06981510258316,-0.11982470788784047
6,180.0,230.43784465438378,8.400136947631836,46786,305.3944128585474,452.3005813704954,-0.259023744248278
6,185.4,226.1923931028477,12.0702543258667,45932,306.2823086301489,449.9318993294435,0.06471738640798678
6,191.1,228.31346051934287,11.557450294494629,49062,306.63472748766867,449.71580856874976,0.019482932080716824
6,196.7,227.24417403041105,11.330917358398438,47417,304.34662673724614,461.9353396461185,-0.0004995429478982522
6,202.4,227.2376708755087,11.34554386138916,47915,297.0541584055098,450.6998852133987,0.0007906611866739171
6,213.7,227.49230468240512,9.947139739990234,46002,304.4081996434938,454.0389765662363,-0.12256259559494001
6,219.3,227.06290715272752,11.883639335632324,45591,303.3053672874032,455.2633414489702,0.0482560742183094
6,225.0,227.1877491601344,12.133216857910156,44650,303.79290033594623,452.1532362821948,0.0702713126757438
6,230.6,227.60603554311405,12.171719551086426,47154,304.1326716715443,456.2612079569071,0.07366763604570417
6,236.3,228.1402479338843,8.959736824035645,48400,305.2752479338843,451.73830578512394,-0.20966142745251212
6,241.9,227.28262225548903,8.13390827178955,48096,298.7823519627412,455.54064787092483,-0.28250778130971776
6,247.6,227.3585126438276,11.726117134094238,46149,301.3646016165031,449.6449110489935,0.03436103752770345
6,253.2,228.13728736032758,11.824162483215332,45911,302.3955261266363,450.9132669730566,0.04300961982326944
6,258.9,227.7339565768206,8.035408020019531,45782,302.8113669127605,447.76272334105107,-0.291196490577455
6,264.5,226.20725453148683,11.661393165588379,48163,293.8002823744368,443.8814027365405,0.028651734912775888
6,270.2,227.57535330695308,12.381056785583496,44225,301.0981119276427,448.26575466365176,0.09213327787679229
6,275.8,227.31530435499835,12.475707054138184,48496,300.1182777961069,457.17170488287695,0.10048238004462294
6,281.5,227.44494588148964,13.681355476379395,54510,317.7166208035223,445.1255732893047,0.2068326525740629
6,287.1,227.51604896002738,12.842482566833496,46732,302.3639690148078,454.2272746726012,0.13283565568675504
6,292.8,227.7144181459566,12.038226127624512,50700,302.0869033530572,454.36747534516763,0.061892178371508226
6,298.4,228.74566597095028,9.02319049835205,46954,307.233036589002,457.2310772245176,-0.20406417751459116
6,304.1,227.05558613098515,12.587532997131348,43608,301.210718216841,450.27132636213537,0.11034654881372143
6,309.7,228.38135145836083,12.643223762512207,45462,305.40985878315956,448.06486736175265,0.11525903239215765
6,315.3,227.94114862393218,12.635662078857422,46473,304.5464678415424,444.19245583457064,0.11459201611889543
7,0.1,227.32235181774777,13.64758014678955,14661,1171.6344042016233,586.276515926608,-0.1070528035529084
7,5.1,230.33637917433606,13.67100715637207,15212,1167.7008282934526,587.4070470681041,-0.10551999830077943
7,10.1,230.08209595459644,13.01920223236084,15153,1168.665874744275,579.8818055830528,-0.1481669271530825
7,15.1,229.85917926565875,16.484405517578125,18520,1168.7843952483802,579.5376889848812,0.07855777608171875
7,20.0,230.65661229096133,19.596546173095703,19494,1169.8665743305633,562.9784549092028,0.2821819529250517
7,25.1,230.70273988992582,13.569839477539062,16716,1168.8848408710219,583.1507537688442,-0.11213929595013195
7,30.1,233.07960779736197,22.15522575378418,17134,1169.0690440060698,586.2331037702813,0.449593738282448
7,35.0,234.51129163281885,16.593528747558594,18465,1165.4108313024642,586.7725968047657,0.08569759729766031
7,40.1,233.19187466491928,14.644702911376953,16787,1167.234824566629,583.8126526478823,-0.041812081932281295
7,45.1,232.11193507765495,19.526287078857422,14294,1171.17398908633,595.0737372324052,0.27758497232115004
7,50.1,233.51131705578328,20.293930053710938,16833,1169.233945226638,588.3529376819343,0.3278110662436686
7,55.1,232.50290638035972,14.758235931396484,14623,1171.8463379607467,588.381111946933,-0.034383732668880174
7,60.1,234.0633897223109,15.636588096618652,15665,1170.7966804979253,583.3456750718161,0.023085950234053427
7,65.0,232.48987073123675,15.913910865783691,15549,1171.89523442022,586.6005530902308,0.04123089509412219
7,70.1,235.02854272544616,15.314773559570312,16922,1169.3144427372652,576.9529015482804,0.002029954552589489
7,75.1,232.3131704577366,14.936474800109863,17805,1170.2536366189272,571.0155574276888,-0.022721745972069815
7,80.1,234.55264593562467,13.500391006469727,14664,1168.4494680851064,595.0574877250409,-0.11668323831001533
7,85.0,232.16638913795313,12.698026657104492,15614,1171.1320609709235,574.1456385295248,-0.16918111621867318
7,90.1,235.83064352758458,12.891237258911133,14809,1169.9812276318455,587.1057465055034,-0.15653954435381184
7,95.1,235.01078015952143,13.272738456726074,16048,1168.8513210368894,585.2602816550349,-0.13157831156631317
7,100.1,236.5001134944955,17.36217498779297,17622,1168.3616502099649,579.1171830666212,0.13598933384689332
7,105.1,234.722581910928,12.82581901550293,15291,1169.766921718658,579.4010202079654,-0.16081979304402305
7,110.1,236.12245475113122,14.87415885925293,17680,1168.4555995475114,572.7902149321267,-0.026799014182526264
7,115.1,234.6811976047904,13.569376945495605,16700,1168.5939520958084,575.4399401197605,-0.11216955894818945
7,120.1,234.76883486640386,14.522041320800781,18264,1169.6960687691633,561.701106000876,-0.04983770422126265
7,125.1,235.38512798815316,17.61435890197754,18908,1167.291887031944,578.064046964248,0.15248946916305328
7,130.1,237.5944249584641,14.888916969299316,16251,1169.3193649621562,571.4043443480401,-0.02583340615172245
7,135.1,234.67554408400306,13.237149238586426,17047,1166.7638880741479,576.1456561271779,-0.1339068776725191
7,140.1,237.53467980891335,14.030179023742676,16537,1167.1798996190362,577.6582814295217,-0.08201975074321553
7,145.1,234.279118993135,13.695718765258789,17480,1166.5181922196796,581.8690503432495,-0.103903143031365
7,150.1,236.04079613571554,14.550941467285156,17183,1168.0847349124135,578.9425595064889,-0.04794679722510894
7,155.1,234.50987157370136,12.651286125183105,15651,1170.6413647690244,564.4529423040061,-0.17223930136876855
7,160.0,235.84749124854142,13.57530403137207,17140,1169.2140023337222,566.6949824970828,-0.11178175578751445
7,175.0,234.88691650230112,14.039397239685059,16731,1169.0044826967903,578.3255035562728,-0.08141661231182622
7,180.0,237.88855671815313,16.75627899169922,18063,1166.48081714001,584.7895144771079,0.09634617914611625
7,185.4,228.81991466468787,15.57851791381836,21562,1165.6438178276599,565.5906223912439,0.019286477626384607
7,191.1,230.15718080596847,11.94194221496582,17693,1170.8995647996383,558.4334482563726,-0.2186509471794249
7,196.7,229.993838148706,22.42096519470215,21909,1166.5554794833174,563.0599753525948,0.4669807978344623
7,202.4,232.64790756495745,14.494511604309082,17396,1165.5639227408599,594.9964359622902,-0.051638945386058364
7,213.7,231.06250874003635,12.022751808166504,14302,1173.9528038036638,564.1915815969794,-0.21336365823014147
7,219.3,231.08467783907568,12.605645179748535,19214,1166.3167482044344,566.2719891745602,-0.17522554170080143
7,225.0,231.05950582975896,11.819663047790527,16553,1169.1067480215067,574.3873618075273,-0.22665154789681646
7,230.6,229.78860675854258,15.42187786102295,21188,1167.3274023031904,556.9887200302057,0.009037679341958399
7,236.3,231.83085046200264,14.986048698425293,21212,1163.7279841599095,571.3161418065246,-0.01947817655964695
7,241.9,230.21958005249343,14.038179397583008,19050,1169.1636745406825,561.7641994750657,-0.08149629447372195
7,247.6,231.25973717918308,12.754186630249023,21079,1163.360026566725,570.4259215332796,-0.16550662667308516
7,253.2,232.21920198356216,22.20887565612793,21779,1164.9829193259561,560.8347031544148,0.4531039964653817
7,258.9,230.28169734151328,16.519323348999023,23472,1164.2474437627811,561.307430129516,0.0808424140422907
7,264.5,229.9346251810418,15.019861221313477,20023,1167.2205963142387,560.2339309793737,-0.017265857804742313
7,270.2,230.62029912682632,17.2759952545166,23134,1164.32173424397,564.4721189591078,0.13035068213047216
7,275.8,230.7455320090743,12.202677726745605,18073,1168.312565705749,565.1546505837437,-0.20159128958783892
7,281.5,229.33175934904506,20.638381958007812,23719,1164.7832539314475,567.3226948859564,0.3503482016877943
7,287.1,230.1482565760727,20.838436126708984,22886,1163.530193131172,566.8348335226776,0.3634375411280384
7,292.8,231.18365499166072,13.236913681030273,20985,1163.033976649988,581.4644269716464,-0.13392228996225147
7,298.4,230.0661714345925,14.879385948181152,18981,1170.8600179126495,558.1411938254043,-0.02645701110550942
7,304.1,230.79694545454547,12.819008827209473,20625,1163.9776,568.6201212121213,-0.16126537669171093
7,309.7,231.64174291938997,22.415454864501953,22950,1164.7878431372549,567.6489760348584,0.4666202625710061
7,315.3,230.59303558552827,15.489643096923828,23577,1165.1796666242524,558.7640497094626,0.013471489348086126
8,0.1,279.2862462692697,61.152523040771484,36521,120.96530763122587,563.6296651241752,0.00797549012648158
8,10.1,279.7482061317678,62.76873016357422,39858,121.77595463896834,567.2232174218476,0.03461539124171191
8,15.1,279.71643202353437,63.927513122558594,38072,122.21383168732928,564.1314614414792,0.05371558143752357
8,20.0,281.4950792499741,60.947593688964844,38612,122.07606443592665,566.3921837770641,0.004597644805350988
8,25.1,271.03950765669515,54.54694366455078,44928,141.0426014957265,570.121038105413,-0.10090410761106816
8,30.1,280.18764381655694,40.98078918457031,37374,120.31075078931877,563.4809225664901,-0.324514688681827
8,35.0,280.62023212941085,42.29826354980469,38513,125.05372211980371,571.0691974138603,-0.30279879205167803
8,40.1,298.1630592795994,41.319156646728516,24764,141.94455661444033,624.0511629785173,-0.3189373863637464
8,45.1,277.70487227878044,41.222694396972656,37621,123.5498790569097,568.3279817123415,-0.32052737118598407
8,50.1,274.72373605114774,33.397125244140625,42387,140.23481256045486,577.495835987449,-0.44951602954576236
8,55.1,278.51392211507635,59.49417495727539,40547,130.19249266283572,579.4419315855673,-0.019359019377694034
8,60.1,279.6576688674454,60.614906311035156,39380,126.67460639918741,575.434281361097,-0.0008860328280966643
8,65.0,319.9571626223925,94.94850158691406,18792,143.49015538527033,635.5825351213282,0.5650337494666567
9,0.1,264.7993732970027,52.27741241455078,36700,62.15291553133515,765.3061035422344,0.15892984042328645
9,5.1,262.9429852658552,18.91595458984375,29659,57.29495262820729,780.2302505141778,-0.5806551391560468
9,10.1,264.69286723376115,50.700469970703125,33269,59.53954131473744,770.6149568667528,0.1239708481856295
9,15.1,265.29438835677513,52.19351577758789,34767,60.17927920154169,765.5345298702792,0.15706994890232834
9,20.0,265.94408589868067,51.45439529418945,35018,60.313524473128105,768.1746530355817,0.14068450164480278
9,25.1,246.4432565243376,37.987815856933594,15059,60.831529318015804,839.6925426655156,-0.1578540073867283
9,35.0,251.11651688875116,15.568170547485352,16135,62.826898047722345,836.2132630926557,-0.6548716438907405
9,40.1,252.60454329210276,16.127029418945312,16816,63.487333491912466,832.4904852521408,-0.6424823883249857
9,45.1,256.6224274761243,18.897567749023438,22303,62.29843518809129,819.19575841815,-0.581062754175872
9,50.1,250.59499460077495,14.813097953796387,15743,63.98176967541129,838.1593088991933,-0.6716107310049371
9,55.1,270.59043100491596,52.53547286987305,34988,61.33497199039671,768.4687892991883,0.16465074259676415
9,60.1,269.8552828943421,51.9166145324707,33334,60.43229135417292,773.6166076678467,0.15093136818467695
9,65.0,283.33308179897375,62.12651443481445,33130,58.8913371566556,773.1612134017507,0.37727305416428986
9,70.1,286.87579627541226,66.39620208740234,32809,58.66420799170959,772.921210643421,0.4719270969205008
9,75.1,287.23307902074333,26.687955856323242,32637,58.768238502313324,772.9443269908386,-0.40835884958254803
9,80.1,289.44967562557923,28.056344985961914,32370,59.29623107815879,774.8190608588199,-0.3780232433923744
9,85.0,287.2570773915403,63.146995544433594,33169,58.37902861105249,772.9014441195092,0.39989594146688917
9,95.1,291.30928380312366,67.08011627197266,32142,58.72232592869143,773.8123016613777,0.4870886843093724
9,100.1,292.3672172427231,69.82319641113281,33359,58.34740250007494,770.7545789741898,0.547899602086556
9,105.1,292.67269731729306,62.90333938598633,32169,58.55338990954024,767.5005440019895,0.3944943659147518
9,110.1,294.18866440842004,67.7969970703125,33064,59.662986934430194,769.7749213646262,0.5029811034412586
9,115.1,290.5535767644774,67.99715423583984,33466,58.80547421263372,769.7380326301321,0.5074183565720126
9,120.1,294.843345000473,68.9289321899414,31713,58.542900387853564,769.4889792829439,0.528074797389965
9,125.1,292.2678134875678,68.05406188964844,33542,60.03356985272196,767.4175958499791,0.5086799335151151
9,130.1,295.02420390143095,68.9817886352539,31937,58.912859692519646,766.7875191783825,0.5292465637208156
9,135.1,294.33011932023624,69.98033905029297,33188,59.86910931662047,759.8320778594673,0.551383272859727
9,140.1,296.6735506110937,69.82598114013672,31910,59.35712942651207,764.7376684424945,0.5479613363115503
9,145.1,290.8121312684366,67.26439666748047,32544,59.00079891838742,766.5615167158309,0.4911739677902274
9,150.1,296.4934061793519,70.11581420898438,31848,59.077587289625725,765.3414343129867,0.5543866006219834
9,155.1,294.3971775495705,65.9903793334961,30966,58.38577795000969,766.6465801201317,0.4629304752879082
9,160.0,296.7314557219218,72.55590057373047,31991,58.56553405645338,768.6244881372886,0.6084804964500623
9,170.1,302.10086045382,35.248260498046875,28822,57.261883283602806,766.7804801887447,-0.21858678485720684
9,175.0,296.69894249834766,33.067264556884766,30260,56.99415069398546,766.0977528089887,-0.26693694530530326
9,180.0,300.763645114712,66.53999328613281,31165,58.2374458527194,765.1767046366116,0.4751147816834251
9,185.4,271.82478128037775,51.29726028442383,28804,54.363699486182476,772.0754061935842,0.13720100000649485
9,191.1,277.26956436676664,52.46079635620117,30668,57.39702621625147,766.109756097561,0.1629952505577392
9,196.7,276.30949945444627,54.92827606201172,29328,55.89498090561921,766.9667553191489,0.2176964251114126
9,202.4,276.8836180700925,55.89216995239258,29618,55.87537983658586,771.1733742994126,0.23906483913515533
9,213.7,277.06677043422735,21.07108497619629,25056,52.02231002554279,779.8809067688378,-0.5328783881772295
9,219.3,263.4249268088666,17.007001876831055,14346,57.68095636414331,826.8599609647289,-0.6229744155105058
9,225.0,277.535974130962,56.433902740478516,28451,53.05634248356824,769.6765667287617,0.25107442921719525
9,230.6,265.04582130867544,17.512773513793945,16979,60.02061369927558,821.3709287943931,-0.6117620426052073
9,236.3,279.4185669996555,56.58149337768555,29030,54.46954874267998,768.2352049603858,0.2543463431418926
9,241.9,277.92177974823846,55.27838134765625,25262,52.56424669464017,779.3629958039744,0.22545785483953032
9,247.6,266.28750477159946,19.931316375732422,15718,54.98409466853289,818.9783687492047,-0.5581457413465192
9,258.9,275.68939883645766,19.59195899963379,21658,53.40123741804414,794.6488133715025,-0.5656689023363883
9,264.5,270.9378491209502,40.50907897949219,17007,53.98365378961604,812.0780854942083,-0.10196051661635011
9,270.2,262.58971094803053,15.325939178466797,13354,59.466302231541114,826.4995506964206,-0.660241633507213
9,275.8,258.4667291471415,14.370203018188477,11737,56.89554400613444,834.4430433671296,-0.681429200078695
9,281.5,278.4472941972848,47.20697021484375,26591,51.9739009439284,770.6886916625926,0.0465239944188202
9,287.1,278.3119775176977,56.005558013916016,28111,53.113158550033795,763.3506100814627,0.24157852146903244
9,292.8,275.6250333718964,20.213302612304688,22474,52.801948918750554,787.3239743703836,-0.5518944322426795
9,298.4,279.84143122146116,57.772796630859375,28032,53.61868578767123,764.9097460045662,0.28075616002701836
9,304.1,294.4231938973924,51.91822814941406,20057,55.47639228199631,723.3104153163484,0.15096714020820104
9,309.7,286.4873586969734,60.44857406616211,32908,60.7464142457761,756.0287468092865,0.34007505461026466
9,315.3,281.4639828154513,58.004920959472656,27001,53.0025924965742,767.3448020443687,0.2859020882337342
10,0.1,236.92539109506617,25.613964080810547,74790,345.7148281855863,785.2848241743549,0.07026006938399083
10,5.1,238.34569500039242,18.450788497924805,76446,345.78048557151453,773.9864479501871,-0.22904779144386742
10,10.1,237.57753656158596,25.358110427856445,76925,343.09063373415665,774.996815079623,0.05956941847580313
10,15.1,237.47013159840307,25.27525520324707,81156,338.4467445413771,769.0302873478239,0.05610737573382511
10,20.0,239.58131327817284,24.964218139648438,75658,349.2588225964207,784.4636125723652,0.04311092785024819
10,25.1,239.34411709614406,26.28855323791504,74742,344.18329720906587,786.6757780096866,0.09844726586051117
10,30.1,241.0039141462912,21.621288299560547,77667,340.1351668018592,774.831305445041,-0.09657086100955177
10,35.0,242.1523029948678,22.883087158203125,76965,347.0259728447996,783.2040278048463,-0.043847552358893614
10,40.1,243.55130198212203,23.674455642700195,72044,340.11799733496196,778.8175004164121,-0.010780820225827548
10,45.1,243.22744778453975,23.642847061157227,76079,340.92137120624614,777.2505027668608,-0.012101560840930212
10,50.1,244.31246289123243,24.018476486206055,70738,356.86766660069554,786.5191410557268,0.003593829893868755
10,55.1,243.290260314008,26.63759994506836,73565,350.81548290627336,787.3767144701965,0.11303191788225886
10,60.1,245.24566249229036,27.245023727416992,74582,342.404574830388,776.7335818293958,0.13841266009736083
10,65.0,248.26082455973088,29.35502815246582,73421,339.80279484071315,779.1439506408249,0.2265775952565041
10,70.1,251.15701395851008,31.47444725036621,77802,338.9623017403152,780.3667386442507,0.31513591538282976
10,75.1,248.0258588382261,21.54115867614746,72045,337.50542022347145,782.7503088347561,-0.09991901657201123
10,80.1,249.98897159808823,23.005081176757812,72812,340.945750700434,780.1195956710433,-0.03875012478576023
10,85.0,245.4086226087857,27.749055862426758,77262,335.7516890580104,783.0813465869379,0.15947326071682738
10,90.1,252.21923453566183,25.92926025390625,73524,334.0427479462488,781.1839671399815,0.08343448092877487
10,95.1,250.33756081782283,29.11590003967285,74197,340.5112201301939,782.1960860951251,0.21658580836315078
10,100.1,252.01811852203497,31.33361053466797,75834,343.9416620513226,782.1912730437534,0.3092511599955159
10,105.1,250.66650447133088,29.547290802001953,76040,341.8983692793267,782.1152025249869,0.23461114429964697
10,110.1,254.30648381818685,31.627277374267578,72118,335.7249646412823,776.800549100086,0.32152180623887194
10,115.1,249.9418004662249,29.108551025390625,76358,344.7045496215197,778.950352287907,0.21627873537316825
10,120.1,253.44962834522897,31.1960391998291,74397,344.5408417006062,780.0365874968077,0.30350284607169803
10,125.1,250.64190373995655,29.481731414794922,76418,337.1986442984637,772.6571880970452,0.23187179501034522
10,130.1,253.6241181628111,30.936925888061523,74135,346.1318135833277,780.8498819720779,0.2926759927913639
10,135.1,251.0659663689937,29.357778549194336,71779,333.3123197592611,769.4285375945611,0.22669251849853753
10,140.1,255.74733140601546,31.22287368774414,71948,342.44336187246347,775.6503307944627,0.304624104804131
10,145.1,251.1560547476018,29.355728149414062,74743,341.3407008014128,773.2539502026946,0.2266068440982699
10,150.1,254.69692486941494,31.884382247924805,76387,342.8711560867687,777.8674119941875,0.33226473845550203
10,155.1,252.26168956689827,29.98023796081543,76564,340.8349877226895,769.9813358758686,0.25270151308323
10,160.0,254.48625892579943,31.647327423095703,80525,343.0696678050295,776.5466376901584,0.3223595823278147
10,170.1,255.8246892840364,23.383588790893555,70241,346.9913440867869,781.8713002377528,-0.022934471102120456
10,175.0,252.03150102175897,21.3674373626709,77807,347.3260760599946,779.0916369992417,-0.10717782994538502
10,180.0,255.62179065174456,31.259248733520508,75950,344.59591836734694,779.7128373930217,0.3061440085134372
10,185.4,242.70412431173233,24.168813705444336,75552,346.82919049131726,771.370817450233,0.009875556618608797
10,191.1,245.29264009366187,23.749780654907227,75164,354.1897583949763,773.2987733489437,-0.007633421699902227
10,196.7,245.35568210158783,25.053627014160156,72174,333.6854268850278,769.5706487100618,0.04684680988461656
10,202.4,245.62262098217974,25.493371963500977,72614,328.20361087393616,766.8240008813727,0.06522121919150556
10,213.7,245.91347462570485,18.248882293701172,72002,345.3944612649649,783.5211799672231,-0.23748428910817607
10,219.3,244.71282743653157,17.143457412719727,79252,342.7406122242972,775.7754252258618,-0.2836736296602829
10,225.0,245.55903495552207,25.323894500732422,74981,341.0115495925634,778.691761913018,0.05813973190240664
10,230.6,244.63869633487803,18.083528518676758,78333,341.8618462206222,775.4476146707008,-0.24439347123134136
10,236.3,244.0925252934547,23.693042755126953,78973,349.8006280627556,776.2904663619212,-0.010004171825261806
10,241.9,244.18403171007927,23.966936111450195,75938,342.08251468303087,773.2615818167452,0.0014402544110480818
10,247.6,244.43208551735523,21.100629806518555,72687,339.0066036567749,773.3850207052155,-0.11832618139379325
10,253.2,245.47734702183246,20.861509323120117,76171,333.14416247653304,775.7307111630411,-0.12831764949868046
10,258.9,245.16991658183838,17.337160110473633,75643,329.5207752204434,773.3629284930529,-0.2755799092941614
10,264.5,243.79021071057238,23.457347869873047,75981,339.769008041484,772.8573722377963,-0.019852503908864654
10,270.2,245.15593637568642,18.066781997680664,73934,333.14933589417586,771.7414991749398,-0.24509321191445754
10,275.8,243.54864331650825,18.250669479370117,78058,343.5951215762638,777.1630326167722,-0.2374096129099893
10,281.5,243.91571753986332,24.47494888305664,74630,331.51266246817636,773.269261691009,0.02266718291270866
10,287.1,243.97663461801847,24.631954193115234,73014,335.9382995042047,780.6012819459281,0.029227530756830725
10,292.8,245.53460812611013,17.538326263427734,72064,332.8188138321492,772.099564276199,-0.2671743341110656
10,298.4,246.05599773022533,24.833940505981445,66967,333.59668194782506,778.3217405587827,0.03766737570003354
10,304.1,244.07781224316656,24.186450958251953,75438,336.02122272594715,775.3138869005011,0.010612515855143575
10,309.7,247.12980394341093,25.32139778137207,71816,334.14443856522223,776.2648713378634,0.05803540837687144
10,315.3,247.6275026198224,26.1142578125,72524,331.24313330759475,774.1124317467321,0.09116446365506244
11,0.1,252.50611222219726,40.476829528808594,89002,650.2350621334352,924.4164288442956,-0.052348241018729556
11,5.1,253.12777265522206,43.36351776123047,96523,666.5497342602281,937.3754131139729,0.015235490536582403
11,10.1,252.71077236181918,42.91023635864258,99254,663.7887339553066,936.2734600116872,0.00462317421941171
11,15.1,253.6063767122554,42.991966247558594,93371,656.8660290668408,924.0070578659327,0.006536650988571247
11,20.0,255.8953007539306,43.8212890625,91653,660.9728759560517,935.0925665281005,0.025952925274163867
11,25.1,253.94960706789672,42.058799743652344,102435,669.3276321569776,949.3745204275882,-0.015310832847082559
11,30.1,253.2381666621215,41.19216537475586,110007,674.0525421109566,951.568991064205,-0.03560065281664948
11,35.0,258.2727702031821,43.726253509521484,82586,645.7594870801347,914.4008548664423,0.02372793359388048
11,40.1,257.51106194690266,42.465110778808594,93112,651.5727296159464,927.1557693959962,-0.005798196317947403
11,45.1,254.8448282653222,41.88911056518555,101552,660.0607176618875,935.6660922483063,-0.01928363037905566
11,50.1,257.54045324249097,42.89533996582031,96284,663.3980100535914,935.5692223006938,0.0042744168432825155
11,55.1,255.04889281085403,40.97769546508789,108789,670.3121363373135,949.597689104597,-0.0406218659282335
11,60.1,257.7741899464025,42.16343307495117,98512,657.8623720968004,933.0877964105896,-0.012861136030220155
11,65.0,260.48907902843706,44.93665313720703,115237,674.793503822557,952.5120404036898,0.05206605566517813
11,70.1,273.20858007632586,55.80064010620117,106386,664.3590134040194,940.3214614704942,0.30641592645704524
11,75.1,263.29774826464006,47.23165512084961,106318,658.5607987358678,935.9173893414097,0.10579710851645142
11,80.1,272.62891292492276,55.03998947143555,110020,665.7712143246682,945.5710688965643,0.28860741920988486
11,85.0,262.08499120685866,47.05514907836914,109176,662.2661940353191,942.4677218436286,0.10166471317880793
11,90.1,275.33247889293204,56.2422981262207,111574,667.8328642873788,950.6331044867084,0.3167561137793208
11,95.1,267.9943610564304,49.830345153808594,97536,652.6641137631234,931.1365342027559,0.16663816769644307
11,100.1,274.26355167341603,56.91636657714844,110134,667.9776363339205,950.0355657653404,0.3325375413424852
11,105.1,267.2952305002018,49.23548126220703,104078,662.0087626587751,942.4641807106209,0.15271109337286135
11,110.1,276.2125744129141,56.319637298583984,109524,665.4727456995727,947.0096143311055,0.31856679420022815
11,115.1,266.5028826887452,48.80672836303711,105804,659.6107708593248,941.8263392688367,0.1426730433626076
11,120.1,276.5999009123542,57.426353454589844,106976,665.8490969937183,945.9099985043374,0.34447745776110544
11,125.1,266.7107178977868,48.47761917114258,109751,660.9155087425172,947.6371787045221,0.13496787207754485
11,130.1,278.2141585729211,58.77859115600586,103372,660.2720078938204,938.19571063731,0.37613632164014593
11,135.1,269.1605255913432,49.70767593383789,94446,638.5764563877772,925.0716705842492,0.16376621098858482
11,140.1,282.2476729841875,60.927398681640625,89170,643.9445441291914,925.7396770214198,0.42644464012963296
11,145.1,269.0020075702127,50.130409240722656,95638,649.0541312030783,932.3563332566553,0.17366332908090465
11,150.1,278.3424842703076,58.55638885498047,102831,658.4069006428023,938.2701811710476,0.3709340762106582
11,155.1,269.6979025390317,50.041603088378906,95115,649.1192135835568,930.27115596909,0.17158418139427528
11,160.0,278.95476516012246,58.21834945678711,103858,666.2959425369254,946.0402954033392,0.36301982912085323
11,170.1,280.2751602406074,57.01529312133789,101410,670.4526180850015,952.4828715116853,0.33485362969976007
11,175.0,269.53764388831564,50.09027862548828,99817,665.9439674604527,947.8140296743039,0.17272378296134533
11,180.0,279.5326778540261,58.520816802978516,104046,664.9878034715414,942.6771908578897,0.37010125609992717
11,185.4,246.62242701529115,32.7250862121582,107317,653.4553425831881,928.7864271271094,-0.2338336309247426
11,191.1,249.8744498028859,33.25383758544922,104508,658.3280610096834,942.4990431354537,-0.22145439631580752
11,196.7,248.9628751653271,32.73488998413086,98290,637.3579407874656,924.4508190049852,-0.2336041030229111
11,202.4,247.3955574023096,31.592716217041016,115518,650.3285548572517,938.8588185391021,-0.26034490738049026
11,213.7,249.6652815187896,33.073577880859375,99869,659.687019996195,944.1039962350679,-0.2256746731536075
11,219.3,248.90594881690058,32.953697204589844,100541,660.0605822500273,943.4192220089317,-0.22848134390962185
11,225.0,248.0281936843772,32.98299026489258,101051,650.6562626792412,932.0974953241432,-0.22779552882862414
11,230.6,249.7848212118974,33.296852111816406,94777,643.5413866233368,922.0805364170632,-0.2204473314827133
11,236.3,248.99430714748107,33.194129943847656,105044,660.0735215719127,941.2944099615399,-0.22285228375528873
11,241.9,248.5853429934485,32.73155975341797,106693,659.1145623424217,941.5970869691545,-0.2336820710611597
11,247.6,249.51556509898398,33.041404724121094,95470,639.9622184979575,928.3332041478999,-0.22642791763767245
11,253.2,248.54288367688835,31.987417221069336,109832,656.7376720809964,945.054528734795,-0.2511040872596136
11,258.9,249.06392402651832,32.700374603271484,104984,650.5455497980645,931.7625161929437,-0.23441218413410622
11,264.5,249.3422702018704,33.11280822753906,101154,650.8821499891255,939.821994187081,-0.22475620430441093
11,270.2,249.87037850090363,33.28337860107422,97939,644.6184461756808,930.0592409561053,-0.22076277605441327
11,275.8,248.5870536791606,32.95588302612305,103597,664.6452503450872,946.9885228336728,-0.22843016901166488
11,281.5,247.413074666099,32.3654899597168,108041,646.7547597671254,936.4484871483974,-0.24225257146717402
11,287.1,248.22730338861996,33.3352165222168,100808,649.4285770970558,937.0525652725975,-0.21954913610967072
11,292.8,249.7386305317595,33.32330322265625,101324,645.0894753464135,938.8168745805534,-0.21982805270010644
11,298.4,249.90383587882454,32.982295989990234,99195,644.3968950047886,930.3324764353042,-0.2278117833337344
11,304.1,248.71689802861397,33.30951690673828,98763,642.8250559420026,930.731923898626,-0.22015082073015277
11,309.7,249.43833138531753,32.445823669433594,107802,657.5422812192724,947.0892840578097,-0.24037178232917025
11,315.3,249.63949416342413,32.85618591308594,102800,645.8542315175097,933.0605642023346,-0.23076429808340276
12,0.1,233.1691578379108,18.730499267578125,59276,900.1121701869222,1094.1023348404076,-0.16515216478369915
12,5.1,232.890184777741,23.736051559448242,51359,913.546213906034,1096.1137288498608,0.05795317988606381
12,10.1,233.0619078067779,24.168758392333984,51609,909.4448061384642,1098.1105427347943,0.077239604532697
12,15.1,235.0457951848084,24.406530380249023,58980,900.577992539844,1097.338521532723,0.08783747630056545
12,20.0,235.92429210674106,21.13728141784668,55199,906.0459247450135,1094.3605862425045,-0.05787809593562724
12,25.1,235.5186855955066,18.827735900878906,45222,930.8371146786963,1099.08053602229,-0.16081817498154827
12,30.1,234.5530525340335,19.163602828979492,45323,936.3503739823047,1083.0241378549522,-0.14584805732265155
12,35.0,240.08342468926116,25.2806339263916,64765,877.5523508067629,1091.170416119818,0.12679764724033238
12,40.1,238.27922254686678,21.97455596923828,55103,898.263905776455,1099.148757780883,-0.02055945126282247
12,45.1,235.62404995607838,20.076967239379883,52366,915.3478783943781,1094.9978421112935,-0.10513796786410325
12,50.1,237.5320054736202,22.024335861206055,52616,908.1052911661852,1095.1567203892353,-0.018340683121466327
12,55.1,236.10324334992654,18.645170211791992,45601,929.0250652397974,1080.2937654875989,-0.1689554151128248
12,60.1,237.8365483370992,19.30837631225586,53551,907.3763141678027,1089.986368135049,-0.1393952752914107
12,65.0,243.72819131852657,20.958566665649414,40477,939.7735504113447,1090.7689057983546,-0.06584369374814068
12,70.1,243.7507606583819,21.49053382873535,54558,919.2015836357638,1073.395340738297,-0.04213307994313686
12,75.1,244.72836061275703,29.74678611755371,53398,917.0472489606352,1092.346529832578,0.3258610803754136
12,80.1,247.32534457027478,23.30879020690918,45564,925.0135852866298,1092.428518128347,0.03890946886997478
12,85.0,245.63974766042782,24.187395095825195,47872,921.1993858622994,1092.134734291444,0.07807027174252078
12,90.1,249.40147397512666,23.192201614379883,43420,932.1012206356518,1088.5445877475818,0.03371293178393563
12,95.1,248.02911577574508,25.19739532470703,56739,901.3867710040713,1086.5096141983468,0.12308757174100583
12,100.1,246.55396930186498,23.22887420654297,48472,929.9208821587721,1079.4389544479286,0.03534748694136904
12,105.1,247.26472364236545,24.79085922241211,49682,917.4156233645989,1087.9703514351274,0.10496761775100884
12,110.1,249.30255909010128,23.210187911987305,45016,929.432268526746,1084.543118002488,0.034514609379743454
12,115.1,246.15782782069311,23.91370391845703,51911,918.1193581321878,1081.1565371501224,0.06587142516190016
12,120.1,249.12860983969952,26.060789108276367,48721,921.6274091254285,1083.3333880667474,0.16157039170511414
12,125.1,248.41762435396996,25.52285385131836,45857,925.5187648559653,1086.975903351724,0.1375937705621164
12,130.1,250.56934873531168,27.485790252685547,50210,912.3395538737303,1089.5041426010755,0.22508493574345784
12,135.1,249.49781888894728,26.435630798339844,57081,892.4659694118884,1091.910215308071,0.17827767585316642
12,140.1,253.7926307053942,32.94184875488281,60250,885.1467385892116,1091.2298921161826,0.4682700513296396
12,145.1,248.14553047805225,26.69698715209961,56270,900.0383685800605,1092.0757775013328,0.18992673992985393
12,150.1,251.2099212138897,27.91307830810547,51405,913.559517556658,1094.6545666763934,0.2441298369489786
12,155.1,250.2715249059275,26.212003707885742,53682,896.4356208785067,1098.312637383108,0.16831026442999691
12,160.0,251.89833233301894,25.301626205444336,46652,922.0670067735574,1090.6788776472606,0.12773330616074183
12,170.1,253.4071059058323,22.148115158081055,38081,927.9752107350122,1095.9222709487672,-0.012823645024165723
12,175.0,249.29150279555262,27.562808990478516,47039,917.9380301451987,1091.854524968643,0.22851778211871976
12,180.0,252.42697415924556,25.435712814331055,45703,916.7408922827823,1093.2705730477212,0.13370975737869412
12,185.4,237.9879301745636,19.830854415893555,50125,905.7397905236908,1095.2485386533665,-0.1161076038023288
12,191.1,240.67474078591965,18.65015983581543,45908,917.5762394353925,1096.3966411083036,-0.16873301971615107
12,196.7,238.4757231582198,20.347827911376953,58286,890.7969666815359,1087.2413444051745,-0.09306528136324708
12,202.4,238.60628206470525,18.27223014831543,47755,917.7542037482986,1082.7048895403623,-0.18557794077063103
12,213.7,239.42999009090516,18.73259162902832,46422,911.6434664598681,1092.564710697514,-0.16505890494036923
12,219.3,239.04588513913558,19.688074111938477,47292,909.9552567030364,1089.831028503764,-0.12247154669384337
12,225.0,238.47347022895042,21.509061813354492,53374,898.1471128264698,1095.9446172293626,-0.04130725850457088
12,230.6,237.49993109889604,20.65243148803711,65311,894.24600756381,1083.4759535147218,-0.07948862048832557
12,236.3,238.98850505050504,20.027496337890625,49500,912.8374141414141,1095.6579595959595,-0.10734296381346355
12,241.9,239.3861278936313,22.884357452392578,46179,914.3296520063233,1097.1496567703934,0.019991832920119367
12,247.6,238.55999583723593,21.919296264648438,57654,892.750390259132,1092.2368612758871,-0.023022463278277866
12,253.2,239.04540980098437,19.29723358154297,46730,921.0586133105072,1088.6793066552536,-0.13989192433856967
12,258.9,238.5105767256026,20.402652740478516,53561,909.6857041504079,1090.4507384104106,-0.09062165243282289
12,264.5,238.83948189889327,19.278915405273438,49334,906.7600843231849,1094.0111687679896,-0.1407083942887434
12,270.2,239.289111620682,22.328903198242188,54076,896.7780161254531,1097.9147496116577,-0.004765637503630747
12,275.8,238.88030767166782,19.954435348510742,44723,916.9669968472598,1093.8041723497977,-0.11059940711223541
12,281.5,238.65369081893795,20.20745086669922,50016,904.8545265515036,1094.9940219129878,-0.09932210720590502
12,287.1,237.76825668116842,20.774965286254883,51488,902.0350761342448,1093.7019111249224,-0.07402709622666256
12,292.8,239.35345974386976,21.187191009521484,50365,906.0131440484463,1097.0240643303882,-0.05565354687417407
12,298.4,238.322909372351,19.834575653076172,54266,898.7340323591199,1089.5532377547636,-0.11594174240366274
12,304.1,238.0385942099655,24.559459686279297,55371,894.0290585324448,1094.6212096584854,0.09465377618967209
12,309.7,240.3683502308424,19.205013275146484,43103,920.8129364545391,1094.180915481521,-0.14400232855461512
12,315.3,239.63972720859135,21.565092086791992,51028,899.3200791722192,1095.3510229677825,-0.0388099010226567
13,0.1,243.45054945054946,23.327756881713867,91,775.8571428571429,1052.5164835164835,0.0
14,0.1,241.60833333333332,22.07343864440918,120,773.8583333333333,1056.4666666666667,0.0
15,0.1,242.94366197183098,23.019296646118164,142,774.556338028169,1053.056338028169,0.0
16,0.1,242.0879120879121,22.618867874145508,91,768.5824175824176,1061.868131868132,0.0
17,0.1,245.48936170212767,25.788185119628906,47,775.0,1053.3191489361702,0.0
18,0.1,258.898814141638,56.734310150146484,27069,183.86187151353948,1128.2845690642432,-0.011611243990822874
18,5.1,260.94247301647414,57.79231262207031,26405,185.42957773149024,1130.3276273433062,0.00682059635960971
18,10.1,261.91537420228195,58.16962814331055,25855,186.04730226261844,1131.7909495262038,0.013393945320311343
18,15.1,259.3247488120715,56.02394104003906,27569,184.83401646777176,1129.3413979469694,-0.02398683892073863
18,20.0,263.63968437259433,58.28383255004883,25980,185.764896073903,1131.8700538876058,0.015383541231640574
18,25.1,260.9596750477871,56.7799072265625,27204,185.3428907513601,1130.131451257168,-0.010816880976322295
18,30.1,262.1044945465193,57.02741241455078,27322,186.85506185491545,1129.6585535465924,-0.006505004367368354
18,35.0,264.82780797794965,57.50624084472656,26122,186.40777888369956,1131.0080774825817,0.001836837371621146
18,40.1,263.9215634540726,57.154483795166016,26531,184.86698579020768,1131.5628510044853,-0.004291248291401756
18,45.1,260.0406925178274,54.58906555175781,28187,184.9421364458793,1127.2330861744776,-0.04898431919567423
18,50.1,264.2523595505618,56.64768600463867,26700,184.39895131086143,1130.3624719101124,-0.013120354283910727
18,55.1,261.5438325913982,55.00138473510742,28529,184.9311227172351,1127.9654737284868,-0.04180115888877856
18,60.1,263.22845349085475,55.54991149902344,28102,185.20945128460608,1128.2953882285958,-0.032245077491298305
18,65.0,277.877243692681,68.8514404296875,28023,185.14902044748956,1127.908717838918,0.19948562652194488
18,70.1,282.02198896993417,71.71007537841797,28105,182.57167763743107,1127.9579790072942,0.24928693076593011
18,75.1,279.865407028077,69.77513885498047,28315,186.39607981635174,1127.5400671022426,0.21557770792888864
18,80.1,283.2411288574113,72.593017578125,27674,182.37298547372984,1129.5755582857555,0.26466898335609784
18,85.0,282.6951045805533,71.60773468017578,26678,183.02792563160656,1129.7218682060125,0.24750401677337416
18,90.1,285.9348378201872,72.02774047851562,27562,183.88716348595892,1128.323960525361,0.2548210883556165
18,95.1,287.22053159440185,73.67664337158203,26223,182.53784845364757,1129.91591351104,0.2835472167767555
18,100.1,284.4636461704423,72.8305892944336,27810,182.21449119021935,1127.7114347357067,0.26880780539383453
18,105.1,284.93990252482683,71.99563598632812,27289,182.34097988200375,1127.589468283924,0.2542617844879651
18,110.1,284.80312238055325,73.38035583496094,28632,182.25422604079353,1127.1579002514668,0.2783854853841127
18,115.1,283.09218104087904,71.6871337890625,28303,180.2002261244391,1127.1479701798396,0.24888725711335702
18,120.1,286.0635621904728,73.71501922607422,28067,180.9161648911533,1126.928207503474,0.2842157762953597
18,125.1,284.4661952521827,71.59899139404297,27718,182.40002886211127,1127.3371816148351,0.24735169685124286
18,130.1,286.3074441687345,73.16252136230469,28210,185.48011343495213,1126.0404820985466,0.2745905129437177
18,135.1,284.75313883445824,71.72573852539062,27558,182.93987226939547,1127.1301618404818,0.24955980406447772
18,140.1,287.4957228247253,74.4875259399414,27939,183.6997745087512,1126.7649522173306,0.2976738926963036
18,145.1,284.80167597765364,72.51337432861328,27566,183.38112167162447,1127.775593121962,0.263281489754764
18,150.1,287.5887402887651,74.59881591796875,28189,183.72258682464792,1126.8889637801979,0.29961271530025574
18,155.1,286.74004216132255,72.59988403320312,27039,182.25359665668108,1127.8989607603833,0.2647886063315936
18,160.0,287.39403777009807,74.02490997314453,28647,183.90585401612734,1125.2794707997348,0.2896144940939014
18,165.0,306.94744803998947,63.4158821105957,15204,186.3739805314391,1138.6421994212049,0.10479081643252311
18,170.1,290.9292535051156,75.11954498291016,26390,183.42895035998484,1128.4265630920804,0.30868452301860394
18,175.0,284.84835732220535,71.76483917236328,28277,184.01725784206246,1126.2230788273155,0.2502409904527176
18,180.0,288.375,73.9089584350586,28256,182.56101359003398,1124.8162514156286,0.28759446078102935
18,185.4,262.05495395202917,53.072792053222656,29643,183.41527510710793,1122.9579664676314,-0.07539986338790368
18,191.1,265.9735722752946,54.863712310791016,28682,182.96367059479815,1124.7080398856426,-0.04419959954746892
18,196.7,264.13122376045243,54.27597427368164,28821,181.24891572117554,1124.5871066236425,-0.05443879459223868
18,202.4,263.79274402340207,53.34003448486328,29741,180.88194747990988,1121.835950371541,-0.07074413718160798
18,208.0,280.8747218379744,48.13349914550781,16627,183.1510795693751,1134.6666867143801,-0.16144905583778527
18,213.7,265.82668082094835,54.55513000488281,28260,180.3714083510262,1123.5053432413306,-0.04957552252345781
18,219.3,265.39029617398023,54.51350402832031,28463,178.86821487545234,1123.6766328215579,-0.05030070358379666
18,225.0,265.25849959816907,54.998233795166016,28619,181.25385233586078,1123.2588140745659,-0.041856052543089405
18,230.6,264.1404098306648,53.83859634399414,30354,181.78391645252685,1120.9963102062331,-0.06205851230248533
18,236.3,266.81737038457516,55.81340408325195,28681,181.0099368920191,1123.4133747079948,-0.027654678721065022
18,241.9,266.0625173274189,55.59121322631836,28856,180.00828250623786,1123.0309121153314,-0.03152554529369119
18,247.6,266.27442528735634,56.087528228759766,28536,177.9176128399215,1124.3290930754135,-0.022879063710439112
18,253.2,267.17524954236177,56.03028869628906,28953,178.54778434013747,1123.5570407211687,-0.023876254125613644
18,258.9,268.40578181050853,56.87508010864258,28434,182.70770908067806,1123.4204825209256,-0.009158840078742198
18,264.5,268.5691727974161,57.201744079589844,27865,177.03082720258388,1124.6224654584605,-0.003467909933947757
18,270.2,267.98536863892656,56.467533111572266,28022,178.2833487973735,1123.7147241453144,-0.016258862417668298
18,275.8,268.6321176988553,56.76659393310547,27256,173.17166862342236,1125.009539184033,-0.011048816634366888
18,281.5,265.47981345315907,55.181373596191406,29376,175.7738630174292,1122.1720792483661,-0.03866550841499117
18,287.1,266.13390010626995,56.067413330078125,28230,177.05823591923485,1124.400531349628,-0.023229492571433134
18,292.8,268.51849568434034,56.694759368896484,27574,174.85529846957277,1124.223253789802,-0.012300272329678556
18,298.4,269.40897986378445,57.81389236450195,27016,176.93485342019545,1127.010771394729,0.007196544788709498
18,304.1,267.517042380523,56.99384307861328,27725,175.5253742110009,1125.6250315599639,-0.007089827803125492
18,309.7,268.2105449774847,56.632957458496094,28203,176.5240222671347,1124.5075701166543,-0.013376945566349172
18,315.3,269.38294686872376,56.98133850097656,27385,173.6559065181669,1125.0113200657295,-0.007307674532945027
19,0.1,234.69597363979747,30.750085830688477,12443,1134.6081330868763,1154.6794985132203,0.03632325677941611
19,5.1,235.5491840780845,29.366701126098633,13114,1129.5772456916272,1155.6774439530273,-0.010298848613493583
19,10.1,236.40078843626807,29.737714767456055,12937,1127.4889850815491,1157.3823142923397,0.0022048584407935302
19,15.1,236.87144713334416,30.321407318115234,12314,1137.4721455254182,1152.824752314439,0.02187615849463999
19,20.0,238.85371230611761,28.185548782348633,12701,1130.5353909141013,1154.7845838910323,-0.05010542510135617
19,25.1,238.92256388046775,30.007083892822266,11545,1140.5429190125597,1152.8187093980077,0.011282995354373796
19,30.1,239.14319481509722,30.14481544494629,13115,1132.742661075105,1152.9841402973693,0.015924751850415943
19,35.0,238.46877159043802,29.30906105041504,14474,1127.6060522315877,1151.2222606052233,-0.012241404197966776
19,40.1,240.8467748256133,29.810617446899414,12759,1130.2361470334665,1155.0247668312563,0.004661786288236759
19,45.1,239.8335808645353,29.992273330688477,12793,1131.7465801610256,1154.598139607598,0.010783857561076828
19,50.1,240.19677996422183,29.523296356201172,13975,1122.9343112701251,1156.1365295169946,-0.00502135834079889
19,55.1,239.3719691660827,29.250843048095703,14270,1126.8648213034337,1152.1550105115628,-0.014203436762654906
19,60.1,241.44616304266606,29.300931930541992,13383,1126.3931853844429,1155.5988193977435,-0.012515367530230997
19,65.0,242.95531112991307,31.246749877929688,13001,1130.9631566802555,1155.0918390893007,0.05306156787865163
19,70.1,245.10053355798934,31.927501678466797,14244,1126.3834597023308,1152.8736310025274,0.07600390784074056
19,75.1,243.46091644204853,31.493253707885742,12985,1130.722911051213,1154.6174046977283,0.06136911060471817
19,80.1,245.5150578013401,31.542400360107422,13581,1125.3221412267137,1155.0848980192916,0.06302542528854083
19,85.0,243.65516441005803,30.2723445892334,12925,1125.0277756286266,1157.9117988394585,0.020222672151178574
19,90.1,245.96968836515936,31.261873245239258,14087,1125.7282600979627,1153.8743522396535,0.05357124766784051
19,95.1,245.29559457794207,28.53660774230957,12984,1127.4592575477511,1155.666281577326,-0.038274220248417784
19,100.1,244.56750784145993,31.478008270263672,14028,1126.1571143427432,1153.7358140861136,0.06085531686591294
19,105.1,243.93366790312024,28.980276107788086,13749,1124.8978107498726,1154.877518364972,-0.023321941806845665
19,110.1,244.844430572895,30.368024826049805,14418,1121.9275211541128,1154.0579137189625,0.023447237284848765
19,115.1,242.87090207090208,28.92094612121582,14245,1123.124885924886,1154.148753948754,-0.02532144988132029
19,120.1,244.1480441323972,30.816802978515625,14955,1123.4183216315614,1152.8160481444334,0.038571723086143046
19,125.1,243.65838868033498,29.7380428314209,13852,1124.0153046491482,1155.7872509384927,0.0022159146803874875
19,130.1,244.4381707886141,30.118045806884766,15001,1120.2257182854476,1154.1782547830144,0.015022575555641581
19,135.1,243.6106394169359,28.166250228881836,13309,1123.3029528890224,1156.725599218574,-0.05075581482351699
19,140.1,245.73630037692084,29.276508331298828,13796,1120.769933314004,1156.3164685416064,-0.013338478855816014
19,145.1,242.29550197912917,28.162857055664062,13895,1122.7435048578625,1155.6535444404462,-0.050870169766759135
19,150.1,245.44383259911893,30.482563018798828,13620,1122.7034508076358,1155.7342878120412,0.027307343353783237
19,155.1,243.5198720877113,26.9663143157959,13134,1124.3219887315365,1156.1723008984316,-0.09119542530859638
19,160.0,244.90390608015073,28.581544876098633,13799,1121.9345604753967,1154.8681063845206,-0.03675977254589666
19,170.1,246.7450148876658,21.7358341217041,11083,1116.9937742488496,1158.3039790670396,-0.26747032415300337
19,175.0,242.6071841572709,29.216272354125977,13836,1122.8582682856318,1156.040907776814,-0.015368520150099532
19,180.0,244.46739056667798,28.973655700683594,14735,1117.4,1154.983169324737,-0.023545059293070235
19,185.4,234.12971760358934,25.16543197631836,15156,1119.9191079440486,1153.8510160992346,-0.15188781691360909
19,191.1,238.47915486116733,23.58509635925293,12353,1126.8564721120376,1157.2987128632722,-0.20514745861019573
19,196.7,236.62933626696002,24.240644454956055,13635,1116.2301430143013,1157.1134580124678,-0.18305452068295885
19,202.4,236.061149837808,24.808504104614258,14489,1118.1485264683554,1155.8895713989923,-0.16391681275044634
19,213.7,236.07474732785573,23.007055282592773,13753,1118.4671707990983,1156.8262924452847,-0.22462829565289746
19,219.3,236.0189020152884,24.416839599609375,14390,1115.021959694232,1155.428214037526,-0.17711648437498798
19,225.0,237.11267270128633,24.993925094604492,12594,1121.1728600921074,1159.33833571542,-0.1576678518441268
19,230.6,236.48200381959748,26.48130989074707,13614,1125.3956221536653,1155.3570589099456,-0.10754078993900712
19,236.3,237.51578455062747,27.08377456665039,12829,1124.77839270403,1157.6348117546183,-0.08723684157072038
19,241.9,236.008356545961,25.794546127319336,13642,1121.4225919953085,1157.0009529394517,-0.1306857419197016
19,247.6,234.92631578947368,25.023521423339844,14155,1119.61850936065,1156.0445778876722,-0.1566704119035487
19,253.2,237.41008018327605,25.920738220214844,13095,1121.687972508591,1158.8103856433754,-0.1264328822233306
19,258.9,235.52881208878605,26.640052795410156,13831,1126.7281469163474,1153.9942158918373,-0.10219091986524965
19,264.5,236.97483985490467,24.685514450073242,12957,1119.138303619665,1160.2748321370689,-0.16806174554985073
19,270.2,237.0438303954264,25.89853858947754,12594,1124.4703033190408,1158.8232491662698,-0.12718104252934265
19,275.8,234.84744453805112,25.03666877746582,14244,1122.098146588037,1155.77899466442,-0.15622732667377456
19,281.5,235.3021742240023,25.233043670654297,13982,1121.5648691174367,1156.3573165498499,-0.1496092030698498
19,287.1,234.27839659453707,24.714536666870117,14095,1119.6062433487052,1156.081234480312,-0.16708365402856204
19,292.8,236.03164795418581,26.0345458984375,13271,1124.5007158465828,1157.4787129831964,-0.12259739557163152
19,298.4,237.17465380426327,25.718507766723633,12854,1119.4697370468336,1160.1215963902287,-0.13324834684791498
19,304.1,234.06787027749917,25.27683448791504,14955,1117.5022400534938,1154.8680708793045,-0.14813338792544475
19,309.7,237.2016246455667,25.754560470581055,13049,1121.6901678289523,1157.945206529236,-0.13203331754090927
19,315.3,238.0183071449748,26.487775802612305,13492,1117.4105395790098,1159.526015416543,-0.10732287917026576
20,5.1,224.71376434891468,21.046634674072266,47129,434.1245305438265,319.21050733094273,0.18829423408992518
20,10.1,224.72483077463278,20.101530075073242,51263,430.6245245108558,312.19251702007296,0.134933572730324
20,50.1,228.10035379812695,19.971025466918945,48050,436.47173777315294,319.43916753381893,0.12756527486259128
20,75.1,230.3214618490527,21.60884666442871,38636,480.372994098768,329.26110363391655,0.22003675619963786
20,95.1,226.52307692307693,5.830142021179199,130,598.0769230769231,324.9384615384615,-0.6708298378824781
21,15.1,200.65738463052247,8.288898468017578,10163,1170.0612024008658,155.78667716225524,-0.0201507773748506
21,20.0,203.10932073899153,8.581021308898926,7199,1175.9181830809835,158.45020141686345,0.014381716858619808
21,30.1,203.48764691772607,8.62251091003418,8338,1174.2620532501799,161.1402014871672,0.019286295383289444
21,60.1,205.50477845351867,8.84415340423584,8057,1175.8905299739356,171.62951470770759,0.045487150235374155
21,65.0,205.1503294070673,7.960221767425537,10018,1174.888400878419,201.9887203034538,-0.0590043851024326
21,70.1,206.52900894046033,8.008238792419434,5257,1179.6387673578085,165.59045082746815,-0.05332818520752733
21,75.1,205.44572543455126,8.648600578308105,11276,1174.7366974104293,189.95326356864138,0.022370413408789667
21,100.1,206.15846123181183,8.70512580871582,10034,1173.5584014351207,175.85718556906517,0.02905238729077321
21,120.1,206.64662772172065,8.07749080657959,9415,1171.6236856080723,171.78969729155602,-0.04514174975993716
21,150.1,207.9334729579894,8.205631256103516,8117,1176.3479117900702,188.94123444622397,-0.02999398068816988
21,155.1,207.08538163001293,8.078217506408691,7730,1174.6728331177233,175.17490297542045,-0.04505584494817304
21,175.0,208.1971248094097,8.161130905151367,4591,1178.2896972337182,163.7011544325855,-0.03525446668100138
21,185.4,205.22743595882213,8.812597274780273,12531,1171.2612720453276,186.54536748862822,0.04175682961009445
21,191.1,207.06830833097462,8.421246528625488,10599,1170.7565808095103,177.82564392867252,-0.004505617188249564
21,196.7,206.1782489202984,8.864209175109863,12735,1171.357440125638,195.38217510797017,0.04785798775689588
21,202.4,207.24046174916845,9.016645431518555,10222,1174.0089023674427,175.35834474662494,0.06587781848811572
21,225.0,206.72492485806524,8.415400505065918,8983,1173.157408438161,180.95536012467994,-0.005196688705459652
21,230.6,206.66800978558067,9.028706550598145,13898,1169.7296013814937,184.47121888041445,0.06730359034425862
21,236.3,207.27562879444926,9.284401893615723,11530,1170.1287944492628,172.1491760624458,0.09752990860009873
21,241.9,207.74693350548742,8.685851097106934,7745,1176.869851517108,171.76281471917366,0.02677388053150191
21,247.6,205.53595236554267,7.6514739990234375,15451,1168.2270403210148,199.37421526114815,-0.09550214919296089
21,253.2,208.26521183525017,9.048351287841797,10173,1173.2592155706282,189.37511058684754,0.06962583866122608
21,258.9,206.97318267419962,8.954322814941406,13275,1172.413483992467,191.08662900188324,0.05851052262356772
21,264.5,207.11876917177915,8.92955493927002,10432,1171.5671970858896,175.9981786809816,0.05558265665726051
21,270.2,206.2800558250814,8.886058807373047,15047,1170.8977869342725,197.12434372300126,0.05044088164446526
21,275.8,207.39754278192189,8.364874839782715,9116,1174.333808688021,182.89447125932426,-0.011169440578508666
21,281.5,206.1338552459897,9.101482391357422,13029,1169.7328267710493,170.053112287973,0.07590658521372338
21,287.1,206.72182798751064,8.78641128540039,10569,1172.255274860441,182.82117513482828,0.03866132525127641
21,292.8,208.27751560359263,8.40954303741455,6569,1175.7981427919015,165.7946414979449,-0.005889113054351065
21,298.4,207.55712711241733,9.08619213104248,10888,1172.850293901543,176.9695077149155,0.0740990893515
21,304.1,207.7957603686636,8.416937828063965,5425,1176.314470046083,153.36608294930875,-0.0050149583162683534
21,309.7,207.20351658843185,8.879258155822754,12569,1169.9409658684065,177.69026971119422,0.049636961417837994
21,315.3,207.7449715051961,8.978841781616211,11932,1171.6807743881998,186.77296345960443,0.061408964500806115
22,25.1,199.96211699164346,6.419734954833984,5385,942.8040854224698,24.497121634168987,0.0
23,25.1,285.97883238383946,63.8288688659668,19133,59.40788167041238,708.9615846965975,0.0
24,25.1,206.92168201721273,5.5240373611450195,66230,1056.2466706930395,906.6406764306206,-0.06012222086508702
24,35.0,209.85307034440248,6.230762004852295,51916,1032.6752253640495,915.0680329763464,0.06012222086508702
25,30.1,228.67521919088523,9.124605178833008,44938,455.6038541991188,333.153233343718,0.24431059561364168
25,40.1,229.86666666666667,5.541516304016113,15,376.46666666666664,309.2,-0.24431059561364168
26,40.1,219.16196854299804,13.883441925048828,68538,210.10070325950568,211.57268960284804,-0.1372687763094952
26,45.1,221.1221988516855,17.919675827026367,87955,268.6513785458473,241.6,0.11354690989808308
26,50.1,218.32550775687628,16.419702529907227,53372,187.5594131754478,194.02653076519525,0.020337041256512332
26,55.1,222.98913000396354,18.3179874420166,100920,297.98302615933414,252.28062822037256,0.13829839939656763
26,60.1,219.30960773534264,13.921342849731445,61846,195.74473692720628,202.67727904795782,-0.13491357424166783
26,65.0,224.11089359395234,18.344913482666016,99609,284.35061088857435,245.26780712586213,0.13997161099092717
26,70.1,226.82968784108274,21.47746467590332,91620,271.0867387033399,238.86244269810086,0.3346315331344965
26,75.1,221.51773256217146,19.44812774658203,72099,206.3108503585348,207.88866697180265,0.20852646914781295
26,80.1,226.41041914870573,20.780517578125,92330,265.4736596989061,237.0310624932308,0.29132253052837787
26,85.0,225.5884576351925,19.701053619384766,96566,289.3530849367272,247.7229356088064,0.22424354052853432
26,90.1,228.6693158225098,21.457427978515625,103555,297.0936796871228,248.05369127516778,0.3333864323482992
26,95.1,226.88612167944274,16.390588760375977,88577,269.9694841776082,238.56148887408696,0.018527881960889732
26,100.1,227.43941956916055,21.211532592773438,98134,282.853537000428,241.25995067968287,0.31810624259517645
26,105.1,226.9563838223632,19.989286422729492,103402,304.1292044641303,250.6088470242355,0.2421546205387938
26,110.1,229.2375282497698,21.84359359741211,95576,285.2465472503557,245.4005084958567,0.35738315727691183
26,115.1,227.24128703077002,20.42950439453125,96035,292.2022804185974,246.64549383037433,0.2695102137377582
26,120.1,229.4439929836384,21.132062911987305,100907,296.8280000396405,250.5347696393709,0.31316791567876423
26,125.1,224.51033761919763,19.2919864654541,69842,210.54418544715213,211.12957819077346,0.1988236908840844
26,130.1,226.5930135572614,20.305082321166992,70737,214.4967131769795,209.7251650479947,0.2617784993554633
26,135.1,227.58215528876892,19.304357528686523,98539,293.5083063558591,249.4605486152691,0.1995924413552196
26,140.1,230.04610907220834,20.883556365966797,85558,264.19849692606186,240.7914981649875,0.29772546576606945
26,145.1,226.14517086686897,19.510847091674805,90948,266.895962528038,236.42413247130227,0.21242391314138986
26,150.1,229.3151712259155,20.744295120239258,93473,273.88111005317046,240.10247879066682,0.2890716300970906
26,155.1,227.56888669868098,19.222503662109375,95374,282.7511376266068,247.6860465116279,0.1945059587050857
26,160.0,230.22192300689048,20.964052200317383,104347,298.865113515482,253.32098670781144,0.3027275589102755
26,185.4,227.78419882384722,18.71656036376953,48123,421.6292001745527,313.85622259626376,0.16306612676346807
26,219.3,228.38141133400575,17.918621063232422,53538,447.9813029997385,319.0405319586088,0.11348136580148459
26,225.0,229.33456436931078,18.217987060546875,38450,491.98668400520154,334.74743823146946,0.132084273825931
26,230.6,229.5483231962502,17.845439910888672,35842,443.9751408961553,315.85293789409076,0.10893381444833679
26,247.6,229.6790236146281,19.188339233398438,33962,494.62896766974853,337.3470054767093,0.192382946303147
26,270.2,229.92568052187573,16.09200096130371,29279,472.2904470781106,335.7538850370573,-2.6668032069908645e-05
26,292.8,229.76273759239703,19.77387237548828,45456,438.98840637099613,316.712931186202,0.22876857221015642
27,50.1,204.4467511458614,8.810206413269043,7418,1170.4847667834997,148.073335130763,0.0693317462008106
27,85.0,205.70915619389586,8.2855806350708,6684,1174.230550568522,161.3846499102334,0.005655712611204185
27,110.1,207.8125900020572,7.6211628913879395,4861,1179.5881505862992,181.2760748817116,-0.07498745881201457
28,65.0,264.63266212614747,47.45490264892578,20262,107.54515842463725,512.8192675945119,-0.11070657055858679
28,70.1,294.37131559093626,72.52342987060547,38439,122.76555061265901,570.9110278623273,0.35907158300628195
28,80.1,271.24834047361236,22.566743850708008,21241,116.02452803540324,522.8665787863094,-0.5771046633729354
28,85.0,307.854931363772,70.8112564086914,26808,142.16998657117279,609.7875261116085,0.3269858653090273
28,90.1,301.3363024392741,53.4560661315918,39069,120.83851647085925,577.5783357649287,0.0017537856162128385
28,95.1,298.39496457423724,73.96923828125,38249,123.55358310021177,577.1146696645663,0.38616568389042777
28,100.1,296.90661437633247,74.47897338867188,37993,127.53222962124602,575.6398020688022,0.39571799685457937
28,105.1,297.0254118518127,73.26119232177734,37817,126.3028267710289,575.7754184625962,0.37289707339174355
28,110.1,299.1488862196986,74.44125366210938,36632,127.91463747543132,573.5860176894519,0.3950111382768573
28,115.1,294.7474786161113,72.10449981689453,39165,132.13039703817185,577.2801225584068,0.35122093484634714
28,120.1,297.7610253305076,73.4706039428711,39636,132.73683015440508,578.2717731355334,0.37682139666061787
28,125.1,296.24146535704807,73.24433135986328,37670,132.2447571011415,572.9348818688611,0.37258110303236536
28,130.1,301.6114998558587,76.0382308959961,38157,130.50609324632438,577.1008727101187,0.4249381064463965
28,135.1,297.5784138342278,73.37470245361328,35217,128.76335292614363,569.5778459266832,0.3750242258835212
28,140.1,303.8578592038547,77.1552505493164,35697,127.62501050508446,574.5175785079979,0.4458707853226678
28,145.1,297.6559559878807,74.03707885742188,37626,129.82730027108914,575.9823260511348,0.38743699992463176
28,150.1,275.3372035163377,55.65132141113281,12058,92.70053076795489,504.68875435395586,0.042892340055678956
29,95.1,224.22033898305085,4.784738540649414,118,598.5508474576271,326.16101694915255,0.0
30,95.1,223.91666666666666,5.096490383148193,84,602.8809523809524,321.10714285714283,0.0
31,95.1,224.44642857142858,5.572837829589844,56,604.4821428571429,321.85714285714283,0.0
32,125.1,233.03047607948255,21.736780166625977,34322,480.25313210185885,334.62033098304295,0.10757797753812755
32,130.1,234.52815777771966,21.11860466003418,38231,483.9027490779734,328.89144934738823,0.07607940359543369
32,170.1,231.32302589226288,18.49203109741211,91649,303.6287466311689,255.58219947844495,-0.05775527716426176
32,175.0,227.4214924425125,19.724578857421875,100761,284.75444864580544,249.52191820247913,0.005048079394809782
32,180.0,229.12910097997442,17.055543899536133,72757,222.21879681680113,218.83826985719588,-0.1309501833641089
32,185.4,217.65423552047184,15.453729629516602,55613,179.0660097459227,190.63900526855232,-0.2125691810252206
32,191.1,224.30748920318482,17.1617431640625,97714,281.869926520253,243.0043084921301,-0.12553889587265482
32,196.7,218.06522652769607,15.305580139160156,47588,152.62925527443895,192.45143733714383,-0.2201180043396428
32,213.7,224.29873640600724,16.172452926635742,96550,291.1527809425168,247.23869497669602,-0.17594728533825163
32,219.3,219.75765490975886,16.00080680847168,59341,190.25353465563438,195.32422776832206,-0.18469335807538656
32,225.0,220.79546797198077,16.5580997467041,71094,211.00424789715026,212.94642304554534,-0.15629700034934912
32,230.6,220.34797448119932,16.314992904663086,69439,200.07487146992324,204.91939688071545,-0.16868428965206209
32,236.3,222.26230402354255,14.099227905273438,78836,223.98028819321124,215.40229083159977,-0.2815865915528635
32,241.9,220.14442006014792,12.483120918273926,61515,188.1274323335772,199.86257010485247,-0.3639338616832582
32,247.6,218.01465683879601,15.74569034576416,47077,147.37179514412557,194.09000148692567,-0.19769258673925794
32,253.2,224.03179248984614,16.01392364501953,94299,267.9825979066586,241.13803963986894,-0.18402500153021278
32,258.9,220.15284562682436,12.246803283691406,66119,199.768825904808,193.47745731181658,-0.3759752130591795
32,264.5,222.85743365500602,17.636796951293945,92848,260.2848742029984,232.94271282095468,-0.10133295971972442
32,270.2,221.35944041121297,16.967073440551758,75484,215.55218324413121,213.53978326532774,-0.135458115600744
32,275.8,223.0763669969708,17.35365867614746,97385,266.47272167171536,241.66133388098783,-0.1157600144972239
32,281.5,222.65212921199256,17.565893173217773,90456,262.9217851773238,232.79762536481826,-0.10494579761565133
32,287.1,222.33075355987734,17.266921997070312,95228,262.9445646238501,237.5401667576763,-0.12017960354648617
32,292.8,220.00477169630665,16.433191299438477,63709,185.38426282000972,198.95280101712473,-0.16266159732918614
32,298.4,219.6202245983558,11.962479591369629,55833,174.38224705819138,195.78475095373705,-0.39046266969691246
32,304.1,222.73703110849007,17.286895751953125,94958,256.91768992607257,237.26552791760568,-0.11916185892803922
32,309.7,224.3767806714779,18.081018447875977,95610,272.5864972283234,239.87737684342642,-0.07869805505621293
32,315.3,224.1514111719064,18.035768508911133,97047,273.22458190361374,240.40609189361857,-0.08100372477814143
33,150.1,316.17546157939984,88.44697570800781,24427,151.6829328202399,613.7526507553117,0.23207379288503588
33,155.1,298.2029239766082,74.68798828125,37620,129.4080010632642,576.9155502392344,0.04040994356239352
33,160.0,302.9228379652743,78.13675689697266,36054,130.23364952571143,578.6191268652576,0.08845157975337048
33,180.0,303.45919995358685,76.30333709716797,34473,131.29756621123778,577.9842775505468,0.06291188810632903
33,185.4,257.65380437349455,41.36032485961914,21173,124.80484579417183,530.0844944032494,-0.4238472043071285
33,191.1,283.54865011777497,60.39632034301758,38633,133.65884088732432,586.0100173426863,-0.15867418998042532
33,196.7,282.7677636499626,61.128204345703125,37436,130.1590180574848,585.5080136766749,-0.14847898441322102
33,202.4,282.94525922220174,61.30470657348633,37979,127.06740567155533,584.4851365228152,-0.14602029357052418
33,219.3,268.61178830427406,24.837650299072266,25924,126.46763616725814,550.0733297330659,-0.654009447294652
33,225.0,282.39883909428437,61.35731887817383,38246,126.59535637713748,587.7174345029546,-0.14528739975171515
33,230.6,273.95040842023695,28.41431999206543,30973,131.15290737093596,563.6078842863138,-0.6041861383655704
33,236.3,284.281337982694,61.355777740478516,38715,129.4117267209092,590.9180937621077,-0.14530886792912226
33,241.9,285.14597981891296,62.674556732177734,40533,121.85002343769274,591.9131571805689,-0.12693816592067755
33,247.6,283.4501850957669,40.8420295715332,37278,124.99981222168572,584.2160255378508,-0.4310671011584876
33,253.2,284.9135868344192,41.5967903137207,35608,122.8783419456302,581.7356773758706,-0.42055322069051493
33,258.9,267.9720083379419,23.45819854736328,23507,127.26694176202834,543.2441400433913,-0.6732253259408691
33,264.5,287.4101082723499,59.203460693359375,46734,108.71440493002953,608.8694526468952,-0.17529082498879264
33,270.2,273.1105265004034,28.39179229736328,28509,125.04153074467712,556.1345540004911,-0.6044999510429905
33,275.8,276.4086586901763,32.32177734375,31760,127.74464735516372,565.7089420654912,-0.5497549295956967
33,281.5,281.82079125218314,55.215702056884766,39507,122.09909636266991,584.7723441415445,-0.23084063739358807
33,287.1,282.1339017717215,61.25060272216797,37647,126.29452546019603,585.5777087151698,-0.14677396475905147
33,292.8,264.60748247046394,20.18627166748047,20822,123.04231101719336,532.3997694745942,-0.7188035419134333
33,298.4,284.7788098693759,61.902381896972656,37895,123.87818973479351,590.2283678585566,-0.13769462616553996
33,304.1,280.1226779871833,59.30483627319336,36983,124.82256712543601,580.1315198875159,-0.17387865465563937
33,309.7,277.9873802645583,56.59553146362305,32885,122.8977345294207,567.9119051239167,-0.2116194979811251
33,315.3,284.2148148148148,61.7150764465332,36315,118.12694478865482,582.7416219193171,-0.14030380680629853
34,185.4,303.0586446994214,78.8263931274414,20394,136.44380700205943,655.5598705501618,0.0
35,196.7,227.67092500591437,18.233068466186523,54951,401.51176502702407,298.2433622682026,-0.007039295337123466
35,202.4,224.1226866480094,17.662113189697266,99693,289.19978333483795,249.65142988976157,-0.03813313753516884
35,247.6,226.0988584474886,19.191797256469727,30660,329.84589041095893,247.64256360078278,0.04517243287229211
36,202.4,203.68433633295837,6.380520820617676,7112,947.3548931383577,29.745500562429697,0.0
37,275.8,321.5869565217391,23.023771286010742,92,107.80434782608695,660.9673913043479,0.0
38,275.8,322.0833333333333,22.439542770385742,48,111.54166666666667,663.0833333333334,0.0
