cell_id,time_seconds,mean_intensity,mean_intensity_sub,area,centroid_x,centroid_y,dF_F0
0,0.1,289.3524497364825,49.72816848754883,25615,71.18262736677728,128.64770642201836,0.03583389662419916
0,5.1,288.24341608738825,48.057655334472656,25175,70.7096722939424,128.9010923535253,0.0010372370780884373
0,10.0,289.02933010050447,47.1334342956543,25571,69.74099565914513,126.4696335692777,-0.01821421555123954
0,15.1,291.09720539705086,47.2875862121582,23939,66.37984042775388,124.39116086720415,-0.015003243074255797
0,20.1,290.6263199682414,47.832454681396484,25190,68.43330686780469,123.94255657006748,-0.003653675076792411
0,25.1,289.1512886397259,46.88170623779297,25686,70.65023748345402,125.910924238885,-0.02345769149243429
0,30.1,290.0531190411332,47.54419708251953,25697,69.11090788808032,123.57882243063392,-0.009658058527009591
0,35.1,294.3579652409929,46.945228576660156,22843,60.36588889375301,116.92111368909512,-0.022134526095583678
0,40.0,293.2817855394157,46.6711311340332,24508,66.38436428921169,122.54627060551657,-0.02784395458825165
0,45.0,295.9993877372518,48.21889877319336,22866,60.96221464182629,117.67781859529433,0.004395925413392216
0,50.0,293.1408861557868,44.773338317871094,25368,71.24349574266793,125.69808420056765,-0.06737483190666356
0,55.1,294.9606767072416,45.78380584716797,24235,69.18960181555602,121.73389725603467,-0.04632687156310334
0,60.1,292.68773481527865,44.563880920410156,25552,72.09376956793989,125.50481371321227,-0.07173781326687696
0,65.1,307.56929152704646,54.3525505065918,25068,71.28390777086325,121.72869794159885,0.13215941578068138
0,70.1,333.88297189785703,67.60073852539062,23379,65.81671585611018,117.52153642157492,0.4081181457338754
0,75.1,308.9992714320408,56.50232696533203,24706,72.6670444426455,124.41985752448798,0.17693909285013606
0,80.1,338.78745267712276,74.54486846923828,22188,62.39787272399495,113.90494862087616,0.552763834428433
0,85.1,308.3179536118833,58.11345672607422,24101,70.27206339985892,122.86697647400523,0.21049880093499446
0,90.1,335.12645835033044,72.85601806640625,24514,72.84351798972016,125.19172717630741,0.51758521139069
0,95.1,307.85817825661115,58.60964584350586,25525,75.94613124387855,126.58765915768853,0.22083438180603396
0,100.1,338.3076050972745,76.56413269042969,22051,61.97269965080949,115.4896376581561,0.5948249517019203
0,105.1,313.5088987764182,62.77000045776367,21576,62.11188357434186,115.17927326659252,0.3074942460739922
0,110.1,337.0263088079236,74.9943618774414,22616,68.75543862752033,120.3588609833746,0.562126747294257
0,115.1,310.14957643191303,60.38999938964844,23727,72.58077295907616,122.7572807350276,0.2579190082292115
0,120.1,336.7885033481172,75.97187042236328,22998,69.01752326289242,121.13492477606748,0.58248817454697
0,125.1,310.7936593470744,63.16872787475586,22269,66.6762764380978,116.92065202748215,0.31579970727627493
0,130.1,335.92319831667544,76.56158447265625,22812,70.76516745572506,120.31180957390846,0.5947718725231371
0,135.1,310.8003397300523,63.068939208984375,21782,62.62262418510697,116.06679827380405,0.3137211170999469
0,140.1,340.42886607828086,82.12557220458984,20848,61.49007099002302,113.8313986953185,0.7106693058778579
0,145.1,317.46587269815853,70.09198760986328,19984,57.84387510008006,111.46402121697358,0.46001067113981114
0,150.1,342.52735881290573,84.4375228881836,20487,60.12207741494606,112.88417044955338,0.7588270594856449
0,155.1,312.372217190256,67.39488220214844,20977,63.91238022596177,114.47938218048338,0.4038301744706249
0,160.1,343.16163340976726,85.37027740478516,20497,61.41654876323364,113.62667707469386,0.7782562637960175
0,165.1,316.575684577946,69.49160766601562,20341,61.75881225111843,112.21424708716386,0.44750480342730026
0,170.0,342.6406816879893,84.4275131225586,20948,65.34194195149895,115.05862134810006,0.7586185568432394
0,175.1,314.2421693046247,66.32334899902344,21039,68.55154712676458,116.95750748609724,0.38151022087263375
0,180.0,343.9395500267263,84.70780944824219,20579,63.8195247582487,112.17576169881919,0.7644571075896837
0,185.4,274.35809682804677,43.50666809082031,21564,67.5468836950473,113.60874605824522,-0.09375947459368289
0,191.0,277.3554163403811,45.60034942626953,19155,58.52012529365701,106.90561211172017,-0.05014825459609275
0,196.7,272.0429708460025,41.29237747192383,22364,69.71700053657663,114.76377213378645,-0.13988297662059238
0,202.3,270.9723811572381,40.131778717041016,23245,75.10492579049257,117.48939556893956,-0.16405815876084084
0,208.0,274.06142671605176,42.9460563659668,20789,64.31040454086296,110.70075520708066,-0.10543697338581373
0,213.6,272.78353313729923,41.54560470581055,22105,67.71160370956797,110.93720877629495,-0.1346082729589459
0,219.2,274.4882846935461,43.05064392089844,21553,64.96005196492368,108.52967104347422,-0.1032584227201007
0,224.9,273.683078612611,42.427330017089844,21854,66.77143772307129,108.94952869039993,-0.11624200304165946
0,230.5,273.08207958693134,42.116943359375,22466,67.47992522033294,108.54264221490251,-0.12270733307289576
0,236.2,272.3639950255157,42.04669952392578,23319,71.50147948025216,110.80200694712467,-0.12417050672276407
0,241.8,274.330758765963,42.72209548950195,22787,69.37705709395708,109.56909641462238,-0.11010206108993932
0,247.5,275.07515323392187,43.63236618041992,21862,68.37690970633977,108.08947031378648,-0.09114119312649428
0,253.2,273.9463168789092,42.77970504760742,22223,68.35742249021284,108.79521216757414,-0.10890205845822915
0,258.8,275.7135108031726,44.04079055786133,21938,68.58902361199745,108.76766341507886,-0.08263374498938117
0,264.4,275.26745090859157,43.88324737548828,21847,69.96745548587907,109.16446193985445,-0.08591535727166158
0,270.1,275.5147594581971,44.69807434082031,21410,68.75151798225129,106.48439981317142,-0.06894257471712853
0,275.7,272.9925450314574,42.938411712646484,23206,76.01555632164096,112.53124192019305,-0.10559621092216304
0,281.3,274.04949092518814,43.455265045166016,22590,75.7787959274015,109.57538733953076,-0.09483019605191985
0,287.0,275.0479266419731,44.195308685302734,22138,72.26348360285482,108.75255217273467,-0.07941514436694358
0,292.6,275.78300808920983,44.802669525146484,21881,71.89461176363055,107.1825327910059,-0.06676386513171856
0,298.3,276.0751115075825,44.476829528808594,22420,76.19179304192686,112.14879571810883,-0.07355108700913801
0,303.9,276.937106918239,45.33311462402344,21942,70.91892261416461,108.98614529213381,-0.05571473482134934
0,309.6,274.17805881323295,45.142765045166016,22852,71.61482583581306,109.25376334675302,-0.05967970180053794
0,315.2,275.42824651183133,44.25137710571289,22863,74.57494641997988,109.29086296636487,-0.07824724351401838
1,0.1,487.55281741586714,227.90415954589844,20533,232.88584230263479,46.40432474553158,0.02875090432853599
1,5.1,455.73002777323967,192.79051208496094,24484,253.55807874530305,42.368485541578174,-0.12975079503354991
1,10.0,494.2980255867835,229.96527099609375,19854,226.79097411101037,45.667976226453106,0.03805468479719962
1,15.1,480.09374857922256,208.72412109375,21995,235.59772675608093,47.180404637417595,-0.057827076266548344
1,20.1,502.74402213636836,248.29010009765625,19154,224.23608645713688,45.85501722877728,0.1207722821743624
1,25.1,498.1042223679564,245.15542602539062,19823,225.0973112041568,47.11234424658225,0.10662247993712405
1,30.1,499.7049967160107,226.29037475585938,19793,225.26559894912342,46.57292982367504,0.021466339775382356
1,35.1,508.40316099651756,251.89601135253906,18665,222.4519153495848,45.47832842218055,0.13704923153667561
1,40.0,460.2384612443119,195.46035766601562,26151,261.9037512905816,44.75113762380024,-0.11769921132660838
1,45.0,501.94981683143476,247.04476928710938,19927,224.64510463190646,47.518141215436344,0.11515090518812852
1,50.0,506.8894852527731,248.12899780273438,19563,225.3360936461688,47.280785155650975,0.12004507240372675
1,55.1,508.16035045881074,236.83314514160156,19289,226.95997718907148,45.774949453056145,0.06905601339112911
1,60.1,507.3575660775929,252.0157928466797,19409,226.4193930650729,46.53547323406667,0.13758992074859924
1,65.1,475.05959132934504,218.18894958496094,25742,263.0686815321265,42.99324061844457,-0.015103192292474647
1,70.1,593.8103134479272,314.7567443847656,19780,228.54701718907987,47.26627906976744,0.4208002437275436
1,75.1,517.3693041949259,253.53973388671875,19905,228.61160512434063,47.81210751067571,0.14446893395400684
1,80.1,595.9782340228466,326.64947509765625,19434,225.07651538540702,48.13821138211382,0.47448358807807967
1,85.1,519.2171780421623,263.67364501953125,19164,224.75594865372574,48.101127113337505,0.1902130321005187
1,90.1,592.2740936325785,324.37005615234375,19694,225.50634711079516,49.247841982329646,0.46419437569158273
1,95.1,512.5714564147542,257.7021789550781,20523,229.13526287579788,49.639234030112554,0.16325805626236983
1,100.1,598.5369510135135,333.0690002441406,18944,224.52517947635135,48.01319679054054,0.503461085956856
1,105.1,526.2361979442619,265.6957092285156,18874,227.32335487972873,47.55886404577726,0.19934055477385587
1,110.1,607.9895350738541,337.7546691894531,18347,226.7329808688069,47.25649970022347,0.5246120213960295
1,115.1,530.2196008215283,264.7294616699219,18989,228.72136500078994,48.0750434462057,0.19497894921260078
1,120.1,607.8116161352607,338.91607666015625,19163,227.1372958305067,49.112717215467306,0.5298545715458837
1,125.1,527.6515159340943,272.8070068359375,19361,229.31852693559216,49.352357832756574,0.23144068782610613
1,130.1,614.2241826948551,343.85675048828125,18873,229.95702855931754,48.126953849414505,0.5521565895467982
1,135.1,536.0124463968205,277.34405517578125,19122,231.4798661227905,48.466112331346096,0.25192075537685454
1,140.1,615.5156217014988,347.3648376464844,18948,229.0388431496728,48.225775807473084,0.567991964573106
1,145.1,537.0452514546965,280.76434326171875,19248,231.3852867830424,48.45080008312552,0.26735980865470266
1,150.1,616.2013218631977,346.0121765136719,19064,233.3976605119597,48.0276437263953,0.5618861025019459
1,155.1,534.1822286727947,277.7175598144531,18603,230.91297102617858,47.26517228404021,0.2536067414315637
1,160.1,619.6754003704107,346.2032775878906,18358,231.6383048262338,46.54357773177906,0.5627487256471856
1,165.1,534.903743315508,275.0400085449219,19074,233.7883506343714,48.02322533291392,0.24152037453328182
1,170.0,610.6979640969279,336.7900695800781,19107,233.37750562621028,47.891087036164755,0.5202578546162887
1,175.1,529.9655262198614,265.5279541015625,19203,235.23746289642244,48.177159818778314,0.19858331436673632
1,180.0,606.8420750182844,331.6058349609375,19142,233.74657820499425,47.91792916100721,0.4968564122585939
1,185.4,415.39432144321444,172.61270141601562,19512,235.44013940139402,48.656570315703156,-0.22083268232515485
1,191.0,413.95660719685515,169.39454650878906,19842,236.87869166414677,49.818113093438164,-0.235359313948181
1,196.7,413.6335350043215,169.80186462402344,19669,238.32487670954293,49.509380243022015,-0.23352069511721416
1,202.3,414.68187912541254,171.42922973632812,19392,238.12835189768978,48.647586633663366,-0.22617482949417364
1,208.0,416.0420353982301,173.62710571289062,19436,239.1136550730603,48.96758592302943,-0.21625369903742447
1,213.6,415.74179894179895,173.65093994140625,19845,243.97651801461325,49.305366591080876,-0.21614611221589267
1,219.2,421.21352595650103,178.31153869628906,18897,236.83193099433774,48.645234693337564,-0.19510834268438684
1,224.9,418.3523316062176,174.79620361328125,19300,239.3698445595855,48.75259067357513,-0.21097643457383652
1,230.5,417.8813887725178,175.8605194091797,19096,238.15128822790112,48.49628194386259,-0.20617215263487018
1,236.2,416.99765563948944,178.42449951171875,19195,240.46397499348788,48.780672050013024,-0.19459844176261987
1,241.8,419.76868018653073,174.2843780517578,18442,238.10373061490077,47.212341394642664,-0.2132867961325059
1,247.5,413.6883048063166,168.09800720214844,18871,239.17614328864394,47.774362778867044,-0.24121184418221306
1,253.2,411.90416167508727,165.27902221679688,19199,242.62138653054848,48.412834001770925,-0.2539366376162045
1,258.8,413.43101817799726,166.5241241455078,19034,244.0882631081223,48.09845539560786,-0.24831629379406983
1,264.4,421.18017357980165,174.64593505859375,17744,237.79818530207393,46.8807484220018,-0.21165474124377587
1,270.1,420.5531143701556,180.6757354736328,17933,238.89064852506553,47.232866781910445,-0.18443644631553988
1,275.7,419.7368246051538,177.47239685058594,18045,240.22521474092545,47.545525076198395,-0.19889619778254336
1,281.3,421.1900089206066,181.87396240234375,17936,240.89869536128458,47.006690454950935,-0.1790276945009249
1,287.0,424.0172276552195,185.62689208984375,17588,241.57869001591993,46.81856947919036,-0.1620871093988812
1,292.6,421.5154099852155,182.24180603027344,17586,241.40242238143978,46.56044580916638,-0.17736726203826972
1,298.3,418.33256957639435,174.91848754882812,17894,243.11093103833687,47.33312842293506,-0.21042444943442812
1,303.9,416.26255212677233,176.47955322265625,17985,242.58381984987489,47.258048373644705,-0.2033778570121275
1,309.6,410.16009191880505,172.43333435058594,18277,241.31312578650764,48.15226787766045,-0.221642338590908
1,315.2,408.7886773767606,170.25283813476562,18176,241.57317341549296,47.878686179577464,-0.23148501745372332
2,0.1,296.9288497026861,45.48842239379883,4877,387.25302440024603,24.161574738568792,-0.2012364757326817
2,10.0,297.38695821944555,41.93608474731445,5122,383.78250683326826,24.806520890277234,-0.26361449608539783
2,20.1,307.45422297297296,61.292240142822266,5920,377.65827702702705,28.524324324324326,0.07627398732108312
2,25.1,305.125,63.73306655883789,6448,380.3737593052109,29.589019851116625,0.11913419234870773
2,35.1,310.9882370458606,72.29292297363281,6716,380.13341274568194,31.379243597379393,0.26944279214828865
2,45.0,312.288679245283,71.5835189819336,6360,379.4704402515723,31.093396226415095,0.256985863489971
2,50.0,312.3444647758463,72.54379272460938,6558,378.7323879231473,31.891125343092405,0.2738479923262008
2,55.1,313.72040252565114,47.2343635559082,5068,377.3423441199684,31.21349644830308,-0.1705782545322037
2,60.1,308.23956931359356,72.18518829345703,6687,380.86914909525944,30.7713473904591,0.2675510023632301
2,70.1,336.7280595464774,82.50548553466797,5777,379.8049160463909,30.05816167561018,0.4487724332695636
2,75.1,311.60935091625277,67.01394653320312,5839,379.0292858366159,30.557800993320775,0.17674549459029307
2,80.1,335.64926590538334,87.87625885009766,6743,378.1990212071778,31.948390923921103,0.5430816573691516
2,85.1,309.5253726848366,71.38357543945312,6641,378.02078000301157,30.026200873362445,0.25347491278555695
2,90.1,336.6066343532263,87.81880187988281,6602,378.5742199333535,31.300817933959408,0.542072729611112
2,95.1,311.97351642962235,71.19721984863281,6117,380.728298185385,31.140101356874286,0.25020256257736767
2,100.1,337.36540697674417,90.09111022949219,6880,380.1452034883721,31.64404069767442,0.5819738061936991
2,105.1,314.11531421598534,69.14757537841797,6556,380.3322147651007,29.659701037217815,0.21421139923583535
2,110.1,337.1830887491265,88.20004272460938,7155,381.58266946191475,30.824318658280923,0.5487672084411791
2,115.1,316.1908759702202,66.03445434570312,6313,381.6133375574212,28.28465072073499,0.15954589542840913
2,120.1,341.4873487348735,90.59639739990234,7272,382.00481298129813,30.622662266226623,0.5908465025802614
2,125.1,314.1841367713005,71.6757583618164,7136,383.1510650224215,30.357202914798208,0.25860556028916076
2,130.1,339.59355937012344,86.1769790649414,7049,383.53922542204566,29.54305575258902,0.5132427964353273
2,135.1,312.16300341296926,69.61383819580078,7325,384.93160409556316,30.217610921501706,0.2223988392842789
2,140.1,337.15048143053644,84.41748046875,7270,384.00137551581844,29.61072902338377,0.4823465106184589
2,145.1,312.1498838639158,68.28580474853516,7319,385.1062986746823,29.660062850116137,0.19907895653478663
2,150.1,335.68651813767497,82.61741638183594,7002,384.94558697515,29.696372465009997,0.4507379065318393
2,155.1,307.8350557519717,68.69833374023438,7354,385.09709001903724,30.633396790862115,0.20632284616497595
2,160.1,331.75123582436754,81.17838287353516,6878,385.6218377435301,28.8281477173597,0.4254688948550177
2,165.1,308.035802290187,67.45880126953125,6899,384.90201478475143,29.68430207276417,0.18455701493497098
2,170.0,330.73134099616857,79.05059051513672,6525,383.8600766283525,28.081226053639845,0.38810547722778643
2,175.1,304.86428243924803,62.42652130126953,6543,385.05700748891945,28.270976616231085,0.09619163598754615
2,180.0,329.398315658141,81.00804901123047,6412,385.10308796007484,27.5723643169058,0.422477881559839
2,185.4,274.131625584018,43.69860076904297,6207,382.97760592879007,25.39664894473981,-0.2326652251499124
2,191.0,273.8128809092407,40.47178268432617,6071,381.6572228627903,25.64371602701367,-0.2893272162650247
2,196.7,274.22362231182797,42.993125915527344,5952,382.609375,25.37298387096774,-0.24505315927956314
2,202.3,275.4885691446843,46.975589752197266,6255,381.7341326938449,27.793285371702638,-0.17512224758720105
2,208.0,277.2597039473684,46.891117095947266,6080,381.49078947368423,26.92565789473684,-0.17660556296855992
2,213.6,274.3274664944292,45.41234588623047,6193,386.88470854190217,24.58436944937833,-0.20257235717462715
2,219.2,275.51088348271446,46.47792053222656,7029,384.07056480295915,29.37814767392232,-0.1838611749701247
2,224.9,279.03980759661636,44.805973052978516,6029,379.65583015425443,27.782385138497265,-0.21322008852734864
2,230.5,273.32613510520486,44.1419677734375,7224,385.5362679955703,30.455287929125138,-0.22487982894715688
2,236.2,274.2679261485616,45.310787200927734,6987,383.83369114068984,30.280950336338915,-0.2043556982782181
2,241.8,273.4021823850351,36.13144302368164,6415,386.057209664848,24.69618082618862,-0.3655423237893135
2,247.5,271.85300803151995,39.12278366088867,6599,386.3227761782088,26.950295499318077,-0.3130152484606852
2,253.2,272.6416627598062,38.82596969604492,6399,387.4055321143929,25.220815752461323,-0.3182272157291449
2,258.8,274.31731092436974,38.20127487182617,5950,386.7598319327731,23.09747899159664,-0.3291966759373878
2,264.4,272.7762423598193,39.752567291259766,7526,385.4622641509434,29.866197183098592,-0.30195643029007174
2,270.1,273.61052485420714,42.81629180908203,7202,385.4788947514579,27.624548736462096,-0.248158314979449
2,275.7,274.1599629531622,42.87930679321289,7558,386.33527388197933,29.75549087060069,-0.2470517901065865
2,281.3,278.12060657596373,46.127384185791016,7056,385.5083616780045,28.60700113378685,-0.19001649170190077
2,287.0,279.5194514413658,47.45112609863281,7146,383.4731318219983,29.509935628323536,-0.1667719670541078
2,292.6,276.77752355316284,44.27995300292969,7430,385.8422611036339,29.5792732166891,-0.22245684827634252
2,298.3,278.71409788166545,40.81639862060547,6845,383.51307523739956,29.186559532505477,-0.283275860221104
2,303.9,276.6072319201995,42.25713348388672,7218,385.9383485730119,29.252563036852315,-0.25797697324351987
2,309.6,271.4049686444766,42.27751922607422,8292,389.80499276411,30.978774722624216,-0.25761900551420347
2,315.2,275.06761565836297,44.69306945800781,7587,387.3619348886253,28.927902991959932,-0.2152026429593428
3,0.1,363.6024354867952,116.22563934326172,33094,1089.4717773614552,78.83628452287424,0.006629088046106661
3,5.1,359.32878825441423,112.7393798828125,36303,1087.6082141971738,83.39693689226786,-0.023565369916817572
3,10.0,362.9358337098961,119.49881744384766,35408,1089.575378445549,82.0469950293719,0.034978050504159454
3,15.1,359.3994735383763,113.83740997314453,36090,1086.3965364366861,82.67722360764755,-0.0140553423985891
3,20.1,361.57315780666033,114.99996948242188,35854,1088.2882523567803,83.10007251631617,-0.0039864262348594404
3,25.1,361.03395878899505,112.13377380371094,34748,1087.827961321515,80.1242085875446,-0.028810518049070265
3,30.1,359.44727343946727,114.6285400390625,35741,1086.317030860916,81.64206373632523,-0.007203372890993256
3,35.1,361.00493463032814,114.09740447998047,35261,1087.1185445676526,80.95697796432319,-0.01180353260178259
3,40.0,364.8245372723739,112.61587524414062,33443,1089.4822234847352,78.75091947492749,-0.024635042344504168
3,45.0,359.3149125473184,110.52833557128906,36191,1084.9523638473654,83.52463319609848,-0.0427152023592528
3,50.0,359.1410494670675,106.09772491455078,36590,1088.539628313747,84.52861437551243,-0.08108867649182068
3,55.1,360.69386940404905,113.5364761352539,35070,1087.4872255489022,80.36042201311662,-0.016661727328022635
3,60.1,367.6291680261011,114.44065856933594,30650,1091.701272430669,71.44042414355629,-0.008830612402002034
3,65.1,390.4885968191884,139.12142944335938,34771,1088.1819044606136,79.7333410025596,0.2049292947714705
3,70.1,427.1236726500451,161.0676727294922,34373,1091.0748843569081,80.12044337125069,0.3950054861349956
3,75.1,392.2293259207783,140.19834899902344,34536,1089.6879198517488,78.89509497336113,0.21425648416223364
3,80.1,430.47440333079226,157.72128295898438,34106,1089.6050255087082,77.449041224418,0.36602243814345625
3,85.1,395.6281133437613,134.40475463867188,33244,1091.102033449645,77.36926964264228,0.16407822194381314
3,90.1,435.51610219845514,164.58035278320312,33660,1090.1151218062982,77.5198752228164,0.4254287725892145
3,95.1,399.43306832516794,142.3253173828125,34087,1093.283304485581,80.66553231437204,0.23267813584403715
3,100.1,431.19680759768863,164.48822021484375,34958,1087.8125178785972,78.47445506035814,0.4246308133455314
3,105.1,397.8027251010116,139.83773803710938,33907,1091.5543693042735,78.32541952989058,0.2111332362645913
3,110.1,436.11920627869097,167.17868041992188,33765,1091.0658077891308,77.83317044276617,0.44793286199818216
3,115.1,398.4018075303954,141.4644012451172,33969,1090.101887014631,77.85522093673643,0.22522174987387342
3,120.1,439.07509917057337,167.9425048828125,33276,1090.745552350042,76.90007813439115,0.4545483379538451
3,125.1,399.376648459426,144.48468017578125,33137,1092.217128889157,77.29595316413676,0.2513803551764434
3,130.1,436.3637535900592,163.4270477294922,34122,1091.209542230819,79.13003340953051,0.41544000917164153
3,135.1,400.92206220501026,143.35621643066406,33052,1091.7139658719593,77.3366513372867,0.24160674208161242
3,140.1,438.5573741114629,168.31265258789062,33482,1090.4906516934473,78.25123947195507,0.45775418348767527
3,145.1,402.00473819224385,144.8570098876953,33135,1091.7480307831597,77.44158744529953,0.25460509904943335
3,150.1,441.29516414990525,168.0834197998047,32714,1092.2513602738888,76.72076175337776,0.45576880062615616
3,155.1,398.1221894957861,165.50315856933594,34291,1092.7736140678312,80.32900761132659,0.4334211841791827
3,160.1,440.99880664697633,174.35174560546875,33519,1093.7568543214297,78.91336257048242,0.5100587070958968
3,165.1,403.91075828940393,146.22598266601562,32059,1093.9066720733647,75.52674755918775,0.26646175845081194
3,170.0,439.46177779070103,176.95767211914062,34391,1091.7731092436975,81.04594225233346,0.532628610301379
3,175.1,400.5104527604528,146.92422485351562,34632,1093.159621159621,81.67203742203742,0.2725092269819385
3,180.0,445.72035984560677,177.8338623046875,32903,1093.969455672735,79.01492265142996,0.5402172846456611
3,185.4,331.2332890085298,95.39810943603516,30833,1093.1211688775013,73.97428080303571,-0.17375793804582582
3,191.0,328.49808021737846,112.24016571044922,33858,1092.0894323350465,80.16601689408706,-0.02788905881975907
3,196.7,329.44040664837826,112.08464050292969,30985,1093.7344521542682,74.51447474584477,-0.029236061070709855
3,202.3,328.76053310404126,96.41584014892578,32564,1093.5311693895098,78.3006694509274,-0.1649433826242987
3,208.0,329.5382851758794,111.11273193359375,31840,1092.1659233668342,76.69331030150754,-0.0376537513698818
3,213.6,329.4018355121433,112.72682189941406,33887,1093.3336382683624,80.77165284622421,-0.023674134484149678
3,219.2,330.39518133724266,111.41862487792969,31378,1092.9249792848493,75.40630377971827,-0.0350044156696306
3,224.9,328.18290986085907,98.31404876708984,33060,1092.5908650937688,78.37477313974591,-0.1485030169612594
3,230.5,328.98678466782275,95.59580993652344,33446,1093.9645099563475,80.53710458649763,-0.17204565600859809
3,236.2,327.9005302669209,98.3253173828125,33568,1092.9910629170638,80.08764299332698,-0.1484054195943399
3,241.8,330.7336782606095,98.76591491699219,33437,1095.0299069892633,80.72662021114334,-0.14458940880246313
3,247.5,327.37635482894336,104.2165298461914,33030,1092.1323342415985,78.37674841053588,-0.09738168797190094
3,253.2,327.2385260237621,109.61763763427734,33162,1094.0425487003197,79.1770399855256,-0.050602747990316915
3,258.8,328.1807799362966,99.18946075439453,34849,1093.17133920629,82.31045367155443,-0.14092108258409017
3,264.4,329.2653953237733,109.55625915527344,33403,1094.0853516151244,80.154297518187,-0.05113434637682165
3,270.1,327.2069790804869,95.71488952636719,33844,1093.1768703462947,80.099131308356,-0.17101430888410263
3,275.7,327.5064927399363,98.73819732666016,33884,1093.9913233384489,80.41228898595207,-0.14482947057227938
3,281.3,327.844954298419,98.59757995605469,32384,1093.3973875988142,77.58896368577075,-0.14604735619834136
3,287.0,327.82230807890437,101.1779556274414,31836,1092.9531034049503,76.44710390752607,-0.12369874857973365
3,292.6,327.28554412875485,98.28237915039062,34422,1095.7510894195573,83.00438672941723,-0.14877730719151186
3,298.3,329.25438791379696,94.60836791992188,31507,1096.635953915003,77.80480528136604,-0.18059788133759272
3,303.9,326.8013341156851,98.0948257446289,32381,1093.4098391031778,78.3025539668324,-0.1504017053438358
3,309.6,325.9585768597855,58.44923400878906,35246,1096.5350110650854,85.87266640186121,-0.49377177480184004
3,315.2,326.16006790585254,98.96469116210938,34754,1095.3511538240202,82.66516084479484,-0.1428678097518734
4,0.1,429.46411276374954,188.729248046875,46256,416.9585783465929,121.94182376340366,0.03271568298299712
4,5.1,424.32774122358904,181.22085571289062,48938,405.69688176876866,122.89310964894356,-0.008369811700736753
4,10.0,426.02305649444713,183.51719665527344,49704,401.44320376629645,125.10707387735394,0.004195634986602774
4,15.1,426.40874332708125,171.97744750976562,48517,407.1390646577488,126.19834284889832,-0.058949214280722466
4,20.1,431.32817926936434,188.30746459960938,47794,405.813826003264,124.92243796292422,0.030407708011859328
4,25.1,426.2700737509089,184.9134979248047,48135,408.44377272255116,125.62831619403761,0.011836115909071363
4,30.1,424.37238195256305,164.0300750732422,50467,403.3021380307924,127.55495670438108,-0.10243678305260709
4,35.1,428.11533744798055,183.1302947998047,49741,402.4058422629219,127.31903258881003,0.002078530096646556
4,40.0,427.6256722689076,180.32369995117188,47600,410.1441386554622,127.71481092436974,-0.013278996868344647
4,45.0,429.1890944337891,183.76345825195312,48489,406.04343253108954,127.58077089649198,0.005543164400508887
4,50.0,421.4512031955944,175.23703002929688,51571,393.7644800372302,134.5514145546916,-0.04111296461230287
4,55.1,428.4072908578201,178.2897186279297,48938,402.53586170256244,128.5003473783154,-0.024408826680865307
4,60.1,424.4319115828113,179.7844696044922,50126,403.8730997885329,130.38032158959422,-0.016229634575639282
4,65.1,454.585595567867,204.09239196777344,48735,408.55247768544166,128.96193700625832,0.11678193043127871
4,70.1,493.3482253008393,233.86988830566406,49445,405.3012640307412,131.31659419557084,0.2797226923235243
4,75.1,447.42872052570544,198.4861602783203,51740,406.42947429454966,134.04232701971395,0.08610495032326428
4,80.1,491.00579937304076,234.2597198486328,51040,411.0117750783699,132.30362460815047,0.28185582829641437
4,85.1,449.908544699383,202.9144287109375,49598,412.21676277269245,129.12560990362513,0.11033618266350265
4,90.1,494.8630514886993,237.48779296875,50749,408.4377032059745,132.0741295394983,0.2995196603280711
4,95.1,452.5838344960308,204.6611785888672,49884,413.3482880282255,132.25449041776923,0.11989429838671364
4,100.1,491.17144577845124,236.0834197998047,51474,410.96850837315924,130.83615028946653,0.2918350104323107
4,105.1,449.84460957864843,201.33547973632812,51406,410.65039100494107,131.87987783527214,0.10169626391437464
4,110.1,505.0959369181908,247.66380310058594,36524,457.50670791808125,128.99411345964296,0.35520220748012
4,115.1,453.04261469054546,200.82481384277344,51203,409.27269886530087,133.3124621604203,0.09890192926568539
4,120.1,496.92400615846196,235.42530822753906,50662,406.95244956772336,133.7713670996013,0.2882338614378395
4,125.1,451.2325930312901,203.5845947265625,50655,411.54596782153783,133.0692330470832,0.11400329288462889
4,130.1,495.9801391821096,237.99354553222656,51156,409.4516576745641,134.59498397059974,0.3022871095147567
4,135.1,453.15281936860237,205.16665649414062,51093,412.4534867790108,135.10731411347933,0.12266024465937414
4,140.1,496.42551385077104,239.55551147460938,50647,411.5341678677908,132.94242502023812,0.3108340980800023
4,145.1,454.07812961250073,205.56488037109375,50813,412.8830023812804,133.26394820223172,0.12483930300525194
4,150.1,499.04908024902784,239.88438415527344,49633,411.13990691676906,133.41651723651603,0.3126336706345545
4,155.1,452.3348438160836,205.17164611816406,49653,414.2598433125894,130.93958068998853,0.12268754759749591
4,160.1,499.6650605264717,239.4237823486328,50639,411.7078338829756,133.73018819486956,0.31011328381454273
4,165.1,456.55606020489216,207.57257080078125,49099,414.29043361371924,131.11906556141673,0.1358252705474857
4,170.0,500.8091374461283,240.06887817382812,49423,413.21245169253183,132.3483600752686,0.3136432113832712
4,175.1,455.0773260813054,204.74227905273438,50009,412.79413705533005,132.73200823851707,0.12033807550022198
4,180.0,500.53662496040545,238.8080291748047,50512,411.4142184035477,132.74544662654418,0.306743917560824
4,185.4,382.3988928621937,145.951171875,49497,413.3234943531931,132.4366729296725,-0.20136351039970582
4,191.0,381.42304651743365,143.94471740722656,48068,417.37759008071896,131.38647332944996,-0.21234271482882686
4,196.7,378.33479185657853,143.0247802734375,49365,411.43224956953304,131.90799149194774,-0.21737655836529043
4,202.3,380.8114661461009,143.9933624267578,48665,413.27851638754754,133.37741703482996,-0.21207653205594548
4,208.0,378.7230438451955,141.74046325683594,49766,411.305228469236,133.84280432423742,-0.22440426784165599
4,213.6,380.03481331987894,142.84640502929688,49550,410.6128557013118,133.7172351160444,-0.21835261752933793
4,219.2,380.9980975125989,142.77532958984375,49409,412.4260357424761,133.90426845311583,-0.21874153828093187
4,224.9,380.3895546558704,141.5450439453125,49400,413.6052834008097,135.05066801619432,-0.2254735911704803
4,230.5,378.6772428665562,141.4790802001953,50081,411.8430542521116,134.50082865757471,-0.22583454102216355
4,236.2,376.06217027201944,141.70272827148438,50989,403.50561885896957,136.90588166075037,-0.22461075152965337
4,241.8,378.3911029624626,138.78147888183594,51815,405.49964296053264,136.01399208723342,-0.24059566160488005
4,247.5,377.13783896042247,140.6331329345703,50559,404.2828576514567,135.4304673747503,-0.23046351621932293
4,253.2,376.9563957499655,137.75930786132812,50729,402.6791578781368,139.17236689073312,-0.24618892313955734
4,258.8,377.6458423009196,140.61997985839844,51110,403.5819017804735,136.3428487575817,-0.23053548910207816
4,264.4,378.0318368772311,141.84205627441406,51544,403.6862874437374,136.49596461275803,-0.22384835664283406
4,270.1,373.22691509839467,139.15707397460938,53509,398.77579472612086,137.1008615373115,-0.2385404266756218
4,275.7,373.4411918160474,139.9359893798828,53666,395.9857078969925,139.78578615883427,-0.2342782459957987
4,281.3,373.0569933869987,138.8399658203125,54287,399.9334463131136,136.8150201705749,-0.24027562441276765
4,287.0,371.2438384054865,137.38534545898438,55992,390.549435633662,141.5621695956565,-0.2482352240798889
4,292.6,368.5606347204708,134.79957580566406,57096,386.55977651674374,142.34727476530756,-0.2623844081687385
4,298.3,373.7872865589714,138.55809020996094,54289,394.08810256221335,139.35294442704785,-0.2418180316785888
4,303.9,367.45169472770294,132.99766540527344,58741,386.71115575151936,143.40176367443524,-0.2722443591253141
4,309.6,366.8860715283599,135.1830291748047,57264,391.348281642917,140.28078723107012,-0.26028617319931907
4,315.2,366.80462720536644,134.42770385742188,58437,390.6795865633075,139.55377586118385,-0.2644192702634349
5,0.1,441.40336430740535,186.14776611328125,87923,714.1391785994564,304.04292392206816,-0.027084054783183167
5,5.1,440.4903618114175,189.81703186035156,88969,712.5100653036451,304.8539041688678,-0.007906348667762323
5,10.0,439.6234078531272,189.87359619140625,91072,710.8631522312016,301.48662596626843,-0.007610710741169436
5,15.1,442.91940548936026,191.6409149169922,88207,711.8906889475892,303.05536975523484,0.0016263196261809844
5,20.1,445.30100470673426,199.16944885253906,88384,708.5211803041275,302.6328973569877,0.04097479456593409
5,25.1,443.94433516471094,199.25624084472656,88458,705.7227384747564,303.5470618824753,0.041428419741671975
5,30.1,441.8210660736696,199.7939453125,90838,708.5038750302737,303.5158083621392,0.04423877444768945
5,35.1,443.82348670985033,199.79196166992188,89540,708.399944159035,302.3012843421934,0.044228406783687
5,40.0,439.17147581377253,196.3671417236328,92532,713.4267928932694,302.0911792677128,0.026328315878414
5,45.0,439.7818102745311,196.53488159179688,91975,713.4580483827127,302.88291383528133,0.02720502149671333
5,50.0,442.83148690000223,197.7649383544922,89542,714.6061624712426,302.05004355497977,0.03363400994463144
5,55.1,443.86221654068476,196.46202087402344,89960,711.202345486883,302.85044464206317,0.026824209222777253
5,60.1,445.27794486782295,197.53863525390625,88442,711.2709459306665,302.1204065941521,0.03245121898447522
5,65.1,470.9435081008101,224.25576782226562,88880,708.7906165616562,298.24220297029706,0.1720904143880336
5,70.1,515.1729187788667,260.5547790527344,88770,709.4202996507829,300.2767151064549,0.361810052496587
5,75.1,469.4083551838207,220.58335876464844,90387,713.0539015566397,301.1116089703165,0.15289627951273194
5,80.1,519.8330073460847,267.2584533691406,87938,709.5928495076076,298.1033682821988,0.3968473337390759
5,85.1,469.97148008709064,221.19114685058594,88184,709.961115395083,298.37372992833167,0.15607293176308207
5,90.1,520.0107636528438,264.9185485839844,88260,711.4281327894856,297.6115227736234,0.38461763728178805
5,95.1,474.3673723252496,224.40504455566406,87625,710.1849814550642,296.74590584878746,0.1728706209798486
5,100.1,518.7512202856204,262.8614807128906,88299,712.0944631309528,297.1113602645557,0.3738662102087262
5,105.1,475.75162421731557,232.19969177246094,84964,711.9552280966057,292.56945294477663,0.21360995792116091
5,110.1,520.1242415853461,261.5452575683594,86694,717.0268415345929,296.598380510762,0.366986866386794
5,115.1,480.2001122347856,231.85977172851562,83753,712.8079471780115,293.7593519038124,0.21183333906744908
5,120.1,531.3716121382248,232.6790313720703,82648,711.4732358919756,294.6614679121092,0.21611526405172174
5,125.1,474.8401196147293,220.39581298828125,86277,712.3142088853344,292.57439410271564,0.15191605675693126
5,130.1,523.9667592603354,258.4128723144531,86039,713.6604911726077,295.10913655435326,0.3506152084092665
5,135.1,479.18561732270405,223.55667114257812,84421,712.031283685339,292.2386491512775,0.16843653058852462
5,140.1,529.9079401472185,266.49658203125,82870,712.6725956317123,293.013913358272,0.3928653532495202
5,145.1,482.28388878263365,224.72738647460938,83656,715.0347016352682,292.59487663765896,0.17455536638024644
5,150.1,533.3281893130521,258.85113525390625,81389,712.5751022865497,292.0256422858126,0.35290582414371513
5,155.1,477.62336016606525,224.8261260986328,82859,712.2515478101353,290.2292207243631,0.17507143679378367
5,160.1,531.2467467589433,263.645751953125,82072,714.0380763232284,291.7644994638854,0.37796526555024795
5,165.1,477.06592595197077,209.4140167236328,85323,713.2434865159453,289.87873140888155,0.09451883456036235
5,170.0,537.3694758739662,266.9639892578125,78836,712.7624942919479,291.55715662895125,0.3953082938935432
5,175.1,481.3845050561053,224.44740295410156,82969,716.1644108040352,291.7879569477757,0.17309201048193165
5,180.0,538.5513730524302,268.2015686035156,79458,710.799189508923,291.0468171864381,0.4017765997134091
5,185.4,401.6100049590875,162.9094696044922,80660,710.4081453012645,290.3594718571783,-0.14854083981555571
5,191.0,402.86416360234824,166.51609802246094,77505,712.5068576220889,290.4490290948971,-0.12969051262882758
5,196.7,400.5867269041123,163.9414520263672,79906,710.2711686231322,292.34271519034866,-0.14314710249391285
5,202.3,402.451591623443,162.11907958984375,77311,710.071451669232,288.9745573074983,-0.15267187541296198
5,208.0,404.09114377262057,164.5960235595703,77087,703.5908129775448,290.8903317031406,-0.13972593287562807
5,213.6,407.79448158343166,164.19996643066406,76290,705.1858565998165,294.18914667715296,-0.14179595662060918
5,219.2,409.50430460878306,156.75341796875,73642,713.7705385513701,289.52501290024713,-0.18071592803201494
5,224.9,407.40544957667987,179.05372619628906,74648,709.7246007930554,287.9283838816847,-0.06416161255009234
5,230.5,403.1871402560789,116.99018859863281,68104,722.2954745683073,273.00995536238696,-0.38854157480318224
5,236.2,406.88419105325954,169.2452850341797,74597,709.8074051235304,287.00777511159964,-0.11542620198669003
5,241.8,406.2626479810584,171.05429077148438,78135,710.1201254239458,287.803967492161,-0.10597129117276509
5,247.5,407.3470387412795,124.96631622314453,74107,712.9796375511086,286.5387480265022,-0.34685371623253825
5,253.2,407.53750460367473,168.86862182617188,73311,717.741621311945,285.87722169933573,-0.11739486187823182
5,258.8,402.061616148571,167.28016662597656,77431,722.2578553809198,280.74709095840166,-0.12569704795760764
5,264.4,408.294780201229,164.98594665527344,74045,711.5636842460666,284.8540752245256,-0.13768796913779296
5,270.1,400.4781329868498,122.253662109375,70037,738.7170352813513,267.93917500749603,-0.3610316163827785
5,275.7,399.5904235806918,166.76495361328125,46343,763.1717627257623,261.1922836242798,-0.12838984930408967
5,281.3,408.04922272664743,172.93624877929688,72690,712.7614252304306,279.2037694318338,-0.09613508957733471
5,287.0,406.12471765085513,172.9245147705078,74376,711.5868156394536,278.8108126277294,-0.09619641829747227
5,292.6,408.1280690572521,129.8708038330078,72172,708.32630382974,277.905351105692,-0.32122002586716214
5,298.3,402.9065775663934,169.7764129638672,75271,724.599394188997,273.8609690318981,-0.11265022007440376
5,303.9,413.8701930690931,174.15843200683594,69457,706.9515527592612,279.42387376362353,-0.08974725278038016
5,309.6,403.0137072738501,159.86846923828125,74486,713.8019493596112,274.7719168702844,-0.16443486748761657
5,315.2,403.36424608091363,168.6451873779297,74252,717.4327964229919,270.9162716155794,-0.11856265960121527
6,0.1,309.0619956535656,69.82396697998047,59359,1021.2678953486413,279.1899122289796,0.0015163090384064126
6,5.1,307.4562682461736,69.31521606445312,59259,1010.3083919742149,284.7112506117214,-0.0057809323126176955
6,10.0,307.1571838165021,71.5462417602539,62780,1006.9075661038547,287.35637145587765,0.026219664572243884
6,15.1,306.92755441864955,69.69397735595703,62157,1007.6133661534501,286.18602892675,-0.0003481901313782215
6,20.1,308.1252729929884,68.21186065673828,60899,1008.0667334438989,286.3205799766827,-0.02160685116665479
6,25.1,306.83685767156436,66.72666931152344,63227,1008.0705236686858,284.3232637955304,-0.04290961322114859
6,30.1,307.60509433962267,70.80574035644531,63600,1011.1891194968554,282.5650314465409,0.015598322576697061
6,35.1,307.0139968167775,68.37326049804688,64086,1004.4198888992915,287.89924476484725,-0.019291821237273764
6,40.0,307.5610186273903,70.91909790039062,64636,1007.9829506776409,284.8127204653753,0.017224260401832645
6,45.0,308.5371935416365,71.98628234863281,62121,1008.8064744611323,285.92522657394437,0.032531363047162795
6,50.0,308.8350196386489,70.89169311523438,63650,1007.1376276512176,288.4494108405342,0.016831181342209074
6,55.1,310.01658184968056,71.52607727050781,64649,1007.2822008074371,284.78799362712493,0.025930436299809283
6,60.1,310.702262991649,70.18126678466797,69333,1008.49700719715,281.7015995269208,0.006641219539601035
6,65.1,327.52304527984626,83.133544921875,66608,1003.9120225798703,287.02203939466733,0.19242152327590503
6,70.1,350.19401255286806,100.12957763671875,66439,1002.8544830596487,287.0951549541685,0.4362032029640086
6,75.1,329.07708561714566,85.33403015136719,62943,1005.3679678439223,283.097151390941,0.22398406462745002
6,80.1,354.6257498235709,102.58365631103516,68016,1004.0957862855798,284.1234121383204,0.47140314823059476
6,85.1,328.7904808563072,81.0813217163086,67359,1005.2259237815289,285.8835048026247,0.1629855702778302
6,90.1,354.7396781690871,101.53925323486328,67551,1000.4059599413777,286.3204837826235,0.45642280896834814
6,95.1,330.4006834933461,81.90898132324219,69057,998.0694933171148,293.00624122102033,0.17485706126478562
6,100.1,354.7221312673586,99.99211883544922,68410,1002.0163572577109,287.8187399502997,0.4342315700527508
6,105.1,329.9100084563136,88.4817886352539,73318,995.5020595215364,294.38695818216536,0.26913376887485313
6,110.1,357.25324591665833,103.8486328125,69857,1001.418454843466,290.48534864079477,0.48954727053648756
6,115.1,334.4058042719215,89.57833862304688,70741,998.8483764719186,289.50197198230165,0.28486207455484114
6,120.1,377.66363952958824,73.36837005615234,37329,1075.455115325886,239.92477698304268,0.05235526362845143
6,125.1,334.8247686015642,89.54537963867188,69685,998.9494439262395,287.6539570926311,0.2843893291379219
6,130.1,362.29094307766525,104.41426849365234,66336,1000.8270019295707,284.97181017848527,0.49766043545893524
6,135.1,337.3730234958499,89.0611343383789,69757,1002.3937956047422,285.9893774101524,0.277443582758922
6,140.1,365.5130935004722,104.47608947753906,69882,999.3380269597321,288.91942131020863,0.4985471614110872
6,145.1,339.8664632098477,90.91116333007812,68483,1002.602237051531,285.5378707124396,0.3039793739423688
6,150.1,367.9047660337004,105.18507385253906,69198,996.9068903725541,286.1874476140929,0.508716440601705
6,155.1,336.9428343255409,89.35640716552734,68870,991.6857412516335,292.2270074052563,0.28167881264910893
6,160.1,368.4372167769397,106.14130401611328,69071,999.2949428848576,289.0011292727773,0.5224320764418833
6,165.1,348.1366039896917,86.63634490966797,52385,1027.3491648372626,249.07756037033502,0.242663746208899
6,170.0,385.142589008153,130.01629638671875,34098,1077.8900522024753,243.95926447298962,0.8648817433905484
7,0.1,360.9555955970242,115.54180908203125,56053,359.328439155799,293.3123829233047,-0.004656740463074006
7,5.1,364.37205144472,117.94208526611328,52017,361.13276428859797,295.79748928235,0.01602061208864928
7,10.0,358.457178443618,114.69416046142578,57004,343.5395235422076,295.70156480247,-0.011958870728114461
7,15.1,362.05968243393295,115.8148422241211,54036,354.2493152713006,292.254015841291,-0.0023046767402672167
7,20.1,363.0865876527027,116.41897583007812,54927,352.3060243596046,291.5794964225244,0.0028996758428064032
7,25.1,364.64035818408996,118.5872573852539,52822,359.01098027337093,294.5359509295369,0.021578493907617992
7,30.1,364.45815395702556,117.86578369140625,52729,357.5316808587305,296.1619791765442,0.015363306662327133
7,35.1,359.62841904212763,111.55754089355469,55498,345.94893509676024,288.75262171609785,-0.03897950654311699
7,40.0,365.614675679669,116.78160095214844,54144,362.54188829787233,295.364010786052,0.006023536148085044
7,45.0,362.02536520338447,114.1061782836914,54011,348.56949510284943,286.2696672899965,-0.01702408566620018
7,50.0,374.3077184198243,123.44425201416016,47134,381.0867314465142,298.88589977510924,0.06341942494286451
7,55.1,371.8536418785907,121.30731201171875,49782,369.62637097746176,295.9891326182154,0.04501060094777908
7,60.1,372.93709831239374,123.75899505615234,48234,376.4168428909068,297.8298088485301,0.06613080161094709
7,65.1,400.32843893310303,145.63841247558594,48627,372.27122791864605,296.8083986262776,0.2546126232480536
7,70.1,416.74490789499833,153.85565185546875,50323,364.4153170518451,292.83888082983924,0.32540062538986636
7,75.1,405.19148753960775,149.53802490234375,46708,383.5736490536953,301.1299563243984,0.2882061161543669
7,80.1,416.92867044010626,155.37342834472656,51942,360.0757190712718,291.1226367871857,0.33847562058051484
7,85.1,400.28428221302585,147.90086364746094,49778,375.03987705412027,294.50871871107717,0.2741026722774782
7,90.1,429.57693520913506,166.01934814453125,47553,379.04943957268733,297.956764031712,0.4301856656152365
7,95.1,406.65482530334356,151.18084716796875,47883,379.3634275212497,298.7788985652528,0.3023583272171702
7,100.1,423.0180953871435,161.9168701171875,51118,369.1989710082554,292.1294064713017,0.39484457234036946
7,105.1,407.9287669528431,152.21302795410156,48222,386.82153373978684,300.8857782754759,0.3112501231502892
7,110.1,433.2591127739177,166.8993682861328,46775,390.50488508818813,300.04848743987174,0.43776666268598485
7,115.1,410.2043091101563,153.31272888183594,48177,389.8551383440231,301.20246175560953,0.3207235762199897
7,120.1,436.4995728899723,168.10360717773438,47997,391.71275288038834,302.45046565410337,0.4481406655958479
7,125.1,409.9707247557003,153.84666442871094,49120,386.2914698697068,299.4891490228013,0.32532320255292935
7,130.1,435.8085017537999,171.04049682617188,47896,389.53144312677466,299.72083263738097,0.47344071359406337
7,135.1,409.19206637496904,154.5224609375,48452,383.35106909931477,298.2447576983406,0.3311449003884221
7,140.1,430.3783814698313,166.96829223632812,52455,381.98392908207035,296.2626060432752,0.4383604130330896
7,145.1,410.4841917440205,154.2056121826172,49879,388.03083461977985,295.3914873995068,0.3284153839045546
7,150.1,434.47290248773584,168.3856658935547,51573,389.40713163864814,299.59626160975705,0.4505704807754429
7,155.1,410.1151115618661,155.53469848632812,49300,392.40866125760647,296.6604868154158,0.33986489386334634
7,160.1,439.1612384314872,174.8190155029297,47867,397.31691979860864,299.52969686840623,0.5059910356448037
7,165.1,414.9825075309027,159.24114990234375,48135,394.58350472629064,295.2763269969876,0.3717943872912451
7,170.0,439.27890097448545,173.53358459472656,49462,401.4487485342283,298.0043872063402,0.4949175982436978
7,175.1,411.3674220731408,156.09921264648438,48892,398.0789086149063,295.9974637977583,0.3447279418689886
7,180.0,440.4393105148539,175.09410095214844,48674,400.17697333278545,297.79255865554506,0.5083607791156038
7,185.4,359.71422259710005,119.52598571777344,49794,393.3209221994618,295.033056191509,0.02966523692932616
7,191.0,358.94693489931586,119.4551010131836,51597,403.7297129678082,295.5010175010175,0.029054595521870997
7,196.7,358.74460034683904,119.24560546875,50744,399.3559238530664,291.81755478480216,0.027249881023182883
7,202.3,361.32494208174745,120.33075714111328,48344,400.2421396657289,296.18070494787355,0.03659799848164484
7,208.0,362.33967533967535,121.25823974609375,47619,397.3140973140973,294.3938763938764,0.04458786437122633
7,213.6,360.44397959996815,118.52526092529297,50196,396.5530321141127,292.83474778866844,0.021044420925486827
7,219.2,363.68539653529837,119.2916488647461,51433,409.36373534501195,296.1025217272957,0.027646525183552262
7,224.9,361.5972609284179,121.32708740234375,50236,405.2077991878334,293.8721832948483,0.0451809574786287
7,230.5,365.5953026981267,96.55970764160156,46069,396.847619874536,293.89502702468036,-0.16817942433557503
7,236.2,361.3373659720817,121.13871002197266,49430,401.0376087396318,291.22354845235685,0.04355816692955159
7,241.8,367.1536246319072,123.86846160888672,46184,399.0253551013338,292.82327212887583,0.06707380913588161
7,247.5,361.82821068459225,94.05532836914062,45224,399.5537767557049,282.57016186095876,-0.1897535804611575
7,253.2,364.8629661564992,122.88232421875,46390,414.3110799741324,290.26178055615435,0.05857865736313197
7,258.8,361.5537806176784,122.28960418701172,50706,410.6667652743265,289.87466966433954,0.0534726278395302
7,264.4,361.23116496176385,121.05420684814453,50345,405.45547720726984,293.501896911312,0.04283020823522662
7,270.1,360.92949499878017,93.6116714477539,49188,410.5653411401155,288.4083109701553,-0.1935754950543041
7,275.7,363.5527905341111,124.48312377929688,48342,412.1849944147946,294.99207728269414,0.0723688607978798
7,281.3,360.42683775218364,121.63204193115234,51748,408.6393870294504,296.11811084486357,0.04780801029289953
7,287.0,367.49235642170555,129.1727294921875,45463,414.5868728416514,294.1933000461914,0.11276780792616621
7,292.6,367.15609745467225,89.96444702148438,45888,419.3652370990237,293.8982958507671,-0.22499477330126705
7,298.3,362.08438373931017,124.18696594238281,49346,419.17103716613303,291.43644874964536,0.06981758772129014
7,303.9,366.99765832889835,127.11270141601562,46975,420.7177647684939,300.548951569984,0.09502154727502175
7,309.6,362.8542976286799,125.8379898071289,48201,417.442107010228,298.56917906267506,0.08404045205209623
7,315.2,365.17045526232783,126.20429229736328,47555,419.3802123856587,296.1923036484071,0.08719599131102825
8,0.1,312.44623532120653,80.36605072021484,30401,97.51909476661952,286.6167889214171,0.0206270801339037
8,5.1,311.45636486096413,78.11050415039062,31179,100.6745886654479,283.3290034959428,-0.008017750475978238
8,10.0,318.5791126815862,82.96707916259766,25470,80.28457008244995,285.5690223792697,0.05365943696497866
8,15.1,312.42890395708935,75.4104232788086,29643,96.24717471241102,288.89505110818743,-0.042308046333393086
8,20.1,312.83014904471344,76.8551254272461,29991,95.753392684472,289.52405721716514,-0.023960720289511038
8,25.1,311.6605156393142,74.41210174560547,30564,98.6403612092658,287.1997447978013,-0.05498645944859193
8,30.1,312.6371355600517,75.055908203125,30149,96.71829911439849,289.83369265978973,-0.04681029178798258
8,35.1,312.29683746338895,72.25628662109375,30387,96.03649586994439,293.1538157764834,-0.08236472771138036
8,40.0,312.78740870014866,71.49901580810547,30942,99.65962122681145,290.5671255898132,-0.09198186195904406
8,45.0,313.92407450292785,72.3373794555664,30227,97.90048632017732,290.85522876898136,-0.0813348706744115
8,50.0,313.31669480457424,71.3602523803711,31393,102.44054407033416,289.0550122638805,-0.0937441199126041
8,55.1,312.4943498427918,70.52912139892578,32123,100.77411823304175,290.30956012825703,-0.10429925829752394
8,60.1,311.82831433713255,70.64812469482422,33340,105.78446310737853,287.30806838632276,-0.10278794866701871
8,65.1,324.7927763480759,78.71730041503906,33418,103.02211383086959,290.0130169369801,-0.00031160224206339593
8,70.1,359.7192113564669,103.65703582763672,31700,96.28675078864353,295.48318611987384,0.3164162835425377
8,75.1,326.9052719266929,81.18008422851562,33612,103.28159585862193,293.02635963346427,0.03096508524007228
8,80.1,361.0186660945258,107.40235137939453,32626,98.28630540060075,295.6746153374609,0.36398077677710655
8,85.1,322.5360391281963,80.16887664794922,34962,103.47703220639552,294.5275727933185,0.0181230228130435
8,90.1,358.756110732151,107.12639617919922,35184,104.46663256025467,297.57796157344245,0.36047622046633754
8,95.1,324.8594849087801,82.56424713134766,35683,105.35700473614887,298.1556763725023,0.04854357925946022
8,100.1,357.41193938721136,106.96694946289062,36032,103.75388543516874,300.9234291740675,0.3584512903491476
8,105.1,323.77395324263637,79.16121673583984,37855,109.36642451459517,297.66958129705455,0.005326014814671272
8,110.1,357.4022029897718,106.07249450683594,38130,109.32869131917126,299.2468659847889,0.34709195463551934
8,115.1,327.8065923280351,84.1683120727539,36679,106.45006679571416,298.9690285994711,0.06891476961684358
8,120.1,359.1498247964547,107.99687957763672,38812,109.88034628465424,300.711867463671,0.37153112388998966
8,125.1,324.0270355234203,82.20186614990234,38172,106.64769988473226,303.26102902651155,0.04394143893187092
8,130.1,361.2080222398729,110.10574340820312,37770,108.13383637807785,303.7399258670903,0.39831312343460085
8,135.1,326.1389057992112,83.82207489013672,37781,107.37571795346868,303.0778168920886,0.0645176511624527
8,140.1,364.7383819562255,113.94853210449219,35957,102.58325221792697,309.1175292710738,0.4471154992079141
8,145.1,328.1377714211416,85.28771209716797,38455,107.71449746456898,305.3375373813548,0.08313084678103064
8,150.1,365.07256076083127,113.2364730834961,36907,104.00701763893028,308.4462297125207,0.4380725424746993
8,155.1,324.73064279573157,84.5099868774414,39546,109.90216456784505,305.0644312952005,0.07325394710706967
8,160.1,362.8664798545895,111.66636657714844,39612,109.61867615873977,305.46334444107845,0.41813261504624133
8,165.1,327.46495823654425,85.25926971435547,40466,111.06291701675481,304.3562991153067,0.08276963622182282
8,170.0,363.14556218808104,113.08689880371094,40876,108.64069380565613,307.92942068695567,0.4361729896277923
8,175.1,328.59456532688625,87.1318130493164,39708,106.57769215271482,308.4145764077768,0.10655042947044091
8,180.0,366.57510182663236,115.13643646240234,40019,106.11574502111498,307.88650391064243,0.4622015628557725
8,185.4,283.8100465213528,55.477352142333984,38262,105.6077570435419,308.3726935340547,-0.2954526516711317
8,191.0,283.8519068338879,54.70917510986328,39070,104.76693114921935,308.138418223701,-0.3052082919526977
8,196.7,283.0914206428737,55.61849594116211,38919,103.82669133328194,307.2828181607955,-0.29366016364931186
8,202.3,283.10649546827796,55.73078536987305,38396,105.40918324825503,308.5736274611939,-0.29223411831389856
8,208.0,284.1977754785308,56.48065948486328,38660,100.35706156233833,311.1831350232799,-0.28271092012770266
8,213.6,285.3412486239975,57.48358154296875,38154,99.05338889762541,311.7924988205693,-0.26997408159211694
8,219.2,285.4233167574394,56.450218200683594,38007,100.42744757544664,311.7915647117636,-0.2830975161929492
8,224.9,284.7456644393022,56.689205169677734,38461,100.06286888016432,312.63542289592056,-0.28006244640703043
8,230.5,286.3194849368319,57.90447998046875,37044,98.60536119209588,310.7138807904114,-0.26462878541980556
8,236.2,285.11684442907676,58.338409423828125,37597,100.60313322871505,310.93305316913586,-0.2591179990020202
8,241.8,286.7892493998975,58.749664306640625,37077,98.69180354397605,310.8717264072066,-0.2538951733626591
8,247.5,284.50976342961707,57.60113525390625,38255,99.376525944321,312.4856881453405,-0.268481181298052
8,253.2,284.2994587458746,57.252403259277344,37875,98.49911551155115,311.78283828382837,-0.2729099831893691
8,258.8,285.8116688918558,58.54262924194336,37450,97.35732977303071,312.3792523364486,-0.2565244626169356
8,264.4,286.1758020663404,58.70451354980469,36780,96.72463295269168,311.3394779771615,-0.2544685757471526
8,270.1,286.5744959128065,59.895652770996094,36700,96.56907356948228,312.5511989100817,-0.23934143021165893
8,275.7,286.3969813969814,59.72095489501953,37037,96.1019251019251,313.74293274293274,-0.24156004592644986
8,281.3,286.38019100181265,60.15102767944336,36963,96.75002029056083,313.4459594729865,-0.23609823803272018
8,287.0,287.6565262753281,60.845184326171875,36422,95.03654384712536,312.9336115534567,-0.22728263660454323
8,292.6,286.9478294402821,60.34024429321289,36304,94.77622300572939,312.213282282944,-0.23369523827979286
8,298.3,288.05727335640137,60.972347259521484,36125,93.46798615916956,310.7976193771626,-0.22566770178812792
8,303.9,287.8889688382133,60.78752136230469,36134,95.0389107212044,311.63549565506173,-0.22801494062988997
8,309.6,286.6881200500208,61.305320739746094,35985,93.7836320689176,309.0642767819925,-0.2214390287621659
8,315.2,288.1769376596972,61.039337158203125,36397,93.94246778580653,309.7172019671951,-0.2248169482164744
9,0.1,288.56649533599847,57.06395721435547,26265,1148.4215495907101,404.1280411193604,-0.012327760860016246
9,5.1,290.9657506380146,57.86686706542969,27037,1148.1104042608279,401.0730480452713,0.001569133241792173
9,10.0,291.39569206222575,58.114044189453125,27577,1147.9146027486674,403.5714544729303,0.00584731504806541
9,15.1,291.66284344458785,57.99343490600586,27115,1148.066863359764,401.3279365664761,0.003759789982182625
9,20.1,293.13539226638795,57.84273910522461,27749,1147.7581894843058,401.18371833219214,0.0011515225879759154
9,25.1,291.8792244752757,56.83633041381836,28110,1145.3176449662042,401.5242974030594,-0.016267562492248644
9,30.1,291.1615237130558,55.71811294555664,27643,1146.0932243244222,408.3434142459212,-0.03562185204098774
9,35.1,293.4653911855142,57.940616607666016,29270,1145.5334813802529,399.0711308507004,0.002845602296373945
9,40.0,294.2088882658068,57.637996673583984,28532,1147.0414972662275,398.9520888826581,-0.002392192670779211
9,45.0,294.8507940979681,57.97515106201172,28397,1147.5528048737542,398.9539740113392,0.003443330240879649
9,50.0,294.50516338422955,56.088016510009766,27114,1147.5446632735857,404.53330382828057,-0.029219501071935595
9,55.1,294.9212729723976,58.16660690307617,28186,1146.36457815937,400.54704463208685,0.006757079032086629
9,60.1,296.37576809079735,58.26926040649414,27666,1146.9607821875227,398.9548181883901,0.008533822541050343
9,65.1,310.7688674142718,66.02183532714844,27733,1147.171925143331,403.83636822557963,0.14271664835210107
9,70.1,329.13962965610926,76.58322143554688,27974,1147.0727103739187,400.79581039536714,0.3255148343755486
9,75.1,312.50964967834403,70.0953140258789,30001,1144.6055131495616,395.7371420952635,0.21322107923745204
9,80.1,331.4555822544203,78.69510650634766,27883,1146.7047663450849,403.5470716924291,0.36206768416913737
9,85.1,312.4342585306531,67.40391540527344,27958,1147.4505687102082,401.53118964160524,0.1666379148058948
9,90.1,335.25102482919516,78.93578338623047,30005,1145.0660889851692,398.28788535244126,0.36623335869412954
9,95.1,315.6080615317636,67.29583740234375,27563,1147.6552624895694,401.3531545912999,0.16476728317839723
9,100.1,334.5072372780859,76.79473876953125,28671,1144.7653726762233,400.5897945659377,0.32917581074437136
9,105.1,314.38535857635065,67.39629364013672,28153,1145.6790395339751,403.88168223635137,0.16650599605706873
9,110.1,336.70221327967806,76.9030532836914,27335,1146.5234680812146,400.47858057435525,0.33105053594665734
9,115.1,317.34215013969015,67.37018585205078,27561,1147.0379884619572,402.2037299082036,0.1660541182207496
9,120.1,337.5874359066299,73.16233825683594,27889,1144.9859442791064,404.85431532145293,0.2663056327377807
9,125.1,315.7656309536181,67.1179428100586,28869,1144.5553361737504,403.52270601683466,0.1616882546835249
9,130.1,336.7015996853078,77.19452667236328,30506,1142.7269717432637,402.89113616993376,0.3360954046955574
9,135.1,316.8600527285204,67.0473861694336,27689,1145.5573693524505,406.9197515258767,0.16046704888858648
9,140.1,345.394001764187,86.16248321533203,17005,1143.7542487503677,357.9351955307263,0.49131425301398024
9,145.1,318.3336994953829,68.94282531738281,29131,1143.2040438021352,405.42607531495656,0.1932736174967943
9,150.1,338.5118605408928,77.54181671142578,30690,1141.4883349625286,405.08054740957965,0.342106357094519
9,155.1,315.55785314455056,67.00454711914062,30370,1142.111524530787,403.886104708594,0.15972558364868822
9,160.1,337.093984962406,75.54837799072266,29260,1145.2026315789474,410.27894736842103,0.3076035959651191
9,165.1,308.13404417364814,55.92674255371094,10504,1147.4296458492004,484.2229626808835,-0.03201085689982333
9,170.0,325.07666281564616,63.86705780029297,12118,1145.232959234197,482.3536887275128,0.10542140896301666
10,0.1,306.19386422976504,81.14103698730469,10724,25.54149571055576,479.25727340544574,0.034497811997983165
10,5.1,300.5476968796434,76.13428497314453,10095,24.586230807330363,478.6584447746409,-0.029335165693385956
10,10.0,306.05700858193705,79.00714874267578,9788,23.944523906824685,475.9186759297098,0.007292062575995794
10,15.1,302.4528356203819,76.77107238769531,10421,25.98560598790903,473.6366951348239,-0.02121652176770252
10,20.1,306.90313588850177,79.12242889404297,10045,24.818118466898955,476.8127426580388,0.008761812887109154
10,25.1,305.7642372381233,73.2899169921875,10167,24.91816661748795,475.3045146060785,-0.06559909036170825
10,30.1,307.3709880733055,79.18620300292969,10313,25.748472801318723,470.3335595849898,0.009574893155183051
10,35.1,307.1967447173044,78.7379379272461,10506,25.994574528840662,473.16590519703027,0.0038597919288782525
10,40.0,310.27677438250515,79.9997329711914,10243,24.808064043737186,473.7711607927365,0.019946894837799118
10,45.0,309.9448411952641,80.48080444335938,10642,26.337248637474158,468.2752302198835,0.026080257238014402
10,50.0,312.45904726040294,81.29029083251953,10622,24.735831293541708,469.90924496328375,0.03640070579919499
10,55.1,313.57702766057196,83.66077423095703,10665,25.604031879981246,470.3160806375996,0.06662289644540052
10,60.1,315.5572049924357,84.5625,10576,25.19147125567322,465.3343419062027,0.07811933979555269
10,65.1,323.7841726618705,89.42897033691406,9730,23.906680369989722,468.29434737923947,0.14016381325327248
10,70.1,344.7080165109711,104.57787322998047,9206,23.175103193569413,475.8659569845753,0.3333029137493516
10,75.1,323.8253722084367,89.8896484375,9672,23.881617038875103,470.6312034739454,0.14603717283538015
10,80.1,345.4827483344934,106.01349639892578,10057,24.30068608929104,470.3943521925027,0.3516062172597554
10,85.1,326.4963162810003,92.76728057861328,9637,23.196637957870706,468.8337656947183,0.1827251948800396
10,90.1,350.4453317558908,109.528564453125,10143,24.04278812974465,470.2090111406882,0.39642115118353605
10,95.1,328.5818998470948,94.99617004394531,10464,24.33275993883792,469.7719801223242,0.2111421508456394
10,100.1,357.0678017944535,115.4866943359375,9808,23.73480831973899,471.0797308319739,0.4723836056482688
10,105.1,331.22360600056606,96.78730010986328,10599,24.725728842343617,472.29927351636945,0.23397794643062617
10,110.1,356.16888246628133,116.37528991699219,10380,25.50529865125241,472.9578998073218,0.48371264725881635
10,115.1,333.7737305840676,98.98648834228516,11009,25.903805976927966,475.517576528295,0.2620162301287763
10,120.1,356.9372450308133,116.86152648925781,11521,27.777536672163876,474.3844284350317,0.4899118614764124
10,125.1,334.85674323980675,101.42334747314453,11797,28.744765618377553,469.8675934559634,0.29308467012684725
10,130.1,356.61587728315016,116.62295532226562,12647,30.362378429667114,470.2553174665929,0.4868702273117192
10,135.1,330.74845076887766,97.50760650634766,13071,31.720908882258435,467.8296228291638,0.24316140548905335
10,140.1,354.39799608256743,114.96912384033203,13274,31.50195871628748,471.68607804731056,0.465784903374568
10,145.1,334.52580995194546,99.0252456665039,12902,31.708494807006666,471.74383816462563,0.2625103619342333
10,150.1,354.43546109831317,115.32090759277344,13457,33.940328453592926,472.4015753882738,0.4702699276694142
10,155.1,330.1925658234383,97.2470474243164,13559,33.6116232760528,472.4822627037392,0.23983943906779964
10,160.1,354.91759994066604,114.28482055664062,13483,33.64436698064229,476.4166728472892,0.4570604616369975
10,165.1,327.9964664310954,95.59435272216797,14433,35.09852421533984,478.1744613039562,0.21876860836667467
10,170.0,353.1301016537703,113.35202026367188,13182,34.25451373084509,484.43749051737217,0.4451678374121157
10,175.1,333.46002422774075,98.67742919921875,13208,33.73781041792853,481.7786947304664,0.2580759180604182
10,180.0,365.0377266839378,120.08729553222656,12352,32.481055699481864,480.5718911917098,0.5310384127365857
10,185.4,303.1577702203164,76.78590393066406,13526,32.06846074227414,476.7543250036966,-0.021027428809078805
10,191.0,299.6611377855376,76.47573852539062,13746,34.53782918667249,483.97257383966246,-0.024981845033301343
10,196.7,299.3274051253326,76.61139678955078,14282,33.93446296036969,483.9247304299118,-0.02325228644416126
10,202.3,298.82230086039414,75.70719909667969,14412,34.07112128781571,482.2033028032195,-0.034780245287417376
10,208.0,299.5367772582201,77.11857604980469,13473,34.3475840570029,488.5283901135605,-0.016786065965545584
10,213.6,300.4315195605374,77.71849060058594,13471,34.39670403088115,487.9105485858511,-0.009137528145329449
10,219.2,302.30696593302827,79.1156005859375,13767,34.58313358030072,484.2236507590615,0.008674756200911507
10,224.9,300.40725274725276,78.57684326171875,13650,35.15934065934066,488.94673992673995,0.0018059350248968752
10,230.5,303.2811291852068,80.28327178955078,13709,34.202421766722594,486.43438616966955,0.023561838620871054
10,236.2,302.3908353943391,79.63152313232422,14556,33.90752954108272,488.3760648529816,0.015252448145876351
10,241.8,304.18445296214105,81.92826843261719,14871,34.91123663506153,487.4606953130253,0.04453452385118774
10,247.5,306.64393548862216,84.9678726196289,13579,34.8836438618455,487.60674571028795,0.08328758885447964
10,253.2,306.77326732673265,85.1130142211914,14140,34.2497171145686,490.6649929278642,0.08513805410389198
10,258.8,307.8687008145796,85.76409912109375,14486,34.840535689631366,490.17644622394033,0.09343898208536804
10,264.4,312.88457244920744,89.6281509399414,13437,34.68229515516857,483.88323286447866,0.14270324219915181
10,270.1,310.7341641421096,88.81463623046875,14524,34.612916551914076,492.32119250895073,0.13233143505661663
10,275.7,310.2641016832703,88.51547241210938,14555,36.2553761593954,495.07042253521126,0.12851728223071476
10,281.3,316.46358903158625,94.27490234375,14405,36.42158972578966,488.35931968066643,0.2019464357621162
10,287.0,317.59578729727986,94.93865203857422,15477,35.5015183821154,497.92440395425473,0.2104088320107298
10,292.6,323.14508548464,100.62909698486328,14681,36.5260540835093,491.7723588311423,0.2829584698364339
10,298.3,325.236017822704,101.55767059326172,15037,35.640752809735986,496.34062645474495,0.29479720645890956
10,303.9,331.15391828533154,107.36158752441406,14930,36.63583389149364,490.4242464835901,0.36879354159614175
10,309.6,326.47878825195494,104.48619079589844,16241,37.09913182685795,494.83640169940276,0.3321340196733325
10,315.2,328.6823129251701,106.08186340332031,16170,38.09140383426098,495.80760667903525,0.35247785409217675
11,0.1,338.1517734447539,97.62484741210938,53850,358.5371402042711,505.36473537604456,-0.0027726227398832673
11,5.1,337.7227787814091,95.64412689208984,54801,354.9397456250798,503.0688856042773,-0.02300547105283607
11,10.0,338.694014732965,99.99455261230469,54300,353.12526703499077,501.29366482504605,0.02143366248681516
11,15.1,338.2604786103002,98.0560531616211,55494,356.24896385194796,503.2103290445814,0.0016320978824171956
11,20.1,339.85530534704844,98.16180419921875,53955,354.29100176072654,502.78980632008154,0.0027123334234866892
11,25.1,337.2783443851809,96.83000946044922,55496,354.7106277929941,504.92846331267117,-0.010891807423828215
11,30.1,336.7583034603848,97.89075469970703,54676,349.7303204330968,503.72046236008487,-5.6408230620222523e-05
11,35.1,338.0320546222262,96.06355285644531,55655,354.0812505614949,502.272248674872,-0.018721079676290695
11,40.0,337.69894583787715,96.93383026123047,55020,352.0659760087241,506.77386404943655,-0.009831289045437503
11,45.0,338.46490916201515,96.06102752685547,56254,355.8684360223273,500.6627084296228,-0.01874687564801669
11,50.0,339.25727370689657,95.5638656616211,55680,354.46970186781607,503.5251257183908,-0.023825330939716602
11,55.1,339.65351132803966,96.63690948486328,54908,354.7902855685875,501.37082028119767,-0.012864303026199538
11,60.1,339.41659358327854,97.05200958251953,54732,353.3404224219835,502.1569648468903,-0.008624099915420444
11,65.1,364.05621020536273,115.28996276855469,55755,355.3494395121514,503.4558335575285,0.17767464169005598
11,70.1,372.7595459613592,117.97200012207031,54709,353.93916905810744,502.5584821510172,0.2050713664651494
11,75.1,367.1549209416399,118.3364028930664,53821,355.5250181156054,503.6854201891455,0.20879370180517554
11,80.1,377.8596352538883,121.47944641113281,54394,355.95681508989964,503.27903812920545,0.240899555255626
11,85.1,364.8068644669482,118.08277130126953,53522,353.2706924255446,502.09633421770485,0.2062028822158736
11,90.1,379.0658304910698,124.21993255615234,54534,355.12614148971284,504.07547584992847,0.2688933281859848
11,95.1,370.33785175648336,118.7418441772461,54370,357.0383667463675,504.2164980687879,0.2129352411691114
11,100.1,379.5110370135797,126.19422149658203,53683,356.6447292438947,500.93627405323844,0.2890604786011581
11,105.1,369.31396133093523,120.73894500732422,53376,354.56690272781776,504.248089028777,0.2333354125977612
11,110.1,378.17397479787314,124.3859634399414,54916,355.53598222740186,503.41561657804647,0.2705893159101572
11,115.1,371.31041175127484,120.1573715209961,52556,354.574282669914,501.54943298576757,0.2273947016227489
11,120.1,381.1563004536019,125.19825744628906,52028,353.8339932344122,502.6308718382409,0.27888681232615375
11,125.1,368.1757178647138,119.55066680908203,51890,349.5120061668915,501.54981692040855,0.22119727786566584
11,130.1,380.42155449180075,124.95165252685547,52017,353.2935770997943,501.565430532326,0.2763677694436785
11,135.1,368.0985412437025,119.81320190429688,53196,352.0943679975938,500.6572298669073,0.22387904579032802
11,140.1,378.27326332341215,124.67644500732422,53421,352.10070945882705,502.00520394601375,0.2735565540596905
11,145.1,370.4437013301539,120.32573699951172,53678,353.4301576064682,500.53625321360704,0.22911453698241427
11,150.1,379.27068223247875,125.58606719970703,51566,350.17662801070475,503.98658030485205,0.28284824748870363
11,155.1,365.8173957856161,119.67125701904297,52392,350.23868147808827,500.9640403114979,0.22242909396566907
11,160.1,376.85740109984204,125.57783508300781,52553,348.1115445359922,501.2591669362358,0.28276415729688387
11,165.1,368.7845489443378,121.27295684814453,54184,353.82784585855603,500.94345194153254,0.23879028644969238
11,170.0,379.06889199184843,127.02586364746094,52996,352.1691071024228,503.0180013585931,0.2975556142446384
11,175.1,367.84445252262424,120.99954223632812,52267,350.5192377599633,499.4441043105592,0.23599738542629528
11,180.0,381.1854379324846,129.0708770751953,52314,352.1074091065489,502.57734067362463,0.31844520773503815
11,185.4,332.0625983132758,96.90008544921875,52765,352.8324836539373,501.60255851416656,-0.010175988691794214
11,191.0,331.02187067281244,97.11079406738281,52719,352.21882053908456,502.008213357613,-0.008023622688384843
11,196.7,329.8543440393009,96.18338775634766,51093,347.5617599279745,499.228211300961,-0.01749697898777049
11,202.3,330.9163870919909,96.27647399902344,53951,354.670515838446,501.9132546199329,-0.016546112972577583
11,208.0,330.64723851186994,95.45215606689453,53033,351.03701468896725,499.131257896027,-0.02496643250470755
11,213.6,332.0536023054755,97.06725311279297,52050,349.50584053794427,499.1240153698367,-0.0084683888836726
11,219.2,334.3752167713592,98.9956283569336,51898,353.02755404832556,500.28243862961966,0.011229758033473418
11,224.9,333.7976143995002,99.7069320678711,51224,353.9345814461971,497.30069889114475,0.018495649380778162
11,230.5,332.09156843269176,77.44828796386719,53359,352.6948780899192,494.73074832736745,-0.2088740200180482
11,236.2,333.49116080534884,97.67240142822266,52946,354.08289578060663,495.0360744909908,-0.002286863550251484
11,241.8,333.5385565991102,97.2409439086914,52598,350.4642001597019,493.855678923153,-0.006694155976379614
11,247.5,331.966055610657,61.696903228759766,58478,357.2209548890181,488.60337220835186,-0.3697727307868174
11,253.2,332.49764000749207,97.5068588256836,53390,355.4348379846413,490.2615283761004,-0.003977863533667246
11,258.8,334.15014347338615,98.32998657226562,52623,352.2657393155084,494.3740759743838,0.004430298380368294
11,264.4,332.8154257690593,97.52119445800781,51589,348.1025218554343,496.3905289887379,-0.003831426582388869
11,270.1,331.26320258721927,78.87513732910156,55349,350.914975880323,493.06480695224843,-0.19429890632561497
11,275.7,330.1900843182739,94.94522857666016,54318,349.1509996686181,495.7265915534445,-0.030144642611541216
11,281.3,330.53116521023185,95.73993682861328,53441,347.0391085496155,499.51600830822775,-0.02202678279623476
11,287.0,329.71432839493156,96.61937713623047,56901,349.5292525614664,494.0751832129488,-0.013043394092744354
11,292.6,328.37458064060456,55.95096969604492,56634,347.0754846911749,493.39218490659323,-0.42846682740908193
11,298.3,330.9140759607461,96.38523864746094,53396,348.11512098284516,494.79489100307137,-0.015435093719025407
11,303.9,331.57463577288144,96.9541015625,52783,347.6260159521058,497.40594509595894,-0.009624219870585642
11,309.6,329.24103896103895,95.87591552734375,53900,348.052133580705,498.0060667903525,-0.020637774928946574
11,315.2,331.69936639320247,97.62855529785156,54608,350.0718209786112,497.4259449164957,-0.0027347470835121707
12,0.1,568.0032903819604,296.9814453125,86920,664.8048780487804,568.4843534284399,-0.03674241055719346
12,5.1,570.8277505857245,303.54620361328125,86218,657.8801526363404,569.5849590572734,-0.015449655215420455
12,10.0,573.867766497462,305.12469482421875,86680,658.8620327641901,569.3142593447162,-0.010329828159543725
12,15.1,573.6197974990669,303.1875305175781,85728,658.8819172265771,568.7917249906682,-0.016613009313860623
12,20.1,570.1052992547209,332.70751953125,87484,661.1967102555896,569.0816263545335,0.07913490324601827
12,25.1,569.4048185535099,331.7536315917969,86582,661.0107874615971,568.7262017509413,0.0760409732660179
12,30.1,570.122565074987,336.27447509765625,87015,661.7443659139229,569.633798770327,0.09070430286602027
12,35.1,569.8589196467286,331.3934020996094,87638,660.7680001825692,570.1054451265433,0.07487257100463887
12,40.0,571.800967223167,334.97308349609375,86433,659.8776624668818,573.3757708282716,0.0864832467804351
12,45.0,569.9971035730232,333.38885498046875,87349,661.2979885287754,571.413021328235,0.08134481081019551
12,50.0,572.0329250232472,330.4396057128906,87107,659.2488663368042,570.862422078593,0.07177893797539961
12,55.1,573.2181325023084,333.19439697265625,86640,659.2786934441367,572.5259002770083,0.08071408739359882
12,60.1,572.8235144977642,332.8970947265625,86772,658.3264301848523,570.9352440879546,0.0797497892886891
12,65.1,597.0449519645631,352.4912414550781,86915,660.6324109762412,569.1738019904504,0.1433032901649413
12,70.1,631.8071610135376,376.1899108886719,86943,658.2076417882981,570.0770274777728,0.22016978654684374
12,75.1,592.434469148196,346.1617126464844,87661,657.8859812231209,570.1038203990372,0.12277350031204576
12,80.1,630.0610240664649,374.58514404296875,88588,658.9347315663521,569.3373255971463,0.21496473462252857
12,85.1,587.1319410459228,344.9477233886719,87865,657.774233198657,569.8235361065271,0.11883593321973317
12,90.1,633.7241985018302,380.8958740234375,88241,657.7219093165309,568.6251855713331,0.23543355058580961
12,95.1,594.6879504956167,348.9779357910156,87265,657.2403369048301,570.0067151779064,0.13190790369094949
12,100.1,632.2915103641329,382.55377197265625,88237,657.5201559436517,568.7670705033036,0.24081093293515535
12,105.1,592.0653541340237,350.9136962890625,88074,658.4825147035448,568.0232191112019,0.1381865316002627
12,110.1,634.5478725236865,384.345947265625,87075,657.2027447602642,569.3541200114844,0.24662384306746177
12,115.1,595.7365652351367,350.27679443359375,88204,658.0505419255362,567.7699310688857,0.13612074413881062
12,120.1,639.1091052613516,368.0399169921875,87411,658.5011497408793,567.662788436238,0.19373532877645894
12,125.1,596.3113370685481,340.55133056640625,86742,660.19262871504,568.2545825551636,0.10457625868766571
12,130.1,638.7036577947641,372.554931640625,87129,659.0172847157663,567.1713206854205,0.20837975251133734
12,135.1,596.3124105148617,340.10357666015625,87305,658.8666628486341,566.2359315044957,0.10312397149866595
12,140.1,641.0805510534846,375.62847900390625,86380,658.9116346376476,567.2326232924288,0.21834878549613296
12,145.1,600.5055630905036,341.28497314453125,87002,659.8696811567551,566.6316866278936,0.10695582412002354
12,150.1,640.286164138647,366.8216247558594,86695,659.2182017417383,566.7983390045562,0.1897838049983742
12,155.1,593.7311606382244,339.03759765625,86866,659.6873575391983,566.5347546796215,0.09966647480348047
12,160.1,637.0199169652506,371.5262145996094,87915,659.963544332594,565.5694591366661,0.20504311477592344
12,165.1,598.8988003407861,345.6554260253906,86858,659.3069838126597,566.3771558175413,0.12113136260310997
12,170.0,639.7828224107565,372.5364685058594,86869,659.7100576730479,565.6271742508835,0.20831986744118025
12,175.1,598.4922205192513,342.2912902832031,86124,658.9707398634526,566.3097394454508,0.11021980790255263
12,180.0,644.4283095652575,376.4797668457031,86741,658.9577938921617,564.890928165458,0.22110993265651657
12,185.4,493.6577838000602,255.9634552001953,86346,660.718191925509,565.8135524517638,-0.16978402276226567
12,191.0,491.3535550682541,255.65249633789062,87101,659.8563621542806,565.3734515103156,-0.17079261602237425
12,196.7,489.5751263786765,253.28359985351562,87040,658.8844898897058,566.7907054227941,-0.17847611798249674
12,202.3,488.0264208001273,250.82711791992188,87961,659.2682438808108,564.2624913313855,-0.18644370283741402
12,208.0,490.09206988478394,251.27932739257812,87401,658.3906248212263,564.8983192411986,-0.18497696404470693
12,213.6,491.84786808334485,252.6799774169922,86964,659.878029989421,564.2731015132698,-0.1804339638422855
12,219.2,491.54434861552426,251.61187744140625,88120,660.0792101679527,563.3635383567862,-0.18389833989677
12,224.9,491.30490143173705,264.6019592285156,87097,659.4114148592948,562.0908412459671,-0.14176508522239384
12,230.5,490.08685569365747,180.2152557373047,87536,659.8106150612319,562.4132813927984,-0.4154728668665805
12,236.2,489.9468695858953,259.7404479980469,88311,659.994349514783,561.1810759701509,-0.15753336860448486
12,241.8,494.79988503765014,266.7538146972656,86985,661.6209116514342,561.1461286428695,-0.13478555453327506
12,247.5,490.7536417666939,199.73509216308594,85810,666.6628481528959,564.7565085654353,-0.3521603910247622
12,253.2,484.56306785445196,258.3638610839844,90252,661.9081793201259,557.8097549084785,-0.16199832024852798
12,258.8,490.7752608720176,259.9815368652344,88645,662.622291161374,557.86104123188,-0.15675139826689638
12,264.4,490.92905696288574,256.76043701171875,88268,661.0287760003625,557.795509131282,-0.16719901689501354
12,270.1,488.1468523614309,179.41549682617188,89035,662.9251081035547,557.4539338462403,-0.41806688024025296
12,275.7,489.2588438796622,263.2474365234375,88451,662.1933160733062,557.5647194491866,-0.14615847173300958
12,281.3,489.10350702188947,264.0035400390625,89221,664.3239147734278,555.9993947613231,-0.1437060543805929
12,287.0,485.8848458390177,263.7055358886719,91625,664.9379645293316,555.9491186903138,-0.14467262910800446
12,292.6,486.7985612455203,147.386474609375,76177,686.0790264778083,571.8587500164092,-0.521952827391926
12,298.3,486.88000441403665,261.51220703125,90620,663.6341867137497,553.7841867137497,-0.15178667849190586
12,303.9,489.5458092485549,264.31048583984375,89960,664.2730769230769,555.0069030680303,-0.1427104774621796
12,309.6,487.58885437847744,264.748291015625,89506,662.9537796348848,555.5815364333117,-0.14129045892255376
12,315.2,488.7161067587306,265.31787109375,90372,663.5718917363786,553.6197605453017,-0.13944302925410423
13,0.1,270.93541823662395,30.105539321899414,79620,989.4969982416478,632.581160512434,0.024284261328847284
13,5.1,271.0801022217331,28.870779037475586,81783,987.6695278969958,629.2352811709035,-0.017726131254595164
13,10.0,273.30002300882813,29.961030960083008,82577,986.3400099301258,635.3264226116231,0.019367636549058397
13,15.1,273.2337520279239,28.719341278076172,81364,989.7668379135736,632.5990978811268,-0.022878515733251233
13,20.1,274.6248003930721,29.302217483520508,81410,988.0061171846211,631.7005404741433,-0.003047250890059404
13,25.1,274.3205276729325,28.711334228515625,80277,989.2397697970777,630.7896159547566,-0.02315094051052743
13,30.1,274.99154403689874,28.91229820251465,81954,987.6850062230031,631.3063181784904,-0.016313519879714685
13,35.1,275.8992987923646,28.792200088500977,82144,986.9536667315933,632.0089355278535,-0.020399631963081286
13,40.0,276.5334691899549,29.01653289794922,80477,987.9304273270624,631.0612348869863,-0.012767130729317623
13,45.0,276.67086619879933,28.377849578857422,82787,991.3350163673041,631.23884184715,-0.03449712748254381
13,50.0,277.2633374765421,27.90875244140625,82062,988.1581852745485,630.4450171821305,-0.05045727387912846
13,55.1,277.9169908895387,27.916446685791016,82762,989.4555713975012,629.9039414223919,-0.05019549170868249
13,60.1,278.2981614135626,27.53459930419922,83760,990.0980181470869,632.0846227316141,-0.06318712952696262
13,65.1,287.3429522219152,32.99942398071289,83239,988.9873737070363,632.2550126743473,0.12274323522165018
13,70.1,304.7147955715257,39.998966217041016,82376,989.827522579392,631.3882927066136,0.36088947377656483
13,75.1,288.6849946094286,33.9520378112793,81624,991.5321964128198,628.9624620209743,0.15515412623211533
13,80.1,307.111180392345,41.18726348876953,83396,992.0197251666747,631.1960645594513,0.4013190498820539
13,85.1,287.59981343283584,34.048118591308594,82544,988.0969301221166,629.5796666020547,0.1584230937715415
13,90.1,308.41398132002007,41.74940872192383,83726,987.4629744643241,630.8772424336527,0.4204449824469668
13,95.1,289.8752942295347,33.990787506103516,84118,989.4065954968021,629.3273140112699,0.15647251160018183
13,100.1,307.94260298507464,41.7038459777832,83750,989.3580537313433,628.5810029850746,0.4188947959106224
13,105.1,289.30552021487136,34.997745513916016,84888,990.6646758081237,628.4758976533785,0.19073236086556683
13,110.1,307.59053958600214,42.04847717285156,83527,990.4584984496031,627.6880290205562,0.4306202230918818
13,115.1,290.53595814912353,35.09647750854492,83917,991.9446357710596,630.0020138946817,0.19409153098727358
13,120.1,309.25385906239956,42.318851470947266,84023,991.4173738143128,628.4160408459588,0.4398191992419556
13,125.1,290.56362280849424,36.531558990478516,83162,989.3878814843318,629.9570356653279,0.24291747494237156
13,130.1,309.8530415797156,45.16105270385742,82901,991.3236752270781,630.9000615191615,0.5365197419318397
13,135.1,289.9918699186992,34.89543533325195,84870,991.7198892423706,627.6070342877342,0.1872514497047533
13,140.1,310.09048052973696,44.0734748840332,82305,989.8355871453739,629.1651661502947,0.4995169554377958
13,145.1,291.78831538378415,36.48934555053711,83289,991.2606826831875,627.6736063585828,0.2414812421718435
13,150.1,310.7930353235386,42.58856964111328,79975,988.5042200687715,625.9287152235073,0.44899585187526364
13,155.1,288.495777890002,35.73767852783203,85147,992.2694633985931,629.8161884740507,0.2159071877466943
13,160.1,309.2911308736931,43.70338821411133,83210,990.5484677322437,627.2332892681168,0.4869254536787546
13,165.1,290.0867522347009,35.33098602294922,87260,991.3607953243181,630.3831881732752,0.2020702414127401
13,170.0,308.5357438619,44.02949905395508,85735,994.6244474252056,629.7367469528198,0.49802076066293155
13,175.1,290.0723667115489,35.57146453857422,84666,995.0166772966717,628.944334207356,0.21025206988319814
13,180.0,309.66075367433655,43.78091812133789,86138,994.5434419187815,627.9930924795096,0.489563262717993
13,185.4,260.4639635305155,23.590269088745117,83138,988.8745820202555,626.8791647622025,-0.1973855346103285
13,191.0,258.9650222118307,22.710872650146484,85540,993.5933481412205,628.864145429039,-0.2273053417891354
13,196.7,258.0047725645717,23.61098289489746,88003,997.5005511175756,629.4771655511744,-0.19668078637754635
13,202.3,257.92503224054843,23.775033950805664,88398,995.244756668703,631.2466684766624,-0.19109925824664456
13,208.0,258.1805080352514,23.207216262817383,86805,993.4659754622429,629.7137376879213,-0.21041818540127147
13,213.6,259.14616350135486,23.562530517578125,85247,995.1228899550717,628.1140450690347,-0.19832928723918217
13,219.2,259.14961254361714,23.019166946411133,88268,998.4654801286989,629.2316694611864,-0.2168162091366728
13,224.9,258.82609443043776,24.601844787597656,87260,997.4532431812972,629.0311482924593,-0.1629685771063095
13,230.5,258.5559780886414,24.339826583862305,88356,995.8725270496627,630.4226764452895,-0.17188325288733924
13,236.2,258.3892539621183,18.51822280883789,85371,989.6092349861194,627.9475700179217,-0.36995235434709994
13,241.8,259.3303626587347,24.7583065032959,87410,993.7939251801853,623.832353277657,-0.1576452619789289
13,247.5,257.9132976132489,22.861248016357422,88279,995.015122509317,625.4860838931116,-0.22218910323733565
13,253.2,258.1094021306866,17.18415069580078,89267,1001.9503175865661,628.7020847569651,-0.4153416448112516
13,258.8,259.23296800775006,17.06139373779297,85677,990.9728865389778,616.2704459773335,-0.4195182190526751
13,264.4,258.86648642559425,20.6901912689209,88770,998.031114115129,629.6023994592767,-0.29605521913958105
13,270.1,259.1203183418239,23.629499435424805,91474,999.7128582985329,627.6711852548265,-0.19605079596835212
13,275.7,259.44994875692356,21.26325035095215,86841,991.4915304982669,619.8909155813499,-0.27655796342660377
13,281.3,259.7257083241819,18.425498962402344,91060,1000.1259828684384,630.7677026136613,-0.37310710854493345
13,287.0,260.2999953841538,23.063894271850586,86658,1000.3386069376169,628.1161000715456,-0.21529444614783838
13,292.6,259.132089008336,24.344440460205078,87812,997.772616498884,636.9126087550676,-0.17172627443659338
13,298.3,259.647496444331,18.735502243041992,82263,989.0946233422073,623.0819323389617,-0.36255983091856914
13,303.9,260.35043229795303,24.03769302368164,81194,990.6382983964332,632.1377195359263,-0.18216277810040166
13,309.6,258.6903091529863,17.932437896728516,85524,992.6511973247276,623.3196880407838,-0.3898825824550241
13,315.2,259.5401038972237,17.725143432617188,92784,1003.0236247628901,625.6697598723918,-0.3969353860862608
14,0.1,295.3839792896653,65.2096939086914,53693,68.78881790922466,775.414746801259,-0.01910921297112648
14,5.1,294.58825036134436,67.93032836914062,54657,68.3161534661617,775.9074775417604,0.02181484474435102
14,10.0,297.4449221046443,68.53329467773438,54432,66.8465424750147,781.0059156378601,0.030884724719812583
14,15.1,296.8524327084397,67.95931243896484,54836,68.80109781895105,776.6782223356919,0.022250826043404295
14,20.1,301.18444842437424,62.76774978637695,46902,69.67965118758262,743.8765297855102,-0.05584118253644142
14,25.1,305.8518554560789,48.18075180053711,30828,54.27792915531335,867.7882444530945,-0.2752602761876689
14,30.1,299.25831420386635,67.82492065429688,52711,67.32245641327238,769.4597142911347,0.02022929127561713
14,35.1,300.1694158927516,67.63034057617188,52439,65.7772650126814,777.5190030320945,0.01730239813240714
14,40.0,300.3406369618917,67.72445678710938,53033,66.99822751871476,778.1108177926951,0.01871810366152565
14,45.0,301.64411690357207,68.85650634765625,51427,64.58813463744725,777.3853617749431,0.03574650722918162
14,50.0,300.79660924055025,67.87340545654297,54737,67.85488791859254,778.4043151798601,0.02095860455687103
14,55.1,302.33012641665545,68.64445495605469,51971,66.44973158107406,772.5341055588693,0.03255680882805324
14,60.1,301.39600787180206,67.43279266357422,53355,67.18315059507076,771.6592634242339,0.014330862523987435
14,65.1,313.5314707954827,75.70030975341797,52509,67.83970366984707,766.7720771677236,0.1386916877164306
14,70.1,338.0577400182055,93.19799041748047,56027,69.77114605458083,780.784353972192,0.40189356352625666
14,75.1,314.00976914362127,74.44442749023438,53843,68.31814720576492,772.9997214122542,0.11980058015695212
14,80.1,341.00451960657193,94.17632293701172,53987,70.52090318039528,764.1695408153814,0.41660973987271616
14,85.1,311.51173851628016,71.78807830810547,55927,70.19301947181147,776.659931696676,0.0798435080760687
14,90.1,343.1898188919095,93.53619384765625,52234,69.99090630623732,757.3092430217865,0.4069808536041016
14,95.1,314.1413724478514,72.78577423095703,54268,73.10162526719245,756.8760595562762,0.09485095068654431
14,100.1,338.9566983818321,87.29803466796875,57596,73.48499895826099,767.7030696576151,0.3131458345969121
14,105.1,312.944311141353,70.90170288085938,55846,72.32695269132972,764.6838806718475,0.06651055957838233
14,110.1,338.3487832143779,87.71903991699219,58145,73.00541749075587,770.6870582165277,0.319478637977896
14,115.1,313.287835561819,70.80975341796875,58186,73.0511119513285,774.694771938267,0.06512744649173055
14,120.1,339.7872777844963,88.38290405273438,57883,74.63904773422249,765.4134720038699,0.32946454920606705
14,125.1,311.70428119273697,69.00231170654297,60030,74.40979510244878,776.7634849242046,0.03793972613052596
14,130.1,338.2956091830241,85.2372817993164,61287,76.81333724933509,774.3492420904922,0.2821477822822548
14,135.1,311.59809467103304,69.12164306640625,60462,77.47257781747213,766.2591048923291,0.03973472047074504
14,140.1,338.6646097588847,86.6169662475586,61257,77.46786489707299,772.3259872341121,0.30290113478507036
14,145.1,314.0599205289168,67.7390365600586,59896,75.38945839455056,771.2408007212501,0.018937414075447946
14,150.1,339.51250288655035,86.37755584716797,60626,76.28654372711378,773.5460363540395,0.29929989941673873
14,155.1,310.50322877470876,69.9202651977539,60859,76.56208613352175,770.8889564402964,0.0517476750485286
14,160.1,339.15541836586664,80.89713287353516,62039,78.67452731346411,774.4381759860732,0.21686282477895524
14,165.1,311.7353807186956,59.57046127319336,63170,79.1245844546462,772.0419344625614,-0.10393511854611541
14,170.0,338.4359658484525,139.95022583007812,61842,79.05776009831506,769.3259597037612,1.1051453998779963
14,175.1,314.79789217224385,56.00901794433594,54179,80.40144705513207,746.4639805090533,-0.15750670798944624
14,180.0,341.5613837716214,71.76475524902344,56888,81.7362185346646,746.1963507242301,0.07949268027106583
14,185.4,274.9402698957997,76.58484649658203,52687,79.81261032133163,734.1233321312658,0.15199697854286878
14,191.0,274.76927057345085,87.849853515625,54111,79.55036868658868,746.633106022805,0.32144634931076455
14,196.7,273.80238602789933,79.03421020507812,53478,82.03042372564418,737.3597180148846,0.18884055427120802
14,202.3,274.8263384733263,78.3069076538086,52205,80.84836701465377,738.9014079111196,0.17790039600391408
14,208.0,274.40613320206387,42.58952713012695,54849,82.70444310744043,740.1515068643001,-0.359364041113989
14,213.6,274.49435941530527,87.43415069580078,58150,84.07301805674979,748.9033361994841,0.315193305604127
14,219.2,273.72309943772626,28.391582489013672,38949,94.05286400164317,680.1448560938663,-0.5729309551484956
14,224.9,274.6344508098168,40.58512878417969,56556,84.22482141594172,734.4644600042436,-0.3895144030192078
14,230.5,274.35351556067843,45.9307746887207,60730,85.34411328832537,754.0884571052198,-0.30910465863634023
14,236.2,273.9428872696369,35.897300720214844,63541,86.78185738342172,761.159235769031,-0.4600291851550835
14,241.8,276.8604906101177,45.08671569824219,55645,82.27310629885883,741.9877796747237,-0.3218010790278937
14,247.5,275.65661411925976,88.8342514038086,55442,81.50090184336784,741.3368565347571,0.3362537615437066
14,253.2,275.18501574921254,76.63870239257812,53336,84.28897930103494,726.0210364481776,0.15280708435756135
14,258.8,277.2266165856533,86.5302963256836,54312,82.69960598026219,735.3510273972603,0.3015974370864009
14,264.4,276.19417598725886,85.38999938964844,55254,81.39466825931154,733.1029608716111,0.2844449756655529
14,270.1,277.09325744308234,93.27837371826172,54816,79.25811806771746,747.4524408931699,0.40310269723692405
14,275.7,276.23573218633913,89.11759185791016,56263,84.5959689316247,739.625668734337,0.34051579720683917
14,281.3,273.77865327525456,24.221435546875,36043,95.94650833726382,674.485836362123,-0.635658725682552
14,287.0,276.91432584269666,97.11512756347656,57672,86.77704952143155,745.6548758496324,0.4608155352106542
14,292.6,276.87895262982516,94.20283508300781,57019,83.82123502692085,743.8084147389467,0.4170085382444483
14,298.3,276.4972769017193,88.81624603271484,56186,87.33040259139287,735.4614494713986,0.33598292293729287
14,303.9,274.10556408943506,46.27059555053711,35154,99.6920976275815,667.6657279399215,-0.3039930389887667
14,309.6,276.3647795405104,98.35054016113281,56541,84.16743601987937,744.0189596929662,0.4793987359985191
14,315.2,277.4333140827077,96.12545776367188,57141,84.9540260058452,743.3304982411928,0.44592882235185116
15,0.1,345.05916203937403,108.98451232910156,49525,423.94219081272087,685.3889348813731,-0.018561374161846944
15,5.1,348.6996467169764,111.56635284423828,47837,429.75796977235194,682.7030750256077,0.004688883633107942
15,10.0,350.42532075548917,112.40901184082031,48869,424.62968343939923,681.1381243733246,0.012277283764296045
15,15.1,348.3309358331986,109.46175384521484,49496,420.29335703895265,683.5934823016001,-0.014263669398506313
15,20.1,352.32546315356115,112.80673217773438,48580,426.0917661589131,680.0247838616715,0.01585887616294914
15,25.1,350.3057015515284,110.90386199951172,47566,424.87146280956983,683.572888197452,-0.001277047583938728
15,30.1,352.18115196179343,113.8297348022461,48578,430.03157808061263,681.4193667915517,0.025071325423608983
15,35.1,351.86348819937285,112.56849670410156,48472,424.44382323815813,682.8894413269517,0.01371349338450407
15,40.0,352.54940252501797,113.56745147705078,47366,426.6268420385931,683.3493856352658,0.022709384439897184
15,45.0,353.8595982142857,113.55760955810547,49280,424.98518668831167,679.8022524350649,0.022620754971371143
15,50.0,355.6215713420438,113.7938232421875,46228,433.4381976291425,681.033399671195,0.024747930921010478
15,55.1,353.414048285872,112.33422088623047,48917,424.92129525522824,681.396896784349,0.011603768508512498
15,60.1,353.51062872107536,111.5647201538086,48877,426.15047977576364,681.8143707674366,0.00467418076003463
15,65.1,378.70849910329616,133.93698120117188,48511,427.92888210921234,684.3969615138834,0.20614318465769757
15,70.1,388.10695308784915,137.22283935546875,48367,424.95773978125584,680.2893088262658,0.23573333506286753
15,75.1,379.9962866064647,133.5850067138672,47396,423.5615241792556,684.0384420626214,0.20297354752515467
15,80.1,390.9593757220577,139.17010498046875,47607,422.85960047892115,682.4248954985611,0.25326905328832366
15,85.1,375.9977700096432,130.3518829345703,49776,420.2406782385085,682.1671488267439,0.1738582861792498
15,90.1,393.93118142111433,143.02310180664062,46935,426.0976030680729,682.7369127516779,0.2879664596410531
15,95.1,380.2426649610036,131.5720672607422,48466,416.5214170758882,684.3159534519044,0.18484641653607672
15,100.1,390.580631865301,139.08497619628906,48523,419.2246975661027,682.6332254806998,0.2525024427380806
15,105.1,381.2073137995829,133.93179321289062,48429,421.3043011418778,682.6496933655454,0.2060964652479319
15,110.1,392.42037241731146,139.22080993652344,47044,421.8763285434912,682.1365530141994,0.2537256668137686
15,115.1,382.04574431251143,132.46600341796875,49099,419.04030631988434,679.9523411882116,0.19289658306878693
15,120.1,393.6023376359386,138.2987060546875,49195,420.2573025713995,679.8843581664803,0.24542184136803663
15,125.1,381.53539309259077,131.9539031982422,50815,423.0765325199252,676.7609367312801,0.18828496509482964
15,130.1,392.81262315871624,136.4449005126953,51255,417.91179397131987,677.6634474685396,0.2287277595685061
15,135.1,380.87889497555517,130.63148498535156,50931,419.6945082562683,678.8844907816458,0.1763761875455617
15,140.1,395.69843103867674,139.0689239501953,49332,422.67953863617936,678.3959701613558,0.25235788738786447
15,145.1,385.81541027753775,132.69142150878906,49759,422.4286661709439,678.1940352499046,0.19492654142310506
15,150.1,395.9254877458884,141.00218200683594,49616,423.49965736859076,677.7035029022895,0.2697674632069533
15,155.1,381.53124938870525,131.63262939453125,51121,422.28923534359654,675.5600633790419,0.18539179694007651
15,160.1,393.7789398940662,138.4191131591797,52108,418.9062907806863,677.0312236124971,0.24650614390468623
15,165.1,385.2075977653631,134.32713317871094,49225,423.5931335703403,679.1494768918233,0.20965662168210428
15,170.0,397.25141650250805,142.92694091796875,49241,425.4893483073049,678.5641030848277,0.28710050164004364
15,175.1,382.0720251510388,131.83311462402344,52801,417.7209522546921,675.2722107535842,0.187197227307462
15,180.0,401.30157102424215,143.3992156982422,48758,428.2096066286558,675.7645514582223,0.29135347943903506
15,185.4,347.5673574074828,106.14053344726562,49126,427.6866017994545,674.7808085331596,-0.04417226754524076
15,191.0,343.9791629493051,104.58118438720703,50439,422.30688554491564,676.4226293146177,-0.058214679315498015
15,196.7,343.62809520147647,105.17448425292969,52016,424.7822400799754,670.3299177176253,-0.052871833873693715
15,202.3,344.76831324548806,106.0068359375,48039,424.7323632881617,677.9321176544058,-0.04537625421690769
15,208.0,343.70499114057617,103.95215606689453,50229,424.049115053057,674.8435366023612,-0.06387927033955615
15,213.6,344.19830899308226,104.42178344726562,52040,420.5055918524212,673.0910837817064,-0.059650133180548064
15,219.2,344.3036598789213,105.53518676757812,50876,420.84884817988836,675.6117422753362,-0.04962359820472151
15,224.9,344.3587820375804,105.3224868774414,51463,423.3767949789169,672.7506363795349,-0.051539025300099406
15,230.5,344.2879555256598,96.37104797363281,50546,423.29121987892216,672.6738218652316,-0.1321494506649354
15,236.2,342.35478001034346,103.71714782714844,52207,419.8280498783688,673.5603271591932,-0.0659955908969264
15,241.8,345.36351364019873,104.7686538696289,53335,422.5891440892472,669.6375550764038,-0.056526459702612844
15,247.5,344.10893944248636,93.56524658203125,49936,422.5280959628324,673.9167934956745,-0.15741654415646542
15,253.2,342.71438382296833,104.11676788330078,52420,421.73479587943535,669.4948874475391,-0.062396890949697345
15,258.8,347.1476820542978,106.37914276123047,51015,427.6193080466529,668.2918945408213,-0.042023518221091995
15,264.4,345.6393342765071,104.44158935546875,50892,425.63121905211034,667.7246129057612,-0.0594717749632662
15,270.1,345.9006190363536,97.29090881347656,50724,427.0337709959782,668.5347961517231,-0.12386582449342559
15,275.7,345.7981728237453,104.44744873046875,50132,427.31123833080665,669.9825460783532,-0.05941900951223674
15,281.3,349.47638535098343,107.76776885986328,47894,432.13488119597446,667.7826032488412,-0.02951851855719692
15,287.0,346.7164382170779,109.10060119628906,49245,426.9801401157478,668.9216367143872,-0.017515958663325833
15,292.6,347.482555322242,71.72225189208984,49528,429.8031012760459,666.3032224196414,-0.3541193437978582
15,298.3,348.65635388411886,107.15509033203125,49033,431.5371076621867,662.2719393061816,-0.035035874735478846
15,303.9,347.89240898993336,107.06307983398438,49967,429.46706826505493,665.5954329857706,-0.03586445720867579
15,309.6,349.18219050836007,109.8389663696289,47368,433.7797247086641,666.1086387434555,-0.010866756078456314
15,315.2,350.07433169386536,110.79227447509766,48593,430.9119008910748,666.3588376926717,-0.0022819271239866885
16,0.1,347.24460912687357,92.05105590820312,17947,1163.5687301498858,693.3733771661002,0.03582442081203074
16,5.1,347.5430991776479,84.85818481445312,20186,1160.100713365699,696.8942336272664,-0.045114917266710804
16,10.0,352.82263260844553,94.42154693603516,17382,1163.074214704867,684.8900011506156,0.06249888393163755
16,15.1,351.23971253659835,87.97486877441406,18785,1161.7428267234495,694.5271227042854,-0.010043756747921023
16,20.1,350.91782062207074,85.03150177001953,18776,1161.7308265871325,692.2741798040051,-0.04316463072903646
16,25.1,352.7269714345836,89.08912658691406,19009,1162.2296806775737,700.2158977326529,0.002494670344312241
16,30.1,351.3423594983744,82.55870819091797,21530,1159.0807710171853,710.0905248490478,-0.07099027543880373
16,35.1,352.45532013969733,83.9636001586914,21475,1158.6512223515715,709.9911990686845,-0.0551814246389433
16,40.0,350.3045609121824,83.47415924072266,19996,1160.5180036007202,700.4596419283856,-0.06068896445339436
16,45.0,353.9830476008045,80.35266876220703,20882,1161.4540273920122,712.0809309453117,-0.0958142113620567
16,50.0,354.3799989836882,83.02015686035156,19679,1160.6874333045378,705.7175669495401,-0.06579772445680095
16,55.1,355.2918744971842,86.76915740966797,18645,1164.3573612228479,702.3207830517565,-0.02361128472174527
16,60.1,356.1823969846687,81.06394958496094,19633,1162.1811745530485,709.97825090409,-0.08781037002645598
16,65.1,378.4971669257383,97.09526062011719,19943,1161.7154891440605,714.1102642531214,0.09258542558949014
16,70.1,411.73229979263357,114.75777435302734,20254,1160.9119186333564,715.2481978868371,0.2913366824541691
16,75.1,376.8904207152668,98.10691833496094,19657,1162.403164267182,708.0789540621662,0.10396932288647559
16,80.1,413.8168817411402,111.23248291015625,20768,1160.5483917565484,718.1759919106318,0.25166757783632465
16,85.1,373.9077304524927,90.67819213867188,22586,1157.8699636943238,724.6209156114408,0.020375974241829006
16,90.1,415.7685366435904,113.66144561767578,20945,1159.848269276677,718.8555263786106,0.2790000061813017
16,95.1,381.8137356919875,92.31053924560547,20181,1160.057975323324,716.6082949308756,0.03874431320243626
16,100.1,416.15949317162153,112.85658264160156,20283,1159.9136715476016,718.2962579500074,0.2699431114200236
16,105.1,381.6063641422573,94.69682312011719,19767,1161.5722163201294,718.3460818535943,0.06559648874591004
16,110.1,417.1079192546584,120.26803588867188,19320,1161.2391304347825,718.7243271221532,0.35334209246677895
16,115.1,383.63492978411233,96.704833984375,19084,1160.9956508069588,720.0291343533851,0.08819206540641372
16,120.1,418.26419336706016,119.0370864868164,19569,1159.2843783535184,723.8985129541622,0.33949056802041755
16,125.1,381.382023080674,113.14801025390625,18457,1161.1174622094597,723.9366635964675,0.27322246367455033
16,130.1,418.3492606552624,140.30564880371094,17245,1163.571585966947,719.4927805160917,0.5788196667042124
16,135.1,379.47427901274057,93.20764923095703,18759,1159.823551362013,728.0920091689322,0.048839237392204964
16,140.1,415.5180811808118,131.9148406982422,17615,1160.9062730627306,724.9146182231053,0.4844002832409801
16,145.1,379.91744694996953,112.10441589355469,18049,1159.0945204720483,729.3157515651836,0.2614791923648561
16,150.1,417.1357156434138,130.53732299804688,15783,1165.6463283279477,723.0476462016094,0.46889946730915577
16,155.1,373.1443287037037,107.83405303955078,17280,1161.145023148148,728.3603009259259,0.21342601050546564
16,160.1,413.37746949897814,136.37144470214844,16147,1162.7024834334552,729.9809871802812,0.5345491839308134
16,165.1,377.78559012168074,108.74037170410156,16683,1161.2724330156448,733.9440748066894,0.22362455735011716
16,170.0,410.2831821684747,124.52574157714844,16869,1162.0191475487582,735.7573655818366,0.40125284683283835
16,175.1,374.2323331895755,105.546875,16231,1162.3039861992484,731.3498244100795,0.18768904481031645
16,180.0,411.53665528177606,119.96973419189453,16396,1161.4946938277628,737.2867162722615,0.3499853880895932
16,185.4,320.4464810888448,77.13597106933594,14621,1164.0019150536898,735.4366322412968,-0.1320107980472581
16,191.0,320.5744182532487,74.03778076171875,13236,1166.6953762466003,731.0633877304322,-0.1668738547421573
16,196.7,317.40048361544234,78.3296890258789,11993,1170.3583757191695,720.9165346452097,-0.11857822849387777
16,202.3,316.16562454558675,68.76251983642578,13754,1166.013668750909,733.9613203431729,-0.22623486954706168
16,208.0,313.6324740180861,66.77433013916016,14818,1164.6556890268591,737.6253205560804,-0.24860740423790045
16,213.6,311.8449920508744,70.36190032958984,15096,1164.7091944886063,735.0605458399576,-0.20823749453985016
16,219.2,315.9723011363636,72.21583557128906,14080,1163.9446022727273,737.1793323863636,-0.18737568715470562
16,224.9,311.9669577234751,62.26422119140625,15919,1163.2944908599786,744.3059865569445,-0.299358380883569
16,230.5,313.27419470550257,70.41682434082031,13939,1165.8771791376712,735.1406126694885,-0.2076194502212906
16,241.8,310.3908947115054,68.41156005859375,14541,1163.9887215459735,734.4404786465855,-0.23018412037329566
16,247.5,310.5428482635382,67.43611907958984,12871,1169.4046305648358,731.0316214746329,-0.24116048101516205
16,264.4,311.91398076719855,29.64297103881836,9463,1175.3117404628554,714.4809257106626,-0.6664360554641333
16,270.1,319.2260593220339,75.98016357421875,9440,1175.1598516949152,724.1152542372881,-0.14501677193194523
16,275.7,317.36727930099426,45.31666946411133,6638,1180.342573064176,703.9240735161193,-0.49006437310611783
16,287.0,312.9565707133917,73.38265228271484,7990,1178.5500625782229,706.2876095118899,-0.1742458296817866
16,292.6,315.151245321977,78.38290405273438,7749,1180.3640469738032,708.599174086979,-0.11797941489171733
16,303.9,309.80055074744297,68.41976928710938,7626,1178.4746918436927,706.1943351691582,-0.23009174425344986
16,309.6,302.43544036589657,50.896427154541016,8527,1177.5849654040107,699.2556584965404,-0.4272769425770808
17,0.1,273.0749250749251,44.720882415771484,49049,226.5391547228282,831.3711798405676,-0.0035407661117310306
17,5.1,275.43882759433035,46.088558197021484,50938,227.26206368526445,831.0354744984098,0.026933434923069915
17,10.0,276.54784056409756,45.80126190185547,51055,222.91469983351288,830.3551268240133,0.02053197254765164
17,15.1,275.39585904583566,44.182579040527344,46994,230.28099331829594,832.0240669021578,-0.0155351038778856
17,20.1,277.6643591941706,43.605674743652344,46660,229.24477068152592,824.4549507072439,-0.028389537481104923
17,25.1,276.9605939247393,37.53702926635742,52936,214.59859075109566,814.477690040804,-0.16360953977945372
17,30.1,277.7500466099062,44.17314147949219,48273,226.61191556356556,815.4842872827461,-0.015745389192728786
17,35.1,278.3873775410846,44.191246032714844,50323,224.36700912107784,822.7098145976988,-0.015341988180503339
17,40.0,278.2182020374526,43.59417724609375,50357,223.43626506741862,823.4853744265941,-0.02864572177331889
17,45.0,278.30882289370163,44.197174072265625,46266,219.16839579821035,811.0671767604721,-0.01520990112340297
17,50.0,280.18505612819763,45.36104202270508,47926,228.2846471643784,811.0579434962233,0.010723106089196332
17,55.1,279.30571058718675,43.56344985961914,47123,223.0398743713261,817.0565116821934,-0.029330381519099755
17,60.1,279.86013192147345,43.35302734375,51091,225.86340059893132,824.114286273512,-0.03401896205752536
17,65.1,290.00204459901016,49.63423538208008,52333,225.9528977891579,825.3297728011006,0.10593730471685091
17,70.1,308.4308338599948,62.54090881347656,53798,230.9953158109967,832.4194207963121,0.3935204923634301
17,75.1,291.0290198691069,50.27937316894531,51034,225.9257161892072,822.244484069444,0.12031209944642433
17,80.1,310.80978530222234,62.314781188964844,50443,230.22827746168943,829.5398172194358,0.38848197462160544
17,85.1,290.45013330219706,48.64688491821289,51387,224.76145717788546,829.0048261233386,0.0839374148743966
17,90.1,312.9883062200957,62.447940826416016,52250,228.09787559808612,826.719062200957,0.39144900351620165
17,95.1,293.53902329653437,49.02041244506836,46831,229.41340137942817,833.643932437915,0.09226025944141965
17,100.1,313.64153754469606,61.46381759643555,50340,230.1465633690902,831.8527214938418,0.36952102207162824
17,105.1,292.71494459296747,49.28915786743164,49001,224.95689883879922,822.6446603130548,0.09824837602618214
17,110.1,313.74144890588485,61.249996185302734,51777,228.63564903335458,833.6367112810708,0.36475670822054085
17,115.1,295.75981825365466,50.65107727050781,50620,226.65221256420386,831.4773014618728,0.1285943149186636
17,120.1,315.42508466424863,61.60614776611328,49903,225.972406468549,828.2125924293128,0.3726923864136307
17,125.1,295.007338503342,49.895198822021484,50419,226.43836648882365,827.4351137468018,0.11175202516487932
17,130.1,317.7592405877936,61.84492111206055,46615,231.37741070470878,836.0646572991526,0.3780126728776483
17,135.1,296.7942277945127,50.788814544677734,49132,232.89668647724497,834.7739558739721,0.13166334154075046
17,145.1,298.65023281840166,48.60708999633789,50039,231.63612382341773,832.7142428905454,0.08305071463007804
17,150.1,318.5035614322942,65.0599594116211,51805,235.1145256249397,833.8229707557185,0.4496493318128872
17,155.1,296.6589723627871,51.98575210571289,51380,231.34024912417283,837.1216037368625,0.15833319733636333
17,160.1,321.17002761607694,67.64640808105469,50333,235.5469373969364,842.2376969383903,0.5072799178034313
17,165.1,300.3444389445227,54.18212890625,52526,236.0056924189925,839.3450291284316,0.20727230197311203
17,170.0,320.87369031582097,74.0286636352539,53448,236.0127413560844,838.0415731177967,0.649487699414057
17,175.1,298.7338180901143,41.27397918701172,47584,237.53644082044386,840.5593686953598,-0.08034377994058292
17,180.0,320.7192139230203,51.4742546081543,51598,235.0974843986201,830.2588472421412,0.14693614126277266
17,185.4,267.3697855202772,36.62339782714844,53385,234.5389528893884,835.1908963191908,-0.18396684121877765
17,191.0,265.4605399285561,38.05325698852539,51229,237.47959163754905,832.2115208182865,-0.1521070860541227
17,196.7,266.3112734864301,37.41461944580078,52690,238.01552476750805,839.8886505978364,-0.16633704401065944
17,202.3,265.6144319591255,40.319942474365234,54019,241.7732834743331,834.9899850052759,-0.10160138132122416
17,208.0,266.1527363379397,33.140159606933594,50944,241.21464745603015,832.8324238379397,-0.2615794620095864
17,213.6,267.0495379876797,35.40133285522461,50648,244.0540988785342,839.1102116569263,-0.21119657954020785
17,219.2,268.13900957360914,22.282777786254883,52018,247.59946556961052,841.2700411396055,-0.5035008595008503
17,224.9,266.17085041463093,32.38631057739258,53421,240.01544336496883,831.4483068456225,-0.27837653277084984
17,230.5,266.55845393365496,36.29404830932617,50373,249.3350207452405,832.9831258809282,-0.19130532271740985
17,236.2,266.90233490329695,34.97224807739258,49895,251.86427497745265,839.3390119250425,-0.2207573365265422
17,241.8,268.478543034113,33.43045425415039,54085,239.86578533789407,841.9747249699547,-0.2551111911226618
17,247.5,267.45483997995274,41.32171630859375,55868,241.63768167824156,838.388093362927,-0.07928011363906812
17,253.2,267.2396375719375,55.37441635131836,58384,233.43823650315156,846.7476192107426,0.2338385450772157
17,258.8,268.5348014844899,47.979129791259766,57124,238.39591065051468,838.6879420208669,0.0690586663729132
17,264.4,268.1008707164316,46.3182258605957,58917,238.205288796103,840.9759831627543,0.03205083090748738
17,270.1,267.7215160904162,44.478450775146484,56804,242.4449158509964,835.4776424195479,-0.008942565759634875
17,275.7,268.41534142365515,44.5367431640625,55210,249.02258648795507,837.6535953631588,-0.007643709698147925
17,281.3,268.6500820120284,18.210559844970703,58528,245.21492277200656,836.18910606889,-0.594236975400188
17,287.0,268.8532969245042,46.99457550048828,57129,247.334628647447,838.8019394703216,0.04712108014233443
17,292.6,266.6182087471685,50.9055061340332,57390,259.1289074751699,832.9412441191845,0.13426343361069915
17,298.3,268.70270688587743,40.296993255615234,58148,251.71063493155395,835.2158629703515,-0.1021127299283772
17,303.9,269.37768391411475,33.59437561035156,56820,248.9427666314678,837.594297782471,-0.2514587374993285
17,309.6,267.4944750036509,53.31400680541992,61629,252.71691898294634,829.84014019374,0.18792902794125746
17,315.2,268.42425652874977,58.24155044555664,60157,250.20393304187377,835.888325548149,0.29772329172506035
18,0.1,569.3695338867099,302.77374267578125,54815,916.8654382924382,925.3017239806622,0.00732303762384231
18,5.1,572.8286747601047,303.5198974609375,55024,911.6231644373364,925.5259704856063,0.009805481768696753
18,10.0,571.8497206402817,301.9671630859375,55663,912.2078220721125,924.8878429118085,0.004639561192410697
18,15.1,569.9515817723939,299.4541320800781,54401,910.005018290105,925.033730997592,-0.003721249768584349
18,20.1,566.7579079348021,295.14825439453125,55830,912.8476625470178,923.7572452086691,-0.018046830816365034
18,25.1,564.2962882843906,292.219482421875,55473,912.732843004705,923.3150721972852,-0.027790804827885728
18,30.1,566.8136493812929,293.227294921875,55519,909.9271420594752,924.669824744682,-0.02443782996327742
18,35.1,568.4310748947079,291.88232421875,54610,908.3874198864677,925.5879326130745,-0.028912524374403187
18,40.0,565.3166967509026,289.8152770996094,55400,911.8271119133574,924.0697833935018,-0.03578955461012613
18,45.0,567.390163103492,288.80023193359375,55241,909.6435437446823,924.8483372857118,-0.03916659243024898
18,50.0,571.9145831447452,294.28741455078125,55235,910.6483208110799,926.3558432153526,-0.02091083017988463
18,55.1,578.3307482250136,295.11138916015625,54930,912.8415255780084,924.2385763699253,-0.01816948081746868
18,60.1,584.8118813699385,296.03509521484375,54455,910.8379763107152,926.3758699843908,-0.015096326650742533
18,65.1,582.6978786329779,300.22113037109375,54776,912.1237403242296,925.6958704542135,-0.0011694596380065687
18,70.1,667.1439555823425,368.1488952636719,54753,911.3869559658832,925.7014775446095,0.22482504657603342
18,75.1,578.5589084841852,298.6412353515625,55739,911.3773300561546,925.3338237140961,-0.006425743211794485
18,80.1,663.0256541628545,363.1854248046875,54650,908.9257822506862,924.7718755718207,0.20831166567412907
18,85.1,566.1457630747818,287.760009765625,56043,911.7576682190461,923.9716110843459,-0.04262739370311232
18,90.1,647.7409933388695,354.57427978515625,56597,911.9620297895648,924.7451278336307,0.17966253420772504
18,95.1,561.5388844679158,276.4203186035156,55292,908.7806011719598,924.482854662519,-0.08035435128596996
18,100.1,631.0480628105604,332.9844665527344,56551,909.4935898569433,925.1557708970664,0.10783359668224445
18,105.1,546.7046945269033,267.73321533203125,56257,910.2493556357431,924.01105640187,-0.10925619455100559
18,110.1,620.4212635631782,328.0934143066406,57140,911.7083479173958,924.124431221561,0.0915611499298591
18,115.1,545.9405942322463,269.0138244628906,57284,912.9027826269115,923.8784128203338,-0.10499562998452187
18,120.1,625.3667502811176,333.6015319824219,57805,913.0771905544503,925.5534296341147,0.1098865627603204
18,125.1,547.265848812095,285.2765197753906,57875,915.8021598272138,924.6069978401728,-0.05088992221289186
18,130.1,615.9486700809516,344.1675720214844,60530,919.8956880885511,923.7408888154634,0.1450395963547852
18,135.1,550.7536441095698,264.7906188964844,56804,909.387103020914,927.835610168298,-0.11904616231294016
18,140.1,621.8564619799621,348.3285217285156,59587,917.2674073203887,925.4201084129088,0.15888300450915427
18,145.1,553.1666781198461,292.0214538574219,58208,911.6104143760308,927.483782297966,-0.02844964245798636
18,150.1,627.6543738705575,352.11553955078125,59764,918.0358911719429,924.189997322803,0.17148234771027585
18,155.1,551.3726801192466,291.8983154296875,58031,912.636056590443,925.6357119470628,-0.028859321890480745
18,160.1,630.0084264392324,357.6300354003906,58625,912.3127846481876,925.9851428571428,0.1898289806154314
18,165.1,553.861805387042,293.4411926269531,57694,910.0601969008909,928.3847020487399,-0.023726195975085813
18,170.0,626.0586676695328,353.4903259277344,58499,913.0155045385392,928.3971008051419,0.17605623835573794
18,175.1,546.1188597169925,277.1014709472656,58161,910.1849349220267,929.0538505183886,-0.07808816914637277
18,180.0,634.3752037106682,341.72467041015625,55839,906.3098193019216,930.1037446945683,0.1369121046839691
18,185.4,453.00290510567976,202.82521057128906,57485,912.2117421936157,928.6423762720709,-0.32520401071189364
18,191.0,448.63633309165505,197.32388305664062,56549,911.50425294877,926.7857079700791,-0.3435068327929795
18,196.7,444.6947972793923,197.11082458496094,56605,910.0950799399346,926.5520890380708,-0.3442156746660797
18,202.3,446.78457082955777,194.85189819335938,56283,909.4485368583764,928.7009398930405,-0.35173108394314306
18,208.0,447.03285212923765,197.14903259277344,55278,906.6516878324107,929.2001881399472,-0.34408855728082993
18,213.6,447.12024531050486,198.92225646972656,55603,906.2311925615525,928.6425912270921,-0.3381890719214529
18,219.2,451.3896395987884,202.45889282226562,55133,906.6836740246314,929.7997206754575,-0.3264227435664033
18,224.9,448.47812585126667,199.86422729492188,55065,901.993934441115,932.210805411786,-0.33505515117719326
18,230.5,444.1215298652615,196.87965393066406,56554,906.8984510379461,929.379053647841,-0.3449847754594242
18,236.2,441.45402543123294,190.84716796875,56466,904.332819749938,931.6023447738462,-0.36505475256468967
18,241.8,442.82593567303104,194.52114868164062,56617,907.0645919070244,929.3435893812813,-0.3528314818835084
18,247.5,435.60304507741,189.79042053222656,58455,910.3558121632025,930.9318450089812,-0.3685705331219881
18,253.2,437.4696375170697,187.27005004882812,57851,906.6717429257922,934.1791325992637,-0.37695576239860024
18,258.8,446.0557932939711,192.05703735351562,55383,907.6775905963924,931.41249119766,-0.3610295379175422
18,264.4,441.5267419862445,187.7926025390625,56559,906.9955798369843,933.9016602132286,-0.3752172392455392
18,270.1,440.69238250720764,197.54063415527344,57578,905.2022300184099,937.9802355066171,-0.34278570561347727
18,275.7,441.80640973915484,186.5774383544922,57007,905.7698001999754,937.4966232217096,-0.3792600696006266
18,281.3,442.6612134080546,197.1736602783203,57458,908.0210066483345,938.368199380417,-0.3440066213943311
18,287.0,444.0037954281555,194.762939453125,57701,906.9121332385921,939.3574981369474,-0.3520270481428261
18,292.6,438.71814234472345,194.46084594726562,58267,907.9908352927042,940.4347915629774,-0.3530321080442541
18,298.3,443.41891650596386,187.92771911621094,56004,903.279515748875,941.7395900292836,-0.3747677087158319
18,303.9,446.1164136726002,197.42086791992188,54942,903.7776564376979,941.2023224491281,-0.3431841658198773
18,309.6,438.98653513570747,192.3228759765625,56666,903.1557547735856,942.1557018317862,-0.36014509738806055
18,315.2,442.2002732046551,195.70266723632812,56368,903.8165980698268,942.5356053079762,-0.34890058996071965
19,0.1,408.93571337008075,131.2698516845703,46806,1116.0819766696577,976.8175020296543,0.04741799726382491
19,5.1,408.5434137530641,127.03683471679688,46506,1114.3495247925,979.0505311142648,0.013642243746384225
19,10.0,407.6941403602456,123.54133605957031,48689,1115.296596767237,972.2056111236624,-0.01424876211677685
19,15.1,409.7927475299559,121.37648010253906,47570,1113.277296615514,976.0480134538575,-0.03152240920161514
19,20.1,411.9563891750951,123.41095733642578,47557,1112.7168660764976,976.32184536451,-0.015289069691817031
19,25.1,410.88441592117204,121.59042358398438,46278,1112.937183975107,977.9107783395998,-0.029815328329751558
19,30.1,415.09717799494894,123.66674041748047,45535,1110.836499396069,984.9464368068519,-0.013248145602590211
19,35.1,417.1400665926748,121.4275894165039,45050,1111.8538512763596,982.8116093229745,-0.031114601814103048
19,40.0,414.9167244822874,119.6767578125,47565,1110.84833385893,980.3358141490592,-0.04508469859320633
19,45.0,418.28503255730976,123.52800750732422,44844,1111.094081705468,985.0249977700473,-0.014355112244554671
19,50.0,416.1677761842584,118.7601318359375,46717,1110.619560331357,979.3917631697241,-0.05239856794165432
19,55.1,416.488529618506,114.53002166748047,46947,1109.7857371078023,979.8299145845315,-0.08615112775635696
19,60.1,416.44273706330443,109.48163604736328,45684,1110.6876805883899,981.6458716399615,-0.12643280620560726
19,65.1,421.32056660899656,117.81816864013672,46240,1108.5187067474048,983.8227292387543,-0.0599146060218425
19,70.1,459.78683958375115,132.05638122558594,44877,1110.8171669229228,981.5608663680728,0.05369381144406029
19,75.1,422.7841771073042,118.47586059570312,46932,1109.1616807295661,979.9096565243331,-0.054666802492885934
19,80.1,468.5096281682892,139.1776580810547,46634,1106.4162628125403,984.9787065231376,0.11051533935923996
19,85.1,427.68821465696465,122.63140106201172,46176,1105.0406921344422,987.9169915107415,-0.021509243335825205
19,90.1,475.25394298009684,151.33609008789062,46475,1107.4405379236148,982.5379666487358,0.2075289364574484
19,95.1,436.2586459365175,119.18865966796875,46438,1108.6447306085533,981.0129635212542,-0.04897929262566994
19,100.1,483.6227539680807,148.9716339111328,45803,1109.4492282164924,981.267471562998,0.1886626551179316
19,105.1,444.57533673738885,130.50894165039062,45436,1110.275464389471,981.5818734043489,0.04134660422215732
19,110.1,489.92748091603056,159.74075317382812,45064,1111.64597017575,979.1267530623114,0.2745907580728422
19,115.1,443.81089460652385,131.77943420410156,46445,1109.5985359026806,980.5185488211863,0.0514840177186253
19,120.1,489.41234610716145,159.81686401367188,46136,1109.0189873417721,982.9234437315762,0.2751980556542455
19,125.1,439.5873983739837,161.88818359375,45264,1112.0726184164016,977.9192515022976,0.29172536469297267
19,130.1,486.763741603853,194.03900146484375,46301,1110.0186389062872,982.0517915379797,0.548260622658022
19,135.1,440.6820240204765,122.00304412841797,45711,1109.9739450022971,984.1073264640896,-0.026522979182294237
19,140.1,483.3798631518926,188.50733947753906,45598,1112.0495416465635,980.3042458002544,0.5041228237199575
19,145.1,433.74719345035044,157.3566131591797,48369,1107.7389857139904,981.3566747296823,0.25556741701399693
19,150.1,477.02550471352936,186.7434844970703,46462,1110.7612672721793,981.4793164306315,0.4900488118474846
19,155.1,429.76123263051767,153.1978759765625,45626,1113.1127427344059,977.4823565510893,0.2223843508715104
19,160.1,471.7874912515111,185.5098876953125,47151,1110.7560815253123,980.6560412292422,0.48020579401096714
19,165.1,428.3793488097994,154.94644165039062,47513,1110.3687201397513,982.4512659693137,0.23633636752013287
19,170.0,474.97963149078726,185.41619873046875,44775,1113.336504745952,983.4114796203238,0.47945823844765195
19,175.1,428.3994181661459,127.84678649902344,46405,1112.0623424199978,979.1448550802716,0.020104946817448403
19,180.0,474.6410845182372,145.12802124023438,45292,1112.5723527333746,983.5445994877682,0.15799400550534498
19,185.4,359.7534895855981,88.35049438476562,45994,1113.9459712136365,978.84641474975,-0.29504073709075945
19,191.0,358.47597682624036,85.1436767578125,45914,1114.693405061637,979.0616369734721,-0.3206283221554905
19,196.7,354.77916391275613,86.81658172607422,48416,1113.4209145736947,976.7757559484468,-0.30728001141251926
19,202.3,357.93050329777344,84.2748794555664,45182,1115.486078526847,981.29122216812,-0.32756056073631445
19,208.0,359.2031181667104,87.3460693359375,45732,1113.556328172833,983.6451062713198,-0.3030551658384445
19,213.6,361.9557691480669,87.71479797363281,46506,1112.1874596826217,979.6809228916699,-0.3001130355147455
19,219.2,362.92960346254216,88.49801635742188,47133,1113.0470158912015,979.167822969045,-0.293863641457839
19,224.9,365.53927963384706,90.41869354248047,45227,1111.6581687929777,981.873770093086,-0.278538326278856
19,230.5,364.6007602920213,91.85481262207031,46298,1114.2787593416563,978.9582703356516,-0.2670793587332016
19,236.2,374.822912757387,92.5273208618164,39969,1111.8747779529135,1000.196402211714,-0.26171333428372723
19,241.8,370.58638891918423,92.54247283935547,45845,1115.1296542698221,980.2220525684371,-0.2615924348253605
19,247.5,368.82857455900074,95.95481872558594,45635,1116.5395858441984,979.6718527446039,-0.23436491496257175
19,253.2,374.243246617067,88.5253677368164,40054,1114.879962051231,995.0124082488641,-0.29364540149900475
19,258.8,380.95256342494713,89.6902847290039,37840,1113.4142970401692,1005.2056025369978,-0.28435038815605107
19,264.4,383.7295754642538,92.23478698730469,38018,1111.5462938608027,1005.0242516702615,-0.2640474973915607
19,270.1,365.69332315752564,96.69808959960938,48481,1117.4876962108867,969.9890885089004,-0.2284342669096977
19,275.7,373.8046403588402,79.1400146484375,37454,1111.7165856784322,1004.8608159342126,-0.3685322670609864
19,281.3,367.1944303386078,81.87830352783203,49231,1119.3437671385916,961.871625601755,-0.34668312944729357
19,287.0,363.61972834830067,88.90958404541016,49107,1120.1842914452116,961.7030362270144,-0.29057969317908994
19,292.6,360.2728305723342,96.94689178466797,50163,1117.6233279508801,969.5629248649403,-0.2264490442325583
19,298.3,372.0316974532736,78.87883758544922,36596,1112.5621106131819,1010.0482293146792,-0.370616230383378
19,303.9,371.38269983230856,95.89942932128906,35780,1112.9839575181666,1010.8796254891,-0.23480687370765874
19,309.6,359.6448646873612,90.29855346679688,51769,1120.2885124302188,961.5479920415693,-0.2794969384495013
19,315.2,372.69878505387027,102.4081039428711,39261,1112.5015919105474,1006.0717760627595,-0.18287337298762515
20,0.1,325.25750450490045,80.60658264160156,45506,351.200523007955,1034.0294466663736,-0.0247922850634005
20,5.1,320.1276290274463,84.17515563964844,53632,372.52297136038186,1059.0798590393795,0.01838160725359796
20,10.0,320.88839812596115,83.06694793701172,55922,370.00951325059907,1058.6029648438896,0.004974107940933636
20,15.1,320.4088457957879,83.60752868652344,56931,364.84259893555355,1059.3015580263827,0.011514250199711858
20,20.1,321.66917109309475,81.82283020019531,57232,364.3815872239307,1055.3741438356165,-0.010077680330842612
20,25.1,320.65628029358817,81.24382781982422,57768,361.4480854452292,1053.524892674145,-0.01708266143536506
20,30.1,320.4110138463587,79.33039855957031,60088,359.70435028624684,1052.498502196778,-0.04023202362680959
20,35.1,320.6388931072302,80.82780456542969,59265,366.4188138024129,1054.9740150172952,-0.02211586187610908
20,40.0,320.76279930085354,80.16087341308594,58929,364.74306368680953,1054.3691221639601,-0.03018463720168042
20,45.0,318.4741922742713,80.38646697998047,63295,355.7147326013113,1042.924291018248,-0.027455324288691733
20,50.0,319.6068924386273,81.18171691894531,62039,359.9359112816132,1047.360063830816,-0.01783410167428558
20,55.1,320.37726359791645,81.23416137695312,61241,361.4038960826897,1046.3517251514509,-0.017199609572290782
20,60.1,322.862180229967,82.03813171386719,56095,368.766021927088,1048.7598538194136,-0.007472884416048716
20,65.1,346.11533223424846,99.90748596191406,55804,369.74091462977566,1052.0091749695362,0.20871705383145828
20,70.1,369.2052802431839,115.9948959350586,53293,370.95809956279436,1055.0034526110371,0.4033483829986319
20,75.1,345.04290641767125,101.11546325683594,57404,367.66383875688103,1046.3326597449654,0.22333160191016652
20,80.1,371.2891202517749,116.44506072998047,54652,366.4558296128229,1048.6491619702847,0.4087946401976574
20,85.1,345.31122106827615,100.9909439086914,55173,368.277309553586,1049.003208090914,0.22182512160806336
20,90.1,372.54676481842534,117.09314727783203,54881,366.7566188662743,1046.1016563109272,0.4166354266532946
20,95.1,348.1348868553593,101.55811309814453,56388,368.70743775271336,1048.1221536497128,0.22868694047077698
20,100.1,371.8396149007166,117.0841293334961,54843,367.58689349597944,1047.765403059643,0.4165263242871966
20,105.1,347.695564516129,101.95256042480469,57536,360.9760323971079,1041.6851362625139,0.23345910750092436
20,110.1,371.91941197954714,116.27792358398438,54760,369.43727173119066,1047.8926406135865,0.40677255429739556
20,115.1,350.76743677175836,102.59361267089844,54841,367.6564796411444,1046.539596287449,0.24121479041887767
20,120.1,375.345317499051,119.28507232666016,55323,363.12461363266635,1040.9665600202447,0.4431541320508951
20,125.1,352.99618654314787,112.5181655883789,53757,363.15170117380063,1041.449932101866,0.3612856364372071
20,130.1,376.74160390229315,128.98828125,53507,366.4214962528267,1042.610069710505,0.5605470780309538
20,135.1,352.6821817228268,103.58091735839844,53389,369.69692258704976,1050.5859821311506,0.2531595611397015
20,140.1,348.4995052801827,96.42278289794922,105110,306.10965655028065,949.0183617162972,0.16655785044044596
20,145.1,355.07733782645323,104.68870544433594,53415,367.667434241318,1048.508939436488,0.26656198377712437
20,150.1,376.4996293688151,128.47598266601562,53962,372.29628256921535,1050.3733182609985,0.5543491036834493
20,155.1,352.15453671664744,113.97525787353516,52020,370.49663590926565,1045.994675124952,0.3789140681519838
20,160.1,379.94946215529046,121.444091796875,51130,371.6004693917465,1050.485683551731,0.4692747338063799
20,165.1,354.0487002999308,112.05464172363281,52012,375.2730715988618,1052.6378720295315,0.3556777563591312
20,170.0,378.8455297058258,131.17300415039062,52010,371.2636416073832,1049.2981349740435,0.5869786492207738
20,175.1,353.569260208821,109.6160659790039,53826,369.84048601047823,1047.296622450117,0.32617498125460753
20,180.0,378.946018162451,129.2169952392578,55389,372.05589557493363,1047.2879813681418,0.5633141429471017
20,185.4,304.25648238973923,75.14593505859375,54031,371.7747959504729,1046.923580907257,-0.09085718295364688
20,191.0,302.2548147881493,75.64115142822266,55558,371.2796536952374,1048.8660498938048,-0.0848658754400623
20,196.7,303.4978458136343,76.5008773803711,52456,369.56944868079916,1049.4486426719536,-0.0744645985990111
20,202.3,303.23089433969403,75.07377624511719,52877,370.70703708606766,1050.103863683643,-0.09173018648880353
20,208.0,303.07055117523157,72.04573822021484,53649,371.1101045685847,1049.491155473541,-0.12836449036614103
20,213.6,303.178717624293,70.31582641601562,53744,375.35674679964274,1053.2513768978863,-0.14929359171653478
20,219.2,304.2989991978303,71.39026641845703,52358,374.7653080713549,1053.730585583865,-0.13629462630602773
20,224.9,303.46737389534775,74.63525390625,53071,374.668123834109,1053.5671082135252,-0.09703558902567538
20,230.5,302.3685879500093,73.80268859863281,53610,377.0629919791084,1054.1492072374558,-0.10710826652382557
20,236.2,302.8595498173144,71.62374114990234,52823,374.6633284743388,1053.8534161255513,-0.13346996420168603
20,241.8,305.2630332206239,72.18738555908203,52347,370.83746919594245,1048.7045293904139,-0.12665078941100058
20,247.5,303.16299303944317,70.99922943115234,51720,374.8236465583913,1053.1990139211136,-0.14102553381194005
20,253.2,303.36745565594083,77.58698272705078,51247,376.22703768025445,1051.0266161921672,-0.061324501616791774
20,258.8,305.402127455678,72.29563903808594,52175,368.93420220412077,1047.7734547196933,-0.12534109950189318
20,264.4,305.5463062150634,71.86212921142578,51343,369.21354420271507,1049.9350641762267,-0.13058585884542628
20,270.1,305.2860164968462,75.52208709716797,51525,368.0282775351771,1047.4823289665212,-0.08630635896402664
20,275.7,305.2903348174177,78.05208587646484,50087,373.3942939285643,1049.4606185237687,-0.055697514779170745
20,281.3,307.1374887082204,78.86125183105469,49815,371.4410719662752,1045.7038442236274,-0.04590793115312093
20,287.0,306.29099225897255,78.20028686523438,51156,373.47038470560636,1045.687817655798,-0.0539045253870775
20,292.6,305.03930847612867,81.36917877197266,52406,370.74632675647825,1043.0799335953898,-0.015566120085965213
20,298.3,305.73881478326524,76.4739990234375,51653,371.433934137417,1044.0397072774088,-0.0747897827240224
20,303.9,307.2140039252225,72.34207916259766,50443,372.1617667466249,1045.5504827230736,-0.12477925000744419
20,309.6,304.8514586322334,79.99403381347656,52275,372.5890769966523,1042.404667623147,-0.03220312327768017
20,315.2,305.0643255233089,78.99390411376953,53649,372.03987026785217,1041.2292493802308,-0.04430305565451989
21,0.1,330.9468366483284,86.44481658935547,37808,125.36703872196361,1084.7571942446043,-0.05465833507458832
21,5.1,330.94967662140226,96.75450134277344,38809,124.59671725630653,1081.908809812157,0.05808612936161001
21,10.0,334.6863568622138,99.1123046875,36905,126.0803956103509,1085.1368107302533,0.08387055262042431
21,15.1,332.1059425423062,96.06868743896484,38115,122.62056932966024,1082.4749836022563,0.050586218051308904
21,20.1,328.9570926711084,78.83436584472656,41275,122.28268927922471,1076.0846274984858,-0.13788456495875506
21,25.1,330.7217728301298,94.81775665283203,38447,123.33893411709626,1081.12986708976,0.03690631173966935
21,30.1,329.62305676855897,91.61721801757812,40075,120.8991890205864,1077.8422208359327,0.0019059191021124657
21,35.1,331.7280199316775,93.27472686767578,38933,123.69904708088254,1080.2759355816402,0.02003207446690813
21,40.0,330.8561210101269,93.31317138671875,39005,122.96490193564928,1080.6697859248814,0.020452495344333094
21,45.0,329.9469689302702,92.68431854248047,39524,124.17796781702256,1078.4841362210302,0.01357549776113156
21,50.0,329.6643268181367,91.86299133300781,40316,124.36531401924795,1078.6564887389623,0.0045936424887700845
21,55.1,328.1931204396854,91.01335906982422,42212,123.17139675921538,1073.1937126883352,-0.00469775067905609
21,60.1,328.38244072098325,87.98872375488281,42553,125.43649096420934,1074.0326651469932,-0.03777450296140164
21,65.1,343.0418874474694,101.89315795898438,43784,124.02249680248492,1071.8904622693221,0.11428135763220827
21,70.1,382.08955957530475,130.18310546875,40688,126.24429807314196,1078.4094573338577,0.4236540549747979
21,75.1,345.5421728971963,103.13346099853516,42800,126.5745093457944,1073.572523364486,0.1278450412246073
21,80.1,379.2316610123795,128.67645263671875,44509,124.56896358039947,1069.6232672043857,0.40717762812941555
21,85.1,345.98437958345556,103.63287353515625,40908,126.93236041850005,1077.1026694045174,0.13330650782817163
21,90.1,379.76652823735816,124.72291564941406,45029,121.27191365564414,1065.6147593772903,0.3639426097051527
21,95.1,343.3565504729817,98.45445251464844,46302,121.37287806142284,1065.2277439419463,0.07667642470281272
21,100.1,384.5925723128199,130.6834716796875,42005,124.70967741935483,1074.477109867873,0.42912595075273774
21,105.1,346.3127197373629,103.10710144042969,42949,124.9089850753219,1071.6212018906144,0.12755677884486863
21,110.1,385.36573199670687,131.63531494140625,41298,124.94721294009395,1075.7253377887548,0.43953510111343197
21,115.1,350.400096828855,106.04492950439453,41310,125.40411522633745,1074.5760832728154,0.1596842259588591
21,120.1,385.9104856927711,131.21656799316406,42496,122.009812688253,1070.6985833960844,0.4349557757952445
21,125.1,350.7097516444489,111.7982406616211,39983,124.36855663657055,1076.1666958457345,0.22260118226455652
21,130.1,388.122431174874,136.73092651367188,41264,123.5118505234587,1072.3341169057774,0.4952595981694179
21,135.1,348.14468966801695,103.55197143554688,42954,122.30309167947107,1068.9049215439773,0.13242178010754962
21,140.1,389.4684928141506,138.91590881347656,40705,120.5942513204766,1072.29369856283,0.5191540881646024
21,145.1,352.57919420684294,104.54635620117188,41152,122.85269245723173,1071.0223804432349,0.14329615507878596
21,150.1,389.8756022777048,140.32203674316406,41094,122.84433250596194,1071.3392709397965,0.5345311965974126
21,155.1,349.9365839430252,110.03021240234375,41141,123.02970272963711,1070.479545951727,0.20326641073973345
21,160.1,391.0387380777696,132.23007202148438,40890,121.3909757887014,1071.04306676449,0.4460392348543608
21,165.1,353.4976606747107,112.92169189453125,40610,123.3234178773701,1072.2716572272839,0.23488699997907486
21,170.0,390.64641124067504,144.5181121826172,41421,121.9810241182009,1070.910359479491,0.5804185626488514
21,175.1,351.06297826393126,84.90184783935547,42602,120.52276888408994,1066.484742500352,-0.07153190488018951
21,180.0,391.93314841803397,112.83367919921875,42542,118.21063889803018,1065.13965022801,0.23392451233430916
21,185.4,292.15305978709273,80.13639831542969,49693,112.55549071297769,1047.1142615660153,-0.12364582176737898
21,191.0,292.39499153410395,74.20960235595703,47839,113.82804824515563,1050.6280649679131,-0.1884599700420715
21,196.7,291.1070672612565,79.16678619384766,48661,109.59302110519718,1047.1021351801237,-0.13424928850503745
21,202.3,290.8408610803742,80.94153594970703,49705,111.70318881400262,1045.8894879790766,-0.11484101215921591
21,208.0,290.52234200296556,60.74580383300781,49906,112.78792129202901,1046.739169638921,-0.3356971349072276
21,213.6,293.80295764233654,71.24474334716797,47335,114.19645082919615,1052.882074574839,-0.220883021674561
21,219.2,291.5996157056072,47.91374206542969,51523,113.2135357025018,1042.750674456068,-0.4760257643658707
21,224.9,292.4215650774492,61.59352111816406,49710,118.08177429088714,1048.6239589619795,-0.3264266835215474
21,230.5,293.1733583173674,67.80860137939453,47497,117.3225677411205,1054.0200854790828,-0.2584599209832352
21,236.2,295.24295570888046,62.765811920166016,44930,119.48971733808146,1060.5560649899844,-0.3136067669289112
21,241.8,295.41798583958575,66.00679779052734,47315,113.80492444256578,1054.6294832505548,-0.2781640521477408
21,247.5,292.84704359617047,74.73900604248047,48674,114.43951596334799,1053.456650367753,-0.1826705267627466
21,253.2,292.9756404698499,75.5324935913086,48441,117.65417724654735,1054.3443157655704,-0.17399311994875458
21,258.8,294.799903080359,74.59381866455078,47462,114.52593653870464,1053.6953773545151,-0.18425826426967198
21,264.4,294.9323389304421,72.9999008178711,46393,114.38242838359236,1056.297760437997,-0.20168900228710962
21,270.1,295.1268407321964,73.27590942382812,46381,115.29042064638537,1056.15346801492,-0.1986706323560513
21,275.7,292.2901086128812,79.06670379638672,49902,114.06438619694602,1049.3565788946335,-0.13534376778069943
21,281.3,294.91087994905,55.025028228759766,47105,113.6679545695786,1056.1184799915084,-0.39825828949993064
21,287.0,295.3605695555934,76.63977813720703,46984,115.64649667972076,1057.3298782564277,-0.1618840975982496
21,292.6,293.09702160556617,75.96440887451172,49154,114.81134800830044,1049.8310615616226,-0.16926978859079028
21,298.3,293.25434835369305,78.11993408203125,49444,112.33348839090688,1049.2727327886093,-0.14569743493371604
21,303.9,295.44442063304973,70.72077178955078,46663,115.21453828515098,1055.5103186678953,-0.22661306037664306
21,309.6,294.22171643349344,75.98979187011719,47890,114.7213405721445,1054.7563792023386,-0.1689922056856121
21,315.2,295.49393255556504,76.60556030273438,46972,116.8162948139317,1057.949586987993,-0.16225829637484238
22,0.1,408.8386595209739,149.4477996826172,30228,967.1860195844912,1117.4473997618102,0.06818782905044031
22,5.1,405.51773307748294,146.41465759277344,30226,961.981208231324,1116.159696949646,0.04650824948464919
22,10.0,401.4884146138759,141.61805725097656,30081,962.2062763870882,1116.870117349822,0.012224237831029936
22,15.1,391.40397648797097,133.90701293945312,31133,959.8805768798381,1115.5503163845437,-0.042890950885903875
22,20.1,388.0069449037635,128.15142822265625,30238,963.3692373834248,1118.3849460943184,-0.08402936548021556
22,25.1,383.7186162979669,124.52427673339844,30151,961.2142549169182,1116.1095154389573,-0.10995466570661983
22,30.1,380.4264237649762,121.77975463867188,30465,964.1527326440178,1118.0677827014606,-0.12957131516129844
22,35.1,381.3334629089731,120.47250366210938,30870,963.0462908973113,1115.9695497246519,-0.13891497619641494
22,40.0,379.2073609226594,119.66751861572266,29480,960.3756105834464,1116.8736092265942,-0.14466865896018943
22,45.0,379.1940537711781,118.60045623779297,30574,963.1731209524432,1116.3011055144893,-0.15229555642781867
22,50.0,381.72192114889583,122.6942138671875,29524,959.6470667931175,1116.450819672131,-0.12303515858932007
22,55.1,379.66317491326754,119.62993621826172,29689,960.7470780423726,1116.7844319444912,-0.1449372815805262
22,60.1,378.43114332476034,119.18547821044922,29939,961.914693209526,1115.4187514613047,-0.14811407398213786
22,65.1,378.20128704487723,120.20455169677734,29525,961.6916172734971,1116.5889246401355,-0.1408301802258197
22,70.1,413.8845928147617,144.45326232910156,30674,962.4449370802635,1114.1523440046944,0.03248904978374407
22,75.1,379.48990279299016,122.0692367553711,29216,961.7671139101863,1116.0731790799562,-0.12750222298033254
22,80.1,404.6322062269836,137.21157836914062,29870,962.5907934382324,1117.9481754268497,-0.019271355416519385
22,85.1,366.6379991822271,112.81693267822266,29348,964.5210917268638,1118.7881627368133,-0.19363366571065516
22,90.1,404.58658045878184,136.86883544921875,29077,962.9716958420745,1116.1571345049351,-0.021721132638608125
22,95.1,369.2305522368246,109.39434814453125,30132,962.9140116819328,1115.1708482676224,-0.21809681037086173
22,100.1,398.7673317551573,128.73402404785156,29570,962.5532296246196,1115.3203584714238,-0.07986522408067098
22,105.1,365.2291821621447,105.05863189697266,30923,965.616013970184,1113.7955890437538,-0.2490866231061042
22,110.1,396.3958130477118,124.70389556884766,30810,967.8804933463161,1113.965076273937,-0.10867082844503058
22,115.1,364.7230076275644,107.37149810791016,30416,963.8535310362967,1114.4742898474487,-0.23255526204229318
22,120.1,395.2151924512932,125.26860046386719,29462,964.0156472744552,1116.7060620460254,-0.10463456362784283
22,125.1,366.9836234355394,109.50143432617188,31081,966.9324346063512,1112.2728676683505,-0.21733140495083594
22,130.1,394.10489181561616,131.6494140625,29764,962.0961228329526,1116.0110872194598,-0.05902728509999512
22,135.1,364.3654430675707,105.24918365478516,29939,963.3815090684392,1114.4660142289322,-0.24772464207371864
22,140.1,401.6730228619814,135.40768432617188,29525,961.1342252328535,1111.7755800169348,-0.03216480493995145
22,145.1,371.4734964685739,117.00801086425781,28034,957.718948419776,1112.9243418705857,-0.16367766288940874
22,150.1,405.93504226701805,140.42868041992188,29219,956.7980081453849,1109.1314555597385,0.0037230898864946734
22,155.1,365.8078639488602,114.53846740722656,33164,970.4165360028948,1111.8311120492099,-0.1813288847187975
22,160.1,410.67067211139374,144.87847900390625,29876,959.9436336859018,1107.3786986209666,0.03552831351128155
22,165.1,372.21914117125414,115.40956115722656,29319,964.9473037961732,1112.8043589481224,-0.1751026857136064
22,170.0,411.30205428202163,143.062255859375,29402,956.9678933405891,1105.873512005986,0.022546740935786107
22,175.1,376.52827600759656,114.81381225585938,28434,958.6478159949356,1108.3386790462123,-0.1793608395771097
22,180.0,415.82639994462517,135.00978088378906,28894,956.6691354606493,1105.1006783415241,-0.035008845569477226
22,185.4,343.27080019365104,96.62653350830078,28918,957.3988173455979,1104.9495815754892,-0.30935559254736367
22,191.0,340.58823136298327,92.126953125,29927,960.6043372205701,1105.4237310789588,-0.3415166348074931
22,196.7,343.0406108989934,94.20967864990234,28810,956.5881638320028,1101.6071850052065,-0.32663021920500135
22,202.3,341.88327119411827,89.95620727539062,28699,956.2779190912576,1101.8975225617617,-0.3570321813825438
22,208.0,342.5128699906964,92.02548217773438,29021,957.460494124944,1098.2738706453947,-0.3422419049760841
22,213.6,341.4580346975685,91.93917846679688,29858,957.3377319311408,1097.6543639895506,-0.34285876634052775
22,219.2,339.96046438657044,92.68645477294922,28683,955.4876756266779,1100.6079210682285,-0.3375175605357925
22,224.9,340.03333677011375,90.54296875,29097,957.5791318692649,1098.4903598309104,-0.35283826573397287
22,230.5,337.3968107312733,90.8427505493164,29223,956.1223351469732,1099.4169318687336,-0.3506955559043154
22,236.2,337.28209142141515,89.79623413085938,28746,957.8358728170876,1096.5982049676477,-0.35817559979570285
22,241.8,338.6022723348413,88.99744415283203,28957,958.5457747694858,1095.7179611147565,-0.36388500290707915
22,247.5,332.496970322936,87.20316314697266,29046,958.1835708875577,1100.5516077945329,-0.37670974262506574
22,253.2,333.5690104166667,88.55736541748047,28416,958.2582699887388,1100.352512668919,-0.367030494175099
22,258.8,334.9992036562565,87.32196807861328,28882,960.1048403850149,1098.9743785056437,-0.3758605766803065
22,264.4,331.8932504440497,86.22735595703125,28150,957.1732504440497,1100.646571936057,-0.38368438772528773
22,270.1,332.1042476354256,88.96443939208984,29075,959.6549957007738,1097.6507308684436,-0.3641209065724419
22,275.7,330.5953311578872,87.73374938964844,27887,957.1693620683473,1100.2071574568795,-0.37291734308561775
22,281.3,330.15230035175705,90.70439910888672,28713,956.86305854491,1098.168042350155,-0.35168443178681374
22,287.0,332.9628819394635,89.29803466796875,27884,960.0858915507101,1100.7792999569647,-0.3617365127287096
22,292.6,332.6264338235294,91.2839126586914,27200,956.1089338235294,1099.0964338235294,-0.34754232115028505
22,298.3,331.57134963901575,84.54509735107422,27148,955.9772358921467,1100.0626933844114,-0.3957084400834682
22,303.9,331.12460169212176,85.31949615478516,27303,957.5825000915651,1099.8868988755814,-0.39017337447051187
22,309.6,328.260736741146,84.69477081298828,28151,957.6287876096764,1098.2254982061029,-0.3946386393190008
22,315.2,328.34659834686016,88.30294799804688,26737,956.1455660694917,1101.3190709503683,-0.36884895916096383
23,0.1,289.46372507424695,36.43074417114258,4714,1175.256045820959,1153.6289775137886,0.06494671079744305
23,5.1,292.49186813186816,35.24802780151367,4550,1176.4582417582417,1150.2885714285715,0.03037344208446704
23,10.0,294.6585474860335,35.38595962524414,4475,1176.5879329608938,1153.2938547486033,0.03440547726074569
23,15.1,291.38020936203833,31.549455642700195,5063,1172.9200079004543,1154.1169267232865,-0.07774354385114796
23,20.1,293.18918918918916,32.430728912353516,4884,1175.0552825552825,1151.5849713349714,-0.05198208629150741
23,25.1,293.08796835001164,31.788726806640625,4297,1176.305562020014,1153.387479636956,-0.07074914818824309
23,30.1,291.05744300402324,30.11427879333496,4474,1173.966919982119,1156.607063030845,-0.11969675946387774
23,45.0,289.3423330585326,33.045509338378906,4852,1172.7825638911788,1156.4771228359439,-0.03401077092438965
23,50.0,290.5777879761358,31.850934982299805,4358,1174.0027535566774,1157.05943093162,-0.06893067333794263
23,60.1,289.99945814142507,34.273033142089844,3691,1176.6586290978055,1159.7309672175563,0.0018723126340028343
23,80.1,307.08955600403635,37.25798416137695,3964,1171.1556508577194,1165.5764379414732,0.08912866279111205
23,90.1,310.8346354166667,41.78666687011719,4608,1171.677517361111,1159.9945746527778,0.22151151317324602
23,100.1,309.1841573240213,37.92385482788086,5441,1168.5833486491454,1157.2841389450468,0.10859345255161162
23,105.1,296.08006603384234,33.28568649291992,4846,1174.8210895583986,1152.8823772183243,-0.02698989126473811
23,110.1,310.8611646741226,39.99738693237305,5186,1168.4656768222137,1160.6116467412264,0.16920712500469892
23,115.1,295.18367346938777,32.8785285949707,4606,1171.8669127225357,1158.2251411202778,-0.03889196667004056
23,120.1,310.54802038416307,39.55491638183594,5102,1173.6954135633084,1151.4402195217563,0.15627278703988512
23,125.1,288.0318667763158,30.8966121673584,4864,1168.326480263158,1162.7300575657894,-0.0968275216163217
23,130.1,311.4765586034913,38.80030822753906,4010,1174.295012468828,1158.2211970074814,0.1342140152485599
23,140.1,305.4249555072177,38.810001373291016,5057,1159.4293059125964,1169.4245600158197,0.13449736613585797
23,145.1,290.10649286768324,31.840065002441406,4066,1165.850959173635,1168.7488932611905,-0.06924842554312007
23,150.1,306.3314656443527,30.90196418762207,3391,1180.4391035092892,1153.4125626658802,-0.09667107089027716
23,160.1,307.62217470983506,32.57491683959961,3274,1179.3396456933415,1158.6689065363469,-0.047767172148220155
23,165.1,288.8470128419877,32.94507598876953,3582,1179.147124511446,1155.7018425460637,-0.03694664741426919
23,170.0,305.44509323789794,40.09638595581055,5309,1164.0979468826522,1163.7717084196647,0.17210107314604478
23,180.0,309.0002103049422,35.88440704345703,4755,1166.8203995793901,1166.4077812828602,0.04897613593402547
23,191.0,265.856393129771,21.019996643066406,4192,1173.9625477099237,1160.7228053435115,-0.3855416134008443
23,196.7,264.41812184710903,19.174558639526367,5154,1162.256887854094,1165.0324020178502,-0.43948761907720674
23,219.2,262.78718494852683,15.070328712463379,5634,1164.931487397941,1161.2527511537096,-0.55946282849509
23,236.2,266.7639524245197,20.790197372436523,6558,1165.5289722476364,1154.8679475449833,-0.39225912584723555
23,241.8,270.15754618333915,18.277956008911133,5738,1165.0707563611015,1159.963401882189,-0.465697185861801
23,275.7,263.9797911297979,20.32684326171875,7373,1153.4261494642615,1157.5834802658349,-0.40580393387600583
23,281.3,264.1295885042456,23.3781795501709,7655,1150.0227302416722,1160.1601567602875,-0.31660700370464834
23,287.0,264.34223736106134,18.858802795410156,5578,1138.5229472929366,1177.9117963427752,-0.448717821623357
23,292.6,265.66398233536825,25.12771224975586,7699,1151.5698142615925,1161.7291856085205,-0.2654645102902147
23,298.3,268.8159176290525,23.39527130126953,7187,1157.8394323083344,1158.0374286906915,-0.3161073761365495
23,303.9,269.43088836937466,18.479381561279297,6844,1151.8820864991233,1162.9216832261836,-0.4598090964377329
23,309.6,270.09030211984646,25.552631378173828,5991,1160.974628609581,1163.0817893506928,-0.25304323703711223
23,315.2,267.11473031781617,23.845930099487305,7583,1152.2393511802716,1160.723064750099,-0.30293367859692844
24,0.1,255.47143342007016,24.390117645263672,26517,654.5859637213863,1151.612738997624,-0.2349267274790256
24,5.1,255.83471163526536,33.841800689697266,27812,642.269092478067,1149.6547533438804,0.06155524045605124
24,10.0,257.8449874871191,32.9761962890625,27172,654.3685779478875,1152.3644560577065,0.03440281744874363
24,15.1,257.1589701395317,34.0311164855957,29169,645.2083033357331,1148.9307826802428,0.06749372987272928
24,20.1,259.54707435107787,34.15803527832031,27276,644.9637776800117,1150.4062179205162,0.07147493970150123
24,25.1,258.52399916160135,33.6619987487793,28626,643.802347516244,1150.56850415706,0.0559151832269527
24,30.1,260.2375234234579,31.979896545410156,26149,660.9293280813798,1154.5380702894947,0.0031507211540819776
24,35.1,260.07246376811594,33.12062454223633,27186,656.0241300669462,1152.114875303465,0.03893326694912339
24,40.0,260.89484342771425,33.398597717285156,26665,656.8823176448528,1154.211963247703,0.04765277580106003
24,45.0,260.0119092177345,33.166770935058594,29389,642.6971996325155,1149.2353941951071,0.04038079468494902
24,50.0,260.77874067196257,34.299503326416016,29079,645.2825406650848,1149.5994360191203,0.07591253299596212
24,55.1,261.4159145395572,33.87490463256836,28364,646.5160767169651,1150.8908828091949,0.0625936504495616
24,60.1,262.139941588374,34.24627685546875,28419,642.7910904676448,1151.9756500932474,0.0742429161903099
24,65.1,261.26714826763924,33.02417755126953,28516,650.7584513957077,1151.367548043204,0.03590790167303186
24,70.1,277.2235251406789,41.01504898071289,27545,653.4385187874387,1155.6102740969322,0.28656688756791093
24,75.1,263.1234987303548,34.22948455810547,29142,644.5500308832612,1152.7722187907486,0.07371617260982677
24,80.1,277.90279167673145,40.56083297729492,28979,652.2189861623934,1155.8828461989717,0.2723189643220849
24,85.1,260.2436064718163,32.43978500366211,30656,644.2320263569937,1150.5188217640919,0.01757657890789945
24,90.1,277.62363702648065,41.518310546875,30173,647.749411725715,1153.8402213899844,0.30235328019453467
24,95.1,262.63755628833815,31.647619247436523,28203,648.3269155763571,1152.306031273269,-0.007272208470223488
24,100.1,277.0795859158644,42.9897575378418,30332,644.1919425029672,1152.1903600158248,0.34850987447970905
24,105.1,262.4026174475064,31.126022338867188,31099,640.4842277886748,1152.0743432264703,-0.02363374717126616
24,110.1,275.62610015174505,40.38180923461914,29655,644.8462653852639,1151.3542404316304,0.26670331774505784
24,115.1,262.3729332907756,32.78722381591797,31330,648.3030003191828,1152.2807213533354,0.02847509743739124
24,120.1,278.36651157132866,42.53361892700195,32883,634.654806434936,1149.9937961864794,0.33420164256405943
24,125.1,262.62928494325644,33.532962799072266,34277,634.3722612830761,1148.5485602590659,0.051867562065339275
24,130.1,277.75902875175314,43.348045349121094,34224,635.6671633941094,1148.673357877513,0.35974870621749117
24,135.1,263.58617678667383,33.481407165527344,29776,649.5451034390113,1152.4141254701774,0.05025035636560518
24,140.1,276.99281465946984,38.277503967285156,29087,655.0786605700141,1150.1076769690926,0.20069511964294773
24,145.1,265.36178969729156,33.24894332885742,30128,651.8558483802443,1154.8987320764736,0.04295839201961214
24,150.1,278.06527516691517,42.421688079833984,30854,652.6751474687237,1151.157807739677,0.3306905771077814
24,155.1,263.4816264139407,34.66659927368164,32710,641.3931213696118,1150.483430143687,0.08742765981037658
24,160.1,279.5816115053696,41.95745086669922,31846,644.1521070150097,1149.603403881178,0.3161283068865057
24,165.1,263.7197563996697,31.481555938720703,29064,666.5346132672722,1152.5590421139555,-0.012481309996207538
24,170.0,279.80312530143726,42.41670608520508,31101,646.2621137584,1152.4567055721682,0.33053430107050036
24,175.1,264.92723861148755,32.07194519042969,28779,658.5544320511484,1154.9267521456618,0.006038118381946105
24,180.0,279.88089193825044,40.73820877075195,29150,669.1757804459692,1151.4493653516295,0.2778829177535489
24,185.4,249.18568795039383,25.31708335876465,29835,662.0200435729847,1153.140874811463,-0.2058495125898776
24,191.0,247.9718445695797,26.372682571411133,32143,653.2316211927947,1148.0034222070124,-0.17273730067535903
24,196.7,247.5781104921077,26.62795639038086,34464,643.79143454039,1146.306319637883,-0.16472982900553615
24,202.3,249.26512342586096,24.00366973876953,29937,660.8057587600628,1153.4750308982195,-0.24704888977362882
24,208.0,248.9784322976343,25.111339569091797,29674,663.3074071577812,1152.800633551257,-0.21230331805138766
24,213.6,249.7093773297462,25.94453239440918,30851,672.1392823571359,1151.794171987942,-0.18616758673685035
24,219.2,250.2062211609822,26.61060905456543,30991,664.1209706043691,1150.1715014036333,-0.16527398312462907
24,224.9,248.51343481519922,27.652896881103516,34686,660.4377270368449,1147.0147033385228,-0.13257932498659752
24,230.5,249.54761981499985,27.043752670288086,31027,673.7061913816998,1150.0338092629001,-0.15168706204567922
24,236.2,248.4344429545852,27.546558380126953,34306,667.0046056083484,1148.9738238209059,-0.13591496879612674
24,241.8,250.8473027327576,27.839797973632812,33812,662.0320891991009,1150.9792085650065,-0.12671658038737652
24,247.5,249.48375297201733,27.356185913085938,32806,672.4275742242273,1151.9290678534414,-0.14188660404919592
24,253.2,248.4334559041575,27.8918399810791,33722,660.1697408220153,1150.005397070162,-0.12508411803009775
24,258.8,251.51839427485183,28.626182556152344,35772,666.1973610645198,1149.6875209661187,-0.10204913782893148
24,264.4,250.49219110987895,27.327377319335938,32463,660.8066414071404,1152.47142901149,-0.14279027681607656
24,270.1,249.3903756150246,27.020626068115234,33332,658.1377655106204,1151.813092523701,-0.15241250115442045
24,275.7,248.70333064359053,28.539283752441406,35939,655.7437602604413,1147.3470046467626,-0.10477499397691097
24,281.3,249.34747821964083,27.900936126708984,33746,653.5205950334855,1150.5918923724294,-0.12479878861899779
24,287.0,250.56615787709836,28.3148136138916,32823,659.1348749352588,1151.1864241537946,-0.11181621066890528
24,292.6,248.3484522910738,27.97323226928711,34438,651.6553226087461,1148.9649224693653,-0.12253099117753567
24,298.3,249.59168391574335,27.32148551940918,32852,656.2994642639718,1150.6353037866797,-0.14297509177747053
24,303.9,249.90145463216882,27.676746368408203,33548,658.3390067962323,1149.5348754024085,-0.13183121029664283
24,309.6,246.88878367909098,27.51568031311035,34851,654.9887234225704,1147.7397492180999,-0.1368835571451092
24,315.2,248.24805370819806,24.95749282836914,31727,664.2822517099,1147.3078135342137,-0.21712920823786758
25,0.1,514.7654033453314,275.85784912109375,4723,33.67435951725598,1168.6288376032182,0.000772757399856877
25,5.1,514.9810394824895,277.15765380859375,4483,32.53959402186036,1169.2123577961186,0.0054882625969543
25,10.0,516.0004295532646,274.6766662597656,4656,32.48668384879725,1167.9430841924398,-0.0035124048055726813
25,15.1,514.2608418367347,278.7828063964844,4704,33.936649659863946,1168.9732142857142,0.011384083367545704
25,20.1,512.7375690607735,271.7492370605469,4706,33.6230344241394,1168.5822354441138,-0.014132698558783786
25,25.1,509.40802242829415,271.5567321777344,4637,33.16907483286608,1168.6989432822945,-0.014831078695506423
25,30.1,505.6490023600086,267.51470947265625,4661,32.68397339626689,1168.0791675606092,-0.02949495801205311
25,35.1,503.53800265134777,265.4899597167969,4526,32.729341581970836,1169.035793194874,-0.03684046006201138
25,40.0,503.6655420602789,264.3758544921875,4446,32.41273054430949,1169.2798020692758,-0.04088227421092281
25,45.0,493.1079852845704,253.46006774902344,4621,32.71239991343865,1168.3694005626487,-0.0804831847267939
25,50.0,503.7851009514969,262.6139221191406,4309,30.95915525644001,1168.9020654444187,-0.0472743124470803
25,55.1,497.2033514492754,255.3799285888672,4416,31.45878623188406,1168.5851449275362,-0.07351820463782417
25,60.1,501.5813295615276,260.9225158691406,4242,30.554455445544555,1168.9790193305046,-0.05341049201234907
25,65.1,512.6421672555948,269.42138671875,4245,29.891637220259128,1168.3041224970555,-0.022577806112535532
25,70.1,559.3553779069767,300.5497741699219,4128,29.938953488372093,1169.1373546511627,0.09035152412829203
25,75.1,513.8680358829084,270.8830871582031,4236,30.96529745042493,1169.4173748819642,-0.017274966320429613
25,80.1,555.9367323290846,305.550048828125,4315,30.992815758980303,1168.8850521436848,0.10849180425224056
25,85.1,505.22982496021825,259.6853332519531,4399,31.30029552170948,1168.5087519890885,-0.05789881330954877
25,90.1,554.3368517668655,301.1924133300781,4358,31.287287746672785,1168.8109224414868,0.09268292693728146
25,95.1,514.7963178746213,271.48321533203125,4291,30.74248426940107,1168.7995805173618,-0.015097787279743079
25,100.1,556.6067757009346,306.0704040527344,4280,30.5946261682243,1168.7420560747664,0.11037957846138097
25,105.1,506.0651130911583,263.1294860839844,4377,31.288096870002285,1168.7176148046608,-0.045403920241976904
25,110.1,546.9968058407484,299.4875793457031,4383,31.232261008441707,1168.6563997262149,0.08649803347534846
25,115.1,509.83192686357245,263.648681640625,4266,30.153774027191748,1168.3738865447726,-0.04352035314209386
25,120.1,555.9163705283108,301.9147033691406,4221,29.87893864013267,1168.4567638000474,0.09530329172421097
25,125.1,504.67244567730006,263.8924560546875,4326,30.909616273693942,1168.7038834951456,-0.042635974490835074
25,130.1,549.9312367988736,294.2055358886719,4261,30.546115935226474,1168.7495892982868,0.06733553651526168
25,135.1,512.8901285471744,265.21087646484375,4123,29.95779772010672,1169.1668687848653,-0.03785293411881679
25,140.1,556.7505966587112,300.0014953613281,4190,29.877565632458232,1168.5983293556085,0.08836244715677033
25,145.1,510.2251441753172,262.427978515625,4335,30.195847750865052,1167.876585928489,-0.04794888920247837
25,150.1,555.3028531337699,303.4725646972656,4276,30.410196445275957,1168.5493451824134,0.10095498944447368
25,155.1,506.9697038724374,258.8111877441406,4390,30.80478359908884,1167.991799544419,-0.061070087982390116
25,160.1,559.1616961789375,303.2842712402344,4292,30.65936626281454,1168.507688723206,0.10027188775715937
25,165.1,513.9801415202008,270.0144348144531,4381,30.740926729057293,1168.0661949326638,-0.020426312580999226
25,170.0,569.5115503691355,315.04595947265625,4199,30.97285067873303,1169.5501309835674,0.14294160769277467
25,175.1,519.3956400742115,258.352294921875,4312,30.121057513914657,1167.735853432282,-0.06273488540089016
25,180.0,567.0361909070346,312.5471496582031,4421,31.403980999773808,1168.3944808866772,0.13387628366376605
25,185.4,415.1516448850834,187.46578979492188,4438,31.118296529968454,1168.060162235241,-0.31990097084803204
25,191.0,406.012987012987,177.8047637939453,4774,32.989736070381234,1167.3969417679095,-0.3549497891474339
25,196.7,411.74233266174167,182.41905212402344,4467,31.060443250503695,1167.755764495187,-0.33820981212577894
25,202.3,407.2116379310345,180.7057342529297,4640,32.58362068965517,1167.9836206896553,-0.3444254839133316
25,208.0,409.7780461031833,182.8879852294922,4555,31.465642151481887,1167.5622392974753,-0.33650858999818223
25,213.6,412.65499124343256,183.71600341796875,4568,31.990367775831874,1167.8839754816113,-0.3335046586317227
25,219.2,413.0393356643357,184.22842407226562,4576,31.81840034965035,1167.756118881119,-0.3316456699069748
25,224.9,403.91495170096596,175.7438507080078,4762,32.7637547249055,1167.2977740445192,-0.36242648657818105
25,230.5,406.2467105263158,176.81622314453125,4560,32.108333333333334,1168.0879385964913,-0.358536073005834
25,236.2,410.79596977329976,184.62765502929688,4367,31.55598809251202,1169.0242729562628,-0.33019731718842604
25,241.8,414.46976316394574,186.64736938476562,4349,30.991492297079787,1168.6481949873535,-0.32287008284971686
25,247.5,408.0296514259846,182.33895874023438,4418,31.185830692621096,1168.3485740153915,-0.33850037944804096
25,253.2,404.3895310796074,178.05905151367188,4585,31.786259541984734,1167.7419847328244,-0.35402726972935505
25,258.8,404.0298918804325,176.86190795898438,4717,32.640449438202246,1167.6434174263302,-0.35837033504377414
25,264.4,405.2655379339906,177.47047424316406,4666,32.96420917273896,1168.2828975567938,-0.3561625437475702
25,270.1,408.9013084941229,181.03770446777344,4509,32.558216899534266,1169.0184076291862,-0.34322114353171007
25,275.7,410.4072900158479,183.29238891601562,4417,30.879103463889518,1168.0855784469097,-0.3350414713580776
25,281.3,415.6200986146983,189.21847534179688,4259,31.264381310166705,1169.6031932378492,-0.313542478772532
25,287.0,414.71497473587505,186.33505249023438,4354,31.4648598989435,1169.044327055581,-0.32400312380076624
25,292.6,410.56794814483686,180.1410675048828,4474,31.3815377738042,1168.0974519445685,-0.346474013981464
25,298.3,414.1697684975034,186.12167358398438,4406,30.94212437585111,1168.2473899228326,-0.32477723190412144
25,303.9,412.5901495162709,182.57916259765625,4548,30.77330694810906,1167.0525505716798,-0.33762895426475875
25,309.6,418.25925925925924,192.52499389648438,4320,31.957638888888887,1169.7949074074074,-0.3015469031457685
25,315.2,415.0882679086272,189.36997985839844,4509,30.466400532268796,1166.9077400754047,-0.3129928420907375
26,110.1,463.8116027146959,200.4696807861328,15324,284.7458235447664,146.52460193161053,0.0
27,125.1,262.34087481146304,25.903018951416016,7293,296.02481831893596,1156.7242561360208,-0.13393747033334003
27,130.1,275.04862579281183,29.01470184326172,7095,295.0386187455955,1157.368992248062,-0.02989894255065323
27,140.1,275.7795147573787,32.6693000793457,7996,294.2985242621311,1156.9037018509255,0.09229185687680828
27,150.1,278.3201021059349,33.488407135009766,7835,295.731589023612,1154.592342054882,0.11967854605102315
27,155.1,263.0712325498151,28.469310760498047,8381,295.9063357594559,1155.2400668178022,-0.048133990043838316
27,165.1,263.95250539711395,28.309608459472656,8801,293.3228042267924,1154.5002840586296,-0.05347360621286695
27,170.0,277.83150736683035,32.457542419433594,7941,296.52449313688453,1156.8624858330186,0.08521177964859979
27,175.1,264.3089209193611,24.762672424316406,7701,296.4800675236982,1156.3912478898844,-0.17206474035575914
27,180.0,279.60169748408606,40.74673843383789,9897,299.1863190865919,1157.494190158634,0.36235947747496977
27,185.4,242.03152885187387,17.877376556396484,8405,295.07519333729925,1156.5268292682927,-0.4022733028425711
27,191.0,240.6467999048299,18.754837036132812,8406,293.4926243159648,1156.7118724720438,-0.37293557799326654
27,196.7,240.5350516747603,17.432884216308594,8031,294.8129747229486,1155.7583115427717,-0.4171348199960737
27,202.3,240.34429447852762,18.734899520874023,8150,291.4449079754601,1154.4863803680983,-0.3736021850375142
27,208.0,240.29537211664007,15.665566444396973,6893,297.025823298999,1159.7986362976933,-0.47622475476921533
27,224.9,240.8002169869808,17.16860008239746,6452,295.5606013639182,1159.0705207687538,-0.4259711099279593
27,230.5,240.15349462365592,18.090927124023438,7440,294.8977150537634,1155.6408602150539,-0.39513328008469717
27,253.2,240.04553924994175,20.913536071777344,8586,300.3490566037736,1154.859422315397,-0.3007598848392807
27,270.1,239.94837863614688,18.305448532104492,8388,298.70886981402003,1153.1486647591798,-0.3879607974602278
27,275.7,240.04150820384658,20.76766586303711,9203,298.45572096055633,1152.4827773552101,-0.3056370276241245
27,281.3,240.32531218667395,21.96095848083496,10971,297.3113663294139,1149.9652720809406,-0.26573951509321303
27,287.0,240.39498112822605,20.699047088623047,9803,299.89992859328777,1152.9036009384881,-0.3079312833424689
27,292.6,239.4544117647059,22.244625091552734,10200,298.62529411764706,1153.595882352941,-0.2562551757225401
27,298.3,239.7980651617925,19.22854232788086,8993,297.3421550094518,1153.2340709440675,-0.35709733133725774
27,309.6,239.84535972754364,20.97892951965332,9396,300.39367816091954,1154.3223712217964,-0.298573467302494
27,315.2,239.767522855899,21.087631225585938,9188,297.7281236395298,1154.3338049629951,-0.2949390463650868
28,140.1,325.52941176470586,63.5220947265625,11696,1146.715885772914,479.4893125854993,0.0
29,165.1,322.9967561054729,71.67860412597656,21579,1135.0950461096436,357.58853514991426,0.028125622671493055
29,170.0,345.2315992292871,84.7258529663086,18165,1140.3997247453894,358.3906413432425,0.2152694852185447
29,175.1,318.1941924938303,67.25003814697266,31201,1140.279125669049,401.64606903624883,-0.03539573366941698
29,180.0,340.6052722978605,77.4218521118164,28792,1143.9321686579606,407.69988191164214,0.11050418575317109
29,185.4,280.22055809553837,47.51239776611328,31715,1141.7168532240264,402.7043985495822,-0.31850355997379226
29,191.0,268.18452060069313,36.93303680419922,12985,1143.696110897189,473.319291490181,-0.4702491500151105
30,170.0,354.7589941866842,87.58502197265625,36468,914.3269990128332,334.87731709992323,0.035245081716450126
30,175.1,341.9013978562026,90.64391326904297,63812,998.4734062558766,285.9217231868614,0.07140083185233798
30,180.0,376.2937943760279,119.77664947509766,49858,1039.9865618356132,248.05176701833207,0.4157464881641737
30,185.4,294.7328203841543,62.125247955322266,71742,994.6631540798974,283.99779766385103,-0.2656865757681581
30,191.0,293.1041940545354,62.885047912597656,70743,994.2838443379557,286.53124690782124,-0.25670582596480374
30,196.7,294.1372006754331,63.815792083740234,75211,1003.5642525694379,281.49019425350014,-0.24570453483294305
30,202.3,299.6910554159773,72.96802520751953,48957,1044.7656719161714,246.2403333537594,-0.13752617151560664
30,208.0,307.3661095770963,79.88463592529297,34405,1085.2939398343265,237.24080802208982,-0.05577261289964048
30,219.2,309.34184389043133,43.388126373291016,34937,1079.629619028537,226.7972064000916,-0.48715723966063096
30,224.9,301.08072932406566,72.72037506103516,49635,1037.6367281152413,242.7141130250831,-0.1404533683166116
30,230.5,317.2017864987553,84.43687438964844,20487,1115.4441353053155,226.61824571679603,-0.001965667660810394
30,236.2,308.6352066607196,76.8809814453125,33630,1088.9742194469225,244.58040440083258,-0.0912754700953165
30,241.8,301.61900944746634,67.77192687988281,52395,1027.454203645386,249.66731558354806,-0.19894346772271798
30,247.5,306.7774550524267,31.113359451293945,34429,1084.5141886200586,235.32039850126347,-0.6322436003077795
30,253.2,300.06021488133416,72.62125396728516,49888,1042.7866821680564,242.93948444515715,-0.1416249684656768
30,258.8,295.8497027038757,61.27430725097656,69123,999.2892090910406,287.6985807907643,-0.2757445989228619
30,264.4,302.3269101136654,67.71135711669922,43021,1059.3515027544688,239.90609237349202,-0.19965939549237843
30,270.1,301.54465046063325,71.49385833740234,51668,1032.866590539599,253.68920802043817,-0.15495065766113278
30,275.7,299.68011973575557,71.50017547607422,48440,1040.3336705202312,239.20992981007433,-0.15487598979448977
30,281.3,305.13713394143065,77.10057830810547,41660,1072.2793086893903,240.02292366778684,-0.0886798599436429
30,287.0,306.60657630522087,73.60346221923828,39840,1074.8532881526105,237.87863955823292,-0.1300153777028494
30,292.6,298.3709324893777,72.11598205566406,57191,1026.8878494868075,251.73401409312655,-0.14759722547553986
30,298.3,302.62706733195046,44.8276252746582,53511,1040.720730317131,250.77382220478032,-0.4701425249958123
30,303.9,314.98310576255494,84.98133850097656,25926,1105.623698218005,226.72313507675693,0.0044698367294211915
31,180.0,362.66407364787113,79.9289321899414,21725,897.7354660529344,377.1469735327963,0.8290868464037708
31,219.2,280.7851409651851,18.660629272460938,19934,897.7419484298184,384.2029196347948,-0.5729717561249896
31,224.9,272.99066133610035,38.861568450927734,32767,908.6217535935544,395.60234382152777,-0.11069519213273263
31,230.5,278.56344537815124,38.46194076538086,21420,895.8979458450046,390.1270774976657,-0.1198402379010853
31,253.2,284.19277519512093,42.581016540527344,23447,903.791913677656,371.397748112765,-0.02557966024496368
31,264.4,285.52968356648927,37.96479415893555,31381,912.9852458493993,348.18686466333133,-0.13121689831264308
31,270.1,280.31711364487984,35.975555419921875,18681,912.0653069964135,388.2893849365666,-0.1767384674390803
31,275.7,284.57689216342936,45.508155822753906,29860,901.7672136637642,369.49695244474213,0.041404744676013724
31,281.3,285.8144158860614,49.9950065612793,39179,914.9819290946681,340.0171520457388,0.14408145313136103
31,287.0,288.0167567856952,51.47649002075195,37358,917.9514160286953,331.18959794421545,0.17798359387867851
31,292.6,282.33186114665455,44.83103942871094,24227,901.5854212242539,385.0917158542122,0.025909671041285432
31,298.3,285.3536208151383,41.230106353759766,21984,900.2019195778748,379.9053857350801,-0.056493773390095765
31,303.9,288.2066077047368,43.43259048461914,23518,897.3921677013351,375.6647674121949,-0.006092314959566496
31,309.6,282.43605137168475,18.119613647460938,26318,905.7852040428604,381.1869062998708,-0.5853523114042073
31,315.2,284.34288818944844,43.01237487792969,26688,904.7970248800959,379.19188399280574,-0.015708492954072277
32,191.0,286.5045656754858,55.2850456237793,17084,1140.0409740107702,352.9618356356825,0.3206463655669441
32,196.7,277.61738751497984,45.90109634399414,27537,1144.1630896611832,412.9769401169336,0.09648306116546661
32,202.3,267.54487072560465,36.03277587890625,11990,1140.7277731442869,478.34211843202667,-0.13925087754114507
32,208.0,266.25967190704034,34.7135009765625,14630,1138.9136021872864,473.95372522214626,-0.1707656494890687
32,213.6,269.62356702799656,37.37813949584961,12823,1142.9343367386728,475.2858145519769,-0.1071128997021971
32,219.2,269.66784302653866,34.760345458984375,14168,1140.0263269339357,470.5153162055336,-0.1696466308691274
32,224.9,268.633723892002,38.95829391479492,13741,1138.673240666618,474.0681173131504,-0.06936625109461986
32,230.5,267.38900840993546,36.19612503051758,15339,1131.654671099811,467.8538366255949,-0.13534880129322105
32,236.2,268.1590564550361,33.47354507446289,16491,1136.1543872415257,468.52270935661875,-0.20038565318255916
32,241.8,282.98820266025,46.51416015625,29922,1141.5896330459193,403.6760577501504,0.11112789841541675
32,247.5,279.2449263086566,37.99026870727539,29515,1140.9272234457055,412.2777570726749,-0.09249038814946892
32,253.2,289.1597644498496,54.66343307495117,15623,1142.2002176278563,357.60980605517506,0.30579731653138414
32,258.8,285.89673989744557,27.694547653198242,21257,1137.9707860939925,374.58606576657104,-0.3384340504462707
32,264.4,292.26120599512024,57.25823974609375,14345,1145.9618682467758,353.96849076333217,0.3677819266719491
32,270.1,290.23957486714596,56.25308609008789,15995,1145.9550484526414,356.03050953422945,0.3437708671229723
32,275.7,291.44403104753354,55.062828063964844,15589,1146.0962216947848,354.0837128744628,0.3153380437699212
32,281.3,291.97763454220706,57.66689682006836,12877,1145.1924361264269,357.2685408091947,0.37754390612622046
32,287.0,291.5742534028577,53.38046646118164,14767,1144.3200379223945,357.81384167400284,0.2751498751392098
32,292.6,290.86000696136443,57.627193450927734,14365,1152.359136790811,362.53275321963105,0.3765954740581139
32,303.9,292.6505119040407,55.06642532348633,16507,1140.6336099836433,357.58569091900404,0.31542397492290203
32,315.2,291.2361531476998,55.45341873168945,13216,1144.0864860774818,367.97351694915255,0.32466845382809795
33,202.3,281.2271719411409,39.8612174987793,24805,898.1506954243096,372.2562386615602,-0.04098223939251563
33,208.0,284.0210762550617,48.613426208496094,40994,920.3235839391131,324.3261208957408,0.16958643170788326
33,213.6,295.50075990020935,63.40756607055664,69746,993.3081753792333,282.7037392825395,0.5255174285737394
33,219.2,284.65413533834584,14.376306533813477,133,980.7218045112782,247.62406015037595,-0.6541216208891071
34,202.3,285.5320791964234,53.600494384765625,17223,1143.7191546188237,360.5682517563723,0.0022478921838027747
34,208.0,288.88022702067974,56.31446075439453,15329,1148.6221540870247,351.0015656598604,0.052994944139939174
34,213.6,288.20248553674736,54.984256744384766,18668,1139.0745661024212,351.6150632097707,0.028122148086295852
34,219.2,290.13127548048925,46.025081634521484,17170,1138.5310425160162,350.3853232382062,-0.13940082856964656
34,224.9,288.54340030735955,56.477088928222656,17569,1138.680402982526,354.8374409471228,0.056035844159608876
34,230.5,289.6226547842401,56.857078552246094,17056,1139.3561796435272,351.2728658536585,0.06314107339490954
34,236.2,291.82054554155366,56.33203125,12538,1149.3207848141649,353.82126335938744,0.05332348573992507
35,219.2,282.78823529411767,15.76396369934082,85,981.1294117647059,244.4470588235294,0.0
36,230.5,289.32755105343216,60.27256393432617,30899,972.399559856306,264.57205734813425,0.24736736607345036
36,236.2,284.1113735679698,49.31794357299805,42335,925.2830046061179,321.58159914963977,0.02065665303105493
36,241.8,271.14469197544895,35.36894607543945,26394,907.9068727741153,404.2790785784648,-0.2680240191045054
37,253.2,269.0967966573816,33.294612884521484,14360,1135.4529944289693,470.2983983286908,-0.05605516161355615
37,264.4,269.0262651761029,35.002479553222656,16638,1131.8415073927154,468.98918139199424,-0.007634958256207763
37,270.1,268.3567785946089,36.40642166137695,15099,1132.7498509835088,471.27776673951917,0.03216859527907695
37,275.7,270.76147576147577,37.304603576660156,13986,1138.3526383526385,470.4072644072644,0.05763320079361603
37,281.3,268.996583781362,34.350772857666016,17856,1122.8785282258063,461.92848342293905,-0.02611167620292907
37,287.0,270.5985312117503,34.857303619384766,16340,1125.952447980416,466.9279681762546,-0.011750881570273899
37,292.6,265.26820302559025,31.932113647460938,21219,1099.8954239125312,471.4270229511287,-0.0946837567736664
37,298.3,269.09634089856416,8.804408073425293,17272,1126.1785548865216,468.8873320981936,-0.7503837757542624
37,303.9,267.32241065440263,31.219453811645508,20874,1110.565679793044,474.30703267222384,-0.11488857416789554
37,315.2,271.05540931824163,30.402376174926758,15196,1128.3843116609635,467.08837852066335,-0.1380537697031835
38,275.7,425.37134491805773,189.8686981201172,26299,615.110042206928,320.51511464314234,0.0
39,303.9,291.5190621814475,63.14628601074219,29430,964.1233095480802,259.92748895684673,0.0
40,303.9,338.83495660239845,71.85162353515625,15093,1135.1992314317895,841.133836878023,0.167785055559229
40,315.2,344.82402707275804,51.20462417602539,14184,1137.7163000564017,829.1775239706711,-0.167785055559229
41,303.9,281.2468204979494,151.31576538085938,24139,65.6398359501222,854.1997182981896,0.0
42,315.2,301.91206893279434,74.53781127929688,52689,1041.127787583746,252.52680825219684,0.0
