cell_id,time_seconds,mean_intensity,mean_intensity_sub,area,centroid_x,centroid_y,dF_F0
0,0.1,311.49549788135596,46.97011184692383,41536,211.98485651001542,64.36183070107859,-0.15950980444690882
0,5.1,338.917578125,64.79826354980469,5120,31.025,42.3173828125,0.15950980444690882
1,0.1,340.65998739760556,93.23461151123047,31740,467.87413358538123,76.94489603024574,-0.04774734952663626
1,5.1,343.09695877927305,103.81327819824219,28311,472.856486877892,65.18657059093638,0.060297969994728265
1,10.1,342.66456233241695,93.37374114990234,29463,469.8072497708991,69.68146488816481,-0.04632634755068298
1,15.1,344.4294851408177,95.50090026855469,28299,466.4488497826778,71.39227534541857,-0.024600586313706218
1,20.0,349.5557354214509,103.62512969970703,26563,469.3653578285585,64.02462071302187,0.05837631339629749
1,25.1,348.10683384660507,92.89727020263672,27276,467.9559686170993,70.8512245197243,-0.05119278840406278
1,30.1,349.74288199039586,97.9643783569336,26447,469.3384504858774,65.84788444814157,0.0005601721323060954
1,35.1,345.3013544018059,88.2439193725586,28352,465.8375775959368,75.00447940180587,-0.0987198343122293
1,40.1,349.34731063927114,88.19223022460938,26233,464.7259558571265,66.3172721381466,-0.09924776194916084
1,45.1,345.20275576747775,100.32853698730469,28522,466.53316737956663,77.48814949863264,0.024706530286425464
1,50.1,347.94631026691684,96.22274017333984,26113,466.62915023168534,70.40397503159346,-0.017228067123595057
1,55.1,351.3027387726696,100.44847869873047,24427,468.9038359192697,61.20518278953617,0.02593155617280194
1,60.1,347.0005441330794,91.59542846679688,25729,463.86758132846205,71.48618290644798,-0.06448916217938559
1,65.0,357.87331801772234,103.33422088623047,24376,469.00799967180836,63.348375451263536,0.055405113278777285
1,70.1,388.1967481778583,122.45872497558594,23187,468.81550006469143,61.236296200457154,0.2507334298008427
1,75.1,355.16927257525083,103.14697265625,23920,467.5188127090301,66.24448160535117,0.05349265158236244
1,80.0,384.8871245536652,115.67508697509766,23805,467.2656164671288,64.86914513757614,0.181448674267339
1,85.1,352.4138003180182,106.2320785522461,23898,468.16068290233494,67.0998409908779,0.08500241194747547
1,90.1,383.0985813487837,123.3164291381836,23473,468.394538405828,66.06731137903122,0.2594935999663748
1,95.1,352.4424843022511,101.6463394165039,23411,468.57891589423775,67.52629105975824,0.038165918765284926
1,100.0,383.45371211138496,125.41840362548828,23127,467.93842694685867,67.83651143684871,0.28096213771560086
1,105.1,355.3643333029114,109.30412292480469,21914,470.98991512275256,64.91553344893676,0.11637876831045911
1,110.1,385.0385882999176,96.8423080444336,21846,471.25034331227687,61.61256065183558,-0.01090010438707315
1,115.1,355.471286123165,98.89575958251953,21662,469.1576031760687,63.3059274305235,0.010072843728074016
1,120.1,387.8133420050172,127.41522216796875,21526,468.3737340890086,66.63202638669516,0.30135666415562734
1,125.1,358.99068615308397,99.76517486572266,20185,470.70701015605647,57.40465692345801,0.01895262554271162
1,130.1,388.8810782492737,133.8552703857422,20997,468.90289088917467,63.99404676858599,0.3671321619578821
1,135.1,357.3629396925127,79.7136459350586,21009,468.6954162501785,63.52510828692465,-0.18584386860011243
1,140.1,387.88941525504833,112.79682159423828,20898,470.36893482629915,64.25533543879797,0.1520514816018349
1,145.1,353.9983673088585,100.00222778320312,21437,470.5411671409246,66.6651117227224,0.0213737679201433
1,150.1,387.71930841302037,120.87559509277344,20706,471.63696513087996,62.27929102675553,0.23456411668293262
1,155.0,354.32069764144256,97.79981994628906,21157,469.25594365930897,66.13636148792362,-0.001120546864147961
1,160.1,390.04074856625414,93.07674407958984,19878,472.4736895059865,57.485008552168225,-0.04935973014115837
1,165.1,358.41978237326595,109.14228057861328,19391,470.3878603475839,55.3442318601413,0.11472578986584972
1,170.1,386.1797668296352,112.53556060791016,21272,468.1748307634449,69.04273223016172,0.14938308986765286
1,175.0,352.16159217877095,100.20658874511719,21480,469.2143854748603,68.66000931098696,0.02346101067775925
1,180.1,383.3943309908975,131.64573669433594,21203,468.1534688487478,68.05419044474839,0.3445650671864478
1,185.4,305.9884342098439,66.52056884765625,19281,470.3372750376018,56.320574658990715,-0.32059149526732933
1,191.0,303.6220933139971,66.20048522949219,19997,468.9723458518778,60.27849177376606,-0.3238606725484844
1,196.7,302.45738782215835,71.41255950927734,19478,470.987473046514,57.62090563712907,-0.2706270990188556
1,202.3,300.41631366367847,71.99165344238281,20302,466.9671460939809,67.66126490000985,-0.2647125172585583
1,207.9,300.2899228176976,68.18045806884766,18398,467.867757364931,56.83769974997282,-0.3036381998682136
1,213.6,299.8498823025893,65.40731048583984,18692,468.0344532420287,56.423871174834154,-0.3319617708390103
1,219.2,300.3148855989233,60.65815734863281,18575,468.59768506056525,56.86013458950202,-0.3804672945828889
1,224.9,298.30004727635657,42.515342712402344,19037,471.8862740978095,59.47139780427588,-0.5657691159168725
1,230.5,295.4549408069582,39.847782135009766,20695,469.01565595554484,66.5010388982846,-0.5930142729347078
1,236.1,302.2816602648627,66.36917877197266,17443,465.1705555237058,58.59399185919853,-0.3221377193410758
1,241.8,298.91076186850836,41.03085708618164,18389,464.9071727663277,65.71537332100712,-0.5809309249194016
1,247.4,298.649876827926,64.40324401855469,19079,465.6413858168667,65.37292310917763,-0.34221681388821684
1,253.1,301.88173533017107,42.74735641479492,18763,467.4028140489261,64.82012471353195,-0.5633994416138605
1,258.8,297.9614095663654,55.385658264160156,19694,466.3178633086219,66.8392911546664,-0.4343180174681631
1,264.4,296.0311727347651,38.26851272583008,20627,467.0430503708731,70.97033014980366,-0.6091441570660071
1,270.1,299.3542567387243,58.756744384765625,18735,465.21131571924207,62.281985588470775,-0.39988739517792216
1,275.7,299.9404632448891,61.73552322387695,18392,465.23531970421925,57.964441061331016,-0.3694636072869193
1,281.3,299.7899590723056,75.4133529663086,18325,464.9124693042292,60.253642564802185,-0.22976495446006587
1,287.0,298.44785867237687,58.92003631591797,18680,467.71573875803,62.63329764453962,-0.3982196113826092
1,292.6,300.12759742049275,59.86628341674805,18143,465.758088518988,62.546491759907404,-0.38855510701923074
1,298.3,301.23722670408046,63.854393005371094,17106,464.4591371448615,59.87647609026073,-0.3478225092790977
1,303.9,299.6205093224193,63.54199981689453,17592,462.5361527967258,61.495736698499314,-0.3510131402786251
1,309.5,299.14949601500234,42.815677642822266,17064,465.14844116268165,60.430965775902486,-0.5627016420583296
1,315.2,300.014573923517,64.52068328857422,16605,466.9367058115026,63.19957844022885,-0.3410173467125287
2,0.1,299.0091689023851,83.85175323486328,33919,807.9051858840178,42.82664583271912,0.019229131008401033
2,5.1,296.8140584945234,82.42845153808594,34328,803.7287345607084,43.571545094383595,0.0019287109741779995
2,10.1,299.0711006403286,82.80341339111328,33108,799.4997281623777,42.16787483387701,0.006486421801665654
2,15.1,297.16381134591416,80.80500030517578,34497,796.9480244658956,41.83482621677247,-0.017804553096269243
2,20.0,301.01299516042303,81.46026611328125,33474,790.2821294138735,42.62331959132461,-0.0098397106879751
2,25.1,298.6602171248468,79.2815170288086,34266,797.430747679916,41.8724391525127,-0.03632269345677344
2,30.1,301.0345176456585,81.10101318359375,33606,793.3940367791466,41.92129381658037,-0.014206477478313039
2,35.1,299.8146869792906,80.17266082763672,33608,800.8136158057605,41.481641275886695,-0.02549072292970428
2,40.1,301.2235629792546,80.56304168701172,33646,799.6111573441123,41.71330916007847,-0.02074559204438293
2,45.1,299.47417853538184,79.04473114013672,35668,786.4560109902434,44.13334080968936,-0.03920085719498547
2,50.1,299.51987938351573,78.23729705810547,35816,782.534035068126,44.126060978333705,-0.04901532506270219
2,55.1,298.5916478984072,77.68071746826172,36853,783.5076927251513,45.51263126475457,-0.05578062345908202
2,60.1,299.7263844568072,77.74262237548828,35411,779.3891163762672,43.953517268645335,-0.05502816113881354
2,65.0,293.68648723257417,72.783447265625,36225,774.9586749482402,45.74909592822636,-0.11530758932902704
2,70.1,323.7787520615723,96.49752044677734,36380,780.6050302363936,44.366987355689936,0.17294010101319793
2,75.1,292.2405503057254,71.04312133789062,35980,777.0081156197888,44.10141745414119,-0.13646148074532008
2,80.0,324.4059137483232,96.74734497070312,35037,780.7532893797985,42.62248480178098,0.17597675108433317
2,85.1,290.46350556460743,70.77128601074219,36211,777.803374665157,43.97194222749993,-0.1397656750355796
2,90.1,322.8964426438759,95.87498474121094,36038,782.2176313890893,45.140185359897885,0.1653730973224231
2,95.1,291.21499679317367,71.05730438232422,35861,784.272412927693,43.54139594545607,-0.13628908396772837
2,100.0,324.92089617967633,97.24109649658203,36332,775.7049433006716,44.57103930419465,0.18197836606841192
2,105.1,292.42664427651835,71.4653091430664,35730,776.6237895326057,43.9407220822838,-0.131329732234512
2,110.1,325.4238690320137,97.63775634765625,34329,778.4543388971424,42.19240292464097,0.18679981892681446
2,115.1,291.3259067209892,70.81304168701172,35099,786.1977264309525,41.565999031311435,-0.13925812927777467
2,120.1,324.89199570694234,97.59557342529297,35406,775.7573010224256,42.42439134609953,0.18628707993633328
2,125.1,292.2607424137132,71.38851928710938,34536,781.7747567755385,41.372654621264765,-0.13226312307176888
2,130.1,323.0735675811448,96.63160705566406,35831,776.4300745164801,42.709748541765514,0.17456994144685808
2,135.1,292.7202886370881,71.7256851196289,34507,776.0515257773785,42.18587532964326,-0.12816482786353314
2,140.1,326.92633788037773,98.78129577636719,33355,777.3365012741718,41.266077049917556,0.2006996916573741
2,145.1,293.54753182800863,73.1091537475586,33304,774.1653855392746,41.51618424213308,-0.11134858404007196
2,150.1,328.6983921083592,100.1973876953125,33149,767.7756493408549,42.50327310024435,0.21791247589018553
2,155.0,293.1335873388042,72.44620513916016,34120,771.7323856975381,42.11743845252052,-0.11940681190024069
2,160.1,327.71246429728217,98.13776397705078,33961,767.4728070433733,42.68896675598481,0.19287747767508107
2,165.1,292.66892277815856,72.3813705444336,35016,767.5742232122458,43.07128169979438,-0.12019488495886053
2,170.1,326.4787160848365,98.0267333984375,33429,775.0723922342876,39.89963803882856,0.19152788633334245
2,175.0,291.243961631804,71.42359161376953,34612,764.2288801571709,42.45807812319427,-0.131836814310828
2,180.1,321.0393316195373,94.7196044921875,35010,765.9654098828906,42.261039702942014,0.1513292978576933
2,185.4,257.1096895973154,45.59769058227539,33376,772.349442713327,39.899598513902205,-0.44575405098578585
2,191.0,256.725358343656,45.837890625,33906,766.5952338819088,40.829735150120925,-0.4428343877543128
2,196.7,256.7196212825279,46.113224029541016,34432,767.7110536710037,41.52207249070632,-0.43948767387151655
2,202.3,256.64697257202,46.263671875,34782,768.092375366569,40.67161175320568,-0.4376589604472456
2,207.9,256.7346231591106,46.59475326538086,34630,762.8660987583021,41.0278082587352,-0.4336346224364974
2,213.6,256.9020300599461,46.31296157836914,34531,766.4087920998523,40.59045495352002,-0.437059837595373
2,219.2,255.8153732151509,45.26716995239258,35087,776.080286145866,39.81904979052071,-0.4497715728786465
2,224.9,253.93059695370397,43.90692901611328,36569,774.3803221307664,41.95066859908666,-0.46630548104348585
2,230.5,255.64303525864068,45.1336784362793,34488,767.9822546972861,41.31645789839944,-0.451394179881079
2,236.1,256.8985564010743,46.07741165161133,35744,755.7461392121754,41.35001678603402,-0.439922978053343
2,241.8,255.55101014334815,44.83695602416992,35787,764.6929890742448,40.681141196523875,-0.4550008799747297
2,247.4,256.54971996799634,45.741424560546875,34996,767.5602926048691,39.980969253628984,-0.4440069455035702
2,253.1,258.26154018106627,46.51741027832031,35788,766.8358108863306,41.03573823628032,-0.4345747366553441
2,258.8,256.4063672541217,46.399147033691406,35180,766.3995167708925,40.67782831154065,-0.4360122420073877
2,264.4,257.1436268829664,46.19337463378906,34520,765.324304750869,40.1252607184241,-0.43851343269508314
2,270.1,256.54233651726673,45.484703063964844,34025,773.046407053637,38.56761204996326,-0.44712742918790765
2,275.7,256.6052317315894,45.00558853149414,35170,768.4315609894796,40.75874324708558,-0.4529511295846762
2,281.3,255.51581461753884,44.82399368286133,36422,765.3465762451266,40.69982428202734,-0.455158438944675
2,287.0,255.70306311440376,44.20254135131836,35095,772.0763926485255,40.25043453483402,-0.4627122740811636
2,292.6,256.79396235078053,44.658512115478516,34848,765.4863693755739,40.484848484848484,-0.4571698892437412
2,298.3,255.94586404825034,44.36061477661133,34321,775.8502083272632,37.78188281227237,-0.46079087072725156
2,303.9,256.54574634117614,44.24097442626953,33959,769.9023233899702,39.01531258282046,-0.46224511498104626
2,309.5,255.29506375014623,43.6977653503418,34196,767.0655047373962,39.477658205638086,-0.468847893015549
2,315.2,255.3013109205129,43.57663345336914,34861,766.7113393190098,40.03582800263905,-0.47032026721556164
3,0.1,306.81639673648317,95.33992767333984,32848,1077.30491962981,144.78461397954214,-0.00956428213647916
3,5.1,303.6950858148746,93.44449615478516,34085,1078.305559630336,144.73791990611707,-0.02925491042364337
3,10.1,308.59923345593916,96.49347686767578,32353,1079.806633078849,142.92866194788738,0.0024193259096436325
3,15.1,309.6119384228715,96.8620834350586,31830,1077.2707194470624,139.93119698397737,0.006248583169265959
3,20.0,313.3124783088815,99.16297149658203,31695,1080.6626597255088,141.98756901719514,0.030151283481213233
3,25.1,311.28449317104895,97.37117767333984,32289,1079.5323794481092,142.23137910743597,0.011537291999420336
3,30.1,310.2625405389022,95.77605438232422,32993,1075.4811626708695,141.75882763010335,-0.0050335940959722525
3,35.1,311.2617499766711,95.95414733886719,32149,1075.8041929764534,138.46738623285327,-0.0031834812464594
3,40.1,311.6977399399767,95.95005798339844,32654,1075.1281313162247,140.00777852636736,-0.0032259633818892456
3,45.1,311.89478567452215,95.98335266113281,32334,1076.7672419125379,139.35173501577287,-0.0028800827120835613
3,50.1,310.79930121823014,94.43575286865234,32342,1077.3548636447963,137.53633046812195,-0.0189572724985349
3,55.1,309.1876860174969,92.77031707763672,33263,1072.9429396025614,137.41926464840813,-0.036258597698631705
3,60.1,308.1548942273216,91.91513061523438,33468,1073.634098243098,138.0981833393092,-0.0451426742703982
3,65.0,302.20823127400286,85.84867858886719,33069,1067.4506637636457,138.7689074359672,-0.1081638125725594
3,70.1,327.86574700207376,106.45762634277344,33273,1073.1620232621044,136.58416734289062,0.10593156657423797
3,75.1,305.70572974341127,89.2866439819336,31607,1078.0489448539881,137.86512481412345,-0.07244862162193903
3,80.0,327.20450359455765,105.41280364990234,33662,1070.7012061077774,137.35669300695145,0.09507746022962774
3,85.1,300.6825269297149,85.1482925415039,33606,1071.8723442242456,137.8275010414807,-0.11543975009978938
3,90.1,329.43860445412736,107.8058853149414,33048,1073.760378842895,137.67895182764462,0.11993791077391504
3,95.1,305.30462539901106,88.28309631347656,31954,1075.723383613945,136.91274957751767,-0.08287394372648309
3,100.0,324.95803775743707,103.24913787841797,34960,1066.1688501144165,136.50471967963387,0.07260028918604092
3,105.1,301.9890997419159,85.1657943725586,32935,1070.9549719143768,137.3145589798087,-0.11525793290076686
3,110.1,323.68766910367856,101.5546646118164,34742,1065.895918484831,135.23000978642565,0.05499730912130607
3,115.1,301.2921705728776,84.92574310302734,33323,1070.6972661525074,135.17528433814482,-0.1177516976566711
3,120.1,323.89824531708416,102.2024917602539,35448,1062.4279225908372,134.64838636876553,0.06172724024746104
3,125.1,298.45973106864824,82.88562774658203,35325,1062.5634253361643,135.92750176928521,-0.13894536925781215
3,130.1,321.38967059336824,101.0833740234375,36672,1061.5731893542757,135.7213678010471,0.050101322270731705
3,135.1,299.9267595879145,83.5102767944336,34653,1060.9030098404178,134.6963899229504,-0.1324562230709032
3,140.1,323.3668776607663,102.93173217773438,35704,1062.0630461572932,134.10707483755323,0.06930293045416057
3,145.1,299.4249919314614,84.1589584350586,34083,1062.0454478772408,134.27609071971364,-0.1257174150806286
3,150.1,328.5463788425415,106.59711456298828,33539,1063.6609320492562,134.06911356927756,0.10738063538405862
3,155.0,299.30330619510346,83.79993438720703,34269,1065.8770900814147,135.05672765473167,-0.12944712464976604
3,160.1,328.3002015173068,105.77082824707031,33744,1066.4335881934567,133.6628733997155,0.09879678703805381
3,165.1,299.19522820379666,83.13839721679688,34662,1064.4297790087128,134.0822803069644,-0.13631948189041249
3,170.1,328.8681839734471,106.5955810546875,33744,1065.72667733523,133.96941678520625,0.10736470458327244
3,175.0,300.30671087297594,84.40274047851562,33781,1065.248364465232,135.06663509073147,-0.12318489330191616
3,180.1,325.27462192679457,104.92707061767578,34451,1064.689733244318,133.71173550840325,0.09003143852388788
3,185.4,278.63457681508226,69.0286636352539,29916,1067.8763872175425,138.0813277176093,-0.28289798734701294
3,191.0,273.44563472462335,65.39827728271484,32392,1068.3990491479378,134.89018893553964,-0.3206121371365813
3,196.7,273.4408831249035,65.14521789550781,32385,1064.7430909371624,137.455303381195,-0.32324103629716444
3,202.3,270.58745943370945,63.29343795776367,33587,1067.6415875189805,132.88022151427634,-0.3424781915659297
3,207.9,272.9225561788949,65.44886779785156,31907,1063.330460400539,134.4469865546745,-0.3200865792260677
3,213.6,272.59105243630967,65.30220794677734,32344,1068.0155824882513,133.66012243383625,-0.3216101502883213
3,219.2,274.0194156276768,66.24239349365234,31521,1071.157894736842,132.36943624884998,-0.3118430635097938
3,224.9,272.3617241704078,65.1939926147461,31853,1069.711110413462,131.24223777980097,-0.3227343417229051
3,230.5,270.57809759932275,63.74687957763672,33074,1068.2068089738164,133.78209469674064,-0.33776762814042643
3,236.1,272.07661302729144,63.92239761352539,32501,1063.2445155533676,132.2962678071444,-0.3359442647698456
3,241.8,269.3955471765868,63.075477600097656,33417,1067.3563754975012,132.27246611006373,-0.34474246560702587
3,247.4,270.8043418437548,63.61965560913086,32705,1066.2338480354686,131.05546552514906,-0.33908929017281525
3,253.1,273.5191606403362,65.01925659179688,32358,1067.2586995487977,130.7554236973855,-0.32454958117766214
3,258.8,270.1245761685638,63.21171188354492,33032,1064.0406878178735,129.57486679583434,-0.3433272002128038
3,264.4,270.38839353641094,63.04833984375,32861,1066.1708408143393,130.23456376860108,-0.3450243853005407
3,270.1,271.0492534539372,63.868019104003906,32282,1063.1854593891333,129.18099869896537,-0.3365091741360326
3,275.7,273.17990476190477,65.73174285888672,31500,1067.614253968254,130.40085714285715,-0.31714794091388043
3,281.3,271.6822787170562,64.34895324707031,32176,1066.9658751864745,128.81442690203878,-0.3315130055332505
3,287.0,273.1279210442534,66.03942108154297,31410,1066.675740210124,130.17491244826488,-0.31395163576907664
3,292.6,274.6486944616488,66.53128051757812,30677,1064.7235062098641,129.96883658767155,-0.30884197011790737
3,298.3,271.94252584608614,64.87694549560547,31823,1066.2410206454451,130.61439839110076,-0.3260279753421638
3,303.9,273.6868574785418,65.83635711669922,30641,1066.7251068829346,129.93188864593193,-0.31606115912094374
3,309.5,271.43695042691473,64.40359497070312,31388,1067.9893908500064,127.77532815088568,-0.33094536177588385
3,315.2,273.83268546580575,66.05300903320312,30356,1067.5095203584135,127.634998023455,-0.31381047777803084
4,0.1,426.92833126880197,143.64938354492188,22604,66.59595646788179,171.6190939656698,0.023542395102899228
4,5.1,429.4350458801062,146.5837860107422,21469,63.49094042573012,171.4032791466766,0.044450840749812356
4,10.1,420.7542657759244,135.2058868408203,23501,66.89702565848262,168.82558189013233,-0.03661990163857579
4,15.1,424.5338049245001,137.70751953125,22053,64.13322450460255,172.6721987938149,-0.01879506276741289
4,20.0,424.0152830844043,138.58001708984375,23032,67.243096561306,167.23072247308093,-0.01257827144672331
4,25.1,424.62076619168107,134.2750701904297,22527,65.7357393350202,168.34860389754516,-0.04325223294575847
4,30.1,421.19141857886206,132.13404846191406,23446,68.03036765333106,170.7002473769513,-0.05850761695015228
4,35.1,420.9939312497291,132.5145721435547,23069,67.94247691707486,168.50773765659542,-0.05579627833603271
4,40.1,423.0064245443818,128.66932678222656,22881,67.37629474236266,169.44805734015122,-0.08319473665006587
4,45.1,417.8517640206357,129.5295867919922,24036,68.99209519054752,168.69599767016143,-0.07706514131816945
4,50.1,420.64092346342096,132.95973205566406,23087,68.24684887599082,169.23879239398795,-0.052624388339708866
4,55.1,419.06887883358473,129.72195434570312,23868,67.48797553209317,167.5119825708061,-0.07569446821253928
4,60.1,414.65421914611085,123.30950164794922,24851,69.13842501307795,166.81654661784233,-0.12138500325538946
4,65.0,431.4036819293653,136.21510314941406,23303,67.24872334034245,168.17851778740933,-0.029428950642591028
4,70.1,487.9758088643843,168.13844299316406,23397,67.86810274821558,170.31559601658333,0.19803385439713705
4,75.1,427.2910698207416,134.38949584960938,24434,70.47671277727757,172.02189571907996,-0.04243691783358899
4,80.0,486.1338976052849,168.48114013671875,24220,69.17332782824113,170.64611890999174,0.20047566825287974
4,85.1,427.13417658730157,104.27180480957031,24192,68.49045138888889,170.57312334656083,-0.2570339655992037
4,90.1,482.9463330939271,171.95712280273438,25062,72.24718697629878,168.7095203894342,0.22524302565819154
4,95.1,428.3362636463998,140.67665100097656,24457,67.65780758065176,167.1109293862698,0.0023608368327337017
4,100.0,484.5607449973509,136.08424377441406,24537,70.28149325508416,171.1008273220035,-0.030361360617516417
4,105.1,429.51349633459046,132.70352172851562,23599,68.90512309843638,167.94681978049917,-0.05444995922228492
4,110.1,484.264331343159,132.31707763671875,23951,68.4182706358816,170.06496597219322,-0.05720348242948646
4,115.1,426.0917809337251,130.4209442138672,24504,70.537259222984,167.29738001958864,-0.0707139681494146
4,120.1,483.6690075096408,165.43643188476562,24635,70.67972396996144,167.1786888573168,0.17878126275186965
4,125.1,430.97874391900774,140.36328125,22817,68.77284480869527,172.37476443003024,0.00012798892519606757
4,130.1,482.83031886661496,168.77218627929688,24493,70.1802147552362,169.7989221410199,0.2025494541509356
4,135.1,429.24183557372214,108.79829406738281,23731,69.21115840040453,168.58219206944503,-0.22478145227811377
4,140.1,486.77649661745306,166.15853881835938,23503,67.8696336637876,171.61421946134536,0.18392647842973453
4,145.1,426.3213636648493,70.4340591430664,15957,69.63953124020806,194.52672808171963,-0.4981374523645704
4,150.1,491.4052195997723,173.4770050048828,22837,66.87012304593424,170.92639138240574,0.2360726152538531
4,155.0,431.5731906804014,139.5756378173828,22619,66.06737698395155,172.17295194305672,-0.0054841928023778306
4,160.1,494.0113692095056,180.73658752441406,22429,67.24022470908199,173.89905925364482,0.2877991893338908
4,165.1,428.5030487804878,108.38372802734375,23944,69.0820664884731,172.8496909455396,-0.22773535230245473
4,170.1,489.3241811377875,174.341064453125,23783,68.54147920783753,171.05781440524746,0.24222928265708304
4,175.0,428.6218999579655,139.94351196289062,23790,67.82791088692728,170.66654056326186,-0.0028629857028586786
4,180.1,484.23792390405293,172.8495635986328,24180,71.06588089330025,170.36559139784947,0.23160191817258768
4,185.4,332.2603487383045,73.57746124267578,14108,82.17706265948398,199.74319535015593,-0.4757398253479566
4,191.0,342.2933909080005,61.294921875,25011,72.3808724161369,168.21570508976052,-0.563256384431589
4,196.7,342.45503458877783,87.3358383178711,24719,70.0594684250981,169.92289332092722,-0.3777075061220935
4,202.3,339.6684425432627,60.65953063964844,25715,76.03270464709314,170.36776200661092,-0.5677837262886165
4,207.9,340.92182753452954,65.88847351074219,24689,70.9021021507554,168.64814289764672,-0.5305260327429854
4,213.6,341.00794322809566,84.99639129638672,24801,73.85754606669086,169.22777307366638,-0.3943767263338019
4,219.2,339.9204527465569,60.15889358520508,25268,74.84098464460979,169.27968181098623,-0.5713509065795224
4,224.9,338.88932084127043,57.656097412109375,25723,75.55211289507444,169.9375267270536,-0.5891840355930112
4,230.5,337.7872910210796,56.37962341308594,26139,76.4986418761238,169.63954244615326,-0.5982792730524776
4,236.1,330.5975433978818,75.73689270019531,15957,86.89879049946732,194.993607821019,-0.4603532668292499
4,241.8,340.17636768447835,82.05101013183594,25152,74.60440521628499,170.73858937659034,-0.41536339830731933
4,247.4,339.62729942804145,86.76860046386719,25876,75.99969083320451,169.63004328335137,-0.38174923590437704
4,253.1,343.6485279969213,60.26899337768555,25985,74.23540504137002,168.81185299211083,-0.570566414488329
4,258.8,340.7367484177215,88.80168151855469,25280,72.97907436708861,169.16210443037974,-0.36726295966148303
4,264.4,331.839823700067,39.992488861083984,17924,83.65615933943316,192.2443093059585,-0.7150422311266023
4,270.1,339.7084596201803,87.3336181640625,26065,77.83142144638404,168.33216957605984,-0.3777233253444992
4,275.7,339.71600135956794,60.21895980834961,26479,75.27236678122286,164.78322444201066,-0.570922917789143
4,281.3,337.8899786151464,87.91659545898438,27122,82.49564928840056,165.7094978246442,-0.37356944760406086
4,292.6,341.3935653113186,89.9163818359375,25922,75.75306689298665,167.71989044055243,-0.35932040533566395
4,298.3,339.99750451107616,90.50238037109375,26047,75.92659423350098,166.1766422236726,-0.3551450004059724
4,303.9,332.57746944169145,41.83488845825195,18162,84.12344455456447,187.65147010241162,-0.7019146140781642
4,309.5,323.7538310865307,65.115234375,17358,99.10951722548681,188.00132503744672,-0.5360355797904836
4,315.2,340.7723465813918,92.33142852783203,26268,75.91285975331202,163.88857164610934,-0.342112516138325
5,0.1,288.0408310424084,31.023113250732422,22189,262.50826986344583,157.7390148271666,-0.05756771506017941
5,5.1,290.97979277577423,31.604219436645508,17469,259.02163833075736,159.43276661514682,-0.03991464374665467
5,15.1,291.19674988753934,35.881587982177734,17784,257.1726833108412,163.59609761583445,0.09002493321699784
5,30.1,292.20458967609017,34.412479400634766,17474,262.4902140322765,161.19703559574225,0.04539577733124703
5,35.1,291.1620516047829,31.669275283813477,19068,261.75041955108037,155.2781623662681,-0.037938351741410574
5,45.1,297.8320185614849,33.01646041870117,17240,254.242343387471,157.5195475638051,0.002986965928929829
6,0.1,379.31820350586037,141.29588317871094,48205,552.4343740275905,274.14469453376205,0.010332464720723118
6,5.1,375.6263806755538,138.55238342285156,49885,548.6871203768668,271.74920316728475,-0.009284857510755307
6,10.1,377.41124780316346,139.1517333984375,49503,547.6792113609276,273.77997293093347,-0.004999221408405775
6,15.1,378.40641592023667,139.82894897460938,49346,549.8895959145625,272.06470635917805,-0.00015680939449307655
6,20.0,381.45367883182195,140.42544555664062,49513,547.3660250843213,268.77571546866477,0.004108423592931448
6,25.1,386.24742071073746,143.7907257080078,47106,550.861609985989,274.78972954613,0.028171770049431923
6,30.1,384.4766711298795,141.63780212402344,48545,548.39287259244,271.8987537336492,0.01277734706959779
6,35.1,384.5410974570104,140.85479736328125,48093,549.6369118166886,270.61451770527935,0.007178492297529608
6,40.1,380.2330168005844,135.39129638671875,50653,544.4731802657295,266.32872682763116,-0.03188812651310365
6,45.1,385.336842979669,142.48793029785156,48153,550.9454654954001,270.69725666105955,0.018856166026452646
6,50.1,382.3799228272187,139.24058532714844,48981,548.5124231845001,270.3512586513138,-0.004363888049003007
6,55.1,383.40995784389963,140.65151977539062,48866,548.6553227192732,268.61869193304136,0.005724961297364113
6,60.1,381.8455373850785,138.01272583007812,49164,548.4358677080791,265.2736555202994,-0.013143664813176343
6,65.0,369.5031079220725,125.56547546386719,47942,549.0598848608736,269.04451211881025,-0.10214739838681401
6,70.1,413.3219228695253,159.49526977539062,50071,545.6786363364023,266.1803039683649,0.14046669583184665
6,75.1,368.8107562601182,125.10504150390625,47563,549.9371780585749,267.6218068666821,-0.10543971920425838
6,80.0,415.0958599894055,161.79510498046875,49082,551.3009046086141,264.5285440691088,0.15691160646140256
6,85.1,365.351660150315,123.12132263183594,49363,551.9584911776027,265.70427243076796,-0.11962424837979621
6,90.1,415.498882704262,163.00006103515625,49226,551.3796164628449,264.1494332263438,0.1655276127683436
6,95.1,366.8997433001335,124.01051330566406,48695,551.07382688161,263.33557860149915,-0.113266114052845
6,100.0,417.12614931196947,164.35504150390625,48181,552.1423590211909,263.93244224901935,0.175216364668561
6,105.1,368.73963394203383,125.89656829833984,47752,552.6989864298878,265.8162380633272,-0.09977992785633127
6,110.1,416.02244117163076,157.6931915283203,48616,551.6034844495639,264.2466677636992,0.12758098312725688
6,115.1,367.56988004046826,123.46234893798828,48433,550.7026614085438,263.5515867280573,-0.1171857488235585
6,120.1,417.6838900773408,164.572265625,48616,553.5055742965279,263.9232145795623,0.1767696199844562
6,125.1,369.5342017494179,124.81985473632812,47673,552.2348289388124,266.41700753046797,-0.10747893962109466
6,130.1,416.65009489231784,164.0954132080078,48476,551.2951563660368,265.36785213301425,0.17335989942551822
6,135.1,369.64249525015833,120.28218078613281,47370,550.7767574414186,263.51452396031243,-0.13992545683774493
6,140.1,417.8399924097071,162.3392333984375,47429,550.5556726897046,265.17714900166567,0.16080238228079163
6,145.1,367.97838471849866,124.20823669433594,47744,551.4216236595174,267.53941856568366,-0.11185229820686508
6,150.1,420.30578407259776,165.80804443359375,47164,552.7870197608345,265.7748706640658,0.1856060235756139
6,155.0,369.84220402592973,125.83218383789062,46896,552.5741214602525,266.2386557488912,-0.10024030723294126
6,160.1,423.5044652533923,160.44332885742188,46134,552.3562231759656,267.5794858455803,0.1472457671501384
6,165.1,370.6642664071791,126.89521789550781,46245,552.3387176992107,265.5892312682452,-0.09263911040149482
6,170.1,422.6252467599348,166.01866149902344,46604,553.4066603725003,264.60833834005666,0.18711203531523893
6,175.0,371.50243965628914,128.08494567871094,46318,553.7975948875168,267.8011788073751,-0.08413199344586476
6,180.1,423.61026556572193,169.40530395507812,44810,553.4180986386967,265.5097076545414,0.21132813236476083
6,185.4,310.84503255338535,79.72406768798828,45003,554.2549607803924,266.2378952514277,-0.42993516872044923
6,191.0,307.7448684125861,77.9674072265625,46623,554.6110932372434,265.88608626643503,-0.4424961227535188
6,196.7,310.10741856731255,81.10494232177734,45467,552.9408362108783,268.50891855631556,-0.4200612612799766
6,202.3,310.3066267231282,80.52183532714844,44396,551.9068384539148,264.2253806649248,-0.42423075237784663
6,207.9,309.5503426581283,80.71842956542969,44505,554.870666217279,264.5079653971464,-0.42282501049178356
6,213.6,309.7872538378043,80.6477279663086,45143,555.2453758057727,266.3654165651375,-0.4233305604009013
6,219.2,309.90184606519955,79.36417388916016,45123,553.4425016067194,263.20291204042286,-0.4325085797825948
6,224.9,310.9925079133742,77.82000732421875,43913,555.8686266026006,269.12431398446927,-0.44355010184536675
6,230.5,310.04301485437327,78.8513412475586,44566,557.2414172238927,265.3340214513306,-0.4361755759832075
6,236.1,311.368944433246,82.12871551513672,44649,554.9585880982777,266.3119218795494,-0.4127407982169903
6,241.8,309.9026089701671,78.287353515625,44347,555.8929803594381,266.0384467945972,-0.4402083553003233
6,247.4,309.1581015383932,80.19412994384766,45047,556.9890780740116,263.27784314160766,-0.4265740010285788
6,253.1,313.15279106164684,81.57678985595703,46004,557.7888879227893,266.0151073819668,-0.4166873280028322
6,258.8,308.20719088368844,79.80876922607422,45808,555.2859980789382,262.7286063569682,-0.4293295126191192
6,264.4,308.2268144721337,77.93755340576172,45826,561.9219438746563,261.3649674857068,-0.44270959170726626
6,270.1,310.5575797007157,80.8537368774414,44573,556.5881587508132,262.9440468445023,-0.42185749914634235
6,275.7,312.76318379974686,82.34156799316406,42666,556.5974780855951,262.3184034125533,-0.41121880221888124
6,281.3,309.14848436827924,80.9666748046875,44173,556.6588866502162,257.8918117402033,-0.4210499394933079
6,287.0,311.6240482756995,81.13749694824219,42423,556.9824623435401,263.2416613629399,-0.41982848028696856
6,292.6,310.6652017128691,81.29459381103516,44370,560.7336713995943,259.7803921568627,-0.4187051633366455
6,298.3,308.7986203876054,79.3161849975586,45665,556.3812547903208,260.7782984780466,-0.4328517230790609
6,303.9,309.7817157558552,81.34246063232422,45088,556.1122028034067,261.0863866217175,-0.41836289290071105
6,309.5,307.9602391759777,77.73382568359375,45824,561.2805516759777,258.9752094972067,-0.44416634138064187
6,315.2,308.83874152570263,80.07681274414062,45579,561.6863906623664,260.3014984971149,-0.42741287455318266
7,0.1,457.0578629112464,180.33995056152344,50274,226.12177268568246,325.3185344313164,0.014513600124405196
7,5.1,454.8200790294077,177.09791564941406,50361,223.40193800758524,321.0533547784992,-0.003724668768160628
7,10.1,452.14208772473654,172.01776123046875,51616,228.21107796032237,307.66148093614385,-0.03230339318670733
7,15.1,457.8191820138723,189.24256896972656,50172,229.59112652475486,317.13684923861916,0.0645958332830459
7,20.0,446.13209894613584,170.10186767578125,54656,228.6898968091335,302.79486241217796,-0.04308137145258282
7,25.1,455.8899396738806,179.93589782714844,50227,223.24600314571845,311.79622513787405,0.01224057635504885
7,30.1,456.28231285895066,178.67926025390625,51365,223.47960673610436,316.6704370680424,0.005171283585964939
7,35.1,460.4764988208035,177.89822387695312,48338,217.294985311763,310.0684140841574,0.0007775149055165261
7,40.1,471.7071663169419,177.91554260253906,43844,222.42505245871726,301.1999133290758,0.0008749424726698288
7,45.1,467.4017601000841,190.46690368652344,46361,225.65951985505058,306.44369189620585,0.071483404325554
7,50.1,418.133258177101,139.39259338378906,64754,225.54106310034902,269.07858973963,-0.215838302582761
7,55.1,424.86175042062155,153.45562744140625,63002,230.94166851845972,271.7956255356973,-0.13672583046528602
7,60.1,450.9240841288198,162.5091552734375,51017,219.31179802810829,303.3088970343219,-0.08579464696378526
7,65.0,471.67019180010556,183.72328186035156,56830,218.42018300193558,297.23007214499387,0.03354674062211603
7,70.1,543.1714184489736,235.8736572265625,53629,225.0137798579127,303.77799324992077,0.3269219184231341
7,75.1,447.5351231185308,170.23794555664062,70623,236.73500134517084,292.0526174192544,-0.04231585687648312
7,80.0,532.7411415813066,231.87258911132812,58673,231.38787858128953,314.75068600548803,0.304413661072001
7,85.1,451.2676969715911,177.67556762695312,63994,236.03680032503047,259.21653592524297,-0.00047505166708346685
7,90.1,532.6796916670968,244.9522247314453,58119,232.00239164472893,309.0237443865173,0.3779939641604927
7,95.1,441.26276742817254,173.46217346191406,73057,238.833568309676,278.8226590196696,-0.02417776240758946
7,100.0,506.02666229835563,218.08035278320312,64098,241.78642079316046,261.191878061718,0.22682457841203238
7,105.1,474.1786528679179,196.0240936279297,57010,240.94371162953868,274.65483248552886,0.10274572172376036
7,110.1,569.41532126991,258.9118347167969,46145,236.5637663885578,292.3152670928595,0.45652461773156666
7,115.1,511.9689583658542,230.08412170410156,44843,240.97939477733425,288.77505965256563,0.2943525265182817
7,120.1,521.2557466003096,222.069580078125,60079,243.50868023768706,261.4600276302868,0.24926622449258315
7,125.1,515.9549998834798,221.1490478515625,42911,232.8358928945958,288.7222623569714,0.24408771324040301
7,130.1,566.504537547419,272.22772216796875,47713,241.51007063064574,292.5893152809507,0.5314339701788553
7,135.1,512.7633679531951,207.46170043945312,44098,234.8434396117738,288.3860492539344,0.1670886896963919
7,140.1,580.3709518034407,266.07177734375,44526,243.5048061806585,286.19770471185376,0.4968033199743973
7,145.1,506.8100482210348,226.3723602294922,46038,245.32279855771318,293.76719231938836,0.27347178165457287
7,150.1,570.5555483382051,273.1304016113281,46185,250.06714301180037,294.1863592075349,0.5365120494895647
7,155.0,518.5223328320084,235.98663330078125,41889,240.5774785743274,289.1029625916112,0.3275574723501853
7,160.1,579.836274509804,277.4845275878906,44880,248.12078877005348,292.1722147950089,0.5610064557823657
7,165.1,513.8719367237663,208.08407592773438,45009,249.94221155768847,292.04910129085295,0.17058990168674337
7,170.1,583.3280801968797,278.045166015625,44291,251.68806303763745,292.3045539725904,0.5641603621016138
7,175.0,504.60501294622014,226.7367401123047,47118,254.8761619763148,294.91383335455663,0.2755216233317719
7,180.1,476.8449466415568,191.36703491210938,3186,354.7005649717514,368.48744507219084,0.07654714847880552
8,0.1,355.42618241510206,93.25670623779297,48735,1069.5910331384016,496.89563968400535,-0.005204337079952687
8,5.1,358.07131217838764,92.68297576904297,46640,1072.8336620926243,498.6204759862779,-0.011324482268677862
8,10.1,357.92907921462427,92.60143280029297,47264,1069.8008420785375,497.270057549086,-0.012194324180607313
8,15.1,357.98771952150673,93.41986846923828,47148,1070.0170951047764,495.6470263850004,-0.0034638394069995398
8,20.0,365.5136905687193,96.7619400024414,45031,1075.4889076414026,503.51602229575184,0.0321869829362377
8,25.1,366.2755604524093,95.27826690673828,44473,1074.99725676253,502.577923684033,0.01636022237026686
8,30.1,350.0646946427284,94.27790069580078,55476,1057.6030355469031,489.9702754344221,0.00568903304652158
8,35.1,364.6714910730069,94.21614837646484,45256,1073.9116360261623,499.7549938129751,0.005030303589639378
8,40.1,368.51884479157206,94.72855377197266,44044,1077.2546090273363,503.2057487966579,0.010496276876410126
8,45.1,363.5141200472458,92.55780029296875,46565,1073.2751852249544,498.8451197251154,-0.01265976447760624
8,50.1,363.42767322775103,91.13270568847656,46283,1076.9625348400061,499.3218028217704,-0.02786165170901549
8,55.1,365.28500657606315,91.55403137207031,45620,1076.8130206049977,498.00988601490576,-0.023367251470954864
8,60.1,361.69303965506253,89.33814239501953,47081,1076.0463031796266,496.0594507338417,-0.04700476594912679
8,65.0,371.9115737331816,92.10404205322266,44817,1078.2767253497557,498.1947921547627,-0.01750013196563057
8,70.1,395.13895009268003,117.5614242553711,57186,1057.4309096632044,486.92298814395133,0.25406096455669297
8,75.1,369.2640070144673,93.56100463867188,45620,1081.5344804910128,497.7770056992547,-0.0019582999675550315
8,80.0,415.0192591641523,119.79757690429688,46731,1081.1876056579144,497.1983907898397,0.27791463735429645
8,85.1,371.43389178428436,91.59947204589844,44707,1084.940635694634,501.73791576263227,-0.02288252295042232
8,90.1,396.5661525548211,116.0408935546875,57186,1061.265117336411,485.76945406218306,0.2378410334932922
8,95.1,377.38737583360535,92.45915985107422,42886,1088.5449797136594,507.57832392855477,-0.013711989971556078
8,100.0,426.3410305994767,127.75017547607422,43955,1085.8694801501535,501.74712774428394,0.36274725569678506
8,105.1,374.17655904668595,91.97898864746094,43889,1085.4753127207273,497.76912210348837,-0.018834112016008157
8,110.1,396.65828645305567,119.75627136230469,57238,1060.552342849156,483.1317131975261,0.27747401945467204
8,115.1,375.81805954920696,106.1203842163086,43124,1087.9551062053613,497.2179296911233,0.1320161543836574
8,120.1,424.8365447456787,125.58238983154297,44373,1084.8367475717216,493.11365019268476,0.3396228730725348
8,125.1,379.8834498834499,107.79306030273438,42042,1091.2107892107892,504.0031872889016,0.14985906331080232
8,130.1,423.02957445401853,123.97589111328125,45377,1087.044097229874,498.4690702338189,0.32248589684973833
8,135.1,379.55191359474054,95.28053283691406,42590,1092.399013853017,502.93984503404556,0.016384393688365948
8,140.1,431.27735362942303,142.9716796875,42307,1091.7908383955373,501.7685253031413,0.5251193464935011
8,145.1,383.0975481742521,109.18817138671875,40011,1094.2970683062158,505.0114218589888,0.16474110784817314
8,150.1,431.61535550404466,138.79693603515625,42278,1093.4238847627607,502.74012488764845,0.48058617513567
8,155.0,379.13876312608147,96.36219787597656,42187,1090.8768815037809,496.1635811979994,0.027922820606939094
8,160.1,432.4262398430933,129.82566833496094,42828,1089.434412066872,494.6248482301298,0.3848871250717266
8,165.1,381.7535969939832,95.7526626586914,42049,1094.723132535851,504.3101857356893,0.021420736038284566
8,170.1,434.6005691924582,142.6548614501953,42165,1093.550053361793,497.3955176093917,0.5217397567447378
8,175.0,375.16500135025655,91.30321502685547,44436,1092.2315239895581,495.1877981816545,-0.026042780368286514
8,180.1,425.66444761451896,137.28091430664062,44163,1091.2590630165523,492.47856803206304,0.4644143425537391
8,185.4,315.6831142105865,58.93657302856445,43735,1089.3885217788957,488.43363438893334,-0.37130690540701966
8,191.0,315.3404030666116,46.524169921875,43566,1093.2189551485103,496.412018546573,-0.5037135201706231
8,196.7,313.7266087422662,57.66411209106445,44771,1091.1403810502334,491.14589801433965,-0.38488060614048164
8,202.3,318.8125612865268,69.97457122802734,40792,1095.353843890959,497.874583251618,-0.25356145653660883
8,207.9,316.3971063015664,69.49113464355469,41815,1096.7200765275618,497.4049503766591,-0.2587184113222946
8,213.6,315.46346989302566,68.85188293457031,42814,1097.5274910076143,497.7393142430046,-0.2655374901131577
8,219.2,314.6691961000736,59.61607360839844,43488,1094.2943340691686,490.86594002943343,-0.3640584805264874
8,224.9,313.08705610231755,59.5582160949707,44098,1093.0303868656174,488.35325865118597,-0.3646756629871084
8,230.5,315.2658801321378,68.49108123779297,42380,1098.401580934403,496.6332940066069,-0.26938626386475345
8,236.1,317.15947427107307,69.80682373046875,42151,1097.1699841047662,493.75782306469597,-0.2553508665401261
8,241.8,315.6489541441592,59.7791862487793,42023,1099.4011136758443,498.52238060109937,-0.3623185118554455
8,247.4,315.1734885467518,69.2865219116211,42608,1096.6940950056328,491.96552290649646,-0.26090107320815126
8,253.1,320.99663562338486,71.16903686523438,41018,1098.9244234238627,495.573870008289,-0.2408197537321939
8,258.8,316.42038718929257,69.00199890136719,41840,1097.7984703632887,492.1761472275335,-0.2639361606353205
8,264.4,317.4393164043642,68.24687194824219,41428,1098.4911412571207,493.31732161822924,-0.27199131343052346
8,270.1,317.6527342218738,69.01412200927734,40816,1100.3869070952567,495.9517101136809,-0.2638068400142449
8,275.7,316.1280454599266,68.33990478515625,42235,1097.3498046643779,490.5221498756955,-0.2709989058450007
8,281.3,318.6896890263358,70.7800521850586,40743,1100.5304224038484,494.4629506909162,-0.2449691633392039
8,287.0,318.1883670643116,60.71434020996094,41159,1101.7083505430162,500.7940426152239,-0.3523429600450065
8,292.6,318.6974129855156,69.69486999511719,41631,1104.2760202733539,503.3938411280056,-0.25654510870102176
8,298.3,318.8890443920644,69.92324829101562,40728,1105.119107248085,503.80976232567275,-0.2541089328223077
8,303.9,321.68256245996156,72.84942626953125,39025,1103.4607559256888,501.9657142857143,-0.22289456466162078
8,309.5,320.73557116835804,73.87069702148438,38430,1100.0270361696591,493.6455633619568,-0.2120003806860523
8,315.2,322.28015164678936,74.70060729980469,37983,1099.6563989153042,493.45841560698204,-0.20314749300867
9,0.1,310.3634440104167,71.29869842529297,12288,1165.498779296875,414.9733072916667,0.025974371014168808
9,5.1,307.141481537645,68.48358154296875,13189,1164.2243536280234,416.33452119190235,-0.01453461212947531
9,10.1,307.3938251920568,67.40924072265625,13798,1164.2286563270038,421.33475866067545,-0.029994167096385412
9,15.1,311.7945183776933,70.84705352783203,12624,1163.537072243346,413.74247465145754,0.019475288985626994
9,20.0,311.17092511013215,69.42964935302734,13620,1161.5711453744493,413.73113069016154,-0.0009208807739350779
9,25.1,307.67474209650584,66.22244262695312,15025,1161.6722795341097,421.0258236272879,-0.04707196033318143
9,30.1,312.98741678250053,70.45631408691406,13669,1161.815421757261,412.93847391908696,0.01385262460352339
9,35.1,310.5756308378642,68.12380981445312,14346,1159.408476230308,414.63592639063154,-0.01971165716711033
9,40.1,311.97156463524055,69.07039642333984,14489,1160.0291945613915,413.2588170336117,-0.006090460397570623
9,45.1,310.54860928890054,65.99990844726562,15244,1161.3650616636053,418.39628706376277,-0.05027418379695567
9,50.1,311.14814307249554,67.31461334228516,14594,1160.954844456626,414.52329724544336,-0.03135583665278941
9,55.1,310.02408890544484,63.82864761352539,16107,1164.1710436456199,429.7290618985534,-0.08151820391800296
9,60.1,314.24262018554964,69.09207916259766,14228,1159.855144784931,411.2332724205791,-0.005778450006592619
9,65.0,307.3888676358072,60.08418655395508,15684,1164.0371716398877,429.7053685284366,-0.13540026860120427
9,70.1,338.6063796255437,81.60514068603516,15863,1162.5272647040283,424.46277501103197,0.1742820659567131
9,75.1,310.44894806532295,67.00005340576172,13594,1160.7979991172576,409.37722524643226,-0.035882292817470296
9,80.0,344.1431996051611,88.3744125366211,14183,1161.6868786575478,412.4808573644504,0.2716905682508458
9,85.1,312.99609228225745,70.15092468261719,13307,1160.811302322086,407.49154580296084,0.009458130609833202
9,90.1,344.0796129462796,89.95792388916016,14985,1160.0174174174174,412.2023356690023,0.2944769879162394
9,95.1,309.6777301220719,68.1889877319336,15155,1157.2025074232927,409.4056087099967,-0.01877375964067645
9,100.0,348.447885519009,92.89329528808594,14046,1159.8449380606578,405.6267976648156,0.3367164101107615
9,105.1,311.88056610286503,68.42611694335938,14485,1159.1578874697964,410.59868829823955,-0.015361516515417013
9,110.1,349.3408569790771,93.76921844482422,13956,1160.3207222699914,407.6193035253654,0.3493207735793729
9,115.1,312.8194123010029,71.97993469238281,14259,1157.1232204221894,406.0115015078196,0.03577722809397771
9,120.1,345.66285598322395,91.7448501586914,14783,1156.2485963606846,402.659067848204,0.3201905085824266
9,125.1,315.40748834498834,71.47425079345703,13728,1159.5533216783217,406.1906322843823,0.028500535368990713
9,130.1,352.0662441971852,95.3842544555664,13571,1160.4339400191584,406.0247586765898,0.37256082693073445
9,135.1,314.8315873130554,72.22964477539062,13841,1156.9377935120294,403.4620330900946,0.03937050750872438
9,140.1,347.34047884187083,96.96033477783203,14368,1156.5695295100222,400.006890311804,0.3952403155191356
9,145.1,316.03189168860473,72.0223617553711,13295,1157.3524633320797,403.0873260624295,0.03638774525943467
9,150.1,354.15820327369624,96.20201110839844,13135,1159.3581271412256,401.7818804720213,0.38432818574740485
9,155.0,317.9378518004472,73.14381408691406,12969,1159.1552933919347,403.0224381216748,0.05252522568879697
9,160.1,354.5995890209893,96.91056060791016,13626,1157.7479817995008,402.5011008366358,0.39452407491718605
9,165.1,316.0457339382409,71.14403533935547,13666,1154.915190984926,399.3538709205327,0.02374879935832571
9,170.1,350.47386291292355,96.45660400390625,14137,1152.2454551885123,397.4962156044422,0.3879917278821466
9,175.0,314.0614828209765,70.34599304199219,13825,1154.1416274864375,397.23811934900544,0.012265126273635308
9,180.1,351.7231790979419,97.47917938232422,13702,1153.8535250328418,398.035396292512,0.4027063882316092
9,185.4,274.8720922010889,45.654483795166016,14143,1149.237714770558,395.13448349006575,-0.3430408783015656
9,191.0,275.51298654579466,47.5104866027832,13899,1152.1166270954745,394.88438017123536,-0.3163333597184485
9,196.7,272.50858678552703,45.52959060668945,15256,1146.0565679077085,390.78913214472993,-0.3448380669364389
9,202.3,272.13223944484076,46.27995681762695,15419,1146.3949672482004,391.08580322978145,-0.33404044344120015
9,207.9,272.4220504201681,48.42448043823242,14875,1146.4454453781514,389.07932773109246,-0.3031811666048757
9,213.6,272.21211307325586,48.508460998535156,14893,1147.0255824884173,387.76371449674343,-0.3019727027137109
9,219.2,274.21543499928805,43.55135726928711,14046,1149.897052541649,388.7814324362808,-0.37330445901493203
9,224.9,271.66085891240726,45.450740814208984,14693,1147.8982508677602,387.5887157149663,-0.34597270007885894
9,230.5,269.17023485143375,42.69328689575195,15414,1143.4753470870637,382.4259115090178,-0.38565192441356155
9,236.1,271.4199389623601,46.658103942871094,14745,1146.3862326212275,384.8847066802306,-0.3285989800268338
9,241.8,268.74538650148406,44.05637741088867,15498,1142.5178732739707,381.9554136017551,-0.3660373176284444
9,247.4,269.93804130579616,46.882633209228516,15010,1144.0395069953365,382.9572951365756,-0.32536804765481153
9,253.1,271.7801254539452,45.74503707885742,15145,1143.2270716408054,383.0171673819743,-0.3417378342021575
9,258.8,268.5968133237165,46.12432098388672,15251,1144.2764408891221,381.22614910497674,-0.3362800127482923
9,264.4,268.49306227815424,44.96330261230469,15495,1142.2252339464344,380.17412068409163,-0.35298684078061443
9,270.1,268.9312730627306,43.01486587524414,15176,1140.5467843964154,379.1025303110174,-0.38102446558888775
9,275.7,270.1978397593656,41.22311782836914,14628,1142.4709461307082,381.0118266338529,-0.4068073706910701
9,281.3,269.5275122016447,45.00239181518555,14957,1142.563883131644,380.9311359229792,-0.3524243547714041
9,287.0,270.82620209059235,42.37154769897461,14350,1145.2867595818816,381.31205574912894,-0.39028168873373514
9,292.6,270.0083349871006,46.93246841430664,15117,1141.651584309056,377.9325262948998,-0.3246509287688621
9,298.3,273.0717896124826,47.20370864868164,13651,1147.494762288477,382.5398871877518,-0.3207478346731373
9,303.9,270.366630449545,45.39479064941406,14726,1141.8630992801848,377.11917696591064,-0.3467778120430522
9,309.5,271.0253173533792,45.65861511230469,14101,1142.938727749805,376.79675200340404,-0.34298142945331983
9,315.2,271.1162806919643,44.416080474853516,14336,1141.332240513393,375.08510044642856,-0.36086126066030927
10,0.1,371.5889063824634,122.8478775024414,41285,688.134528279036,474.97727988373504,0.011119368788996727
10,5.1,371.415003172434,122.14600372314453,40978,686.6625506369271,474.1540826785104,0.005342482878386671
10,10.1,371.5609315055103,120.46411895751953,40923,686.6235124502114,474.1776018375974,-0.008500542309905925
10,15.1,373.86628229014553,121.07862854003906,39718,687.5912432650184,473.1261896369404,-0.0034427215821559473
10,20.0,376.6779447991554,120.94791412353516,39782,685.0181237745714,470.3847217334473,-0.00451858777532176
10,25.1,374.6105145967343,118.21949768066406,40420,688.7795150915389,474.13144482929243,-0.026975261570556963
10,30.1,376.50672935791226,118.98999786376953,40197,687.6773639823867,470.97601811080426,-0.02063353491941539
10,35.1,374.74290048241903,115.02880859375,40214,689.01317948973,470.50939971154327,-0.05323674529459096
10,40.1,376.0502901353965,117.25946807861328,40843,687.6094067526872,471.5695468011654,-0.03487694082606584
10,45.1,376.1690530712902,116.71044921875,39739,689.76801127356,472.0087823045371,-0.039395729545286355
10,50.1,373.6795130846188,115.23372650146484,40582,689.8836183529644,471.6786506332857,-0.051550135239011634
10,55.1,375.37425371293233,116.91668701171875,40534,688.91888291311,472.00952286968965,-0.03769825596017819
10,60.1,374.9587777529151,115.64230346679688,40221,689.2967355361627,468.93744561298826,-0.048187276297634835
10,65.0,376.86584849767246,114.99073028564453,40171,689.8901446316995,472.66836772796296,-0.05355015498174969
10,70.1,416.9168944645123,143.23223876953125,40972,692.290954798399,473.03185102020893,0.17889615839724327
10,75.1,374.03784792106427,113.0411148071289,40742,691.3059987236758,472.91851160964114,-0.06959678120025152
10,80.0,417.97754483580906,144.326416015625,40258,692.1218639773462,473.73965423021514,0.18790196158168665
10,85.1,373.5523738872404,113.13004302978516,40440,693.581528189911,475.25046983184967,-0.0688648430488746
10,90.1,418.14292379853146,145.04580688476562,40721,694.3538223521033,475.186120183689,0.1938230247396853
10,95.1,375.5122953828085,112.73280334472656,40869,693.1572096209841,473.37607966918694,-0.07213438866724642
10,100.0,419.99181409441894,144.64666748046875,40924,692.7023506988564,474.3728618903333,0.19053784317418815
10,105.1,375.8632811530924,114.68299865722656,40309,693.3347639484979,474.6905901907763,-0.056082990031148104
10,110.1,418.1598281257762,118.8207015991211,40262,693.0845213849287,473.6258258407431,-0.02202695526765267
10,115.1,375.3161612170305,112.2818832397461,40492,693.6517089795515,475.3393015904376,-0.07584575968310348
10,120.1,418.142037795044,144.8267364501953,40799,693.4304027059487,474.6289614941543,0.19201993001777068
10,125.1,376.3317932067932,112.81636047363281,40040,694.0212787212787,474.64403096903095,-0.07144665817360538
10,130.1,420.46561604584525,147.32066345214844,39786,692.6004624742371,473.6349469662695,0.21254660046000573
10,135.1,376.72238798547914,114.2588882446289,40218,692.7611268586205,472.2648316674126,-0.05957369952813604
10,140.1,418.7978867850001,144.3848419189453,40507,692.4069420100229,471.35546942503765,0.188382845449501
10,145.1,376.1509630400833,112.22268676757812,38420,692.594638209266,472.0567673086934,-0.07633298584272372
10,150.1,418.1720844629045,143.4773406982422,40207,694.0434998880792,473.350361877285,0.1809135095512528
10,155.0,373.12739293467536,112.72344207763672,40536,692.2309305308861,471.842337675153,-0.07221143809344233
10,160.1,420.2432318210068,146.55096435546875,40225,691.5604972032319,470.94105655686764,0.20621146728054351
10,165.1,374.5029326583757,113.14215850830078,41089,690.4864318917472,470.3012485093334,-0.06876512463909538
10,170.1,419.65662233648095,144.66836547851562,40454,690.5539130864686,469.78570722301873,0.19071643206424613
10,175.0,373.8419066877096,112.20223236083984,40552,692.4901607812192,470.2331327678043,-0.07650133915293661
10,180.1,415.74726182091945,142.8581085205078,41177,689.8335235689826,466.6600043713724,0.17581681873807878
10,185.4,318.70321356338485,61.376949310302734,40049,691.9793253264751,469.0411495917501,-0.49482706981572216
10,191.0,316.49980182322633,72.47270202636719,40368,688.8594678953626,466.14110186286166,-0.4035016785220637
10,196.7,314.59702416379,70.4689712524414,42005,689.0969170336865,466.0716819426259,-0.4199937094512481
10,202.3,315.22883551572016,71.81974029541016,42843,692.0736176271503,465.7783301822935,-0.40887598589042273
10,207.9,315.5825271325443,72.30333709716797,40726,691.1046997004371,466.7556352207435,-0.4048956640250163
10,213.6,316.3462660944206,72.92737579345703,40775,691.9105088902514,468.6689147762109,-0.3997594123817662
10,219.2,317.3146138807429,73.84867095947266,40920,691.9945014662757,467.0998289345064,-0.3921765431806963
10,224.9,314.2577881434589,70.40848541259766,42019,691.0604250458126,467.27092505771196,-0.4204915479605237
10,230.5,315.7043860287871,71.43917083740234,41199,693.169737129542,468.1330614820748,-0.4120083245028956
10,236.1,316.68939411974765,73.77848815917969,42005,691.3430305915963,467.60278538269256,-0.3927541940947763
10,241.8,316.4665381509365,74.0638427734375,38387,682.5597728397635,459.0918279625915,-0.39040553668762124
10,247.4,316.7452137648465,62.2198600769043,41003,689.7791137233861,465.61722313001485,-0.48788935611973516
10,253.1,321.52323527927746,75.82516479492188,39638,691.0729098339976,469.06531611080277,-0.37590869028860996
10,258.8,317.1423453721304,74.1133804321289,41034,692.4845493980602,465.70599990251986,-0.3899978089579635
10,264.4,317.4023258631133,60.7906494140625,41275,690.065778316172,467.2888915808601,-0.49965270614790624
10,270.1,316.134663038725,51.994388580322266,41162,692.3794033331714,464.8129828482581,-0.572051756768362
10,275.7,317.1981365555394,74.65461730957031,41214,688.7549619061484,461.9265540835638,-0.3855430711064853
10,281.3,316.7728678745029,74.6836166381836,42997,689.7750773309766,460.3497918459427,-0.3853043874316926
10,287.0,316.6629303442754,73.06778717041016,42466,690.9156972636933,459.564451561249,-0.398603733783796
10,292.6,318.2962909406406,75.0762939453125,41493,689.9411466994433,461.4397368230786,-0.38207239320440894
10,298.3,319.065254948418,64.24488067626953,40518,693.6115306777235,464.09672244434574,-0.4712220958313008
10,303.9,317.7726995734308,75.13666534423828,41025,690.6463619744059,460.9065204143815,-0.38157549661965895
10,309.5,317.05206936194674,75.1584243774414,41752,693.261568308105,465.5622724659897,-0.381396405369854
10,315.2,318.888482405057,61.020301818847656,40182,691.4433079488329,462.4644616992683,-0.4977625148048557
11,0.1,440.9404435663756,149.2881317138672,31382,336.15225288381873,546.7449174686126,-0.05788954328185073
11,5.1,436.8870716024721,161.60389709472656,32038,333.5059616705163,542.7086896810038,0.019831379437133412
11,10.1,431.66714200154007,168.0773162841797,35063,331.52491230071587,536.841314205858,0.06068309242388799
11,15.1,436.7125658389767,159.2462921142578,33225,327.26058690744924,536.2764183596689,0.0049532757365156645
11,20.0,439.93109551235904,154.09130859375,33336,325.31905447564196,533.1950143988481,-0.027578204315686156
11,25.1,437.6793967189981,154.7252960205078,34014,325.9691009584289,534.431469394955,-0.023577309017986575
11,30.1,446.005076142132,147.880615234375,31126,335.3712651802352,542.7285227783847,-0.0667719372009752
11,35.1,439.9949679780421,155.0369415283203,32790,334.41964013418726,540.3706007929246,-0.021610612212763433
11,40.1,434.0611150241101,156.3348846435547,36914,325.8011323617056,527.7761553881996,-0.013419701340951315
11,45.1,435.3540138751239,144.6046905517578,35315,325.2194534900184,528.0539147670961,-0.08744526778314134
11,50.1,438.4996183322647,172.39190673828125,32751,344.9520014656041,542.9049800006106,0.08791111608926697
11,55.1,420.53620672552324,156.44973754882812,40324,346.4655540124988,527.5513589921635,-0.012694900770401247
11,60.1,440.2484084345207,174.22718811035156,32201,338.9348467438899,538.741312381603,0.0994929997380049
11,65.0,444.57063107574834,141.4869842529297,31169,337.86823446373,540.8177997369181,-0.10712013189579324
11,70.1,507.3467805726942,189.59202575683594,31605,336.45233349153614,537.651669039709,0.19645565876755058
11,75.1,452.0859859749605,148.50537109375,27237,353.6521276205162,553.1044902155156,-0.06282929942223174
11,80.0,519.9452282451116,198.26992797851562,28281,348.44556415968316,548.7882323821647,0.25121917098760926
11,85.1,426.7214172341406,160.0818328857422,39062,321.82755619271927,518.2073626542419,0.010226110815854124
11,90.1,511.5513078470825,197.16615295410156,30814,342.3253066787824,540.4263646394496,0.24425359388227108
11,95.1,440.8293777861493,142.56149291992188,31854,339.36039429898915,536.0388020342814,-0.10033924556955898
11,100.0,491.6795249902127,181.76834106445312,38315,319.3849406237766,514.6106224716168,0.14708284477261932
11,105.1,428.57772523180745,164.0684356689453,37639,321.34512075241105,516.0669252636893,0.03538430742344465
11,110.1,485.03506798640274,179.03497314453125,40008,317.6334233153369,513.3509548090382,0.12983341931693765
11,115.1,457.45509512439344,156.0891571044922,25966,353.7055380112455,549.1298236154972,-0.014970410572801757
11,120.1,494.19508080035854,216.0231170654297,37933,319.38995070255453,514.5252945983708,0.36325396495859347
11,125.1,430.9150285848539,146.98663330078125,38307,316.4558957892813,511.3571932022868,-0.07241357607800288
11,130.1,493.39695853257035,208.225830078125,38271,317.80862794282876,512.175302448329,0.3140477385798508
11,135.1,431.56096719396965,137.12107849121094,37676,317.92589446862723,512.4184361397176,-0.1346719903318325
11,140.1,493.8062124404901,197.64651489257812,38439,314.4865891412368,509.576523842972,0.24728500702980485
11,145.1,428.5168895882507,137.71153259277344,38130,317.4466561762392,511.60068187778654,-0.13094582016071446
11,150.1,494.6859981028668,188.4257049560547,37952,314.4091220489039,509.24093591905563,0.18909537493460718
11,155.0,430.88784143098866,166.09030151367188,37233,315.8497032202616,510.27174818037764,0.048143667009034746
11,160.1,497.1551559008194,218.01580810546875,37588,314.49098116420134,509.2951207832287,0.3758292115255983
11,165.1,457.06128466390476,144.5678253173828,26793,344.46549471876983,542.854103683798,-0.0876779126852868
11,170.1,497.3263783409279,191.22039794921875,37527,314.3263250459669,508.4850107922296,0.2067318036443131
11,175.0,433.9371624005863,145.22415161132812,36841,315.91311310767895,508.16934936619526,-0.08353604382105537
11,180.1,494.1209863449556,189.71368408203125,37715,314.6236510672146,507.3111228953997,0.19722340620331458
11,185.4,373.1126782884311,89.32396697998047,25240,349.50027733755945,543.6179873217116,-0.43630453163766525
11,191.0,353.5366919280455,85.47016906738281,37079,317.3287575177324,507.44901426683566,-0.4606246384663555
11,196.7,355.08530831537894,94.10185241699219,36667,316.403932691521,506.96435486950116,-0.40615279901475654
11,202.3,355.3459820197452,94.60224151611328,36262,319.72563565164637,509.6477304064861,-0.40299500075378486
11,207.9,352.80593465394696,89.26280975341797,37003,317.2623030565089,507.7511012620598,-0.43669047566407215
11,213.6,355.2911281249142,111.39126586914062,36441,317.89286792349276,509.1705496556077,-0.2970447472440245
11,219.2,355.58647049153376,110.55459594726562,36498,319.2474108170311,508.97643706504465,-0.30232470803642536
11,224.9,354.71359316898497,95.66373443603516,36305,317.6629665335353,508.0818895468944,-0.3962962527146078
11,230.5,355.89579940472845,94.71057891845703,35614,322.1506991632504,511.69349132363675,-0.40231131747347326
11,236.1,356.26645385149203,111.53925323486328,36025,319.24585704371964,507.08463566967384,-0.29611084551246086
11,241.8,356.682996054835,112.16356658935547,35233,321.9420713535606,511.73527658729034,-0.2921710002428905
11,247.4,357.06573033707866,111.35984802246094,35600,320.1331179775281,508.68845505617975,-0.2972430153953149
11,253.1,361.93724171345514,113.27372741699219,35087,319.1592327642717,506.8386296919087,-0.28516512434138186
11,258.8,357.53977785295444,111.56124114990234,35472,318.64498759585024,506.53247631935045,-0.2959720866945835
11,264.4,358.74967108148405,108.54295349121094,34203,321.926819284858,506.6202087536181,-0.31501955103077484
11,270.1,359.3872475906379,108.25153350830078,34864,318.9859740706746,504.4993402937127,-0.31685861090810313
11,275.7,360.51002806689274,114.71086120605469,34204,321.3739913460414,507.92395626242546,-0.27609582489449896
11,281.3,361.513429476739,115.84986877441406,33769,322.85495572862686,509.25828422517696,-0.26890790628292993
11,287.0,359.9318497511286,94.92169189453125,34556,316.54806690589186,503.866622294247,-0.40097904986435334
11,292.6,362.25709957224336,115.88289642333984,33664,322.91430014258555,509.3572956273764,-0.2686994791758546
11,298.3,359.33960199291533,109.47340393066406,34723,319.6974339774789,506.07366874982,-0.3091477708805155
11,303.9,360.6847212420607,115.48296356201172,34008,320.84788873206304,506.115972712303,-0.27122332970782187
11,309.5,359.93821830698323,108.5614013671875,34282,320.9803103669564,507.35079633626975,-0.3149031322862823
11,315.2,361.02171816082546,115.60711669921875,34211,320.7865598784017,506.6051562362983,-0.2704398382979267
12,0.1,407.8696163489915,137.95018005371094,45067,830.0488383961657,767.7285375108172,0.08723465690251932
12,5.1,408.16771479086003,136.92335510253906,44683,828.9698766868831,766.3501555401383,0.0791418825904334
12,10.1,408.397850398155,100.57472229003906,45962,829.6120925982333,771.437078456116,-0.20733467952341936
12,15.1,409.46425478479256,132.2215118408203,46188,831.3164241794406,768.8466917814151,0.04208497593417643
12,20.0,411.9730356625109,126.73872375488281,44837,830.7811405758637,765.4213038338872,-0.0011268359037097675
12,25.1,412.13541961775667,103.21048736572266,45887,829.8725347048183,770.9667879791662,-0.1865612732355788
12,30.1,410.7307562172221,131.3555145263672,47288,831.4432837083403,772.9885171713754,0.03525974168880352
12,35.1,410.12092221503985,130.24693298339844,46410,829.9921137685843,770.7426416720534,0.026522614466143752
12,40.1,409.00870945508467,128.81863403320312,47879,830.6809666033125,774.1597777731364,0.015265680126042068
12,45.1,410.49978516799865,129.47959899902344,46548,833.2860702930309,773.6560754489989,0.02047498117630845
12,50.1,408.9258998334828,127.06165313720703,46842,831.2654241919645,778.7686264463516,0.0014182859370758956
12,55.1,406.28678859711863,127.34871673583984,48935,831.135588024931,773.1011954633698,0.003680736722187086
12,60.1,407.7540825717527,127.35491180419922,46723,828.7517068681377,778.747511932025,0.003729562269348897
12,65.0,425.9549898038556,136.44248962402344,47567,831.0834191771606,777.4107049004562,0.07535200994694251
12,70.1,465.46292434373186,117.30410766601562,46513,832.3185776019608,781.6753380775267,-0.07548441617212762
12,75.1,423.5494689303337,136.34576416015625,47828,831.3906080120431,775.4700175629339,0.07458968200738901
12,80.0,462.969260900938,158.928466796875,48505,833.6671683331615,782.8509432017318,0.2525720300087104
12,85.1,422.3578816714936,135.1345672607422,48340,832.7631154323542,775.5356433595366,0.06504380649738152
12,90.1,460.89179081219226,107.66986846923828,48129,832.7865943609881,773.7720708928089,-0.1514152974768617
12,95.1,426.3290660397521,138.1740264892578,46790,832.5127163923916,777.9901260953195,0.08899887063863696
12,100.0,463.02463734745567,160.11004638671875,47773,832.6039813283654,774.6559772256295,0.2618844809200946
12,105.1,422.6403480777005,136.248291015625,47001,830.6846875598392,774.6540286376886,0.07382146132938495
12,110.1,461.6016739260398,72.81494140625,46836,830.9990605517123,774.8629259543941,-0.42611943089615684
12,115.1,422.1761021736461,135.74488830566406,48858,832.7067215195055,774.4185394408286,0.06985396471259851
12,120.1,464.3843764980512,159.43055725097656,47979,835.0523979240918,778.4158277579775,0.2565291842682163
12,125.1,423.4238265110748,132.92327880859375,49617,833.9172864139307,773.2830884575851,0.04761585213988784
12,130.1,462.7356463323041,159.90292358398438,47932,834.1283276308103,769.1971751648168,0.26025207210932016
12,135.1,423.8684768511847,133.67266845703125,48577,833.0472651666427,771.0351195009985,0.05352205970690962
12,140.1,461.6388413896651,158.0673828125,47954,831.5707970138048,773.6914751636986,0.24578551947315552
12,145.1,423.0754103116711,132.1635284423828,48256,835.1451011273209,775.2661223474801,0.041627988054336824
12,150.1,462.05519800423474,158.2350311279297,47701,831.6095260057441,774.0728286618729,0.24710681574573387
12,155.0,422.75261402931005,135.89462280273438,48584,833.9385394368517,775.2797011361765,0.07103407578230012
12,160.1,465.90905442794684,162.66497802734375,47347,833.2420639111242,774.3953999197415,0.2820208100254482
12,165.1,423.5585831630738,134.84576416015625,47966,833.6208981361798,771.1590293124297,0.06276764607587514
12,170.1,464.37135532815074,159.8392333984375,47981,833.2157937516934,770.8534419874534,0.25975010700130685
12,175.0,426.2483660130719,137.48068237304688,47583,834.730113696068,773.0829497929933,0.08353437793547067
12,180.1,466.76071297237667,163.08511352539062,46229,833.6460663220057,774.5208635272231,0.2853320479947913
12,185.4,379.0260575367222,103.2869873046875,47587,834.0853804610502,769.6132347069578,-0.18595834988411147
12,191.0,378.5667219317264,94.62899017333984,47046,835.5410236789526,770.78824979807,-0.2541951186719355
12,196.7,379.734834983144,113.13040161132812,46571,834.8231517467952,773.86858774774,-0.10837888480285603
12,202.3,379.97642402340387,113.4269027709961,46488,840.2045689210119,772.2501075546378,-0.10604205322730252
12,207.9,377.7190994258084,114.64859771728516,46326,841.2519319604542,768.6371368130208,-0.09641343885905039
12,213.6,379.28228933310356,111.32795715332031,46424,836.3799758745477,774.0051912803722,-0.12258459356760697
12,219.2,378.926363892318,113.53496551513672,46173,842.1049097957681,766.012193273125,-0.10519037213124355
12,224.9,378.0132757620674,114.07473754882812,46551,842.0987733883268,765.2192863740844,-0.10093623587982614
12,230.5,378.6613449548014,111.95581817626953,46351,842.9161830381222,769.2042674375957,-0.11763619651873848
12,236.1,379.68659470826805,113.2877426147461,46601,844.1929357739104,766.7398768266776,-0.10713882413891758
12,241.8,376.77678875638844,111.0577392578125,46960,843.040566439523,764.08066439523,-0.12471427734762791
12,247.4,378.2462764114998,105.56462860107422,46192,844.374567024593,759.0824818150329,-0.1680074450541224
12,253.1,381.94678797904606,112.62708282470703,47151,844.7206421921062,762.9559288244152,-0.11234571998981639
12,258.8,380.8235587667339,112.7309799194336,46089,846.4705244201436,768.6409338453861,-0.11152686986512483
12,264.4,377.8467894288858,79.33085632324219,48169,844.3936764308995,759.9645207498598,-0.37476517737924425
12,270.1,380.847909954214,40.35244369506836,47176,845.7611921315923,768.7174834661693,-0.681967973808341
12,275.7,379.1121370428867,111.96699523925781,49386,844.177580690884,764.5943587251447,-0.11754810609190099
12,281.3,378.3558327825512,110.93805694580078,48416,845.4730047918043,764.373740085922,-0.1256575364096074
12,287.0,378.73635098633054,110.77301788330078,48868,848.192354915282,762.4513178358026,-0.12695826822759296
12,292.6,380.19648617394654,112.37645721435547,49291,844.722992026942,759.1954109269441,-0.1143209899704389
12,298.3,377.8958818494855,72.28593444824219,50241,847.5339662825182,758.3964889233893,-0.430288723739883
12,303.9,376.75998467772826,112.8753890991211,49601,844.6545029334086,757.5723674925908,-0.11038872952438746
12,309.5,377.3350050952105,112.36429595947266,50047,844.7389254101145,760.334745339381,-0.11441683716523683
12,315.2,396.1060904228479,44.1844482421875,39636,848.8213997376123,807.4828691088909,-0.6517665768444962
13,0.1,544.0787688442211,273.9844970703125,15920,65.60709798994975,528.6338567839196,0.1268540942038417
13,5.1,527.3915252137282,197.54661560058594,16142,67.2863957378268,527.5452236401933,-0.1875225972055439
13,10.1,535.90185540627,265.586181640625,15630,64.87869481765834,527.4124760076776,0.09231317591265095
13,15.1,535.1248456489244,263.634521484375,15387,63.876974069019305,527.5039968804836,0.08428631212626514
13,20.0,537.6640865812727,214.95347595214844,14599,63.543256387423796,526.4277005274333,-0.11593098503721401
13,25.1,528.6588382434686,205.89967346191406,14392,64.81378543635353,525.8775013896609,-0.15316781600146864
13,30.1,524.4096589705571,201.35313415527344,14163,65.44001976982278,523.6057332486055,-0.17186699966671046
13,35.1,524.5520198440822,207.64425659179688,14110,64.32360028348688,525.3098511693834,-0.1459926266618948
13,40.1,521.6029628537735,199.9148406982422,13568,65.31684846698113,522.9403007075472,-0.17778246892885025
13,45.1,508.46883929260946,198.5390167236328,12949,69.03946250675727,516.4513862074291,-0.1834410112743849
13,50.1,523.7217739055917,259.6076965332031,14003,63.25494536884953,526.2203099335857,0.0677246298727407
13,55.1,514.5464824120603,249.03927612304688,14328,64.0073283082077,526.358179787828,0.02425841942727963
13,60.1,513.6158704212794,220.95993041992188,13459,63.91596701092206,523.1403521806969,-0.09122740552438309
13,65.0,493.9038891028109,214.7376251220703,12985,63.92599152868695,523.3380053908356,-0.11681874472512223
13,70.1,559.8323547589616,267.35406494140625,12944,62.373068603213845,524.9152503090235,0.09958419510118814
13,75.1,481.4798471681151,208.08824157714844,13348,62.45347617620617,525.99655379083,-0.14416658794854365
13,80.0,547.8479055597868,243.41297912597656,13130,62.64196496572734,525.012947448591,0.0011183663434424574
13,85.1,474.8758093973103,207.1193389892578,12046,66.9591565664951,517.1986551552383,-0.14815152819050578
13,90.1,542.6103467696516,224.48458862304688,12429,64.12688068227533,521.1016171856143,-0.07673105420038359
13,95.1,478.08874223602487,170.5943145751953,12880,63.807841614906835,522.6830745341615,-0.2983730689783379
13,100.0,531.6349916644731,216.99900817871094,11397,70.05712029481442,511.3752741949636,-0.10751804054956908
13,105.1,473.7374916051041,207.1478729248047,11912,65.6918233713902,517.4824546675621,-0.14803417271076677
13,110.1,524.1206232492997,211.4353790283203,11424,69.25875350140056,512.3968837535014,-0.13040035087656762
13,115.1,467.7002480116309,171.4165802001953,11693,66.47455742752074,515.5511844693407,-0.29499122293974045
13,120.1,517.7711832421212,216.91323852539062,10598,70.8338365729383,508.82081524816005,-0.10787079731513759
13,125.1,465.559920737486,197.86016845703125,11607,65.16266046351339,517.8759369346084,-0.1862330048241763
13,130.1,525.0978047474567,239.24424743652344,11206,66.21069070140996,515.6873996073532,-0.016026955461725306
13,135.1,457.7374019652033,192.35792541503906,11093,67.05814477598486,514.3854683133508,-0.20886284397738333
13,140.1,515.4674517804154,234.26223754882812,10784,67.73080489614243,513.1479043026707,-0.0365171594672197
13,145.1,448.41826457485956,180.3762664794922,10326,68.60701142746466,511.00368003098976,-0.2581414767878015
13,150.1,516.9766746411483,232.6140594482422,10032,67.12260765550239,512.3205741626795,-0.04329585045332227
13,155.0,450.7035010940919,186.4662322998047,10054,66.95096479013328,512.1620250646508,-0.23309442853667559
13,160.1,506.30844923833854,228.91517639160156,10569,66.04342889582742,513.898665909736,-0.05850876053008129
13,165.1,447.97566439262806,176.4613037109375,9821,65.75827308828022,511.42460034619694,-0.27424308790658436
13,170.1,503.9110067918498,209.69570922851562,10012,66.45385537355173,511.93537754694364,-0.13755533248112756
13,175.0,442.0286271290786,178.8445587158203,9746,65.2886312333265,511.64888159244816,-0.26444114404296937
13,180.1,505.9532413491021,223.03268432617188,9132,62.855124835742444,511.9156811213316,-0.0827025026539283
13,185.4,375.7584878150385,122.3092041015625,9602,65.77213080608206,510.4186627785878,-0.49696194903579105
13,191.0,371.6577726218097,118.5933609008789,9482,66.17095549462138,510.7602826407931,-0.5122446134525126
13,196.7,374.0559821925431,130.42857360839844,8985,62.90183639398998,511.9995548135782,-0.4635682903836962
13,202.3,368.64658591488904,115.35116577148438,9329,62.899131739736305,513.1887662128845,-0.5255792396625072
13,207.9,364.7080703336339,112.38824462890625,8872,62.789900811541926,512.1794409377818,-0.5377652569591737
13,213.6,372.4893899204244,128.87599182128906,8294,58.41499879430914,514.8779840848806,-0.4699538091342025
13,219.2,371.25499535315987,127.0572738647461,8608,58.8769749070632,515.8923094795539,-0.47743390307180417
13,224.9,364.2150598973189,122.71246337890625,8765,60.062977752424416,515.1892755276668,-0.49530340859806743
13,230.5,367.92344983089066,114.5510025024414,8870,59.10924464487035,516.0037204058625,-0.5288701822720127
13,236.1,371.9927694249971,117.79200744628906,8713,59.02054401469069,515.4641340525651,-0.515540451103419
13,241.8,369.6089391860997,127.17068481445312,8748,57.88843164151806,516.6886145404663,-0.47696746210754726
13,247.4,368.24843278384026,124.6786880493164,8614,59.55630369166473,514.4512421639192,-0.48721664331146186
13,253.1,378.68213429256593,120.94807434082031,8340,53.510551558753,519.0182254196643,-0.5025600564471072
13,258.8,372.51340996168585,128.822265625,8352,54.6772030651341,516.7288074712644,-0.4701747763235935
13,264.4,368.46526806526805,126.45922088623047,8580,55.84125874125874,516.531351981352,-0.4798935986188051
13,270.1,373.8807822489658,129.78909301757812,7977,51.1889181396515,517.9801930550332,-0.46619837102561235
13,275.7,371.24892755004765,127.4034194946289,8392,51.655505243088655,518.90717349857,-0.4760102618643817
13,281.3,372.648675171737,128.39996337890625,8152,49.57740431795878,518.2600588812561,-0.4719116374237312
13,287.0,372.98535302954434,129.0026397705078,7988,49.38745618427642,518.0035052578868,-0.4694329265235961
13,292.6,373.19874804381845,128.37008666992188,7668,49.469613980177364,515.7788210745957,-0.4720345155142815
13,298.3,374.48968180002663,129.48764038085938,7511,46.15630408733857,519.3876980428705,-0.46743819715273766
13,303.9,369.99935458887313,125.75325012207031,7747,46.24138376145605,519.0034852200852,-0.4827971426312896
13,309.5,376.62002642783733,129.10606384277344,6811,40.063279988254294,521.6439583027455,-0.46900755997724786
13,315.2,375.6825187142228,130.92784118652344,6813,38.50799941288713,522.4840745633348,-0.4615148832729683
14,0.1,514.824084543794,228.2522430419922,22994,1001.7456727842045,632.7613290423589,0.019319560193038928
14,5.1,515.5086187796339,225.8258056640625,22567,1000.3588868702087,633.0985952940134,0.008483675086524476
14,10.1,510.98116438356163,221.8014373779297,22776,999.6412012644889,629.3267474534598,-0.009488184715620095
14,15.1,499.22797271353295,212.23049926757812,24481,999.5189738981251,624.6013643233528,-0.052229689882268296
14,20.0,521.1435146258353,231.5204620361328,22597,1006.3575253352215,638.2183918219233,0.03391463931832524
14,25.1,516.5848746403617,224.13462829589844,21897,1002.7948120747134,630.9066082111705,0.0009312841520429619
14,30.1,510.3311833618534,227.24777221679688,22791,1004.2494405686455,629.01461103067,0.014833835338293647
14,35.1,518.6830814701816,226.88906860351562,20977,1003.2508938361062,631.069409353101,0.013231951367925692
14,40.1,526.8830708102739,230.86302185058594,21141,1006.0842911877395,637.1300789934251,0.030978669744253704
14,45.1,519.2565151226936,228.4123077392578,21028,1005.4075042800076,632.061536998288,0.020034370591590904
14,50.1,513.4240408274857,220.49459838867188,21946,1003.6238494486466,630.4411737902124,-0.01532421298864049
14,55.1,511.6011547757587,219.51937866210938,22342,1003.8032852922746,629.872661355295,-0.019679309479799102
14,60.1,519.2025735294118,223.94017028808594,21760,1004.170174632353,633.0026654411764,6.288150960765448e-05
14,65.0,539.2979366402668,236.4582061767578,19192,1005.4497707378074,637.5752917882451,0.05596541576936616
14,70.1,609.9015910430171,293.7080993652344,20364,1006.3593596542919,638.1855234727951,0.3116296544565649
14,75.1,509.3689280683419,214.44290161132812,22007,1004.8134230017722,626.0842459217522,-0.04234963370430375
14,80.0,607.3289505370129,286.56207275390625,20763,1009.7548042190435,639.9880556759621,0.279717220188628
14,85.1,526.6861491175887,225.76837158203125,20172,1006.2887666071782,636.3299623240135,0.008227188304813358
14,90.1,607.147172115746,235.85784912109375,21288,1010.6840473506201,641.1673243141676,0.053284365709211017
14,95.1,525.5693933609572,226.43698120117188,21479,1011.4347502211463,641.4759532566693,0.01121303788000406
14,100.0,603.7683156492582,287.6227111816406,21771,1016.3135822883653,644.2498736851775,0.28445377603260774
14,105.1,535.4094387755102,234.04385375976562,20384,1013.0488127943485,644.3722527472528,0.045183499188652776
14,110.1,610.5090348383367,297.178466796875,20753,1013.6114778586228,642.6338360718933,0.32712747983161444
14,115.1,534.6045527800161,239.18362426757812,19856,1011.5392324738115,641.354351329573,0.0681364767528327
14,120.1,618.9623658572771,295.30078125,20221,1011.8885317244449,641.5454725285595,0.3187421882773521
14,125.1,540.331429747389,244.66177368164062,19437,1012.7478005865103,643.0447599938262,0.09260057303944243
14,130.1,614.2238996687174,295.7288818359375,21130,1016.8047799337435,645.2369143398013,0.320653982418608
14,135.1,539.0519914867741,238.5218963623047,19734,1014.6268369311848,643.6786763960677,0.06518135925483427
14,140.1,621.4399439242978,306.0787048339844,19973,1017.7201221649226,645.5204025434336,0.3668737999583816
14,145.1,542.4184322033898,245.49806213378906,18880,1016.6777012711865,648.0496292372882,0.09633523591012289
14,150.1,627.2643541902896,308.8152770996094,19402,1018.2215235542727,648.0845273683126,0.37909467280088927
14,155.0,536.2374812593703,239.06912231445312,20010,1021.352123938031,649.6683658170914,0.06762513859928322
14,160.1,618.543141313677,299.2148742675781,19807,1019.1123845105266,645.3413944565053,0.336221585281562
14,165.1,540.9862763037512,241.7680206298828,19674,1019.2357934329572,648.6835925587069,0.07967776865113076
14,170.1,636.296463706461,314.8604736328125,18805,1018.52868917841,649.6293007178941,0.4060910649913111
14,175.0,549.048816730875,247.71920776367188,18170,1020.6413869014859,649.9105668684645,0.10625433749879956
14,180.1,623.2766123169591,307.7723693847656,19258,1021.4193581888046,648.8883580849517,0.37443729805158227
14,185.4,427.74852518924564,159.4276580810547,19155,1017.4471417384495,644.0423910206213,-0.2880344650637678
14,196.7,422.6158040898763,155.93765258789062,19805,1019.9794496339308,643.9724312042414,-0.3036199892932441
14,202.3,433.05620299672773,165.2376708984375,17419,1020.9006257534876,646.8104942878466,-0.2620883467220478
14,207.9,431.82224922669025,165.2699737548828,18104,1022.5410958904109,650.8120857269112,-0.2619440899428548
14,213.6,427.58909033247,162.5626678466797,18919,1019.9605158835034,646.4249167503568,-0.27403426627969774
14,219.2,421.5511464291137,155.5540771484375,19757,1019.7248063977324,640.4730475274587,-0.30533294485080364
14,224.9,423.75497002208897,157.6696319580078,19014,1020.3491111812349,642.3920269275271,-0.29588538644210594
14,230.5,430.528677074774,167.11767578125,18255,1024.5791837852644,651.1786359901397,-0.25369269757192464
14,236.1,425.2386115983628,162.31060791015625,18813,1019.1559559878807,641.4694094509116,-0.27515990526670253
14,241.8,425.62360133180505,158.32749938964844,18321,1020.8529010425195,642.5133453414115,-0.29294750888984955
14,247.4,431.9582432207619,167.0631866455078,18033,1027.4835024676981,652.3522431098542,-0.25393603293257566
14,253.1,430.02598667350077,164.02462768554688,19510,1023.1454126089185,645.2559200410046,-0.2675055056414076
14,258.8,434.52372302950243,167.63987731933594,18168,1027.5816270365478,651.6931968295905,-0.2513606712354476
14,264.4,447.32742605719875,174.30007934570312,16364,1035.8442312393058,664.6030921535076,-0.22161781258996027
14,270.1,425.25002565944783,161.97291564941406,19486,1019.6002771220363,645.0438263368573,-0.2766679575956209
14,275.7,431.2017904543799,167.7273712158203,19213,1022.9723624629157,653.0016134908656,-0.25096994456001415
14,281.3,427.7552605854813,163.87196350097656,19437,1016.8597520193446,646.2147450738282,-0.26818726713211427
14,287.0,432.50740306774605,163.61155700683594,18776,1023.9333191308053,654.4471133361739,-0.26935017983580234
14,292.6,440.5272274488102,173.094970703125,18070,1027.2034311012728,659.1593248478141,-0.2269995376287437
14,298.3,438.6083196744475,171.88934326171875,17693,1024.6330187079636,655.8215678516927,-0.23238357949818017
14,303.9,433.44193548387096,168.21047973632812,19220,1028.179448491155,656.5024973985431,-0.24881249822745416
14,309.5,427.37554334845953,164.39593505859375,20935,1026.571435395271,657.0926677812276,-0.26584733631458557
14,315.2,419.3937355093876,157.1216278076172,21997,1021.503023139519,645.7760603718689,-0.29833264103253454
15,0.1,324.8233865179705,35.7188606262207,36226,234.94026389885718,709.0216695191299,-0.4011954852158455
15,5.1,347.5181114724683,60.31897735595703,80253,255.8221250295939,697.5330018815496,0.011210193569153464
15,10.1,347.9803670086819,69.67498779296875,60816,304.0568107077085,704.1237832149434,0.16805789788639672
15,15.1,369.7596737145886,71.08843994140625,33958,375.4919606572825,721.0902291065433,0.1917535453140311
15,20.0,349.01109424455785,61.450164794921875,61924,297.0769814611459,713.841935275499,0.030173848446264334
15,25.1,346.326591850207,64.45004272460938,66652,302.7093860649343,718.5211546540239,0.08046493882834527
15,30.1,321.70064120434904,30.094646453857422,35870,239.2487315305269,714.0965988291051,-0.49548194283179486
15,35.1,344.0019183761874,61.931419372558594,64638,303.13077446703176,717.3929422321236,0.038241782551582955
15,40.1,347.7124717511828,68.60375213623047,61507,305.77095289966996,709.7856016388379,0.15009929740456152
15,45.1,378.77541132532554,49.55699157714844,19814,417.3106389421621,743.5273039265167,-0.16920781415595196
15,50.1,349.1917526462768,72.55144500732422,59801,342.9609872744603,708.2728884132372,0.216279916627809
15,55.1,345.2458665067679,74.17485809326172,90057,266.10515562366055,695.6689985231576,0.24349542877394506
15,60.1,352.2419427237634,61.03366470336914,22278,97.61114103599964,658.0206481730855,0.02319148308361588
15,65.0,354.58639705882354,67.0696029663086,19584,95.53150531045752,657.3233251633987,0.12438023937203263
15,70.1,393.25305975521957,95.64747619628906,19446,96.42795433508176,660.9692995988893,0.6034705354516183
15,75.1,352.53993644638336,74.08729553222656,18567,97.3813755587871,662.259169494264,0.24202749681993913
15,80.0,382.399737769401,51.29730224609375,24406,105.70048348766697,642.9144472670655,-0.14003258663129542
15,85.1,357.5352378323673,84.26757049560547,21738,94.48992547612475,658.4251541080137,0.4126934840026434
15,95.1,355.2226314712503,3.3287363052368164,19548,96.27000204624514,662.2630959688971,-0.9441958031931593
15,100.0,407.6969787915166,7.125307083129883,19992,94.71698679471788,659.6809723889556,-0.8805486520062852
15,105.1,360.2298161672123,83.53628540039062,19855,95.58932258876857,659.3880130949383,0.4004339435544927
15,110.1,399.33454690760556,9.202956199645996,22523,102.14904764019003,658.8548594769791,-0.8457181549160763
15,115.1,358.8382974634896,3.8540563583374023,20816,97.91295157571099,659.8361356648732,-0.9353891387590658
15,120.1,414.30149420472003,10.256501197814941,21483,95.35730577666061,657.4504491923847,-0.8280561273381664
15,125.1,354.47850346236237,77.32627868652344,20073,99.59492851093509,662.6881382952224,0.29632703779351144
15,130.1,399.3063088119409,66.64209747314453,21573,99.08010012515645,660.1187132063227,0.11721337528640312
15,135.1,360.6649927253954,85.87661743164062,21307,95.22837565119444,659.3710986999578,0.4396681565679314
15,140.1,405.4162189699889,114.4736557006836,21592,94.94326602445351,656.7389773990367,0.9190797426247291
15,145.1,362.05271727172715,50.69243240356445,22725,91.58939493949394,658.7963476347635,-0.150172853879838
15,150.1,404.8493919985148,73.2273178100586,21546,91.49359509885825,658.2603267427829,0.22761050440697425
15,155.0,360.53961693996354,87.44792175292969,22503,91.00488823712394,657.7592321023864,0.4660100976374916
15,160.1,402.40272648520494,113.4042739868164,21933,92.7646468791319,656.6371677381115,0.9011522223437151
15,165.1,359.85675381263616,47.302486419677734,22032,92.11356209150327,658.6249092229484,-0.2070031929342604
15,170.1,401.6363636363636,8.270760536193848,21527,93.53207599758443,655.7785571607749,-0.8613458362628768
15,175.0,356.6317255869188,78.77012634277344,21894,93.19069151365672,655.2623549831004,0.32053224703213823
15,180.1,397.77899478844625,67.370849609375,22642,93.95132938786327,655.7074905043725,0.12943045225030442
15,185.4,312.89699844904663,3.37849760055542,21922,90.8634704862695,653.8590913237844,-0.9433615859819751
15,191.0,311.5446946512584,2.898711919784546,21893,91.06673365916046,657.0188644772302,-0.9514048949436132
15,196.7,311.575821104123,57.3636589050293,22896,92.29367575122292,656.1236460517121,-0.038333884825703296
15,202.3,309.3092933204259,1.769793152809143,22726,94.07506820381941,655.6568687846519,-0.9703305169438063
15,207.9,310.5692499078511,2.2061667442321777,21704,91.56929598230741,655.6415407298194,-0.9630149846985009
15,213.6,307.3724841595229,54.570884704589844,21464,94.11041744316064,654.6067834513605,-0.08515300981112406
15,219.2,309.83943107612487,56.94206237792969,22358,93.62228285177565,657.1081044816174,-0.04540168876509445
15,224.9,309.9344422266578,57.67253112792969,22545,93.91208693723664,654.670126413839,-0.03315583383746994
15,230.5,307.4126382014156,1.2808090448379517,21617,94.19697460332146,657.5377249387057,-0.9785280318246675
15,236.1,309.9455815073441,1.7666280269622803,20765,91.70874066939562,653.8557669154828,-0.9703835783128907
15,241.8,307.78009789393326,55.92413330078125,22269,93.0023799901208,653.4926130495307,-0.06246663754677808
15,247.4,310.93601725377425,56.60055160522461,20865,91.1222621615145,651.7033788641265,-0.05112690477025187
15,253.1,311.08720656170453,1.7978332042694092,21214,94.32214575280476,653.269633261054,-0.9698604428956755
15,258.8,307.55603822762816,53.26833724975586,21869,96.32530065389363,653.1827244044081,-0.10698940892914727
15,264.4,309.40653015004244,53.63261413574219,21194,92.20425592148722,652.3902047749363,-0.10088253317398951
15,270.1,306.6516735902211,52.43015670776367,20943,94.43699565487275,651.2830062550732,-0.12104098515385778
15,275.7,307.7722419928826,54.034278869628906,20513,94.15351240676644,653.5824599034759,-0.09414887336894014
15,281.3,306.5159068547065,55.21108627319336,21343,97.13226819097596,651.8520826500492,-0.0744204281181272
15,287.0,307.89299564322306,55.0159912109375,20887,93.64054196390099,652.660889548523,-0.07769107567078586
15,292.6,309.9450539146742,55.98664855957031,21330,93.17913736521331,650.0225035161744,-0.061418608059009075
15,298.3,306.83668822297113,53.957054138183594,21958,97.6948264869296,651.6009654795519,-0.09544349803030185
15,303.9,306.9136265591297,54.20304870605469,21326,97.08899934352434,649.8871330769953,-0.0913195518777346
15,309.5,305.8929059565275,20.8353271484375,22681,98.0106256337904,648.1442176270888,-0.6507086803790552
15,315.2,305.77381177807234,53.76240158081055,21124,96.69016284794546,647.1912516568832,-0.09870672726342296
16,0.1,529.2112320365583,202.88282775878906,49893,562.5999238370113,686.0903533561823,-0.03492332962679552
16,5.1,527.9370742523822,212.82789611816406,50059,562.2415150122855,689.2372400567331,0.012383549742563768
16,10.1,506.0996407847472,204.26708984375,54285,553.2242976881274,665.5980289214332,-0.02833864693760179
16,15.1,531.0671152631694,212.4730224609375,45921,554.7431240608872,688.9181855795823,0.01069548037117984
16,20.0,539.1279286665983,218.67201232910156,48785,565.623900789177,686.541764886748,0.04018294645065357
16,25.1,539.6333050423277,219.2068328857422,45951,558.3592740092707,685.4609257687537,0.0427269904574905
16,30.1,545.3121987701512,210.53016662597656,48136,568.6444656805717,682.988927206249,0.0014536689230050363
16,35.1,537.7419296042772,219.7078857421875,49378,561.6843938596136,684.9276195876706,0.04511040766298279
16,40.1,532.030288334362,217.84600830078125,45364,545.418018693237,682.0286129970902,0.03625379568825402
16,45.1,537.8702757708354,223.5181427001953,49135,557.49386384451,681.1627149689631,0.06323510623368879
16,50.1,535.6942453854506,235.74159240722656,50655,559.0274800118449,684.6681275293653,0.1213798308220171
16,55.1,540.7889636033728,239.8854522705078,46845,555.9719500480307,686.0908314654712,0.14109141767008332
16,60.1,543.7906653095985,243.29139709472656,48143,565.9524541470204,682.0645161290323,0.15729287703824557
16,65.0,570.4721279986923,232.79803466796875,48938,569.9242102251828,687.0658384077813,0.10737786262473016
16,70.1,641.5987053646979,277.72088623046875,47272,572.8410264004061,685.923337282112,0.3210676878727868
16,75.1,557.4429425376012,220.0651397705078,51860,566.4243733127652,691.6903200925569,0.04680980002623738
16,80.0,636.269922096892,273.9688720703125,49292,573.9464416132436,685.531424977684,0.3032200396865058
16,85.1,536.8014749675928,238.61410522460938,57086,563.3079213817749,666.7786497565078,0.13504385126193363
16,90.1,598.8592284151908,247.68357849121094,59799,570.5334035686216,666.045101088647,0.1781856842049213
16,95.1,569.3246761096896,230.6421661376953,49631,574.460478330076,682.9873869154359,0.09712278857069391
16,100.0,640.6001956986241,273.710205078125,50077,578.594184955169,687.1232302254529,0.30198960790322765
16,105.1,576.6190546622436,272.2207336425781,47327,578.3827836118917,685.5802184799375,0.2949044634900071
16,110.1,634.5086934827666,243.72695922851562,52108,584.4099754356337,688.828030244876,0.1593647668007323
16,115.1,572.2574350969438,243.30209350585938,48688,580.1570818271442,690.062007065396,0.15734375791838232
16,120.1,641.8760165444482,319.4297790527344,50047,585.0322097228606,689.946130637201,0.5194692965970185
16,125.1,566.2012953771506,165.07440185546875,44929,587.7166418126377,708.3770838433974,-0.21477112742173576
16,130.1,645.7139502307185,321.2597351074219,48544,585.4099167765327,688.8457069874753,0.5281740643474304
16,135.1,554.6932841137232,247.0308074951172,15441,627.8981931222071,627.3205750922867,0.17508057143423705
17,0.1,354.8101691240243,79.99433135986328,18448,97.97539028620989,671.7748807458803,0.3400083790326091
17,10.1,355.6322973993741,80.9108657836914,18534,98.76928887450092,669.919013704543,0.35536151452012865
17,15.1,355.72954970824617,80.6392822265625,18166,98.35015963888583,669.045964989541,0.35081213913347703
17,20.0,359.3290816326531,10.267170906066895,16856,94.73054105363076,665.0784290460371,-0.8280116252088269
17,25.1,357.95676467397203,46.672794342041016,18434,96.0789844851904,667.8198437669523,-0.218170407477388
17,30.1,357.60825017343507,48.130950927734375,18739,96.20070441325578,664.1090239607237,-0.1937444011647574
17,35.1,355.6067016676961,51.43073272705078,19428,98.63768787317274,665.874150710315,-0.1384687936948778
17,40.1,357.1281205601786,47.73746871948242,19708,97.96077734929978,661.3890805764157,-0.2003357364143252
17,45.1,349.24833475661825,24.235994338989258,23420,103.5438514090521,648.4380444064902,-0.5940157891646888
17,50.1,336.0096980969145,73.18258666992188,30109,114.04779301869873,634.1942940648976,0.22590285673891086
18,0.1,480.34079151577856,203.37860107421875,23196,750.8247973788584,677.0839368856699,-0.0012548924282112287
18,5.1,479.996572784393,203.70407104492188,22759,751.0206072323037,673.3068236741509,0.000343415059323584
18,10.1,484.78084951352275,202.79124450683594,23331,748.8565427971369,673.1854185418542,-0.004139264210568357
18,15.1,490.16126952828756,207.13026428222656,26372,742.4954118003943,673.0303352040042,0.017168654859772682
18,20.0,484.7575092218514,201.16651916503906,22772,754.2554891972597,669.9160811522922,-0.012117913280316682
18,25.1,498.3097678142514,209.91966247558594,24980,745.5524019215372,674.1172538030424,0.030866741993682154
18,30.1,490.06487471526196,204.53749084472656,21950,754.5671070615034,673.6013667425968,0.0044361462670902945
18,35.1,498.9475099735533,207.15628051757812,22309,750.7683446142812,676.5084046797257,0.017296414553455142
18,40.1,510.40295847442525,218.36705017089844,28055,734.4297629656032,675.1378363927998,0.07234990240433253
18,45.1,500.13598326359835,210.62582397460938,24378,749.0603412913282,675.5607514972517,0.0343345372217939
18,50.1,498.67692773953326,207.5955810546875,23097,751.2425423215136,678.1830107806209,0.019453717533583003
18,55.1,504.7986837600335,215.2158660888672,26287,744.5330771864419,676.5454787537566,0.05687516873833443
18,60.1,498.02312385340673,207.99888610839844,23439,753.9722257775502,675.6473825675157,0.021434255048961934
18,65.0,505.8811620936131,211.0487823486328,21685,757.3090154484667,676.7120129121513,0.03641158763187254
18,70.1,559.2884875236465,248.4899139404297,22202,758.2903342041258,678.7572290784614,0.22027629513673172
18,75.1,504.52921399363925,208.69631958007812,22010,757.3266242616992,677.9338482507951,0.02485918896048344
18,80.0,555.4592495597598,246.4120635986328,22147,759.9895696934122,677.7626315076534,0.21007245435813043
18,85.1,497.34687556114204,201.61972045898438,22276,757.5889746812713,680.4768360567426,-0.009892346909605408
18,90.1,552.424666242848,228.91567993164062,18876,764.964134350498,678.9191566009748,0.12415177491934092
18,95.1,501.85760649087223,204.11305236816406,22185,758.9718728870859,680.3698444895199,0.0023518274169605077
18,100.0,558.2353360585607,243.25753784179688,21038,762.207861964065,681.536505371233,0.19458131050273852
18,105.1,499.40562302006333,204.15975952148438,22728,759.5945969728969,681.8472368884196,0.002581195406615644
18,115.1,503.4885800770501,190.14720153808594,21804,760.6286461199779,682.2443129700972,-0.06623122466396016
18,120.1,552.9896233844444,242.73464965820312,21587,764.5221197943207,682.5316162505211,0.19201352799065025
18,125.1,501.99862145023434,204.83792114257812,21762,762.1433691756272,683.7287933094385,0.0059114897327289685
18,130.1,557.9885419519766,245.25225830078125,21906,762.8530996074135,682.7971788551082,0.20437691972052924
18,135.1,502.802338326635,205.5159149169922,21896,763.8909846547315,683.8842710997443,0.00924095980275402
18,140.1,557.885820474219,247.47906494140625,21256,764.6601430184419,683.706812194204,0.2153122503112878
18,145.1,503.5971095909029,206.1590576171875,22073,762.0140443075251,682.4447515063653,0.012399284335904738
18,150.1,562.4759640042896,250.05860900878906,21447,762.6850375343871,684.7544178673008,0.22797979253773987
18,155.0,503.1585122768868,209.7083282470703,22074,762.2267826402102,682.4740871613664,0.029828928646173612
18,160.1,560.1553571428572,248.59024047851562,22960,760.29856271777,682.7364547038328,0.22076897548040456
18,165.1,499.688540388996,204.74964904785156,22828,762.9674084457683,682.2836867005432,0.005478005962668542
18,170.1,562.2327508557016,250.89984130859375,22204,763.2502702215817,682.2009097459917,0.23211088911979716
18,175.0,508.000827319943,213.3634033203125,21757,761.6464126488027,681.9793629636439,0.04777815402154171
18,180.1,562.2464083789044,251.82737731933594,21578,762.827185095931,682.3228751506164,0.23666580319597055
18,185.4,425.8204294079375,39.35756301879883,21518,763.5952226043313,681.9504600799331,-0.8067241425432512
18,191.0,423.5033035003046,152.415283203125,21341,765.2446464551801,681.4195679677616,-0.2515239183755681
18,196.7,427.08096863166753,154.76824951171875,21391,766.1071011172924,679.4644476649058,-0.23996904693591417
18,202.3,428.87748949839386,157.65562438964844,20235,767.2363232023721,684.3599703484063,-0.2257898190435677
18,207.9,425.3413294268449,155.72264099121094,21844,765.0675242629555,684.1356894341695,-0.23528225188561694
18,213.6,429.7064581134248,156.6395721435547,20842,767.240188081758,682.7507436906247,-0.2307794158077481
18,219.2,429.8843671739549,156.89492797851562,20764,765.825130032749,684.7599691774225,-0.22952542256799682
18,224.9,428.03253658536585,157.52389526367188,20500,766.1364390243903,685.0974634146341,-0.22643671020811942
18,230.5,429.63683860549065,157.03558349609375,21054,766.6297140685855,683.3620689655172,-0.22883469596602327
18,236.1,432.158327460653,159.14089965820312,21285,767.0210476861639,684.3762273901809,-0.2184959769184317
18,241.8,419.2481664111383,148.35372924804688,24133,766.6609207309493,672.4418845564165,-0.27146926719962067
18,247.4,431.6857041661132,52.54146194458008,22587,763.3856200469296,683.4247133306769,-0.7419810747804837
18,253.1,435.6390051139005,157.6092071533203,21510,764.9935843793585,684.2124128312413,-0.22601776331816129
18,258.8,424.47584126247386,151.7200469970703,21545,768.4405198421907,683.1168252494779,-0.25493806202557034
18,264.4,427.42729406504975,31.544469833374023,17894,771.7183972281211,683.4923996870459,-0.8450924298297678
18,275.7,431.9579038677416,159.51272583007812,19598,767.5047453821819,679.2254821920604,-0.21667002488578996
18,281.3,434.21593843611197,161.141357421875,19362,771.7586509658094,683.0698274971594,-0.20867219312889634
18,287.0,436.51896738594934,161.1386260986328,20298,764.5560153709725,682.2247512070155,-0.2086856060234237
18,292.6,438.97122343153455,163.37010192871094,17549,769.2771098068266,678.3951222291869,-0.1977273461269368
18,298.3,439.3753888266766,41.219547271728516,16074,770.5890879681473,679.2650242627847,-0.7975803700265418
18,303.9,437.22277679386036,166.32168579101562,18633,769.7425535340525,680.4135673267858,-0.18323280281463972
19,0.1,363.99911218724776,99.74676513671875,24780,960.3351089588377,742.494794188862,0.020712041226560632
19,5.1,366.71507827283676,98.15101623535156,23252,955.1831240323413,739.0064510579735,0.004382688428331891
19,10.1,367.9824744056915,95.27861785888672,23052,955.137818844352,736.0534010064202,-0.025010661882714964
19,15.1,370.771791099669,96.48517608642578,21752,960.2460463405664,741.9540272158882,-0.012663910490807014
19,20.0,371.1898306464745,98.95206451416016,24564,956.5042745481192,739.4553004396678,0.012579842718629306
19,25.1,375.63159740487464,96.21405029296875,22812,956.5931527266351,736.1317289146064,-0.015438349959489324
19,30.1,377.43500181686045,102.55940246582031,22016,952.4234193313954,727.4821493459302,0.04949385470674983
19,35.1,375.2618105958538,99.47168731689453,23009,955.9539310704507,734.116171932722,0.017897160537607128
19,40.1,377.64297937879695,102.23406219482422,23374,961.014246598785,739.9820740994268,0.046164636644926385
19,45.1,373.36887030002987,102.4980239868164,23431,957.6640775041611,730.0864239682472,0.04886576664288543
19,50.1,375.10381136660214,97.87590789794922,22223,954.9487467938623,729.098816541421,0.0015674954519631634
19,55.1,371.48453744493395,98.88716125488281,22700,963.1341850220265,734.4563436123348,0.011915685458306813
19,60.1,373.9020000911203,98.60486602783203,21949,960.5439427764363,733.4734156453598,0.009026948795653404
19,65.0,390.4139280763272,106.6628189086914,24526,977.7734648943978,748.1248471010356,0.09148425477300473
19,70.1,423.79807104826745,128.9665069580078,22914,961.4809723313258,731.1532251025574,0.3197186533973037
19,75.1,396.39072277137933,113.96177673339844,22054,962.5175024938786,732.9775097487984,0.16617473851823397
19,80.0,428.1322703474536,131.6391143798828,21010,961.7736792003808,729.3027605901951,0.3470675360727487
19,85.1,392.5617142590083,110.2838134765625,21397,963.7974482404076,731.7295415245128,0.1285380153794369
19,95.1,391.6193131787496,113.53644561767578,20442,960.8241365815478,727.8570589961844,0.16182231074043701
19,100.0,423.6598066873237,131.6891632080078,21623,965.234981269944,731.8296721084031,0.3475796874337121
19,105.1,393.4147795544875,114.05577850341797,21638,959.6784360846659,726.6977539513819,0.16713666182897025
19,110.1,426.5928263988522,102.2296371459961,20910,954.2116212338594,720.023481587757,0.04611935496971926
19,115.1,393.08990995151237,115.07547760009766,21655,963.7655968598476,726.6134380050796,0.17757127737747647
19,120.1,425.98496692723995,131.8279266357422,21619,962.2806327767241,726.643878070216,0.3489996583107246
19,125.1,390.3719958672117,112.15841674804688,22261,964.6295763892008,726.7829836934549,0.14772089443425282
19,130.1,423.1126828838357,132.1971435546875,22692,966.6832804512603,727.8879340736823,0.3527778676037829
19,135.1,391.9097677321564,112.43636322021484,22431,965.7203423833088,726.9203334670768,0.15056513014023715
19,140.1,420.5546927599982,130.35862731933594,22279,960.8372458368867,717.003456169487,0.33396426841746646
19,145.1,389.8133198324665,109.82275390625,21727,967.131219220325,726.6457863487826,0.12381997711026929
19,150.1,421.7704107940873,128.4474639892578,23272,969.1421020969406,727.8764609831558,0.3144072690392151
19,155.0,387.5066360166551,109.89122009277344,23056,970.5826682859125,726.5932512144344,0.12452059392631891
19,160.1,422.3822820154842,128.42483520507812,23637,972.7778059821467,732.4301730338029,0.3141757079208283
19,165.1,385.98110103353724,106.06866455078125,23705,974.5136890951276,733.152963509808,0.085404253014202
19,170.1,417.9273556478541,124.08781433105469,24558,974.3915628308495,731.2877677335288,0.26979482576290603
19,175.0,381.3181713848508,104.04389953613281,26140,975.5370313695486,731.0005738332059,0.06468476373278831
19,180.1,414.6295054161366,125.05564880371094,25941,973.8348560194287,731.4933117458849,0.2796987088492432
19,185.4,328.1841171251109,73.47476959228516,27048,984.6638198757764,742.196206743567,-0.24813018300495351
19,191.0,328.96765235664964,4.463072776794434,26648,974.6503677574302,727.484426598619,-0.9543292244324867
19,196.7,329.48417160321475,76.22712707519531,26503,981.9483454703242,739.1866581141758,-0.21996521524168075
19,202.3,327.9266185435913,75.05915832519531,26737,976.8221939634215,728.3944720798893,-0.231917079197041
19,207.9,321.7210636808957,70.55131530761719,28580,993.3666899930021,747.6295311406578,-0.2780459901616661
19,213.6,325.52061252832397,73.86772918701172,27362,983.517579124333,737.0674658285213,-0.24410901410285285
19,219.2,324.9133011569309,73.87635040283203,28178,983.3590034778905,734.5732131450068,-0.24402079290805276
19,224.9,326.25010502195914,74.77841186523438,26185,974.2381134237158,723.9711285086881,-0.23478996727337192
19,230.5,326.86017468284393,76.18204498291016,25303,973.3151800181797,722.7602655811564,-0.2204265418258168
19,236.1,329.91726070295437,76.2007827758789,24269,976.1094400263711,727.68033293502,-0.22023479735287077
19,241.8,327.36257333121927,72.73153686523438,25228,979.1844379261138,732.6785317900745,-0.25573570878711366
19,247.4,329.5733224556394,74.58370208740234,24515,980.0369569651234,731.8460942280236,-0.23678243905433938
19,253.1,332.08046663481446,75.61873626708984,25116,983.1646759038064,738.8512103838191,-0.22619089907968432
19,258.8,326.26551450289304,70.95250701904297,26443,982.8117460197406,731.834285065991,-0.2739405817293094
19,264.4,330.00414282896037,70.03713989257812,25345,979.5019135924246,732.6840797001381,-0.28330756467702684
19,270.1,329.0023554774832,61.170841217041016,25048,986.1302299584797,740.1087112743533,-0.37403670067284045
19,275.7,328.3830200907323,73.68927001953125,26231,987.5642179101063,743.6352407456826,-0.24593519283521484
19,281.3,328.1648744143175,73.06183624267578,26038,990.36078039788,744.3352792073124,-0.2523557440203167
19,287.0,326.9742456345437,70.37104797363281,27374,992.4887484474318,741.1959158325418,-0.2798906719233799
19,292.6,328.62153563348414,73.63784790039062,28288,985.1466346153846,734.9758554864253,-0.2464613971298632
19,298.3,327.6981260389905,73.18096160888672,26468,990.4063775124679,743.3755478313435,-0.25113673009499926
19,303.9,330.3671112169564,72.07765197753906,25194,976.2239025164722,722.3857664523299,-0.2624269350893588
19,309.5,325.12338731289003,71.8393325805664,26121,987.9420389724743,744.6346617663949,-0.2648656655866779
19,315.2,331.2581241078176,51.77629470825195,23818,977.133260559241,730.7708455789739,-0.4701714147183588
20,0.1,564.2405708460755,271.3946533203125,5886,29.125891946992866,708.6053346924906,0.0
21,0.1,550.9904216995126,268.845458984375,23595,1130.3739775376139,816.3469802924349,0.010304673525317146
21,5.1,575.8893380741318,267.6636962890625,20531,1121.9297160391602,800.7664994398714,0.005863682114926671
21,10.1,542.6398227570227,258.4532165527344,24599,1129.6459612179358,816.4683523720477,-0.028748733352962463
21,15.1,577.6389803035513,267.0401916503906,20359,1123.1804116115723,800.5003192691194,0.00352059009174498
21,20.0,582.0427778055737,268.5141906738281,19987,1125.0818031720619,802.3094511432431,0.009059787620973881
21,25.1,578.7549894454039,265.90057373046875,20844,1122.0071963154865,801.1594703511802,-0.0007620238489174388
21,30.1,565.2007900525206,257.1905517578125,22277,1121.2323472639941,806.0194370875791,-0.033493749869977905
21,35.1,570.9766740217049,259.5506896972656,22207,1120.8233890214797,803.5832845499167,-0.024624496882028103
21,40.1,580.9201735357917,272.20068359375,20745,1123.561291877561,803.7322728368282,0.022913400919800424
21,45.1,557.4597014925373,268.2961120605469,24120,1125.215464344942,809.809784411277,0.008240261626276784
21,50.1,569.6218670541227,262.1129150390625,22024,1122.8754994551398,803.9826098801308,-0.01499581188499851
21,55.1,576.8269542277966,275.52227783203125,21607,1124.61568010367,803.933216087379,0.0353957474514015
21,60.1,569.7097406232506,263.0405578613281,21436,1123.9070722149654,805.088262735585,-0.011509787303301391
21,65.0,590.0720618556701,276.7383117675781,19400,1123.1071649484536,797.4689690721649,0.03996552807142601
21,70.1,638.6049793986149,329.33526611328125,22814,1128.2554133426843,812.940825808714,0.237621642440648
21,75.1,557.1989639639639,265.77081298828125,22200,1127.4218468468468,813.4408558558558,-0.0012496567245754364
21,80.0,653.9175107859688,332.3382263183594,21324,1123.1116113299568,807.9249202776215,0.24890658190387063
21,85.1,570.110712406105,263.1492004394531,20901,1121.2274532319027,803.6200181809483,-0.01110151518727541
21,90.1,642.3017722423106,295.88372802734375,22401,1117.3765010490604,806.8615686799697,0.11191282298538989
21,95.1,562.9073373158831,272.8287353515625,21929,1125.2474349035524,809.8061471111314,0.0252735807366023
21,100.0,665.0395374502183,340.1507568359375,20841,1124.4670121395327,805.0122834796795,0.27826559032374903
21,105.1,562.241462377781,273.2683410644531,21171,1124.3007888148884,808.3052288507864,0.02692559192518496
21,110.1,642.9837558896119,334.0509033203125,22285,1120.4522773165806,805.1110163787301,0.25534271657339147
21,115.1,561.4665305933107,271.0888366699219,21557,1128.5423760263488,809.5134759010994,0.018735148671717678
21,120.1,660.2008051375443,349.67431640625,20866,1124.6575769193903,805.5099204447426,0.3140545405215007
21,125.1,565.3865024863841,276.54046630859375,21115,1126.206914515747,806.817617807246,0.039222037024179826
21,130.1,665.0407065272561,354.7106628417969,19702,1130.0036036950564,808.1407978885393,0.3329808201787714
21,135.1,571.3546978518369,280.4703369140625,19924,1127.730375426621,807.5473800441679,0.053990248672811755
21,140.1,644.4702895111533,338.57080078125,21070,1126.3412434741338,810.3333175130517,0.2723282127982162
21,145.1,569.4692244139213,279.4240417480469,19366,1126.7577713518538,805.3255705876278,0.05005833589248851
21,150.1,667.7691821247892,357.8891906738281,18976,1129.1285307757166,804.1883958684655,0.34492553196881914
21,155.0,570.5580244256738,283.056640625,18587,1130.0522946145156,805.9700328186367,0.06370941869780329
21,160.1,670.3958657941207,345.2139892578125,19254,1128.452737093591,801.8341123922302,0.2972929058614183
21,165.1,558.814485200118,273.1958923339844,20338,1134.2214573704396,808.4334251155473,0.02665333405904853
21,170.1,660.0715008090615,345.54095458984375,19776,1134.7305825242718,805.8459749190938,0.29852162143757066
21,175.0,560.3352564102564,273.0570983886719,20280,1133.5675049309664,803.658382642998,0.026131754962507477
21,180.1,655.7819689538353,346.7505187988281,19777,1134.1031501238813,803.8243919704707,0.3030670892237195
21,185.4,455.0711916987591,192.3783721923828,18696,1134.119758237056,802.0272785622593,-0.27705392813626323
21,191.0,446.1048856145793,137.9475860595703,20632,1130.933016673129,801.3064172159752,-0.48160146939428217
21,196.7,450.3652575264869,189.9698486328125,19066,1135.7022972831219,803.2253750131124,-0.28610501130397686
21,202.3,446.3087698234029,184.24183654785156,19989,1132.466756716194,804.1208664765621,-0.30763052786396405
21,207.9,450.25037353255067,187.6000518798828,18740,1135.7741195304163,802.628068303095,-0.2950105615179722
21,213.6,451.89644012944984,189.95034790039062,18849,1135.1736962173059,802.3671282296143,-0.28617829385513993
21,219.2,445.5576376193378,186.64602661132812,19692,1137.0578407475116,802.7127767621369,-0.29859572970762005
21,224.9,435.0943200075607,176.44105529785156,21162,1135.2788016255552,807.2292788961346,-0.3369453832600588
21,230.5,430.51362731942066,174.16421508789062,21611,1134.7250474295497,808.8826060802369,-0.3455016085118589
21,236.1,438.16340332954974,178.09292602539062,21144,1134.9234771093454,804.8133276579645,-0.330737754824016
21,241.8,436.1188726675046,176.91297912597656,20686,1135.2969157884559,805.5442328144638,-0.3351719225852763
21,247.4,435.3603563252712,177.33119201660156,20094,1137.7172290235892,806.9740718622475,-0.33360030430493354
21,253.1,439.7120466191098,179.8186798095703,19906,1139.8785793228171,810.4041997387723,-0.3242524784124398
21,258.8,440.06119128837577,179.19488525390625,19055,1138.8889005510364,807.5030175806875,-0.32659665992581877
21,264.4,433.19914594323035,173.2449188232422,19905,1138.4110022607385,809.8295403165034,-0.34895626724419276
21,270.1,437.8154029171408,177.60272216796875,19334,1140.4296575980138,805.8320057929037,-0.33257991072281523
21,275.7,442.8876350668015,184.4327392578125,18787,1140.6959599723214,804.7031990205993,-0.3069131272398628
21,281.3,447.76507732648366,185.46119689941406,18687,1139.7162198319688,799.9039439182319,-0.3030482467774657
21,287.0,449.9262439453985,188.9571533203125,18168,1140.5630779392338,797.3157749889916,-0.2899106579045965
21,292.6,446.13357343361054,184.49644470214844,18881,1141.088395741751,801.3121127058948,-0.3066737261044122
21,298.3,445.81643617021274,184.40660095214844,18800,1139.9472872340425,800.0273936170213,-0.3070113533823842
21,303.9,430.0885588558856,171.59706115722656,19998,1138.2771777177718,812.4014901490149,-0.3551488148422419
21,309.5,444.2578265667654,184.9430694580078,17217,1143.5882557936923,806.2494046581867,-0.304995337784738
21,315.2,431.51400711964095,174.69058227539062,19383,1139.4330598978486,812.1959449001703,-0.34352355304634874
22,0.1,370.45392429556176,105.96627807617188,16538,99.60775184423751,815.9342121175474,-0.09567707685830572
22,5.1,417.96999289772725,100.57052612304688,22528,81.48894708806819,786.6767578125,-0.14172476549459023
22,10.1,418.9307186054785,152.17535400390625,22488,83.88838491639986,787.2313233724653,0.29867410143453554
22,15.1,420.77069027827974,155.03076171875,22136,84.19226599204914,788.1423473075533,0.32304233157651213
22,20.0,407.29231206480034,72.14446258544922,21111,89.26033821230638,797.1348112358486,-0.38431459065815143
22,25.1,423.8356725146199,122.22208404541016,22230,83.71551956815115,789.9937921727395,0.043051000026291364
22,30.1,425.6612740141557,123.19341278076172,22747,84.76687035653053,787.6670330153427,0.051340380923988196
22,35.1,425.7546938218848,127.34895324707031,21997,83.58812565349821,786.1200618266128,0.08680402624542201
22,40.1,426.10631877884276,126.7252197265625,22536,85.9392527511537,787.4699591764288,0.08148104490864595
22,45.1,425.0957505169431,107.63190460205078,23697,84.55019622737055,784.8704477360003,-0.08146251467785046
22,50.1,416.8908430923469,143.7928924560547,23141,86.77805626377426,787.7376517868718,0.22713764410395995
22,55.1,419.4802765524262,146.641357421875,23576,88.2243807261622,786.4601289446895,0.25144662438640103
22,60.1,425.21133647229266,126.13568115234375,22088,84.09104491126404,786.345934444042,0.07644988540751622
22,65.0,419.99401408450706,131.7256622314453,22720,85.77557218309859,786.0865316901409,0.1241551376966085
22,70.1,466.4491017964072,170.70521545410156,22879,86.57843437213165,786.5215699986887,0.4568091117064428
22,75.1,413.9725816517579,138.4258575439453,24035,90.12818805908051,786.4628250468068,0.18133502851305086
22,80.0,457.8383787840881,155.89649963378906,23982,92.47364690184305,788.6379367859228,0.33043059373138317
22,85.1,421.49577859045553,148.0188446044922,22149,84.21441148584586,786.8493385705901,0.26320218717666105
22,90.1,539.9467521605799,157.01966857910156,14348,44.47567605241149,748.3465988291051,0.34001578859004233
22,125.1,520.0286667807633,226.52017211914062,11686,33.387900051343486,731.9134862228308,0.9331374841163173
22,130.1,475.2071292118847,174.99359130859375,24603,89.7354794130797,782.5228630654798,0.4934063826370775
22,135.1,426.84115660616294,154.0140838623047,23690,88.03338961587167,782.9733642887294,0.3143659384094976
22,140.1,470.41625759214577,188.905029296875,24038,91.23899658873451,784.4564439637242,0.6121274748096619
22,145.1,426.2558898151504,138.01243591308594,22072,88.33019209858645,783.6955871692642,0.17780686215205055
22,150.1,477.09586027891424,169.8417205810547,22731,88.14495622717874,783.8366547886146,0.4494399918138832
22,155.0,423.46215509987155,158.72557067871094,22579,89.93790690464591,786.5320430488507,0.35457406506553935
22,160.1,472.5163740505541,183.87156677246094,24093,93.23492300668244,784.2189847673599,0.569171587085359
22,165.1,423.3339349422875,134.36610412597656,23825,94.24172088142707,783.0967890870934,0.14668883592399987
22,170.1,424.6668692085675,61.313175201416016,19749,112.60332168717403,803.7996354245785,-0.47674948264780614
22,175.0,422.57101905684755,136.49874877929688,24768,95.8312338501292,781.936732881137,0.16488896035912243
22,180.1,470.4553165829146,170.0475311279297,24875,96.91320603015076,783.9133668341708,0.4511963920455645
22,185.4,323.98677669007225,29.903060913085938,19511,113.55050996873558,805.8019066167802,-0.7448053857627484
22,191.0,331.1043555032372,22.767507553100586,16990,103.0160094173043,807.2368452030606,-0.8057006497079158
22,196.7,364.6158904844987,107.11631774902344,22353,87.45944615935221,785.4939381738469,-0.08586256551032335
22,213.6,323.17922870140615,74.10540771484375,19344,113.97673697270471,805.8216501240695,-0.36757976082615706
22,219.2,362.9405080756432,112.42630767822266,24642,99.67003489976463,782.2423910396883,-0.04054677541364178
22,224.9,361.17709789511525,111.85877990722656,25037,97.28174302032991,785.7844789711228,-0.04539009332712321
22,236.1,306.6745835572273,30.162376403808594,18610,142.087264911338,805.14245029554,-0.7425923709542291
22,241.8,295.0006155740228,53.748069763183594,16245,156.42289935364727,811.0349030470915,-0.5413105712127902
22,247.4,357.5049212230081,104.53816986083984,26721,102.1950525803675,781.8996669286329,-0.10786464274528894
22,253.1,303.07602404274263,29.29140281677246,17968,148.73152270703474,807.9805765805877,-0.7500253146652609
22,258.8,307.17670918503495,61.41474914550781,18737,142.1698777819288,804.1873832523884,-0.47588264418085446
22,264.4,301.4513569457222,56.743507385253906,17392,156.97447102115916,803.8679852805888,-0.5157473169807975
22,270.1,299.37011962665963,55.43233871459961,15214,150.09399237544366,812.891218614434,-0.5269369133930218
22,275.7,312.2937267285667,65.67412567138672,21217,132.73455248150069,805.4186737050478,-0.4395328553558181
22,281.3,300.5541038525963,59.102874755859375,17910,152.86080402010052,808.165103294249,-0.4956123265282938
22,287.0,311.1234555890651,64.94677734375,20558,133.01994357427765,806.8844731977819,-0.44574009201385983
22,292.6,305.97563363428696,61.15036392211914,18386,150.33220928967694,804.28951376047,-0.47813892440878175
22,298.3,304.97049953391456,62.28047561645508,18237,155.10511597302187,803.3652464769425,-0.46849447969058705
22,303.9,304.6633233032431,63.25925064086914,17946,153.4566477209406,804.669452802853,-0.46014155169079496
22,315.2,306.80245355411955,64.85946655273438,19808,151.94406300484653,801.8015448303715,-0.4464852078298207
23,0.1,376.73478562962356,69.5139389038086,24467,549.060080925328,870.4687129603138,0.08322270313309452
23,5.1,372.98140584276655,76.48017120361328,25707,534.6017038160812,865.9442175282996,0.19177619760402964
23,10.1,380.8323324436536,21.1837215423584,26976,548.9700103795967,866.8982799525504,-0.6698980309073667
23,15.1,376.6370358527519,77.16404724121094,25019,543.1966505455854,866.7264079299732,0.20243290993735844
23,20.0,376.3768169138159,76.52445220947266,27244,536.793826163559,867.6181177506974,0.19246622023288423
23,25.1,371.37092271525125,70.20819091796875,27224,537.4547825448134,868.4884660593594,0.09404110236774006
23,30.1,376.4534440127164,65.40475463867188,28310,543.3468738961498,868.0256799717414,0.019190053602001687
23,35.1,377.3844616352667,77.01068878173828,27017,544.3129511048598,872.7352037605951,0.20004315375841178
23,40.1,370.6557744251927,71.99107360839844,30358,533.2866460241123,867.7836484616905,0.12182342973619592
23,45.1,377.28192217985264,75.94780731201172,27011,550.8736440709341,871.4459664581096,0.1834804706922073
23,50.1,375.09401645753434,76.57886505126953,26857,555.7790892504747,872.3852254533268,0.19331412536537754
23,55.1,379.7435342372109,82.1094741821289,26331,553.3132429455775,872.9673009000797,0.2794965726151597
23,60.1,375.7307692307692,78.04649353027344,29484,540.0505019671687,870.2398928232261,0.21618390534463608
23,65.0,380.54118974154807,67.206298828125,30141,529.0148634750009,869.5584751667164,0.04726317961797277
23,70.1,432.1103171530149,16.023103713989258,28409,550.0532225703122,871.8638107641945,-0.7503149729197921
23,75.1,377.69785255095064,65.73040008544922,29244,533.9099644371495,869.2503761455341,0.024264525667370605
23,80.0,423.16602555296055,86.68867492675781,29116,541.7462906992719,871.4654828960022,0.3508534010010453
23,85.1,384.7391480319741,83.49332427978516,29649,538.4653108030625,872.1762285405916,0.30106084975371317
23,90.1,416.9735388107398,80.83727264404297,33483,520.2993758026461,867.6427440790849,0.25967209408974523
23,95.1,386.6114343619247,69.92575073242188,30592,538.6473587866109,868.601431746862,0.08963988980395687
23,100.0,437.62492963692654,96.4526596069336,28424,553.2876090627639,871.6771390374331,0.5030037473257686
23,105.1,381.0664409397368,82.58394622802734,33669,528.1959072143515,865.316730523627,0.2868901817275767
23,110.1,407.2950718410098,90.88487243652344,37235,507.4097757486236,869.7197797770914,0.4162419616420773
23,115.1,379.41152847394164,80.52093505859375,33118,526.3627936469594,870.2543329911226,0.2547426646858516
23,120.1,404.40576184684363,93.89988708496094,41931,487.7631108249267,864.3444706780186,0.4632243707670392
23,125.1,388.07551930953775,80.8669662475586,27344,552.732336161498,872.564621123464,0.2601348039573369
23,130.1,425.2244448579581,100.22297668457031,32244,537.2876814291031,870.5194144647066,0.561755892879741
23,135.1,363.06368917937544,62.69978332519531,41310,484.04371822803193,863.8023965141613,-0.022961008246703638
23,140.1,400.80979916361196,85.88162994384766,38738,494.41437348340133,863.677964789096,0.338277370039145
23,145.1,382.76914650558666,78.20869445800781,31951,549.3094112860317,865.0588400989014,0.21871145205198428
23,150.1,400.8193304973159,80.19624328613281,39492,493.79140079003344,865.4634862757014,0.24968305354891251
23,155.0,359.2747921214648,65.228515625,40769,495.5701145478182,865.2158012215164,0.01644375402816615
23,160.1,406.1838271537324,88.1683120727539,36518,514.5158004271866,866.928446245687,0.37391030979109247
23,165.1,363.1148601492457,61.986209869384766,37254,508.60884737209426,866.9167606163096,-0.034080489891337856
23,170.1,403.4743572841134,88.84297943115234,37925,502.2042715886618,864.990665787739,0.38442352499950266
23,175.0,363.6575342465753,66.03097534179688,38325,514.3317155903458,865.0051924331376,0.028948333646175738
23,180.1,399.9677007857945,90.84305572509766,39196,507.88914685171954,863.5268394734156,0.41559033965228537
23,185.4,316.0496978731333,41.028472900390625,37567,526.1254824713179,865.8875342721005,-0.3606609836613781
23,191.0,311.69355438044875,45.07172393798828,34985,520.0906102615406,866.2652565385165,-0.2976557592782111
23,196.7,311.82243470275233,42.16884231567383,37023,520.0487264673311,866.8589255327769,-0.34289082043839175
23,202.3,312.57093017418805,43.10388946533203,39842,524.2617840469856,861.2900205812962,-0.32832015566263756
23,207.9,309.55046162799925,38.38972473144531,37801,534.4619454511785,861.7796883680326,-0.4017801026399149
23,213.6,312.08285430602007,44.24921798706055,38272,522.9467757107024,864.4016774665552,-0.31047271561181605
23,219.2,312.44426634790403,42.594539642333984,36809,534.4317150696841,865.0171968811975,-0.33625725864959083
23,224.9,310.9533098647468,43.62520217895508,37781,533.9647971202456,864.2385061274185,-0.3201966371894603
23,230.5,313.12419038404687,43.21392822265625,37209,537.9280550404472,865.1804402160767,-0.3266054422966882
23,236.1,313.04781773966465,44.583984375,39065,535.0130295661078,864.932522718546,-0.30525611362694405
23,241.8,312.6936037126715,38.956077575683594,39648,532.1557960048426,863.9568452380952,-0.39295473223885286
23,247.4,313.6972076335084,36.48228073120117,38462,542.76400083199,866.1794758462898,-0.4315034455924498
23,253.1,316.3410131099217,43.89813232421875,38673,535.8585576500401,867.8572389005249,-0.31594361780397956
23,258.8,318.1661432160804,46.53890609741211,38208,546.2531668760469,865.9515546482412,-0.27479293421345774
23,264.4,317.03770658530385,31.687992095947266,39330,545.6657004830918,863.8674294431731,-0.5062119483326891
23,270.1,317.4389669432805,5.129042148590088,36513,547.9015966915892,867.2927724372141,-0.9200750958974225
23,275.7,317.99668392106116,45.993011474609375,37092,543.1483608325245,866.0926614903483,-0.2832995079778427
23,281.3,315.45352855351064,43.84911346435547,39067,544.1023882048788,865.8763150485064,-0.3167074695252736
23,287.0,316.2506247768654,36.67299270629883,39214,551.6469118172081,868.9054929361963,-0.42853161656876293
23,292.6,317.60398650073824,42.12512969970703,37928,549.5932029107784,867.071530267876,-0.3435719859539022
23,298.3,315.860829540753,26.974523544311523,38672,549.125465453041,864.512670666115,-0.5796610468322126
23,303.9,317.6126941929052,45.711116790771484,36111,550.6302788623965,864.1174988230733,-0.287692220090564
23,309.5,332.8871027119892,50.53190612792969,24447,622.7733873276885,863.3080541579744,-0.21257076187111615
23,315.2,320.2642644330766,32.05018997192383,35578,558.9675923323402,864.0823261566136,-0.5005678866024611
24,0.1,530.3995704081123,251.3417205810547,40038,310.0282731405165,1018.0525001248814,0.015459160536024103
24,5.1,525.9371427151166,246.06907653808594,40234,308.83834567778496,1013.9634885917384,-0.005843131344927928
24,10.1,525.981345967802,245.814208984375,40313,309.79889861831174,1015.4849304194677,-0.006872835412922944
24,15.1,527.2919608233071,247.868896484375,40228,310.9634831460674,1014.9645023366809,0.0014284177140564528
24,20.0,526.7007751170105,246.48280334472656,40381,309.80367004284193,1013.1969738243233,-0.004171611492229798
24,25.1,528.8124658961258,249.29812622070312,40318,311.1251054119748,1013.5599236073218,0.007202725397276303
24,30.1,530.0982702243966,249.76466369628906,40063,310.79025534782716,1014.1236302823054,0.009087608464925684
24,35.1,530.1083260297984,249.38450622558594,39935,312.17866533116313,1014.6299737072743,0.007551713886105842
24,40.1,524.6041333914138,242.48289489746094,41322,311.7677992352742,1013.1975945017182,-0.02033185605764185
24,45.1,527.1283977900553,242.544189453125,40725,312.305561694291,1015.2362430939227,-0.02008421663711045
24,50.1,538.0336286433214,253.70994567871094,38152,314.5073128538478,1024.8853795344935,0.025027153721026704
24,55.1,526.5084537802753,243.23707580566406,40751,313.4181492478712,1018.9824298790214,-0.017284849336410835
24,60.1,520.253323397197,240.47030639648438,41599,312.9966826125628,1016.1981538017741,-0.02846302276160752
24,65.0,504.7241048189422,219.5377197265625,39573,312.7013115002653,1017.9240391175802,-0.11303388842826301
24,70.1,568.8896147781031,270.9260559082031,39951,310.98901153913545,1016.1047032614954,0.09458288366876523
24,75.1,489.94829209414604,210.18157958984375,41425,312.02264333132166,1018.6345684972842,-0.15083413180658403
24,80.0,562.201197053407,259.91864013671875,41268,310.6716341959872,1019.8555297082485,0.05011123306837125
24,85.1,486.000046989169,206.47459411621094,42563,312.7809599887226,1017.1016845617086,-0.1658109225617045
24,90.1,558.530943620178,257.15411376953125,42125,313.3314896142433,1020.2290801186944,0.038942121877383704
24,95.1,486.5578294718195,206.6340789794922,42902,312.636613677684,1018.8335741923454,-0.1651665792150791
24,100.0,556.0634710513482,259.9327087402344,43059,313.0361364639216,1018.171276620451,0.050168072387696605
24,105.1,487.47555088188903,209.03126525878906,41842,310.65563309593233,1019.3378901582142,-0.1554815784074306
24,110.1,558.6336955490177,267.7594299316406,42148,314.1296858688431,1018.8176900446048,0.08178922828812285
24,115.1,485.40496198479394,207.98187255859375,42483,308.35849633971236,1019.75237153685,-0.15972128611671763
24,120.1,567.9121054832599,274.5797119140625,40651,313.3592777545448,1018.68859314654,0.10934421518197451
24,125.1,500.7640523706623,220.33914184570312,39335,311.9273166391255,1025.4077793313843,-0.10979601995797418
24,130.1,576.2897191458745,279.71844482421875,38917,312.71223372819077,1025.8299971734718,0.13010548551585568
24,135.1,493.6573587868675,210.08135986328125,40754,307.9978161652844,1025.9688864896698,-0.15123903489696247
24,140.1,546.0364762870339,249.97201538085938,44385,305.8914948743945,1026.4218091697646,0.009925341122531161
24,145.1,490.35310623215514,210.75758361816406,40628,304.32167470709857,1028.145392340258,-0.1485069870503879
24,150.1,558.7668241695303,265.21875,41904,307.49167143948074,1023.8352901870943,0.07152449108249642
24,155.0,486.47333029131346,211.32028198242188,41639,304.30682773361514,1026.2249093398016,-0.146233599220929
24,160.1,552.9106618161467,260.7566223144531,42882,302.22965346765545,1020.8164964320694,0.053496809791483885
24,165.1,477.5971164676729,200.48028564453125,44390,303.8615003379139,1018.9464068483893,-0.1900288495917809
24,170.1,546.0380411511504,252.97836303710938,44373,301.20318662249565,1021.3826200617492,0.02207144746825648
24,175.0,481.5486176194939,203.53451538085938,42680,301.86935332708526,1019.9825210871603,-0.17768929228722372
24,180.1,545.795989537925,254.15457153320312,43586,303.44929564539075,1018.029550773184,0.026823510473544622
24,185.4,396.142645235565,141.11341857910156,45168,301.4094270279844,1021.4127036840241,-0.42988011206642407
24,191.0,394.9134816462736,145.86734008789062,44950,302.30420467185763,1017.498042269188,-0.4106735389061504
24,196.7,395.7671318243529,141.88401794433594,44931,301.903719035855,1018.74389619639,-0.4267667722566962
24,202.3,393.0339005235602,138.81503295898438,45840,301.3143106457243,1022.112107329843,-0.43916594303390805
24,207.9,390.9397998393504,139.6919403076172,46063,298.81796669778345,1021.1410893775916,-0.4356231026409484
24,213.6,390.00140809011776,139.73126220703125,46872,297.7726147806793,1023.1982206861239,-0.43546423612695545
24,219.2,392.42953592029363,140.93707275390625,45768,294.89968973955604,1027.6994188079007,-0.4305925762892474
24,224.9,388.47062944485725,140.1758575439453,47105,298.13771361851184,1024.7645472879738,-0.4336680026701411
24,230.5,393.9290792708587,142.58331298828125,45149,296.87166936144763,1028.2777913132074,-0.42394151285825615
24,236.1,392.4666206807355,141.43678283691406,46391,296.65896402319413,1025.6800672544243,-0.42857367079186554
24,241.8,390.47083611033474,136.1264190673828,46513,297.4416184722551,1026.1360694859502,-0.45002835616237535
24,247.4,391.4075479836101,140.98568725585938,46370,293.9860038818201,1028.240694414492,-0.43039616623353094
24,253.1,395.245642074756,143.4722137451172,46926,294.2663981588032,1028.163832416997,-0.4203502172538109
24,258.8,393.66307458803124,144.32595825195312,46120,291.7521682567216,1032.965351257589,-0.4169009582998272
24,264.4,398.5404185196054,146.25706481933594,44299,291.8211246303528,1035.4910720332286,-0.4090989911242752
24,270.1,399.1209855217401,148.1806182861328,43997,291.6057913039525,1035.4360070004773,-0.40132753963534584
24,275.7,397.4608494208494,146.3822021484375,45325,291.71949255377825,1033.9986321014892,-0.408593417091968
24,281.3,391.87011196878444,142.23715209960938,47156,289.11103571125625,1028.5014208160148,-0.42534005602334835
24,287.0,392.5505654073503,138.3616180419922,46692,288.77782061166795,1029.7766855135783,-0.4409978089490414
24,292.6,401.4255701606561,148.42132568359375,44505,292.4741489720256,1035.6809796652062,-0.40035504477378675
24,298.3,399.1461158788741,150.8315887451172,44978,294.150384632487,1033.7051892036106,-0.39061721175717745
24,303.9,386.08410442495716,137.24908447265625,49605,282.9733494607398,1032.7515573026913,-0.4454926154689231
24,309.5,390.4058258994631,142.37176513671875,47306,286.1735509237729,1032.5183274848857,-0.42479619867509644
24,315.2,387.08076280510164,138.27915954589844,49082,282.92245629762436,1032.075119188297,-0.44133095393996785
25,0.1,341.3913262733233,87.83871459960938,13881,32.66061522945033,923.0019451048196,-0.011461171176961755
25,5.1,343.3420434749678,87.60456085205078,13203,32.85010982352495,925.0430205256381,-0.014096342609412645
25,10.1,341.6465601111883,90.95912170410156,14390,33.07790132036136,917.6220986796386,0.02365595910649429
25,15.1,342.2158934943728,90.53726196289062,14572,33.75569585506451,914.4936865220972,0.01890834028710295
25,20.0,344.8049954650108,87.345947265625,14333,33.678434382194936,916.198144142887,-0.017006785607222682
25,25.1,344.95874087339854,90.13795471191406,14518,34.03306240528998,916.3838683014189,0.014414527689546186
25,30.1,345.5162288543529,88.33133697509766,14542,34.906890386466785,913.5079768945125,-0.005917188112808694
25,35.1,345.7830285296269,83.73004913330078,13670,35.68251645940015,919.4528163862473,-0.057700182831492745
25,40.1,343.3128813786629,85.6202392578125,14913,34.7144773016831,913.3987795882787,-0.0364279415372651
25,45.1,345.72238239223685,84.63033294677734,14221,35.22094086210534,915.1449265171226,-0.04756836896514528
25,50.1,343.487380968236,84.97942352294922,15017,35.43710461476993,914.045614969701,-0.04363969593190352
25,55.1,345.44775821986053,83.95476531982422,15055,35.4304217867818,915.670740617735,-0.05517122191880145
25,60.1,344.84549926871426,84.12577819824219,15042,36.22364047334131,918.2452466427337,-0.053246639218388084
25,65.0,363.814498216329,95.61585235595703,14857,35.764218886720066,917.9484418119405,0.07606290843075068
25,70.1,398.5082341870001,116.81729888916016,14877,35.10869126840089,916.2328426430059,0.314664454694499
25,75.1,362.06378627125144,96.06583404541016,15646,36.14393455196216,915.4668924964848,0.08112701227506836
25,80.0,394.55332488917037,120.00228118896484,15790,35.96459784673844,913.8808739708676,0.3505083156483231
25,85.1,360.87212969972245,95.87782287597656,15852,37.29901589704769,914.139036083775,0.07901113043316398
25,90.1,394.6163916118625,101.11803436279297,16118,37.11614344211441,914.4067502171486,0.13798458592571006
25,95.1,363.8211248976507,68.6559829711914,15877,36.520879259305914,913.5353026390376,-0.22734405543842248
25,100.0,396.6926832245072,91.34504699707031,16387,37.58460975163239,910.950753646183,0.027999170853882642
25,105.1,364.1474204588668,99.84175872802734,15778,37.92838129040436,912.0039295221194,0.12362135182105023
25,110.1,396.5055900621118,83.36119079589844,16100,37.050745341614906,909.1893788819875,-0.061851322685023205
25,115.1,362.85164042406376,70.18169403076172,15941,37.09497522112791,912.1512452167367,-0.2101736695689929
25,120.1,398.60388964831617,85.49264526367188,16094,36.914626568907664,910.8444140673543,-0.03786388715768505
25,125.1,365.16317030784506,102.23780059814453,16112,37.97554617676266,907.4905039721947,0.15058645980211738
25,130.1,399.33473009613016,126.1850357055664,16228,38.226706926300224,909.9947005176239,0.4200891711583471
25,135.1,365.4541643885548,104.8519058227539,16461,37.93590911852257,912.1114756090152,0.18000565757766213
25,140.1,398.8798748194511,130.52003479003906,16616,37.68584496870486,908.8629634087627,0.4688753463368782
25,145.1,366.1997523219814,102.88239288330078,16150,38.116160990712075,907.9866873065015,0.15784071557693446
25,150.1,403.1689750692521,126.92951202392578,16245,38.6005540166205,908.0112034472145,0.4284675240428591
25,155.0,368.43693337389715,110.99649047851562,16435,37.21746273197444,909.4339519318528,0.24915694863307236
25,160.1,407.49124543710946,133.1414794921875,16163,37.21827631009095,913.0973829115882,0.4983771427543055
25,165.1,370.8700268489138,108.93600463867188,16388,37.84458140102514,910.7914937759336,0.2259681956075966
25,170.1,409.3090474246048,122.96651458740234,17143,39.04789126757277,908.2284314297381,0.3838678636039869
25,175.0,386.47491660671074,114.3902359008789,15289,37.70710968670286,918.4287396167178,0.28735023436634816
25,180.1,414.04680060387875,142.34695434570312,17222,38.856172337707584,910.5757171060271,0.601975759513831
25,185.4,321.86104456157165,70.18457794189453,16696,36.95436032582654,910.9722089123143,-0.2101412139695837
25,191.0,321.31806570427136,70.56602478027344,16833,38.30665953781263,909.2625200499019,-0.20584840284879108
25,196.7,323.28184347405346,76.73178100585938,16534,39.549655255836456,917.9445990081045,-0.13645884648025805
25,202.3,323.49801505006815,63.23406982421875,16877,38.67026130236417,913.6841855780056,-0.28836238541649367
25,207.9,321.3611848943296,57.457950592041016,17318,39.620568194941676,912.0919274743042,-0.3533669584791395
25,213.6,324.5401289860265,81.27576446533203,16746,38.09888928699391,915.2164696046817,-0.08532075654242631
25,219.2,324.44802299659744,81.24397277832031,17046,37.17499706676053,912.7710313269976,-0.08567854088829392
25,224.9,322.04410502831644,81.58036041259766,17481,38.76843430009725,915.2972370001717,-0.08189282704292583
25,230.5,324.19581614614026,60.91596221923828,16970,37.56299351797289,914.5252209781968,-0.3144504194611467
25,236.1,326.0491822777282,67.40869140625,16815,37.305263157894736,915.5224501932798,-0.2413811021828829
25,241.8,325.19620484126017,81.87928009033203,16442,36.67820216518672,916.2662084904513,-0.07852877840575448
25,247.4,324.6186491332935,81.08766174316406,16730,38.156066945606696,916.9469814704124,-0.08743766872081987
25,253.1,326.55042568996055,64.90515899658203,17501,38.11679332609565,915.7728701217073,-0.269555911063621
25,258.8,325.6939312441534,83.23098754882812,17104,38.10851262862489,916.2674228250702,-0.06331663289538478
25,264.4,327.7206812939855,84.49104309082031,16909,36.96782778402034,916.1845762611626,-0.049135940072057925
25,270.1,329.99425989252563,84.99395751953125,16376,37.0699804592086,916.0365779189057,-0.04347613001424626
25,275.7,332.30665765876427,86.95791625976562,16282,35.27343078245916,915.2623756295295,-0.021373695093862163
25,281.3,331.06282659619194,87.76141357421875,16649,37.57486936152321,914.1826536128297,-0.01233111861932572
25,287.0,333.07844817035857,87.90233612060547,16342,35.19299963284788,920.4216742136825,-0.01074517317835604
25,292.6,337.5825531376518,91.75865173339844,15808,35.56218370445344,918.1488486842105,0.03265388766649962
25,298.3,335.61785121936236,90.49801635742188,16279,35.70612445481909,917.3889059524541,0.018466669378741304
25,303.9,334.02350071394574,90.10307312011719,16808,37.102034745359354,911.0164207520229,0.014021969487168762
25,309.5,335.73075962018993,76.73783111572266,16008,35.419290354822586,913.5024987506247,-0.13639075841059808
25,315.2,335.66313976377955,92.18040466308594,16256,35.62161663385827,915.1556963582677,0.03740030442665358
26,0.1,350.03750271562023,95.21534729003906,36824,1012.609330871171,1005.4611937866608,0.04758257748439652
26,5.1,348.24667855906705,91.53948974609375,37559,1012.4613807609361,1002.2624404270614,0.0071398922456215605
26,10.1,349.49803201957343,87.46904754638672,37602,1011.3219243657252,999.6097813946067,-0.0376441100442744
26,15.1,352.15645997312345,91.41387176513672,36463,1011.5060472259551,1002.5421111811974,0.005757812444258283
26,20.0,352.8681091510474,88.81494903564453,36280,1011.039250275634,1002.1555953693495,-0.02283617213000196
26,25.1,352.9971330275229,85.37091827392578,36624,1010.9878768020969,1001.4276703800787,-0.06072824231598466
26,30.1,354.2369617618056,89.34835052490234,36508,1011.6661827544648,999.9485866111537,-0.01696755826832494
26,35.1,352.7004179587434,88.00222778320312,37085,1011.1130645813671,1000.9611972495618,-0.03177793045616188
26,40.1,354.3381913100223,87.90401458740234,36778,1011.4804502691827,1000.7285061721682,-0.032858496097397806
26,45.1,352.49501335943495,86.54391479492188,37801,1011.0690193381128,999.767334197508,-0.04782264722213712
26,50.1,352.20762778920715,84.68830871582031,37914,1010.3212533628739,1000.0446536899299,-0.06823847990528158
26,55.1,354.9595478106848,88.65811920166016,38391,1009.1234403896747,997.0925998280848,-0.024561652384895584
26,60.1,352.65390847490914,87.16434478759766,40732,1007.9829372483551,993.3380388883434,-0.040996524444933166
26,65.0,372.823910437865,101.56866455078125,39213,1008.032285211537,999.5470379721011,0.1174833304723624
26,70.1,407.1104142133019,112.94694519042969,39062,1008.9589882750499,999.499103988531,0.24266996160982707
26,75.1,371.9249050379848,100.21266174316406,40016,1006.1780787684926,1002.311975209916,0.10256425537880025
26,80.0,407.71638463876786,120.79835510253906,39476,1007.6781335494984,999.5071435809099,0.3290530969625722
26,85.1,372.6600451467269,102.40650939941406,39870,1007.0541760722348,997.1994732881866,0.12670150475879496
26,90.1,410.64842908877364,112.61368560791016,40868,1007.4542184594303,986.7878291083488,0.239003358038412
26,95.1,376.19929948330685,107.4386215209961,40256,1006.3273300874404,993.5336844197138,0.18206603512656755
26,100.0,411.5826409930603,129.8089141845703,40924,1006.0271234483432,995.6985143192259,0.42818947546021413
26,105.1,373.7031554343592,105.6336441040039,41072,1004.8608541098558,1000.5094955200623,0.16220723138735546
26,110.1,413.7525586215831,133.6846160888672,38595,1008.4181629744786,994.6354968260138,0.4708308973110091
26,115.1,376.86742940849626,110.85533142089844,39594,1007.5132848411375,996.3065363438905,0.21965751449756804
26,120.1,411.20920666978645,127.33396911621094,40601,1005.9795325238294,1002.3995468091919,0.40095952348675273
26,125.1,374.90777802213915,104.07460021972656,40923,1007.2414534613787,1004.3811059795225,0.1450542486257896
26,130.1,410.432657700322,126.86439514160156,42232,1003.2087990149649,1003.2533387005114,0.39579315557820083
26,135.1,378.50827548043065,106.5918197631836,39756,1007.7693429922527,995.9175973437972,0.17274931473100646
26,140.1,412.8954429404114,126.46943664550781,41518,1006.5186906883762,991.4070764487692,0.3914477254441605
26,145.1,375.3689953098,103.04045867919922,40510,1006.3958528758332,998.7543816341644,0.1336763700448368
26,150.1,415.08855105012464,132.7638702392578,40519,1006.9048594486537,993.3474419408179,0.4607006259020977
26,155.0,377.400063966934,109.65584564208984,40646,1007.6759582738769,996.5394872804212,0.20646047809972212
26,160.1,416.67820035525705,131.57232666015625,41097,1006.6301189867874,994.5108888726671,0.44759097153117067
26,165.1,376.3920266565838,109.22937774658203,42316,1006.177497873145,995.1732441629644,0.20176837383390953
26,170.1,417.10159548355426,133.01651000976562,40740,1007.646293568974,994.2536818851252,0.4634802305508887
26,175.0,378.6340845909452,110.79631805419922,40288,1008.291947974583,993.5961080222398,0.21900823497958777
26,180.1,413.1901968389411,128.17291259765625,41252,1008.3687821196548,993.0153204693106,0.41018978520054006
26,185.4,322.99444553195656,75.84436798095703,40868,1009.5310267201722,993.4999021239112,-0.16554168252791754
26,191.0,322.4074679225335,70.38512420654297,41618,1007.9791436397712,996.1823970397425,-0.22560561998219622
26,196.7,323.1061793724191,76.67337799072266,40441,1010.3898271556094,993.95712272199,-0.1564207113031296
26,202.3,324.2590857287578,77.42658233642578,39485,1010.1033050525516,996.6354311763961,-0.14813377256582086
26,207.9,322.7930337192255,77.88200378417969,39562,1010.8570598048633,992.68927253425,-0.1431231142249294
26,213.6,323.331370356566,77.41886901855469,40245,1009.3565908808548,993.7197912784197,-0.1482186363787075
26,219.2,325.6549224149172,78.4310302734375,38345,1010.4517146955275,995.0847046551049,-0.13708259028531786
26,224.9,322.85567318470544,77.96553039550781,40145,1009.9429816913688,998.432930626479,-0.1422041339840958
26,230.5,323.4906440762427,76.4290771484375,40135,1008.5246044599477,993.9295627258005,-0.15910856902067916
26,236.1,325.11994295579075,77.33085632324219,39969,1009.2131902224223,996.3905526783257,-0.14918697361457306
26,241.8,324.2874643135219,76.85367584228516,38530,1011.0442512328055,997.2020503503763,-0.15443703016946322
26,247.4,323.20378553542497,74.72772979736328,40734,1007.6757745372416,995.8472529091177,-0.17782720938655885
26,253.1,328.99894957983196,79.5240707397461,38080,1011.927337184874,997.7572216386554,-0.12505669129340088
26,258.8,325.11677364472973,76.8437728881836,38793,1012.1249709999227,998.2788647436394,-0.15454598489659163
26,264.4,325.87405020175026,78.11258697509766,38166,1013.8210187077503,999.2281087879264,-0.140586181468379
26,270.1,326.59259557344063,77.88526153564453,37275,1014.5689872568746,996.4966331321261,-0.1430872716452038
26,275.7,327.6107971052771,77.66593170166016,37862,1012.8673868258412,1001.0048597538429,-0.14550039221183553
26,281.3,327.53538981618425,77.54283905029297,37864,1012.2707849144306,998.245668709064,-0.14685468771837637
26,287.0,327.9895362925432,78.5487060546875,36316,1015.0722546535962,999.3947571318428,-0.13578789251087345
26,292.6,327.55289035700673,76.09281158447266,39355,1010.8035573624699,1001.7291576673866,-0.16280824513638437
26,298.3,326.62441485488404,77.75361633300781,38452,1011.5122230313118,1000.9648132736919,-0.14453566441608282
26,303.9,329.6736149355656,81.58033752441406,36316,1011.8462110364577,1002.4188511950655,-0.10243314036818807
26,309.5,328.1237833988342,80.76136016845703,37913,1008.6507002875003,1004.1480494817081,-0.111443729877896
26,315.2,331.020211451325,81.31686401367188,36415,1009.7102018399012,1004.1799533159412,-0.10533194048117195
27,0.1,392.76514467620086,115.87232208251953,21047,807.8432080581556,960.0543545398394,0.029184447491032824
27,5.1,389.7690410269318,110.46636962890625,19865,810.8482758620689,956.028945381324,-0.018831524650895277
27,15.1,397.48172581499495,111.19198608398438,20767,802.4801849087495,955.9499205470217,-0.01238655870054394
27,30.1,396.9353341420961,112.81550598144531,18959,805.4761327074212,954.9658209821193,0.0020336358604063935
28,0.1,540.0255322794842,227.46990966796875,23343,628.9895471875938,976.9549757957418,0.11784514955619191
28,5.1,533.7299759996746,222.2245635986328,24583,627.8264247650816,974.5722247081317,0.0920681812094353
28,15.1,540.394003647004,224.8230743408203,23581,623.9347355922141,977.6283448539078,0.10483792571526428
28,20.0,482.71791121187744,174.63470458984375,41019,702.8332967649138,967.3956459201834,-0.14180052317739816
28,25.1,529.6584612028216,168.29595947265625,27502,644.816013380845,974.9446949312777,-0.17295073330349303
28,30.1,542.9296396280585,222.015380859375,23337,630.9285255174187,980.2358915027638,0.09104020387919613
28,35.1,473.240680908521,168.90928649902344,41474,715.4224333317259,968.1316005208082,-0.16993668787428862
28,40.1,479.2941456687978,172.8819122314453,39885,710.1312523505077,968.7109690359785,-0.15041419185504815
28,45.1,473.9299797042621,167.5562744140625,41388,713.476273315937,968.5537837054219,-0.17658573432914582
28,50.1,472.8035284490228,172.15684509277344,41548,712.6913208818715,969.5697265813036,-0.15397735669408125
28,55.1,470.4412177001075,166.49415588378906,42802,714.58051025653,970.4521050418205,-0.18180525566738767
28,60.1,468.40498995467925,165.48129272460938,42806,719.7216745316077,969.59409895809,-0.18678272355008851
28,65.0,506.9934634308669,192.43748474121094,42071,723.5994865822063,967.0525302464881,-0.05431312112993787
28,75.1,505.7250707692308,193.6732940673828,40625,727.4919630769231,964.7503015384615,-0.04824003892291546
28,80.0,564.0955248932441,234.10693359375,40513,726.3358428158863,966.1575790487004,0.15046117782011703
28,85.1,502.1223669322805,192.20370483398438,41539,730.1778810274682,966.209345434411,-0.05546197521678551
28,90.1,558.9010278241644,227.4323272705078,42517,730.7769833243174,965.9737046357927,0.11766046007013317
28,95.1,503.7276619974946,194.50381469726562,43905,728.409771096686,966.1216490149186,-0.044158648733434995
28,100.0,561.0851381628081,229.4933319091797,42848,732.0404686333085,966.9689600448096,0.12778876249885915
28,105.1,502.73831601509715,190.13916015625,42922,730.3254275196869,965.4119332743115,-0.06560767430030874
28,110.1,552.597598797049,224.8601837158203,42562,738.6722663408674,964.056012405432,0.1050202906483113
28,115.1,498.7658002219232,190.01646423339844,42357,736.0475718299218,963.8476757088557,-0.06621063335731167
28,120.1,559.6304891370312,227.42279052734375,41195,735.6524820973419,964.665663308654,0.11761359408199404
28,125.1,501.2440049385061,181.70590209960938,42118,740.4784890070754,965.3866992734697,-0.10705085519105526
28,130.1,552.5466029282712,221.14585876464844,43302,742.0929056394624,963.657175188213,0.08676715054462183
28,135.1,497.4563956186763,181.51943969726562,43092,741.1608651257774,963.8440545808967,-0.10796717899115174
28,140.1,558.6363940378368,219.1942901611328,41864,736.6005876170457,963.722673418689,0.07717664470299013
28,145.1,495.9293369919557,180.71144104003906,42639,741.0363047913881,963.9547362743028,-0.11193789046304281
28,150.1,548.5799572570154,212.32029724121094,43048,748.8305147742055,965.6840039026204,0.043396090365783624
28,155.0,498.30961158813597,183.5498809814453,42043,744.0247841495611,964.5682039816378,-0.09798907268121408
28,160.1,557.0977854060883,221.25332641601562,41949,745.1503730720636,964.4505470928985,0.08729527399176419
28,165.1,505.18441897077633,189.51101684570312,40652,738.7494096231428,963.6319984256617,-0.06869453072868613
28,170.1,558.2377973970988,219.4895782470703,41569,742.9488320623542,962.8954509369963,0.07862776566693996
28,175.0,501.2326144312928,186.16375732421875,41313,744.446881127006,964.1848812722387,-0.08514381769529532
28,180.1,554.281404526436,210.10433959960938,42064,747.4138693419551,963.3824648155193,0.03250630936177288
28,185.4,408.14689720511603,122.17991638183594,42220,747.6581714827096,963.9935101847466,-0.39957673039051317
28,191.0,408.1396050336994,124.56895446777344,42434,744.2510486873733,963.0110524579346,-0.3878363879409628
28,196.7,407.3817379182156,123.10501861572266,43040,746.973559479554,961.7593633828997,-0.39503054207706395
28,202.3,407.1789151560456,124.17626190185547,42808,745.2881937955523,961.7024855167258,-0.3897661793613706
28,207.9,405.6091967190579,121.66338348388672,43646,749.2132841497503,962.5814049397425,-0.4021151047865006
28,213.6,409.24420599821167,123.8389663696289,41379,751.7611107083303,961.984992387443,-0.3914237356298757
28,219.2,407.57759650735295,120.02234649658203,43520,751.6006663602941,960.7470358455882,-0.41017957906874086
28,224.9,408.58266557645135,123.57471466064453,42805,751.6814858077328,961.5889498890317,-0.39272233592202554
28,230.5,415.2315349392793,129.0973358154297,40184,746.7052060521601,962.2649562014732,-0.36558276708971627
28,236.1,413.7671765744696,126.88117980957031,41903,751.0832159988545,962.107152232537,-0.37647352290628033
28,241.8,410.6491290776086,123.4370346069336,41967,755.5885576762695,962.042724045083,-0.39339893081959265
28,247.4,413.377450502292,126.1547622680664,41012,754.6559299717156,961.2404905881206,-0.3800433239692339
28,253.1,417.00252801477916,128.71153259277344,41139,757.7226476093244,962.1295121417633,-0.36747870252029236
28,258.8,414.6601055344214,126.54521179199219,40745,758.0209596269481,963.6134495030064,-0.37812455542923645
28,264.4,414.83091977478915,125.16170501708984,40673,759.3619108499496,961.8060138175202,-0.3849234605677674
28,270.1,415.4021959543004,118.98978424072266,40438,757.3864681735001,962.6643998219497,-0.41525385333654186
28,275.7,417.8648601179275,129.1346435546875,39855,755.4615481119057,962.3163467569941,-0.36539942734411596
28,281.3,418.181485628966,129.5093536376953,40185,752.9347020032351,962.335274356103,-0.3635580064309434
28,287.0,417.0786522429536,127.93302154541016,40304,753.3424225883286,962.201245533942,-0.3713045043568572
28,292.6,421.77192529921587,131.48838806152344,38768,750.6687216260833,960.7918128353281,-0.3538325265434709
28,298.3,419.24186996997753,129.11105346679688,39637,756.6716199510558,961.8211519539824,-0.3655153550523769
28,303.9,419.13651528732197,133.728271484375,40164,751.5572403147097,960.3208096803107,-0.3428251681484167
28,309.5,419.5337709405175,134.78488159179688,39457,749.2947512481942,960.1103479737436,-0.337632716604924
28,315.2,423.8236718709744,135.17469787597656,38814,748.9048281547895,960.8174627711651,-0.335717059966539
29,0.1,296.129375060934,52.099754333496094,10257,1166.812713268987,1005.7515842839036,0.2189265015853604
29,5.1,298.5140978491029,37.466487884521484,8973,1168.4135740554998,1011.9423827036666,-0.1234335825954459
29,10.1,295.8703890344689,50.05616760253906,9922,1165.0478734126184,1004.6681112678896,0.17111472096338903
29,15.1,301.5513392857143,38.787864685058594,8960,1170.080580357143,1010.1063616071428,-0.09251863450481305
29,20.0,298.9723637789102,35.30135726928711,10204,1167.1351430811446,1002.8569188553508,-0.17408900544849065
29,25.1,304.4792207792208,40.55660629272461,8470,1170.6557260920897,1009.7220779220779,-0.05113713381211816
29,30.1,300.2263395092639,36.91694259643555,9985,1167.9787681522284,1002.819529293941,-0.13629075100321794
29,35.1,300.3662069649767,36.5074577331543,10079,1168.8447266593907,1000.6912392102391,-0.14587106396701
29,40.1,306.8109741060419,43.40239334106445,8110,1173.2599260172626,1013.5454993834771,0.015442935431310933
29,45.1,306.1273758269453,54.69776916503906,9523,1172.16192376352,1001.0965032027723,0.27970968895719706
29,50.1,301.9529180971064,36.970924377441406,10195,1169.1447768513976,994.8524767042668,-0.1350277925821546
29,55.1,307.4862451987958,43.77735900878906,9633,1172.7435897435898,999.6598152185197,0.024215636865726826
29,60.1,300.1458844304915,34.930416107177734,10193,1167.4219562444814,993.1696262140684,-0.1827675494993844
29,65.0,308.9386081787435,39.138099670410156,9757,1169.4354822178948,994.438761914523,-0.08432453242335833
29,70.1,343.5806010928962,77.84950256347656,8052,1174.8412816691505,1004.7814207650273,0.8213679320336127
29,75.1,313.9408936319925,59.09699249267578,8527,1173.8665415738244,1003.1369766623666,0.38263397274794364
29,80.0,342.54397189813074,62.87439727783203,7971,1174.2554259189562,1004.3278133232969,0.47101018217052915
29,85.1,316.3291019581364,47.87188720703125,7405,1174.674679270763,1006.9571910871033,0.12001126961244746
29,90.1,343.7974979378609,63.14405822753906,7274,1174.6205664008799,1006.6339015672257,0.47731917311003635
29,95.1,314.8184000873076,58.72547149658203,9163,1173.5003819709702,990.6616828549602,0.37394186289392634
29,100.0,338.0800370113347,54.93381881713867,8646,1172.3497571131159,993.4186907240343,0.28523230955906104
29,105.1,322.6721730789726,66.29247283935547,9383,1176.2669721837365,984.8511137162955,0.5509795205995114
29,110.1,354.8672585772224,85.29779815673828,9123,1177.4156527458074,981.2188972925572,0.995628348544466
29,115.1,309.99615608619683,55.30244064331055,8585,1173.6990099009902,990.1211415259173,0.2938565903974605
29,120.1,348.1313928461617,79.72420501708984,9757,1174.730244952342,976.4347647842575,0.865228493998435
29,125.1,315.81642355483524,59.507389068603516,9255,1174.1213398163154,980.9822798487304,0.39223561615217345
29,130.1,343.6869644693248,75.40773010253906,8753,1176.024334513881,985.7566548611904,0.7642401931113494
29,135.1,322.98898139079336,64.69667053222656,8168,1177.9461312438787,984.788320274241,0.5136441099371256
29,140.1,346.937203935382,79.3026351928711,8233,1177.5357706789748,982.8840034009474,0.8553654411379623
29,145.1,326.29109795869067,67.1487808227539,8279,1178.347022587269,975.8259451624592,0.5710137128492895
29,150.1,356.038410436043,84.80453491210938,8279,1178.6758062567942,975.4743326488706,0.9840879555267278
29,155.0,323.954110046781,67.01345825195312,8978,1177.1267542882601,973.9185787480508,0.5678477042966218
29,160.1,346.55546161650324,67.08078002929688,5914,1178.4042948934732,998.6851538721677,0.569422765438232
29,165.1,312.2249344917942,59.09095001220703,7251,1178.0250999862087,989.3305750930906,0.3824926027996033
29,170.1,342.9869313482217,74.39250183105469,6045,1179.2883374689827,994.7412737799834,0.7404878998212562
29,175.0,311.78413639733134,57.66893005371094,6745,1178.7279466271311,987.8621200889547,0.3492230061312789
29,180.1,340.19187739463604,73.24080657958984,6525,1179.6940996168582,984.76030651341,0.7135428233670673
29,185.4,271.2003351955307,36.22721862792969,8950,1174.025251396648,975.3721787709497,-0.15242754156481755
29,191.0,264.28299817184643,30.373645782470703,10940,1161.0791590493602,959.9352833638026,-0.28937780479673236
29,196.7,271.1010721757322,35.86588668823242,7648,1175.586820083682,975.7809884937238,-0.16088126812842007
29,202.3,273.22181763010167,36.82424545288086,6591,1179.3092095281445,982.1596115915643,-0.13845949452889378
29,207.9,265.48315789473685,32.02419662475586,7600,1172.5717105263159,973.9767105263157,-0.2507614967236265
29,213.6,271.83146240196834,37.15984344482422,6503,1179.20405966477,977.093033984315,-0.13060783972760442
29,219.2,273.25371491469457,38.104347229003906,5451,1181.9634929370757,983.653458081086,-0.10851021742376762
29,224.9,267.8900287976962,34.00895309448242,5556,1180.1402087832973,985.9659827213823,-0.20432610962646885
29,230.5,267.34060402684565,33.9984130859375,5960,1179.4661073825503,979.0437919463087,-0.20457270379772163
29,236.1,270.820987654321,34.85835266113281,5022,1182.3882915173238,984.1648745519714,-0.18445354678101167
29,241.8,262.31383758428615,28.999305725097656,6822,1176.5939607153327,976.0306361770741,-0.3215318819042575
29,247.4,268.43919672740793,34.260066986083984,5378,1182.3843436221644,977.3744886574935,-0.19845104588950635
29,253.1,268.18896603490333,32.82234191894531,5329,1180.6768624507413,981.8947269656596,-0.23208807947532903
29,258.8,266.1764705882353,30.831886291503906,5661,1179.5832891715245,975.1989047871401,-0.27865680413739863
29,264.4,266.8510767980496,32.04791259765625,4922,1182.6088988216172,984.3512799674929,-0.2502066375261316
29,270.1,265.7758798106606,31.840238571166992,4859,1181.5916855320024,986.5573163202305,-0.2550653816376359
29,275.7,264.1422208081451,30.943355560302734,6286,1179.9331848552338,978.0633153038498,-0.2760488677355972
29,281.3,268.70654082528534,33.408302307128906,4556,1183.6703248463564,982.3039947322212,-0.21837894293191493
29,287.0,264.36801375752367,30.73484230041504,5815,1181.0369733447978,978.7659501289768,-0.28092724656214885
29,292.6,267.7270802456066,32.94570541381836,4723,1183.8090196908745,986.868092314207,-0.22920186561208497
29,298.3,267.83468950749466,33.56662368774414,4670,1184.5109207708779,981.2430406852249,-0.21467485393824728
29,303.9,263.42400901747135,30.44418716430664,5323,1181.664099192185,976.1521698290438,-0.28772741774830446
29,309.5,264.9211201866978,32.61416244506836,4285,1183.859276546091,992.6025670945157,-0.2369586490402141
29,315.2,266.9372478709099,33.80778121948242,4462,1184.507171671896,978.7117884356791,-0.2090327293207092
30,0.1,346.1758042234064,44.51691436767578,25335,436.38425103611604,1088.7954608249456,0.05781717169252343
30,5.1,347.9254039322562,43.9473876953125,25685,434.2106287716566,1090.027019661281,0.04428399891269056
30,10.1,347.9236127145386,31.234458923339844,25986,433.7787654891095,1090.5483337181558,-0.25780240012266864
30,15.1,348.1399757814274,43.50510787963867,26426,434.55312949368044,1089.894270793915,0.033774483813582716
30,20.0,349.4701882076165,47.21488571166992,27204,432.70287457726806,1089.4070724893397,0.12192674570387158
30,25.1,347.8296381061365,43.461124420166016,27964,431.3616077814333,1088.0409812616222,0.03272934267203043
30,30.1,350.4793274336283,45.89060974121094,28250,436.031610619469,1083.334407079646,0.09045911409667147
30,35.1,348.08418311202405,40.13594055175781,27262,432.06107402244885,1087.881593426748,-0.04628414343767214
30,40.1,350.11350285979285,41.86403274536133,25876,431.47263873859947,1092.707876024115,-0.0052209740193322595
30,45.1,347.99351476983054,40.56336975097656,26676,433.71191333033437,1088.5435222672065,-0.03612751077256803
30,50.1,345.39301918473797,41.19426345825195,27991,430.26104819406237,1089.4100603765496,-0.02113612589003338
30,55.1,339.69875757201135,37.714237213134766,32356,423.48711212758064,1085.236092224008,-0.10382899830300991
30,60.1,338.1009012836464,36.65809631347656,32953,406.19221315206505,1100.2246229478349,-0.128925166697746
30,65.0,359.02044630936484,43.0755500793457,26215,436.5166889185581,1090.7885943162312,0.023567271030786832
30,70.1,386.22391520370985,36.24188232421875,30190,432.6095727061941,1086.1169923815833,-0.13881530196856012
30,75.1,352.16019081858406,38.50870132446289,28928,438.26503733407077,1078.0565887721239,-0.08495083050559057
30,80.0,389.15132185130057,52.5709228515625,28218,438.7669926996952,1084.6047912679849,0.24919765248790537
30,85.1,351.84104161384954,41.71918869018555,27611,441.250878273152,1079.8864945130563,-0.008662778802050406
30,90.1,386.1180071775385,49.93914794921875,28422,431.808704524664,1090.3185912321442,0.1866610476204737
30,95.1,349.7622621196289,39.4996337890625,31581,423.02191190905927,1091.4900731452456,-0.06140415410336922
30,100.0,383.2959583649,46.21364212036133,30359,434.3734642116012,1079.8686386244606,0.09813505486057339
30,105.1,349.48170824575834,45.36415100097656,32829,418.96655396143655,1094.3026896950867,0.07794932756906109
30,110.1,375.9385067138011,50.37940979003906,35077,418.73358611055676,1084.6979787325029,0.19712261131768377
30,115.1,348.43909407458113,42.39781951904297,33601,417.8478914318026,1092.7924466533734,0.007462942268288696
30,120.1,383.4280325890163,55.44711685180664,33140,415.3566988533494,1097.4074834037417,0.31754217828878717
30,125.1,348.5086694048571,46.66667556762695,36277,422.09132508200787,1086.9427736582409,0.10890009926393412
30,130.1,381.7188878454139,59.99709701538086,35139,416.9963573237713,1092.7532656023222,0.4256594459892631
30,135.1,355.82779088629997,39.10659408569336,27124,442.8039006046306,1085.2257410411444,-0.07074361873802286
30,140.1,388.17801573275113,55.39698028564453,28857,446.67068648854695,1080.7971029559553,0.3163508261618642
30,145.1,346.3033015577773,45.194183349609375,34408,418.0758544524529,1095.524645431295,0.07391053236498446
30,150.1,381.1498595632871,57.8096923828125,33111,419.78973754945486,1097.0482619069192,0.37368202988490895
30,155.0,346.0300248726756,46.464622497558594,33772,415.81629752457656,1098.1643373208576,0.10409888583422035
30,160.1,380.73573959762234,61.40869903564453,34992,415.4135230909922,1098.2563157293096,0.45920213145703687
30,165.1,345.9560172529008,43.97224426269531,32922,418.11053398942954,1097.3880383937792,0.044874644157994525
30,170.1,381.56092642566944,60.5078010559082,33721,422.9799234898135,1095.2983600723585,0.43779486712965654
30,175.0,348.4219737766331,46.55924987792969,34168,419.13726293608056,1099.4399730742216,0.10634743493719918
30,180.1,377.5526952069407,63.199092864990234,21093,375.71293794149716,1148.792774854217,0.5017457210942694
30,185.4,299.7659490309092,31.251630783081055,35394,419.06424817765725,1096.6601683901226,-0.25739435997967663
30,191.0,296.03383440475613,30.43558692932129,41378,421.4758567354633,1071.8983276137078,-0.2767853086476737
30,196.7,299.8380397000948,28.833480834960938,34811,415.9386975381345,1098.6091178075897,-0.31485477868080314
30,202.3,300.0415695530314,31.754196166992188,33895,428.05139401091606,1092.5082460539902,-0.24545233074088782
30,207.9,297.9829274347023,33.934146881103516,36257,418.03858565242575,1096.0217888959373,-0.1936520356938271
30,213.6,297.19072836548565,36.375404357910156,23793,383.17147900643045,1142.6657840541336,-0.13564253265055376
30,219.2,298.646455949339,34.52702331542969,36004,421.33260193311855,1092.605043884013,-0.17956402259071225
30,224.9,293.72331653687587,30.56070327758789,39294,422.8301267369064,1081.6943044739655,-0.2738122764073266
30,230.5,297.37839255639307,33.524959564208984,36219,424.0954747508214,1093.8523426930617,-0.20337520218903504
30,236.1,297.59544315690573,32.459495544433594,38316,425.2527403695584,1088.264563106796,-0.2286929078734462
30,241.8,296.6149010215919,29.18450164794922,26723,396.466489540845,1133.3575197395503,-0.30651377282101494
30,247.4,294.8142789122844,32.11808776855469,37804,425.0691196698762,1087.642312982753,-0.23680548739527157
30,253.1,297.8445992266981,32.967830657958984,36467,421.99621575671154,1092.2120547344175,-0.21661377750919358
30,258.8,293.24742394004807,37.736392974853516,24553,378.6841933775913,1141.9505152119905,-0.10330252998122885
30,264.4,295.6696378382719,35.790748596191406,24906,386.32980004818114,1140.4769934955432,-0.14953520497656153
30,270.1,294.48772993567945,35.62810516357422,24409,385.25252980458026,1142.4947765168586,-0.1533999610659998
30,275.7,296.9264310562935,35.74779510498047,25296,389.0452640733713,1138.2321710942442,-0.1505558718676178
30,281.3,296.6615453399992,38.01893997192383,24603,387.8865991952201,1139.9129780921025,-0.09658860855256497
30,287.0,297.5400767980074,29.45671272277832,28907,403.3652748469229,1125.9302245130937,-0.30004545502834723
30,292.6,297.85609977913475,32.97272872924805,38485,428.0042873846953,1087.5814733012862,-0.21649738885127917
30,298.3,295.52393183300717,37.3864631652832,24528,386.712899543379,1142.8418542074364,-0.11161761126456572
30,303.9,296.4600267274585,36.461849212646484,25442,389.7921940099049,1140.5364358147945,-0.13358841787095999
30,309.5,293.74330098921075,30.01015853881836,42357,430.6298368628562,1075.0584319002762,-0.286894397815055
30,315.2,297.0692344612431,37.45444107055664,25002,391.7602991760659,1138.3108151347892,-0.11000231073182837
31,0.1,448.25435591409735,142.53594970703125,54294,762.2971046524477,1112.1855269458872,0.08682806793989573
31,5.1,449.0138020739242,154.48480224609375,55354,759.491996964989,1109.6261155472052,0.17793735191927207
31,10.1,450.2944518533404,51.443424224853516,54739,759.0743711065237,1109.9627322384406,-0.6077469755985921
31,15.1,451.7496259533628,155.2447967529297,54806,757.6188738459293,1110.4946538700142,0.18373226445331814
31,20.0,451.0680358973437,152.0338897705078,55603,759.9927701742712,1110.5334963940795,0.1592492912861064
31,25.1,453.3933566744273,106.1968994140625,56267,757.3977642312545,1109.3797607834076,-0.1902550111138771
31,30.1,454.1846686719533,153.5746612548828,54855,760.668471424665,1110.1609698295506,0.17099758144688373
31,35.1,452.37382073360664,153.31309509277344,55861,759.7751382896834,1109.4801382001754,0.16900315514819844
31,40.1,454.9827228381375,153.40321350097656,56375,758.1087893569845,1109.043512195122,0.16969030260590673
31,45.1,454.6091501859137,153.65594482421875,55671,759.8129726428482,1109.8602324369958,0.17161736378809808
31,50.1,452.9677232385437,152.5838623046875,55210,762.135482702409,1110.2844593370767,0.1634427988746908
31,55.1,453.7236051502146,152.22227478027344,55920,762.4446530758227,1111.0388412017167,0.1606857156872013
31,60.1,452.47302697302695,151.35238647460938,56056,762.488368774083,1111.7956150991865,0.15405286952795796
31,65.0,485.19546389520406,171.836669921875,55422,762.6681101367687,1111.7056764461765,0.31024430227095434
31,70.1,550.0180446733513,67.34751892089844,54753,762.5202454660018,1112.5643526382116,-0.4864792073873913
31,75.1,483.5268792263636,168.52745056152344,56047,766.2818170464075,1112.4401662890075,0.28501170311830165
31,80.0,548.3363104788391,213.47891235351562,56094,766.9410988697543,1112.407958070382,0.6277639033237978
31,85.1,480.7482540507755,168.9946746826172,57705,770.2827831210467,1112.6200502556105,0.2885742590199317
31,90.1,537.649827376117,207.16993713378906,59088,777.3863390197671,1113.3614101001895,0.5796583456534029
31,95.1,478.38853308417566,165.3800506591797,58865,775.1404060137603,1115.2897307398284,0.2610129676278562
31,100.0,541.739954589239,204.6193084716797,58136,778.6551018301913,1114.7719829365626,0.5602099550784622
31,105.1,480.5808991617983,166.75546264648438,59055,771.5966471932944,1112.9618152569637,0.2715004015408881
31,110.1,537.1308724296904,200.45693969726562,62687,776.5626525435896,1112.3413147861597,0.5284721428111151
31,115.1,477.96224278503945,167.0337677001953,61816,775.8623171994305,1112.3344279798112,0.2736224608841223
31,120.1,547.5669007743562,205.101318359375,61083,769.5128595517574,1111.9535058854347,0.5638852515636547
31,125.1,484.03428280438925,162.14691162109375,60876,770.394638281096,1113.0568697023457,0.23636047636957083
31,130.1,558.4771843358144,214.14865112304688,59652,759.9521893649836,1111.0030007376115,0.6328706212739725
31,135.1,485.99522748436874,164.4544677734375,60136,771.4394539044831,1111.92721497938,0.2539554536357928
31,140.1,544.4714600765388,201.82582092285156,61668,773.8672244924434,1111.813420250373,0.5389097800577232
31,145.1,485.0375988677046,162.826416015625,60055,767.6452918158354,1111.726850387145,0.24154165662467833
31,150.1,548.2933570826508,203.9514923095703,62879,765.1943574166256,1111.0106553857408,0.5551178968945711
31,155.0,482.706970084689,162.43399047851562,65652,761.3133034789496,1109.7234356912204,0.23854943543989313
31,160.1,551.1020573333981,204.49395751953125,61779,768.622234092491,1111.3075316855243,0.5592541615862384
31,165.1,484.5944604891238,163.87222290039062,65096,762.9140961042153,1108.8379470320756,0.24951587139887574
31,170.1,549.8880334393681,205.82411193847656,65073,764.2860018748175,1108.6305380111567,0.5693965092548472
31,175.0,486.2585206727292,167.87718200683594,64989,762.2140054470757,1108.9219867977658,0.28005344438858676
31,180.1,548.0802747043114,193.96353149414062,65525,762.743685616177,1109.7761617703168,0.4789602947036528
31,185.4,396.56855345911947,108.7052230834961,62010,770.6947911627157,1110.3263505886148,-0.17112919357085243
31,191.0,398.16069773599895,116.05964660644531,60424,768.9102012445386,1110.7223288759433,-0.11505215528901938
31,196.7,397.66646860446446,111.53101348876953,62270,770.8305444034045,1109.6144210695359,-0.14958271120707772
31,202.3,396.23425760136547,112.99723815917969,59759,781.1158988604227,1111.619421342392,-0.13840283603184625
31,207.9,397.71738366708183,110.78801727294922,62622,768.8108971288045,1109.7063332375203,-0.15524801279160008
31,213.6,397.8277816678337,109.69219207763672,59982,778.6002467406888,1110.3161115001167,-0.16360361418387534
31,219.2,399.12961191225844,107.8384017944336,57487,784.1595665106894,1112.1426931306207,-0.17773865391245278
31,224.9,398.37301533103425,106.33702850341797,58574,781.9202035032608,1112.0399836104757,-0.1891865352117667
31,230.5,396.7844409558695,106.19481658935547,57330,791.726146869004,1111.553514739229,-0.19027089252735105
31,236.1,402.030549293067,107.4916000366211,57219,783.8459777346685,1112.1077788846362,-0.18038299651637993
31,241.8,399.567153297048,102.95130157470703,58977,780.8109093375384,1111.483001848178,-0.21500249998462756
31,247.4,399.60536252468216,107.73492431640625,57734,784.16387224166,1111.8411507950254,-0.17852766347636215
31,253.1,405.4961821439132,113.69489288330078,57493,785.4123806376429,1110.5085662602403,-0.13308326060218
31,258.8,401.5093440884516,110.04179382324219,57523,786.7083601342072,1112.221511395442,-0.16093792184095573
31,264.4,400.5987090298688,108.63152313232422,57786,789.7331879694043,1110.4223168241442,-0.17169115127839238
31,270.1,400.0112597231707,108.49302673339844,60037,787.3337275346869,1110.6513816479837,-0.1727471780138968
31,275.7,401.5303825426274,109.08285522460938,56595,792.9527696793003,1111.5400653768002,-0.1682497711433053
31,281.3,401.25795089080606,108.60454559326172,58767,788.1307366379091,1110.5230316333998,-0.17189685339576932
31,287.0,398.58077332747223,106.43900299072266,59147,793.8629178149357,1109.8028978646423,-0.18840898586197594
31,292.6,404.82953382651436,109.05560302734375,59613,784.7109523090601,1110.4132823377452,-0.16845756751300847
31,298.3,401.7106914994239,107.9267578125,58149,788.5075237751294,1111.0078591205352,-0.17706494457383784
31,303.9,397.95647177868864,100.77084350585938,58307,798.8125096472122,1109.2470372339512,-0.23162836198688394
31,309.5,400.65563128301244,110.8702621459961,58690,788.502368376214,1110.438405179758,-0.15462090056724392
31,315.2,403.0418680895907,110.67669677734375,59783,785.7659702591037,1109.250639813994,-0.15609682489415863
32,0.1,528.2147505422994,200.02427673339844,17979,534.1211413315535,1122.677290171867,0.04149603578074612
32,5.1,532.1414639743001,212.4790802001953,17432,532.3588228545204,1124.1185176686554,0.10634630620260307
32,10.1,533.407057195572,121.98062896728516,17344,531.6832910516605,1125.5450876383763,-0.364865387410962
32,15.1,537.4286134305539,208.92811584472656,17006,531.4454310243443,1125.1253087145712,0.08785697400844786
32,20.0,537.9810971505497,216.86172485351562,17828,535.1636751177922,1121.3330715728068,0.1291660714191651
32,25.1,540.7828072846519,218.09913635253906,17077,531.9730046261053,1123.0659951982198,0.13560908519683842
32,30.1,540.9982524381306,216.4443817138672,17739,534.0423924685721,1124.1252607249562,0.1269930290634941
32,35.1,538.8729777976124,206.78639221191406,17926,533.7779761240656,1122.9808657815463,0.07670534426759795
32,40.1,542.5833993436687,217.145751953125,17674,532.8275432839199,1123.269265587869,0.1306449573980493
32,45.1,539.5804308997544,214.76278686523438,17916,534.0181960258986,1124.5824960928778,0.11823722003249977
32,50.1,536.0704659847378,214.4433135986328,18477,534.1703198571197,1124.9083725713049,0.11657377124449625
32,55.1,543.8670774145702,221.3022918701172,17529,532.0066176051115,1126.6971875178276,0.1522874295859713
32,60.1,546.2802820157189,223.464599609375,17304,533.4917938049006,1126.1193943596857,0.16354623764343854
32,65.0,575.9644796871605,238.36959838867188,18412,538.207038887682,1123.0210189007169,0.24115430300164994
32,70.1,632.0962277875923,148.04136657714844,19246,540.8218850670269,1119.713914579653,-0.22917108393213423
32,75.1,568.167939307355,227.3231658935547,20299,544.217596925957,1116.2286812158234,0.18363720637183278
32,80.0,633.4020975511843,270.54931640625,19928,545.2138699317543,1116.3973303894018,0.4087092083120702
32,85.1,568.9874192116039,234.80413818359375,20269,542.7323498939267,1115.8222901968522,0.22258949311973608
32,90.1,636.2102074814478,277.1040344238281,19809,542.4104699883891,1119.2817406229492,0.4428386297125895
32,95.1,580.2100408762184,238.21546936035156,19082,541.207525416623,1119.7294308772666,0.24035177655528114
32,100.0,640.9096793617341,281.95770263671875,19929,543.5350996035927,1122.004616388178,0.4681109430801226
32,105.1,578.5398512221042,246.09585571289062,18820,540.2910201912858,1120.1119553666313,0.2813837516766276
32,110.1,644.888912659785,285.737060546875,18697,540.9503663689362,1120.2813285553832,0.48778948583256393
32,115.1,581.2423386675034,250.1325225830078,19122,542.1478401840811,1119.3044660600356,0.3024020631118842
32,120.1,653.4293902505595,287.616943359375,18319,539.6862820022927,1121.2442818931165,0.49757775018189926
32,125.1,590.2222709578376,253.43258666992188,18239,539.5747025604473,1121.0877241076814,0.3195849957062333
32,130.1,658.3644097424543,301.1070556640625,17162,536.5978324204638,1122.053781610535,0.5678187165136783
32,135.1,584.7602650388689,250.80393981933594,19167,541.8430635988939,1119.596963531069,0.3058980307084707
32,140.1,652.6856756024912,303.01953125,18465,541.9291632818846,1121.1866774979692,0.5777766864851742
32,145.1,582.2507051421132,256.2872619628906,18436,541.5638424821002,1119.628824039922,0.3344488564816477
32,150.1,665.2150221833406,320.12054443359375,16003,534.5588952071487,1132.161094794726,0.6668190653874412
32,155.0,601.8741836876476,283.57818603515625,14394,529.21446436015,1136.2651799360845,0.47654855406956587
32,160.1,656.1307319851894,309.9501647949219,17555,539.7087439475932,1124.2250071204785,0.61386344295477
32,165.1,601.3473464720522,281.88330078125,14867,531.7179659648887,1136.055828344656,0.4677235439164265
32,170.1,675.3124164661855,334.71734619140625,14964,533.8551189521519,1135.1527666399359,0.7428223956537056
32,175.0,608.6467298980748,282.6329040527344,14128,532.8868912797282,1136.3134201585503,0.47162661432572395
32,180.1,684.596676627068,344.14727783203125,13721,532.1370891334451,1139.5413599591866,0.7919226177956636
32,185.4,470.079405047725,183.42335510253906,17077,540.9105229255724,1126.7293435615154,-0.04494244234404426
32,191.0,466.4786084215267,182.93605041503906,17764,544.155145237559,1126.119849133078,-0.04747976385589794
32,196.7,469.60261314813727,175.8850860595703,16991,543.2255311635572,1126.851097639927,-0.0841930645840884
32,202.3,457.1333827893175,177.22280883789062,20220,554.5507418397626,1115.5880316518299,-0.0772277452071251
32,207.9,468.6943792464484,187.7147979736328,16190,542.6360098826436,1128.0458307597282,-0.022597550958780722
32,213.6,460.807190731023,175.32412719726562,19247,552.2777056164597,1120.6744947264508,-0.08711389219995377
32,219.2,457.5562916997154,174.75840759277344,21433,557.0571548546634,1118.7802920729716,-0.09005950827748306
32,224.9,457.9591280653951,174.42881774902344,20185,554.3915283626455,1121.901411939559,-0.09177563254652238
32,230.5,455.950273763576,174.09228515625,22282,562.5638632079706,1118.817296472489,-0.09352790665548821
32,236.1,463.8542276899043,182.5305633544922,20484,558.2812927162663,1122.1756981058386,-0.04959107340800214
32,241.8,464.2747299077734,180.1756591796875,18975,554.1416600790513,1123.5787088274044,-0.061852701860090384
32,247.4,460.9001209774982,181.73184204101562,20665,556.242535688362,1124.4262763126058,-0.05374989400350504
32,253.1,465.13340574234985,183.5888214111328,21176,557.7649225538345,1121.8624858330186,-0.04408088440082841
32,258.8,460.7846161237629,181.0538787841797,20814,557.9742000576535,1123.0245027385413,-0.057279945734879385
32,264.4,459.6519693190909,176.42001342773438,21251,561.1650275281163,1124.2135428920992,-0.08140777900539807
32,270.1,463.1490542763158,180.59140014648438,19456,556.2623355263158,1124.4561574835527,-0.059688001775171626
32,275.7,459.74469421635933,174.1107177734375,22287,564.8549378561494,1121.1818100237806,-0.09343193081673823
32,281.3,464.246626984127,185.00491333007812,20160,558.5190972222222,1125.0742063492064,-0.03670750880878242
32,287.0,462.5877050743991,177.2642364501953,20968,561.5459271270507,1122.961512781381,-0.07701203792053056
32,292.6,469.01580945446983,188.9607696533203,19229,557.1027094492694,1125.7004524416245,-0.016109965620231
32,298.3,462.9293090909091,181.6261749267578,20625,561.1059878787879,1122.936096969697,-0.054300086622166954
32,303.9,460.3975898334794,178.28553771972656,22820,566.8126205083261,1122.501402278703,-0.07169427729204264
32,309.5,484.9562378863613,208.6888427734375,9803,565.4225237172294,1165.9868407630318,0.08661111545924391
33,0.1,461.88545079480645,207.61488342285156,16482,1096.150285159568,1161.7070743841766,0.020060395826570415
33,5.1,463.64278851927463,207.48089599609375,16654,1096.600756574997,1160.581662063168,0.01940208431575262
33,10.1,456.08962155963303,201.8141632080078,17440,1094.896502293578,1159.902006880734,-0.008439896931253266
33,15.1,457.9400544959128,202.65956115722656,17249,1096.0353063945736,1159.138500782654,-0.0042862594246652775
33,20.0,454.7182292543343,198.0902557373047,17823,1093.0630645794758,1158.9695898558043,-0.026736323786404493
33,25.1,456.185640507466,196.95632934570312,17814,1092.5080835298081,1159.678735825755,-0.03230756889554955
33,30.1,457.0582889200561,197.2647705078125,17825,1094.5684712482469,1158.6420757363253,-0.030792125451787923
33,35.1,457.3390195522811,200.07766723632812,17645,1096.5356758288467,1158.0948710682912,-0.016971707074243534
33,40.1,456.05777924798764,196.12208557128906,18138,1092.454515382071,1158.548461792921,-0.03640640333706434
33,45.1,460.28575445700466,197.21316528320312,17781,1094.48579944885,1158.4417074405264,-0.03104567396899391
33,50.1,461.3816379117186,200.2553253173828,17852,1096.9364216894467,1157.4312121891105,-0.016098831442715053
33,55.1,464.2973317094774,203.5103759765625,18064,1094.255591231178,1158.0336581045174,-0.00010600757046991942
33,60.1,464.09846561430624,200.1939697265625,18118,1096.063859145601,1157.4960812451704,-0.016400285785614307
33,65.0,475.90883065404097,206.22796630859375,18164,1094.192413565294,1158.1179255670556,0.013246148229171275
33,70.1,525.1273097135107,242.86912536621094,17697,1097.3645250607447,1157.8185003107872,0.19327271759478268
33,75.1,476.07957166392094,208.4956817626953,18210,1095.2268533772653,1157.488467874794,0.02438796371752206
33,80.0,521.6859364803132,239.14248657226562,18388,1095.7941592342831,1157.004676963237,0.1749628711108379
33,85.1,474.6206730253992,204.18966674804688,18662,1093.5023577322902,1157.403118636802,0.0032315065894875576
33,90.1,519.4499815818555,241.54901123046875,19003,1094.0091038257117,1156.6376887859813,0.1867866886278767
33,95.1,478.69893108449264,209.4593048095703,18617,1096.6314658645324,1156.1555567492078,0.02912246873189006
33,100.0,531.8447568513758,247.14263916015625,18281,1097.370493955473,1156.547180132378,0.21426948863717296
33,105.1,477.8660155005839,209.8148651123047,18838,1091.8775347701455,1157.7290582864423,0.030869419514839187
33,110.1,529.7724534796171,248.04734802246094,18594,1096.444713348392,1156.1721523071958,0.21871453450756334
33,115.1,479.79359486748,213.18539428710938,19016,1095.0338662179217,1155.7206037021456,0.0474296162960775
33,120.1,533.9833774483853,248.20057678222656,18890,1092.6708840656431,1157.6017998941238,0.21946738317988226
33,125.1,489.73044524669075,214.6464385986328,18282,1097.2941691281042,1156.3052729460671,0.054608068120734675
33,130.1,524.5586415169067,239.12525939941406,20199,1085.4565572553097,1157.3968018218723,0.17487822998844713
33,135.1,482.8120004099201,213.98837280273438,19516,1091.4526542324247,1156.4281615085058,0.05137483722140213
33,140.1,537.6325591238559,255.13870239257812,18901,1093.5517168403787,1157.1383524681235,0.2535560142053143
33,145.1,486.08489514202284,213.11915588378906,18835,1092.2755508362093,1157.9095832227235,0.04710417155533498
33,150.1,535.3482864743623,250.16481018066406,19171,1091.864326326222,1157.6241719263471,0.22911812047228097
33,155.0,485.32710182767624,218.3168182373047,19150,1093.2793211488251,1157.211592689295,0.07264150023952913
33,160.1,541.051133673523,253.1642608642578,19009,1092.084907149245,1157.9247724761956,0.24385512198742454
33,165.1,486.23281778141967,220.87380981445312,19526,1091.2878213663832,1157.3121991191233,0.08520459686010674
33,170.1,537.9967624235572,256.14727783203125,19459,1089.6630350994399,1157.9292872192816,0.2585113808198269
33,175.0,483.6604492579222,216.82664489746094,19944,1087.9484556758925,1157.7342559165663,0.06531993069773823
33,180.1,542.2496316564934,258.8927001953125,19004,1093.5960324142286,1157.2146390233636,0.2720002818871747
33,185.4,416.3927659352687,158.59230041503906,19187,1088.6837442018034,1158.2286443946423,-0.22079900020016988
33,191.0,416.2587984173261,165.07989501953125,19208,1091.9442940441484,1157.255778842149,-0.1889239331957384
33,196.7,415.8166778333247,164.7753448486328,19403,1090.496160387569,1157.7240117507602,-0.1904202592912187
33,202.3,417.2232514571191,163.7604217529297,19216,1090.7172148209825,1157.6015299750209,-0.19540681342292748
33,207.9,414.8471334295731,162.51937866210938,19396,1091.57135491854,1156.8755413487318,-0.20150434788475913
33,213.6,416.18812696126344,164.06246948242188,19439,1090.40444467308,1157.251144606204,-0.19392278240634186
33,219.2,417.1624084788285,165.029541015625,19531,1090.1877016025805,1157.6018125032,-0.18917133417349705
33,224.9,416.39494660067726,166.9168701171875,19195,1094.0247981245116,1156.6938786142225,-0.17989844564712973
33,230.5,419.48751781284636,166.9542999267578,18947,1094.5398743864464,1156.9255291075103,-0.17971454425366248
33,236.1,420.0055148953716,167.77792358398438,19402,1090.9544892279146,1157.2355942686322,-0.17566788892745677
33,241.8,417.82837718615394,166.54464721679688,19269,1093.0967356894494,1156.772951372671,-0.181727263662719
33,247.4,420.0220171943804,171.1835479736328,19076,1094.512790941497,1156.952925141539,-0.15893526116172002
33,253.1,438.9645664530173,191.0028076171875,16538,1113.2575885838673,1153.2161083565122,-0.06155861116588086
33,258.8,421.33652296011235,170.34872436523438,19229,1093.82536793385,1156.9158042539914,-0.1630369444629787
33,264.4,423.2266533382438,172.83010864257812,19007,1094.468722049771,1157.155995159678,-0.15084532415900537
33,270.1,424.29407419133554,174.30140686035156,18951,1095.5451955041951,1156.607883488998,-0.1436164924988773
33,275.7,426.32878682934626,172.24380493164062,18769,1096.710053812137,1156.6764345463264,-0.1537259711800352
33,281.3,424.6233513740739,171.53309631347656,19031,1096.2191687247123,1156.0368346382218,-0.15721784855611542
33,287.0,426.8941283519777,173.12673950195312,18683,1096.449713643419,1157.022533854306,-0.14938790749002712
33,292.6,428.54732598763775,175.7267608642578,18605,1098.4934157484547,1156.0012362268208,-0.13661339548845575
33,298.3,428.5967479674797,172.42559814453125,18450,1097.5758265582656,1156.501571815718,-0.1528327786803332
33,303.9,429.90695285467126,174.52378845214844,18496,1098.811418685121,1156.1170523356402,-0.1425238798171032
33,309.5,430.87524861878455,179.1356658935547,18100,1100.6925414364641,1156.3195027624308,-0.11986464917416804
33,315.2,431.09747971411684,179.48025512695312,18609,1098.598420119297,1156.0686227094416,-0.118171601816373
34,0.1,306.4912595981049,51.08202362060547,12242,169.11182813265808,1172.1975984316289,-0.011264916607347568
34,5.1,308.19025220987754,51.819156646728516,12331,172.65258292109317,1172.1132917038358,0.003002906638426388
34,10.1,307.79672785315245,51.45504379272461,12530,173.48659217877096,1171.172865123703,-0.0040448007065635155
34,15.1,309.6059564719358,53.12620544433594,12222,168.7373588610702,1172.738586156112,0.02830192398940193
34,20.0,308.8160113466236,50.837642669677734,12691,174.62288235757623,1171.5656764636356,-0.015995113313917377
34,25.1,310.38910352440274,52.44530487060547,12683,175.33217692974847,1171.2031853662384,0.01512252666266932
34,30.1,309.58545142678935,50.74659729003906,12826,172.88437548729144,1170.9447996257602,-0.01775737241504754
34,35.1,307.97164727017105,50.421878814697266,12803,168.0160899789112,1171.2554869952355,-0.024042568772591547
34,40.1,310.5443652849741,50.55379867553711,12352,176.34674546632124,1171.2417422279793,-0.021489150067463828
34,45.1,307.53284557907847,50.23665237426758,12848,168.39430261519303,1168.6524750933997,-0.02762778069342266
34,50.1,308.5911767144871,50.20235824584961,12059,171.52525084998757,1171.2430549796832,-0.02829157209239028
34,55.1,309.42912066246055,54.96562194824219,10144,157.84167981072557,1170.9028982649843,0.06390536139218216
34,60.1,306.71812080536915,57.70785140991211,9834,149.5099654260728,1169.2304250559284,0.11698349501514807
34,65.0,321.57635074403277,60.86707305908203,10013,148.77868770598224,1168.456906022171,0.1781328594950604
34,70.1,339.12875098193246,68.28276824951172,12730,176.91853888452474,1171.1359780047133,0.3216698120829439
34,75.1,318.16385559463146,56.7304573059082,13933,188.00574176415705,1168.7085336969783,0.09806521863464913
34,80.0,340.5343582576287,69.34857940673828,8586,146.97752154670394,1168.6691125087352,0.3422994741192016
34,85.1,320.3932071023355,59.5574836730957,13573,186.74854490532675,1169.0845796802475,0.15278466694144724
34,90.1,335.1472904122279,67.1761245727539,10795,152.69828624363132,1165.4967114404817,0.30024980264573514
34,95.1,323.48299108068863,70.28976440429688,9642,153.11190624351795,1168.278158058494,0.3605168931071532
34,100.0,340.3445018018895,70.75814819335938,10267,155.35336515048212,1166.981299308464,0.36958285118622325
34,105.1,320.7956274782982,69.36092376708984,9331,152.06108670024648,1168.8217768727895,0.34253840948817366
34,110.1,332.9917723356887,73.79840850830078,10331,148.7155164069306,1162.9610879876102,0.4284296200291161
34,115.1,325.519980741454,73.89801025390625,8308,149.3623013962446,1172.9192344727974,0.4303574947151055
34,120.1,339.5910471946526,77.7557144165039,9874,152.34079400445614,1164.51509013571,0.5050265695982623
34,125.1,323.7980114557441,71.03282928466797,9253,154.05760293958716,1167.1018048200583,0.37489953232905554
34,130.1,337.1010051241624,76.3056411743164,10148,152.46580607016162,1163.2058533701222,0.476959195081381
34,135.1,325.83594038674715,64.79601287841797,8119,149.12575440325162,1171.1312969577534,0.2541807598047269
34,140.1,344.0778229282108,70.73628234863281,8121,155.32742273119075,1174.3255756680212,0.36915961956232085
34,145.1,324.3878621051252,71.4286880493164,7629,151.3948092803775,1175.1166601127277,0.38256170819709423
34,150.1,340.1677464136974,76.34735107421875,8644,151.31015733456732,1171.854234150856,0.4777665249096693
34,155.0,323.2730107258668,70.93622589111328,8018,145.49102020453978,1174.2645298079321,0.37302969324257546
34,160.1,345.2120088954781,81.26168823242188,8094,149.85396590066716,1175.0301457870028,0.5728876108718073
34,165.1,324.9460206780476,71.20984649658203,8318,149.1568886751623,1173.7906948785767,0.37832584779932177
34,170.1,345.94868777215487,80.48676300048828,8497,152.6329292691538,1174.4833470636695,0.5578882880276382
34,175.0,320.5737578495098,66.80342102050781,9077,148.05761815577833,1171.653079211193,0.29303581518612065
34,180.1,340.63015220531054,76.2533950805664,9001,149.90189978891235,1170.3004110654372,0.4759479284517636
34,185.4,291.49086669257673,53.87451171875,7719,151.10506542298225,1173.9718875502008,0.04278601475548469
34,191.0,288.72756529273425,50.49592208862305,8079,149.2315880678302,1173.426785493254,-0.022609399578602505
34,196.7,288.8180147058824,51.11168670654297,8160,151.74950980392157,1171.8029411764705,-0.010690762890064785
34,202.3,287.6793182642331,50.13688278198242,8273,150.9360570530642,1174.0609210685361,-0.02955890419159831
34,207.9,289.416810287684,53.9298095703125,7543,155.32175526978656,1173.2400901498077,0.04385635069757975
34,213.6,289.79177897574124,54.2266845703125,7420,155.59043126684637,1176.4028301886792,0.04960261341540578
34,219.2,287.65563446335256,52.3575439453125,7463,150.82835320916521,1176.63151547635,0.01342384090909323
34,224.9,287.129696004248,52.827964782714844,7533,155.90880127439266,1175.8333997079517,0.022529227754242157
34,230.5,285.29456333909343,48.76841735839844,7523,153.3251362488369,1174.7481058088529,-0.05604669145618661
34,236.1,292.1993499458288,53.806610107421875,6461,158.87153691379044,1177.6291595728214,0.04147172255285693
34,241.8,286.730167676483,50.496707916259766,7097,154.92461603494434,1176.1893757925884,-0.022594189230639508
34,247.4,282.0943083205717,48.337371826171875,7836,147.20661051556917,1176.4275140377745,-0.06438993649709263
34,253.1,290.96489377730904,52.274051666259766,6637,156.20973331324393,1177.9303902365527,0.011807778356345257
34,258.8,288.09340821755836,52.24058532714844,6766,157.51404079219628,1178.4698492462312,0.011160009508387202
34,264.4,287.65781273185934,51.12070083618164,6739,158.73927882475144,1178.0942276302121,-0.01051628690833392
34,270.1,287.25409836065575,49.82642364501953,6832,163.12646370023418,1176.8804156908666,-0.03556809918659049
34,275.7,289.48474684555185,50.97331619262695,6261,156.06372783900335,1177.9872224884205,-0.013369039354442143
34,281.3,282.7347740667976,45.8200569152832,7635,151.07387033398822,1176.3064833005894,-0.11311466179045557
34,287.0,278.7838422697764,45.00471496582031,8318,140.609281077182,1173.1802115893242,-0.12889628384175056
34,292.6,288.6811445341159,50.869930267333984,6815,155.86544387380778,1177.9798972853998,-0.015370159987903814
34,298.3,286.2890489913545,48.51739501953125,6940,151.59438040345822,1176.3335734870318,-0.06090543775403591
34,303.9,283.77284280936453,47.757808685302734,7475,147.7761872909699,1175.5023411371237,-0.0756078634663642
34,309.5,281.9623767514271,46.2204704284668,7708,148.0293201868189,1175.0800467047225,-0.10536432497354399
34,315.2,281.5302839909525,45.921634674072266,7958,144.83186730334256,1174.9915807991958,-0.11114853972463691
35,5.1,304.5725842803255,43.990440368652344,42151,248.3473464449242,76.74705226447772,-0.09192893563541196
35,10.1,307.90761430233323,30.759174346923828,45559,222.7373515661011,70.82029895300599,-0.36505486296311107
35,15.1,308.9195513026352,88.37296295166016,46713,218.55194485475135,70.08323164857748,0.8242356715699499
35,20.0,306.2518147684606,38.779052734375,55930,231.9223314857858,83.21319506526015,-0.19950481521780714
35,25.1,303.5019656465465,40.31752014160156,66136,238.78642494254265,98.17972057578324,-0.1677470577536199
35,30.1,311.39874832364774,37.236663818359375,46977,226.10017668220618,71.04521361517338,-0.231343522284457
35,35.1,312.1206141890785,96.93539428710938,42723,215.2397537626103,63.110689792383496,1.0009853487991591
35,40.1,316.6942091099372,31.394750595092773,40132,204.3742400079737,61.286728794976575,-0.35193500339082767
35,45.1,312.557805385865,46.52495574951172,43707,218.40343652046582,63.03553206580182,-0.039610294124710954
35,50.1,313.60543127332676,43.21005630493164,43673,218.7628053946374,65.18107297414879,-0.10803798527022768
35,55.1,311.9846073078538,33.32008361816406,47620,232.42139857202855,72.62278454430911,-0.31219138653077677
35,60.1,313.3956874308883,26.002735137939453,43408,221.12278842609658,64.9855786951714,-0.4632394862333468
35,65.0,319.68000136416345,80.93840789794922,58644,239.388155651047,86.98276038469409,0.6707681394396904
35,70.1,350.58961000297705,38.3817253112793,47026,226.36779653808532,68.74080296006464,-0.20770663208911225
35,75.1,325.5510521405618,48.616493225097656,48235,231.23103555509485,72.36384368197368,0.003564192097690329
35,80.0,350.95970535453444,38.76952362060547,47922,233.61775385000627,73.63768206669171,-0.1997015196020014
35,85.1,319.9437045173692,22.954303741455078,43698,256.5329534532473,77.15110531374434,-0.526166620393627
35,90.1,344.4596519115667,93.92912292480469,61651,244.05104540072344,90.33976740036658,0.9389285016101017
35,95.1,326.8561993023592,105.07279968261719,48449,237.09996078350432,72.02367437924416,1.1689614435311084
35,100.0,347.6460786542396,28.952199935913086,43990,258.33862241418507,76.9382359627188,-0.4023552664811304
35,105.1,318.2094075447857,36.1397819519043,49067,271.3988627794648,85.40204210569222,-0.25398586629390374
35,125.1,362.6711631290088,70.74468231201172,15123,141.0161343648747,57.0979964292799,0.4603445300125139
36,15.1,320.41179976162095,59.35137176513672,30204,225.76950072838034,702.2442060654218,0.0
37,60.1,343.1261468529518,71.51726531982422,71718,327.776178923004,694.2080370339385,0.32913958918420605
37,65.0,337.12167648236033,40.18490982055664,34978,232.0050031448339,702.0390245297044,-0.25316838820046905
37,70.1,351.9450536929957,38.19279479980469,35107,244.28589739937905,716.7642920215342,-0.2901916011050595
37,75.1,341.79950934777094,45.48291778564453,35463,240.48630967487242,706.265205989341,-0.1547055610954228
37,85.1,337.58228224976995,73.6580581665039,36946,239.27754019379634,709.0537541276458,0.36892596121674504
37,115.1,338.2518384370541,43.0232048034668,36444,229.49514323345406,700.0100153660411,-0.20041902466289144
37,120.1,365.7721657048803,77.60309600830078,50427,304.05253138199777,640.0428540266128,0.44224400480961956
37,125.1,357.1325350755564,53.36271286010742,85102,309.22907804751947,691.8214965570727,-0.008260537767270208
37,130.1,372.45073299142194,63.829647064208984,22033,425.10742976444425,601.8288476376345,0.1862661484230269
37,155.0,346.41485153928875,81.1512680053711,54863,305.33359459016094,649.6276361117693,0.5081863454381514
37,160.1,369.8409630991346,89.91361236572266,22303,426.1610097296328,594.9457472088957,0.6710334388123986
38,85.1,376.5330900096525,99.38182067871094,33152,395.27835424710423,716.7428812741313,0.825661197473425
38,90.1,384.525,9.49031925201416,80,315.05,706.875,-0.825661197473425
39,95.1,336.413726311381,33.76255416870117,38204,230.2945764841378,717.8450685792063,-0.368366480354431
39,100.0,350.92188488298547,33.675533294677734,37944,245.86108475648325,719.6731499051233,-0.3699944762894367
39,105.1,343.139535550048,76.88127899169922,69803,280.1921264129049,688.3106886523502,0.43830329310207017
39,135.1,341.624018535204,47.76953125,31076,214.98429656326425,669.9706525936414,-0.10632243625609464
39,140.1,363.7343709197263,75.17489624023438,38294,254.0595393534235,669.9358385125607,0.40638009979789214
39,160.1,351.4106585111921,77.18702697753906,30736,219.42058172826654,685.898555439875,0.4440232595316122
39,170.1,357.7213342860366,50.54292678833008,26591,212.43529765710204,668.9820615997894,-0.0544374521849344
39,175.0,342.68582587659216,45.669334411621094,34309,233.43256871374857,678.1898627182372,-0.14561314614567752
39,185.4,304.1193266163419,34.812591552734375,31661,219.12794921196425,672.9314614194119,-0.3487222672619523
39,196.7,305.6384457431685,51.2060546875,37986,225.4570368030327,676.4634865476754,-0.042031583634972655
39,202.3,315.10755561584375,42.79014587402344,73720,267.06215409658165,716.5306836679327,-0.19947731710380578
39,207.9,334.41986865320524,32.36875915527344,20404,425.07282885708685,733.4581454616742,-0.3944417484042614
39,213.6,338.30748469805775,85.34175109863281,20749,423.2621331148489,727.5743891271868,0.5965827214908024
39,219.2,338.5178950414818,86.50218200683594,20732,431.32543893497973,729.876664094154,0.618292188588328
39,224.9,335.49497071840494,49.732521057128906,22369,421.5070409942331,729.5601055031517,-0.0695986103657353
39,230.5,334.2665211635479,47.23210906982422,27949,407.7258578124441,720.2507782031557,-0.1163765886020302
39,236.1,336.87964338781575,86.29564666748047,20863,433.399750754925,732.1714997843071,0.6144283030932779
39,241.8,332.19208840712326,82.59516143798828,28414,409.03375096783276,720.0442035616245,0.5451992246822795
39,247.4,334.87493299982134,63.215370178222656,22388,427.22373592996246,730.8615776308736,0.18263999109355197
39,253.1,338.9486029977811,75.02367401123047,22083,429.0355477063805,729.6856405379704,0.40355101796133686
39,258.8,335.3912607188469,86.25330352783203,21924,435.9815727057106,732.8572796934866,0.6136361430512578
39,264.4,337.13063273903236,30.04446029663086,23501,433.4414705757202,731.8597506489085,-0.43792498315767836
39,270.1,336.648271155596,13.847426414489746,21980,435.3565059144677,731.0759781619654,-0.740940847054592
39,275.7,334.39353958143766,85.0586929321289,30772,398.53831405173537,713.7655336019758,0.5912872386585519
39,281.3,336.9592268623025,89.61270904541016,21264,438.49224040632055,733.4389108352144,0.6764842652751293
39,287.0,340.80656517167284,46.042476654052734,21873,439.7414620765327,728.202258492205,-0.13863236066547152
39,292.6,339.5797746805005,89.1313705444336,22457,440.4211604399519,731.3593089014561,0.667479332473138
39,298.3,336.8643259843241,24.92278289794922,21817,440.8357244350736,734.2955035064399,-0.5337418785754251
39,303.9,338.2997204100652,89.20669555664062,21460,440.72735321528427,731.3403075489282,0.6688885209586992
39,309.5,336.07199474490915,81.27298736572266,22835,439.23345741186773,728.1950514560981,0.520463848955776
39,315.2,335.85192584305577,87.28240203857422,25028,428.38844494166534,726.0400751158702,0.632888629434669
40,100.0,382.85865925767615,64.13990020751953,14037,128.95782574624207,823.1513143834153,-0.5126791348470637
40,105.1,488.8683500674359,199.09487915039062,13346,42.82196912932714,749.5572456166642,0.5126791348470637
41,105.1,370.0044603033006,120.9057388305664,6726,38.50029735355338,43.548171275646745,0.0
42,105.1,390.2835605453087,96.26651763916016,18705,425.9331729484095,738.298529804865,0.06234538635024501
42,110.1,425.93087557603684,66.59972381591797,22785,415.39131007241605,735.6599517226246,-0.2650413553625846
42,115.1,387.39864715504666,53.721649169921875,22619,415.09978336796496,735.6309297493258,-0.4071568439120816
42,120.1,427.8272111913357,140.03054809570312,22160,415.1287454873646,737.2924638989169,0.5453016309904624
42,130.1,427.0119730185497,96.46640014648438,23720,412.3639544688027,735.2014333895447,0.06455118193395919
42,135.1,389.3986148695134,48.36914825439453,21803,421.8511214053112,734.1345227720956,-0.46622415820259927
42,140.1,425.91188437738407,90.84869384765625,23594,416.21238450453507,733.104645248792,0.002557204019429587
42,145.1,385.4746140804854,52.427066802978516,22414,416.7089319175515,732.6446863567413,-0.4214431569365927
42,150.1,423.78676593608833,67.71429443359375,23908,412.09323239083153,735.6817383302661,-0.2527415549492398
42,155.0,387.3742796058747,113.75190734863281,21516,427.0040435025098,734.1781464956312,0.255304719895702
42,160.1,425.21408091748964,139.7079315185547,25112,407.0203488372093,730.6935329722842,0.5417414083845256
42,165.1,385.12267726726446,40.83428955078125,21634,420.22094850697977,735.8101599334381,-0.549374796419187
42,170.1,426.8378857166399,72.74223327636719,24273,410.2854612120463,730.672310798006,-0.19725593270524241
42,175.0,393.3917032753156,57.58647918701172,17983,435.83439915475725,732.8267808485792,-0.3645066635755162
42,180.1,420.7973009656028,69.1579360961914,25787,407.5947182688952,732.8892465195642,-0.23681030390355176
42,185.4,338.39385448771833,20.24022102355957,21414,422.978985710283,732.5675726160456,-0.7766398333459512
42,191.0,336.75165833711947,36.1741828918457,22010,416.69631985461154,732.252885052249,-0.6008012209999216
42,196.7,337.26771369257153,41.79686737060547,22158,416.9321238378915,728.6120137196498,-0.5387523065756636
43,115.1,324.35797689376994,59.09396743774414,64831,249.2438802424766,94.19035646527125,0.21592337191449515
43,120.1,356.84930432269516,58.835205078125,48442,239.348189587548,71.3808884851988,0.21059905177701027
43,125.1,373.1297675125361,80.14729309082031,6581,36.903814010028874,45.39310135237806,0.649118701794339
43,145.1,374.95684499757556,0.0766017958521843,6187,34.75804105382253,45.17552933570389,-0.9984238338032487
43,150.1,409.6260934025204,44.84730911254883,6745,38.38576723498888,45.10778354336546,-0.07721729168259575
43,155.0,378.49718309859156,102.1043472290039,5680,32.25651408450704,46.60193661971831,1.1009092391810176
43,160.1,416.01409151193633,67.24453735351562,6032,32.7198275862069,46.27370689655172,0.38363031197483966
43,165.1,379.5809768637532,19.74917984008789,5446,31.796547925082628,46.49210429673155,-0.593638904529404
43,170.1,411.3147239263804,111.92314147949219,6520,39.41395705521472,43.951687116564415,1.3029417296508117
43,196.7,327.7278126031013,35.88496017456055,6062,35.659353348729795,41.99290663147476,-0.26162747792425606
43,207.9,324.4822016153156,12.227185249328613,6686,39.96260843553694,43.93822913550703,-0.7484122159668897
43,213.6,327.065125128055,72.79703521728516,6833,37.985657836967654,44.69105810039514,0.497879062190762
43,241.8,332.3542496679947,62.32477569580078,6024,33.10839973439575,47.62184594953519,0.28240080508538584
43,258.8,338.5986609633625,89.42967987060547,5377,30.042216849544356,46.09484842849172,0.8401140186104162
43,264.4,338.6151784218462,4.7127766609191895,5969,35.60194337409951,48.47260847713185,-0.9030294370628985
43,270.1,341.81992263056094,76.10628509521484,5170,29.427272727272726,49.02185686653772,0.5659705179610822
44,115.1,287.6347957243098,52.528560638427734,15249,972.865564955079,422.15568233982555,-0.07693279691491481
44,125.1,287.5522846840456,52.952449798583984,16917,975.5819589761778,412.48040432700833,-0.06948393144576902
44,140.1,303.12866026685987,62.879676818847656,16563,977.3626154682123,411.84525750166034,0.10496397972128158
44,145.1,287.46556312539917,53.6652717590332,18788,979.9465084096232,412.1459442197147,-0.05695774444706921
44,150.1,303.675476982321,62.50674057006836,17139,978.0647062255674,413.5584923274403,0.09841049308647146
44,170.1,305.6382136800452,63.84932327270508,17690,978.1435839457321,419.0863199547767,0.12200325948195259
44,180.1,305.0606805537586,63.08980941772461,15458,976.8438995989131,426.84998059257344,0.10865657110328208
44,202.3,264.37778971237617,41.46135330200195,16758,979.8762978875761,419.26811075307313,-0.27141320905329425
44,207.9,263.44366073003,41.06664276123047,17013,979.5730911655793,421.53894080996884,-0.27834932819438485
44,213.6,263.6334681496461,40.650272369384766,15824,980.8632457027301,422.99216380182,-0.2856660688089618
44,230.5,263.3058047155305,40.16897964477539,15608,978.5399154279856,428.96770886724755,-0.294123668327601
44,236.1,264.3094416672534,39.64731979370117,14203,979.9291698936844,425.743434485672,-0.3032906261471266
44,247.4,265.81760078662734,41.61452865600586,16272,977.3193215339234,437.44352261553587,-0.26872150869289035
44,253.1,265.7022919626861,40.33981704711914,16187,981.3080867362698,425.85117687032806,-0.29112159857264935
44,258.8,264.68084268556805,39.491329193115234,15237,980.0336680448908,430.4143860339962,-0.30603179791426405
44,264.4,265.6702379469291,35.422542572021484,16054,979.1049582658527,431.12345832814253,-0.37753125346065225
44,270.1,261.43535885450564,38.05337905883789,16901,980.9755635761197,425.8165197325602,-0.33130042497145
44,275.7,263.85016864903247,39.289493560791016,16899,979.1129652642168,434.2862891295343,-0.3095785894186962
44,281.3,260.9137245998411,37.2873420715332,17618,982.1360540356453,423.87348166647746,-0.34476174221938116
44,292.6,265.96297460397284,40.10149383544922,15908,983.1366607995977,429.87628865979383,-0.2953095743662498
44,298.3,265.055189116768,40.8961067199707,19406,980.7157064825312,426.41342883644234,-0.28134610222964546
44,303.9,264.0197030268418,39.91647720336914,17510,983.4871501998858,423.62227298686463,-0.29856081108438376
44,309.5,264.68998272884284,40.32124328613281,17370,982.0056994818652,430.78094415659183,-0.291447989195123
44,315.2,261.71729957805906,38.2314453125,15879,983.8589961584482,415.34101643680333,-0.3281713249783412
45,115.1,368.4004414097524,99.20355224609375,14499,240.87247396372163,430.4677563969929,0.0
46,125.1,310.77261373582974,36.6302604675293,46841,314.46444354304987,116.41262996093167,0.15431379488062952
46,130.1,352.36809542816786,70.2424545288086,65138,249.67882035064017,93.38888206576806,1.213520548693714
46,135.1,376.8417604569125,17.0347900390625,5953,33.56240550982698,44.26289265916345,-0.4631899177343939
46,140.1,360.79361498223057,34.43204116821289,50086,236.08964580920815,71.81737411651959,0.08504224646717896
46,145.1,360.27405211027695,0.3272765874862671,15851,142.4057788152167,56.370008201375306,-0.9896866723071288
46,155.0,362.2651432249759,55.13698959350586,15535,137.07100096556164,55.4384293530737,0.7375084665966721
46,160.1,395.45965391056257,26.10431480407715,16123,138.97022886559574,57.47491161694474,-0.17738584712047709
47,135.1,595.829460811562,248.83651733398438,8995,525.2940522512507,631.4305725403002,0.0
48,135.1,576.6987161870362,243.50418090820312,25471,576.6867417847749,749.0714930705508,-0.10841000916335386
48,140.1,644.2004846526656,297.5514221191406,49520,586.1793416801293,694.1414781906301,0.08948383855736272
48,145.1,576.4977749657281,255.72494506835938,47415,585.5813561109353,688.9039966255405,-0.06366370967505844
48,150.1,640.3447728939908,297.31103515625,50439,582.0585261404865,696.1958603461607,0.08860366225303183
48,155.0,570.9485430874148,271.4698486328125,50003,583.7792732436054,695.3454392736436,-0.006013781971982477
48,160.1,642.3971214715133,321.8509521484375,50234,581.2723056097464,696.2258430545049,0.178456511122369
48,165.1,568.8622226528437,247.84295654296875,51605,581.3859509737429,697.462862125763,-0.09252359228946341
48,170.1,646.3549138987682,303.4406433105469,49767,586.3725159242068,695.9110052846264,0.11104720822311943
48,175.0,570.2083077228116,250.2290802001953,50435,584.1312778824229,694.8342024387825,-0.08378680608009749
48,180.1,639.2578763360303,300.9102783203125,50055,587.0007192088702,692.8853860753171,0.10178228270914262
48,185.4,468.01143815769404,43.66794204711914,26228,573.3639621778252,754.8075339332012,-0.8401099319755682
48,191.0,459.61304881571346,172.52841186523438,55392,582.7828928365107,698.6456166955517,-0.36828762208409616
48,196.7,464.3388237078034,171.11976623535156,52759,583.3294603764286,702.5135806213158,-0.3734453747746455
48,202.3,466.68146565825685,175.18838500976562,51963,586.740449935531,696.5266632026635,-0.3585481366152516
48,207.9,459.1712991215904,172.15921020507812,54075,582.2346925566343,700.2774110032362,-0.36963945310222424
48,213.6,467.9221764957099,196.22662353515625,51514,589.2903288426447,698.5813953488372,-0.2815166752903906
48,219.2,465.35325714285716,195.1940155029297,52500,586.0022285714285,700.3980190476191,-0.2852975671935888
48,224.9,464.5097960663118,176.75997924804688,52419,586.9545012304699,702.4079818386463,-0.35279374797485147
48,230.5,464.66948009403785,176.9333038330078,51894,587.9028596754923,701.2648090337997,-0.35215912041100134
48,236.1,472.2407887391339,202.2111053466797,50156,591.7034053752293,699.1848233511445,-0.25960450908610794
48,241.8,473.4738564147738,201.01634216308594,47679,593.2702867090334,699.6500555800247,-0.2639791316980864
48,247.4,472.16608377165204,57.52568435668945,36313,571.6715225952138,733.8838432517281,-0.7893698408086565
48,253.1,469.53712612018467,195.9169464111328,51554,588.8913178414866,699.0841447802304,-0.282650557358208
48,258.8,469.27295397423813,198.5192413330078,50928,595.6607956330506,695.2864436066603,-0.2731222605671831
48,264.4,479.9522324424618,33.44819641113281,25331,586.1290513599937,752.8503809561407,-0.8775295068015828
48,275.7,455.6000647028164,187.80894470214844,55639,591.6659537374863,686.1662862380704,-0.31233798671755075
48,281.3,466.8095301884987,198.07208251953125,52255,597.3012726054923,695.4273658023155,-0.27475953152049126
48,287.0,465.37035646538095,177.6239776611328,50608,591.0787622510275,699.6541851090736,-0.34963021979914194
48,292.6,474.6288419402175,203.51141357421875,49747,600.2536434357851,707.2077311194645,-0.2548434335417278
48,298.3,463.5942880825892,28.972618103027344,26541,582.3407934893185,764.267246901021,-0.8939168263450479
48,303.9,463.61176869722556,197.31338500976562,53056,594.4505993667069,698.6967543727383,-0.2775375006841284
48,309.5,431.34126790463876,166.88763427734375,81962,603.2286791439935,721.4533320319173,-0.38894131607465193
48,315.2,461.64913378868494,143.81346130371094,54317,593.8299427435242,700.3352541561574,-0.4734273466364024
49,145.1,312.12594327348427,23.4368839263916,46116,309.4163847688438,115.19030271489288,-0.3838692776921912
49,150.1,350.17249008489296,32.5026741027832,61018,270.98810187157886,100.47948146448589,-0.14553930741054955
49,155.0,315.1409225560728,32.774906158447266,25993,326.47685915438774,78.38183357057669,-0.1383826165459094
49,170.1,360.02577050322134,47.94926834106445,40201,265.11168876396107,73.04950125618765,0.2605352072356107
49,175.0,338.63469921534437,53.53035354614258,47027,234.66699980862057,68.66370382971485,0.4072559944130398
49,180.1,370.23510024718485,70.06878662109375,43692,224.19383411150784,61.57868717385334,0.8420337894608934
49,185.4,292.14010199763936,17.087528228759766,44903,267.54268088991824,77.22695588268044,-0.550787078047292
49,191.0,292.40379346680714,16.84090232849121,42705,263.98054092026695,75.3963236155017,-0.55727061035259
49,196.7,291.9022175492258,31.834131240844727,41848,276.77662014911107,77.65264767730835,-0.16311458737155338
49,202.3,288.5564384778639,20.425214767456055,60783,267.2742049586233,95.96538505832223,-0.46304285298807735
49,207.9,280.31677094336555,13.428038597106934,49228,317.05405460307145,117.76218818558544,-0.6469911637572193
49,213.6,278.66219784684137,23.282962799072266,44307,325.43717696977905,120.69068093077843,-0.3879157002307652
49,219.2,277.74670437900903,24.1295108795166,39598,328.1002323349664,129.34431031870295,-0.3656608526191714
49,247.4,276.93539703903093,22.371896743774414,37150,328.84551816958276,134.59601615074024,-0.4118666567010786
49,253.1,280.19156183472035,8.443952560424805,25835,313.84501645055155,157.91120572866268,-0.7780174784955549
49,258.8,278.7740977827257,19.755666732788086,32337,317.04975724402385,147.0473451464267,-0.4806445578698092
49,264.4,280.4426784892718,10.867374420166016,23909,303.51261031410763,154.74189635702038,-0.7143082983166362
49,270.1,280.35679749715587,25.657752990722656,42192,326.47426052332196,121.94987201365188,-0.32548499482186877
49,275.7,279.34856471941345,24.21289825439453,41734,330.9579958786601,131.1652130157665,-0.3634686873263683
49,281.3,277.2882461966175,22.65742301940918,25898,323.89964476021316,161.2674723916905,-0.4043604749493907
49,287.0,280.36629374158815,12.194788932800293,23776,302.28158647375506,158.18779441453566,-0.679411984240077
49,292.6,282.3390395996346,26.427745819091797,25177,315.92834730110815,162.5874806370894,-0.30524270326959096
49,298.3,281.25747535532815,23.03887939453125,42707,326.54761514505816,121.15849860678577,-0.39433239303069234
49,303.9,282.3030417406749,26.50892448425293,45040,324.9277975133215,120.10914742451155,-0.3031086026033591
49,309.5,279.7599370326643,9.022259712219238,22869,318.3860247496611,157.1773579955398,-0.7628143992692401
49,315.2,282.23033804022253,26.996597290039062,23370,309.73940949935815,161.50800171159605,-0.29028820382412823
50,155.0,313.81859324910425,29.129228591918945,21212,285.4302753158589,160.78205732604187,0.16693180970211546
50,160.1,342.6271832654954,16.99142837524414,19409,275.5873563810603,152.10927920037096,-0.31931468075855
50,165.1,316.09745387156556,16.199695587158203,49644,313.5855491096608,115.29278462654098,-0.35103190156603586
50,170.1,341.31616223377154,31.02838134765625,19626,278.34948537654134,151.55293997758076,0.24301284134220866
50,175.0,316.2760628419415,31.462451934814453,19923,280.315866084425,156.0211815489635,0.2604019312802616
50,180.1,332.89985052316894,29.686656951904297,23415,298.0945974802477,158.3041212897715,0.1892626751709472
50,185.4,283.7122368964094,23.332338333129883,19384,272.08089145687165,153.5208935204292,-0.06529458170359169
50,191.0,282.53566568382854,22.30354118347168,17636,273.3958380585167,146.12111589929688,-0.1065087221975174
50,196.7,281.07409675443967,24.290782928466797,21229,280.7814310612841,154.25093033115078,-0.026898800551803995
50,230.5,276.091186638531,6.593912124633789,22273,305.60822520540563,157.9441925200916,-0.7358445046241189
50,236.1,278.6646963270463,17.598358154296875,22162,293.7830069488313,157.1227777276419,-0.29500076310030504
51,155.0,427.4605042016807,158.13482666015625,3570,353.56974789915967,368.6434173669468,0.0
52,180.1,581.9704833265506,280.830810546875,41773,246.83453426854666,287.64795442031937,0.6369849360080351
52,185.4,409.26386516342103,130.91224670410156,43905,248.61680901947386,291.73930076301104,-0.23690219254695494
52,191.0,409.4940856372063,139.39291381835938,43369,250.38541354423666,289.33314118379485,-0.18746771530315004
52,196.7,405.0522394342482,153.20445251464844,47512,260.1537506314194,295.3046177807712,-0.10695916730982574
52,202.3,408.58660631931184,153.42803955078125,46619,257.0832493189472,295.8754370535618,-0.1056558608481047
52,207.9,409.70004198616664,154.91873168945312,45253,264.2119859456832,297.8902835171149,-0.09696649884227826
52,213.6,407.9167752825794,154.1129150390625,46801,264.7015875729151,295.01916625713125,-0.10166366762979535
52,219.2,412.11233668176743,157.11863708496094,45693,263.87731162322456,296.29735408049373,-0.08414307684639298
52,224.9,405.9316953731847,145.21546936035156,47376,267.2149611617697,295.79688027693345,-0.1535275799855533
52,230.5,406.67026560592666,151.49285888671875,47514,266.5964978743107,296.37243759733974,-0.11693618151290432
52,236.1,410.902540913006,155.08499145507812,46440,271.5826873385013,298.11115417743326,-0.0959973575601577
52,241.8,407.01350054386074,144.36114501953125,46887,270.8536481327447,297.6581141894342,-0.15850750392504004
52,247.4,409.08922475793815,153.4613037109375,46579,272.954228300307,296.59131797591186,-0.105461961435933
52,253.1,414.16795954227916,154.47311401367188,46666,274.20903870055287,294.7785539793426,-0.09956403940790312
52,258.8,410.878405661811,153.7137451171875,46063,275.243101838786,295.95883898139505,-0.1039904605758557
52,264.4,412.9816348893272,154.1449737548828,45630,271.7493754109139,296.7996931843086,-0.10147679484769777
52,270.1,413.53574027921746,156.0816192626953,45341,274.2786219977504,294.03795681612667,-0.09018793549318783
52,275.7,414.5380017644464,156.62210083007812,45340,271.8545875606528,296.34777238641374,-0.08703742582413572
52,281.3,409.40653224112583,154.56756591796875,47610,275.18914093677796,297.0108380592313,-0.09901347181095689
52,287.0,415.6685063200997,153.9768524169922,44936,278.0616877336657,293.9814180167349,-0.10245678738132517
52,292.6,411.80650959748345,156.6216278076172,46731,279.1784468554065,299.3608739380711,-0.08704018310935467
52,298.3,413.1992276138942,156.12088012695312,45832,284.1192398324315,295.44183103508465,-0.08995908082001455
52,303.9,409.9494674051981,155.65267944335938,46940,282.5590328078398,296.57518108223263,-0.0926882595186734
52,309.5,411.72836438923395,154.2838134765625,45885,283.0419527078566,295.0264356543533,-0.10066748716359214
52,315.2,413.4834176134498,157.67259216308594,45681,284.7597250498019,296.5418883124275,-0.08091402902094287
53,180.1,377.21848994715424,55.370582580566406,16463,493.37089230395435,1005.8893883253356,0.8939769692403882
53,213.6,295.0094657676349,23.409523010253906,15424,491.56502852697093,990.92809906639,-0.19926619197456383
53,258.8,294.49703304113285,24.663557052612305,14830,497.0202966958867,994.847741065408,-0.1563713643571309
53,264.4,292.723596737715,22.470613479614258,14591,497.0826536906312,992.6128435336851,-0.23138203660459528
53,270.1,292.7048076323502,20.26116180419922,16037,494.7332418781568,993.9970069214941,-0.306957376304098
53,275.7,291.2540250447227,20.562156677246094,15093,498.0277612138077,986.3199496455311,-0.29666170429124294
53,281.3,292.30595833597164,21.23912811279297,15793,489.4682454251884,990.7477363388844,-0.27350557610903037
53,298.3,290.2288321531864,18.507661819458008,20054,487.4176722848309,982.7231475017453,-0.36693667274424124
53,303.9,291.24495712042517,20.130815505981445,16558,491.0491001328663,981.8797560091798,-0.31141593309264165
53,315.2,291.318652692797,21.167394638061523,16507,490.5729690434361,983.0083600896589,-0.2759592535444675
54,185.4,361.07209728790656,48.039791107177734,10361,52.163690763439824,128.77646945275552,0.0
55,213.6,311.38861798654403,37.218650817871094,16201,158.0965989753719,48.93179433368311,0.25919127148615817
55,219.2,310.6493304413429,17.52829933166504,21208,175.74448321388155,44.43823085628065,-0.4069779253838153
55,258.8,302.79707612765196,32.857025146484375,28045,214.4794080941344,43.89466928151185,0.11162759429173967
55,264.4,309.0001428979709,13.542121887207031,20994,184.36434219300753,41.98709154996666,-0.5418393385290333
55,270.1,312.0783875830495,46.64181900024414,17911,155.01468371391883,43.235274412372284,0.577998398134951
55,275.7,311.3751509164746,21.637319564819336,18222,180.44149928657666,41.66073976511909,-0.2679604624116348
55,281.3,304.2470611478811,50.09323501586914,40492,220.92092265138794,56.22038921268399,0.694767620705903
55,287.0,336.84423047057,4.468616008758545,6439,42.81037428172076,45.90976859760833,-0.8488165973187223
55,292.6,344.2469985875706,78.0481185913086,5664,33.22987288135593,46.11829096045198,1.6405446604448892
55,298.3,343.27152203856747,81.6379165649414,5808,34.822141873278234,47.0590564738292,1.7619956581427068
55,303.9,347.68400079697153,7.520940780639648,5019,32.20522016337916,43.84259812711696,-0.7455495356162016
56,213.6,308.61160981448234,62.95985412597656,20052,474.9319269898265,571.3263016157989,0.06781059216632691
56,236.1,316.1482156589103,67.73784637451172,35111,402.4404032924155,636.1391301871208,0.14884621086496394
56,241.8,310.0565425691187,64.2703628540039,20038,484.0590378281266,565.6994210999102,0.09003705886229485
56,247.4,313.8280897037158,43.26408767700195,30545,406.08796857096087,635.2890489441808,-0.2662331937828521
56,253.1,319.8757158962796,56.57600402832031,22175,453.24248027057496,589.4192559188275,-0.040460668110733816
56,258.8,318.0704287446269,69.67367553710938,27219,431.3397626657849,608.6819501083802,0.18167822601401723
56,264.4,320.3468942971304,28.54378318786621,30283,441.608922497771,597.0266486147343,-0.515892238766684
56,270.1,314.32932973826837,37.625572204589844,36717,389.9033690116295,641.5441348694065,-0.36186344307612717
56,275.7,317.56274119258063,70.4072265625,16066,459.24075687787877,589.2415660400846,0.19411938499826908
56,281.3,318.2792393947091,71.20016479492188,27557,431.9253184308887,609.8017200711253,0.20756776182931355
56,292.6,319.909987247675,69.68470764160156,32151,428.0532487325433,622.0232341140245,0.18186533251536127
56,298.3,318.60968063162386,25.68167495727539,28118,447.190731915499,597.6445693150296,-0.5644341156019792
56,303.9,320.41860371104013,72.54985809326172,24737,439.65480858632816,603.2047540122085,0.2304588059740388
56,309.5,312.3477653197503,44.12755584716797,32197,407.26275739975773,637.0707208746156,-0.2515886163628207
56,315.2,316.44638810840206,68.26670837402344,22066,452.1581165594127,585.7827426810478,0.15781580669253553
57,213.6,304.7491998689549,60.07314682006836,39681,232.73944709054712,671.4555832766312,0.11392855853956445
57,219.2,307.15894415058045,60.893898010253906,58228,310.9214810743972,645.0577213711616,0.12914764125120284
57,224.9,304.1093348629573,52.93388366699219,40097,236.5117589844627,670.4545477217747,-0.018453870783816162
57,230.5,300.488465711186,43.49285888671875,35026,219.4145777422486,669.0969279963456,-0.19351756698281497
57,236.1,301.3754367801217,52.25163269042969,23181,199.00573745740047,640.9270091885596,-0.031104762024136423
57,241.8,301.03057079961553,57.820838928222656,32253,222.7340092394506,666.4791182215608,0.07216430585498843
57,247.4,301.00613214778474,57.154014587402344,26092,203.28924574582248,644.8497623792733,0.05979946871745855
57,253.1,304.1448483653873,50.247825622558594,35513,226.52321685016756,667.3082251569848,-0.06826109620770499
57,258.8,301.7021716299082,56.00461196899414,29517,220.27079310228004,661.1182708269811,0.03848624526106173
57,264.4,296.7773424030595,53.305999755859375,31901,217.3239083414313,663.769599699069,-0.011553770482382762
57,270.1,297.05783336866654,55.368316650390625,23585,192.99804960780156,644.5823192707229,0.026687503817060906
57,275.7,299.328077760801,56.99939727783203,30761,216.68752641331557,666.3726146744254,0.05693242002945163
57,281.3,301.0246886261617,59.404640197753906,31634,222.69735095150787,663.7796990579756,0.1015325270748015
57,287.0,301.5862252528581,44.53144454956055,39449,231.58774620395954,667.6280260589622,-0.17425920793939065
57,292.6,302.39502226691565,58.72003936767578,27844,209.85436718862232,645.8938370923718,0.08883806280596519
57,298.3,298.63319965625897,57.78096008300781,34910,235.41168719564595,681.0747063878545,0.07142483760806194
57,303.9,298.5460668481464,58.02618408203125,35633,227.59966884629418,664.6337383885724,0.07597199436962901
57,315.2,301.0320450690574,59.517234802246094,33016,226.94620789920037,662.7015386479283,0.10362035420090462
58,213.6,489.5789387487717,225.9134063720703,6106,30.98214870619063,699.6659023910908,0.22735838834996688
58,241.8,434.8546620358002,170.97508239746094,11229,36.4593463353816,743.354172232612,-0.0711144373887236
58,258.8,450.4851635260992,187.4251251220703,9234,29.87708468702621,730.4550573965779,0.01825652226788209
58,264.4,434.9177267319484,173.52252197265625,10927,35.973094170403584,741.621396540679,-0.05727452685999108
58,270.1,428.1008643042351,162.48757934570312,11570,37.20155574762316,739.8348314606742,-0.1172259463691343
58,275.7,473.49270434905793,209.73863220214844,7059,31.40940643150588,714.1299050857062,0.1394829272344626
58,281.3,432.9952021323856,173.5897216796875,11255,36.4207019102621,739.2891159484674,-0.056909439522130185
58,287.0,470.07905780425074,206.00909423828125,7387,32.664410450791934,716.9987816434276,0.11922082868027974
58,292.6,434.4409695817491,172.26438903808594,10520,33.11768060836502,739.285741444867,-0.06410980076295296
58,298.3,437.87790221251026,175.48431396484375,10983,35.638623326959845,737.0904124556132,-0.04661636408658074
58,303.9,443.2197325623419,183.08248901367188,11068,36.13362847849657,734.7182869533791,-0.00533645940057202
58,309.5,452.4524586711593,121.06446838378906,9497,32.37222280720228,728.8910182162788,-0.3422723636097455
58,315.2,442.67977736549165,184.07962036132812,10780,34.112615955473096,732.4531539888683,8.082655640653254e-05
59,236.1,299.6607572440996,38.76620101928711,46141,239.17611235127112,67.71320517544049,0.1204296181209867
59,241.8,310.1705189270494,31.351573944091797,19945,170.72133366758587,44.50478816746052,-0.09386963132668034
59,247.4,312.74765779935717,48.90400695800781,29246,158.26642959720988,44.050058127607194,0.41343480660603543
59,287.0,310.6507956961536,7.358667373657227,15521,163.02712454094453,43.99001353005605,-0.7873181106592283
59,292.6,312.2657499200512,46.6165885925293,15635,149.09593859929646,46.67751838823153,0.34732331725888677
59,298.3,310.86685649202735,43.80192184448242,17560,162.3120159453303,43.741571753986335,0.26597317443516794
59,303.9,310.66599292572005,6.020124435424805,15832,149.47416624557857,45.07788024254674,-0.8260049851449727
59,315.2,319.179103813465,61.87467575073242,22473,128.96974146753882,45.198415876829976,0.7883160459355188
60,236.1,363.5765630044119,106.0204849243164,9293,51.950285160873776,126.24878941138492,0.0
61,253.1,325.1622663897953,45.54728317260742,3371,966.08335805399,1176.3102936814003,0.0
62,287.0,282.73102589641434,18.462387084960938,20080,347.26748007968126,77.3972609561753,-0.31666359537184624
62,292.6,285.8349731663685,30.37337303161621,20124,331.39857881136953,67.11021665672828,0.12419003178419508
62,315.2,280.56536869826937,32.218257904052734,21264,349.1903216704289,75.60143905191873,0.192473563587651
63,309.5,359.1157151040672,43.82261657714844,10474,57.494271529501624,123.00477372541532,0.0
64,309.5,440.046907924874,160.90313720703125,10915,558.2590013742556,1085.1537333944113,-0.08281950242386472
64,315.2,466.081727337616,189.96157836914062,19614,557.4265830529214,1124.2784745589884,0.08281950242386472
