cell_id,time_seconds,mean_intensity,mean_intensity_sub,area,centroid_x,centroid_y,dF_F0
0,0.1,244.39530314618003,26.756349563598633,75838,147.7788575648092,135.79792452332603,-0.030943983098509147
0,5.1,244.80842993149744,27.501659393310547,80143,146.39224885517137,145.44882272937124,-0.003950503542510392
0,10.1,246.5397676836846,28.579059600830078,78858,146.9565548200563,141.54109919095083,0.03507055765367523
0,15.1,246.8574083203762,28.744718551635742,79107,148.68062244807666,140.43683871212409,0.041070359781025884
0,20.1,247.9586763939552,26.471891403198242,76760,143.28585200625326,136.019541427827,-0.0412464307936817
0,25.1,248.45313704231054,29.198835372924805,76553,143.98619257246614,139.30799576763812,0.05751747028839653
0,30.0,246.7209695260554,29.06601333618164,82267,149.40290760572282,142.54111612189578,0.052706948824056576
0,35.1,249.67921773142112,30.181665420532227,76700,144.05371577574968,132.11792698826596,0.09311340870150844
0,40.0,249.3167129951355,28.574750900268555,80584,149.05343492504716,143.0104487243125,0.03491450601463357
0,45.1,250.2637020412795,26.84117317199707,79313,145.40186350283057,143.66328344659766,-0.027871858932302585
0,50.1,247.79145586021372,28.27079200744629,81038,150.50392408499715,141.0753967274612,0.023905784765870082
0,55.1,249.55310078956148,29.96300506591797,80931,147.01687857557673,143.55040713694382,0.08519401253002783
0,60.1,249.59449545741631,31.496091842651367,82332,145.6230627216635,146.6282368945246,0.1407190370440893
0,65.1,252.4300372110047,29.257049560546875,81965,150.0912218629903,142.5588726895626,0.059625859874580876
0,70.0,254.2896510955148,31.648208618164062,79506,146.03024928936182,143.9076421905265,0.1462283714258907
0,75.1,252.7826352759167,33.39529037475586,80151,147.3785978964704,141.22713378498085,0.20950382251909289
0,80.1,254.4754961623488,33.78651428222656,80518,144.74835440522617,145.87872277006383,0.2236730902881901
0,85.1,253.30809016424016,32.51072692871094,80431,148.25706506197858,140.5097910009822,0.17746688385960036
0,90.1,254.54826289058047,32.053001403808594,78953,145.38792699454106,143.76007244816537,0.16088907406003547
0,95.1,254.9786015143158,31.524478912353516,79772,144.1549917264203,146.0749636463922,0.14174715415071037
0,100.1,253.92042944406737,34.1093864440918,81035,146.6966002344666,144.4418954772629,0.23536680846158267
0,105.1,254.98738194277624,32.61338424682617,79093,144.48394927490423,144.4961248150911,0.18118490569072038
0,110.0,254.953033637221,33.03742980957031,79525,145.76792203709525,142.26894687205282,0.196542901483115
0,115.0,253.59570581316783,32.199581146240234,79922,146.09188959235254,141.8209629388654,0.16619786930587496
0,120.0,254.74855387511923,30.618947982788086,80733,147.0530018703628,144.91500377788512,0.10895081944518645
0,125.1,253.56642730022028,31.884279251098633,80351,146.62060210825004,142.95325509327824,0.15477832951024084
0,130.1,253.3966468849977,32.69091796875,81894,146.49366253938018,147.23021222555988,0.18399300623390027
0,135.1,253.84980878002895,32.13234329223633,80797,144.88039159869797,146.19494535688207,0.1637626624092408
0,140.0,253.4815123987233,32.751014709472656,81460,147.12792781733367,145.18741713724526,0.1861695777447124
0,145.0,252.71000749302902,31.141101837158203,81409,149.5751698215185,141.87183235268827,0.12786208135417507
0,150.1,255.23747900819916,32.684852600097656,80984,146.3623061345451,147.94043267805986,0.18377333194786555
0,155.1,252.15004854024104,31.917892456054688,84466,152.404908483887,145.1080079558639,0.15599572571866543
0,160.1,252.63424521145458,29.173431396484375,84368,149.5912905366964,147.97117390479804,0.056597394245724617
0,165.1,252.66029970707143,33.0377082824707,82614,149.87755102040816,145.21048490570607,0.19655298715788266
0,170.1,253.33197707806409,32.050392150878906,81843,146.86876092029863,146.2278264481996,0.16079457266906202
0,175.0,253.49371595885907,32.41252517700195,80601,147.412649967122,144.415156139502,0.17391023282476245
0,180.1,253.4718390942455,31.70258331298828,83378,149.61143227230204,146.97757202139653,0.1481977030442172
0,185.5,247.67899014601164,30.514774322509766,83418,150.0794552734422,144.99373036994413,0.10517787904255775
0,191.1,248.32231629689142,26.577646255493164,80905,146.49926456955689,146.2718002595637,-0.03741622310076281
0,196.8,248.04195711585461,30.826601028442383,83061,147.41763282406905,146.00849977727214,0.11647155514348893
0,202.5,247.43959881578152,26.495590209960938,82755,149.2825206936137,144.7401244637786,-0.0403881122389705
0,208.1,247.66252073958248,30.067523956298828,83777,148.74066867994796,146.1922365326999,0.08897945640616982
0,213.8,247.27683249997003,32.054317474365234,83397,147.20064270897035,145.81395014209144,0.16093673923530716
0,219.4,248.24418051096762,28.959169387817383,81923,147.68632740500226,144.64277431246416,0.04883729647160126
0,225.1,249.29207483385196,27.877870559692383,78093,145.36515436722883,142.06268167441385,0.009675035828668787
0,230.7,247.96825338298734,28.11859893798828,81363,148.36584196747907,143.45513316863932,0.018393687185502213
0,236.4,248.63899719373185,28.86934471130371,80534,145.40329550252068,145.34717013932004,0.04558404463936229
0,242.0,247.72192617465996,26.61575698852539,82194,146.4794632211597,146.2634863858676,-0.03603593633684454
0,247.6,248.29616572248293,28.244853973388672,82258,146.69454642709525,147.4490748620195,0.02296636633323285
0,253.3,247.61345345063904,26.71916961669922,85361,145.77046894952028,152.1053291315706,-0.032290558839916425
0,258.9,246.64157828045805,28.665359497070312,85232,148.24385207433826,150.19193495400788,0.03819614971214307
0,264.6,247.42451921948012,28.908905029296875,85174,149.2866602484326,149.68570220959447,0.04701683217604358
0,270.2,247.59826874829074,27.38211441040039,84101,147.93695675437866,147.77242838967433,-0.008280159376319582
0,275.9,247.16688172552176,28.891340255737305,84473,147.73434115042676,148.05123530595574,0.046380674786076936
0,281.5,247.44014977654305,27.19145965576172,82790,148.06683174296413,145.4769175021138,-0.015185254434011508
0,287.2,247.15306038678503,30.37179183959961,85267,149.01379197110253,150.06506620380688,0.09999936860912753
0,292.8,247.52139949259544,36.355018615722656,84745,146.23504631541684,148.28498436485927,0.31669865690727034
0,298.5,246.78100298507462,30.415803909301758,83750,148.1603223880597,145.85509253731342,0.10159338878216262
0,304.2,246.86132161260988,26.777236938476562,85774,146.09223074591367,152.54743861776296,-0.030187488410972536
0,309.8,248.36093271533593,27.147241592407227,83927,148.15696974751867,148.59338472720341,-0.016786735243176074
0,315.4,247.38496251288063,26.20563507080078,84429,147.7338236861742,149.12173542266282,-0.05088964839085756
1,0.1,235.83557335627117,17.323341369628906,74404,962.9467098543089,80.97560615020697,0.3349144719415078
1,5.1,237.3793103448276,8.630892753601074,87,1155.7701149425288,119.57471264367815,-0.3349144719415078
2,0.1,266.1656944272062,42.744991302490234,56399,654.6745686980265,140.73825777052784,0.0022178702185027457
2,5.1,267.05407145716225,43.07469940185547,57461,656.3021527644837,139.2669636797132,0.009948351359584764
2,10.1,267.1490986459072,41.81003189086914,60631,659.0537843677326,142.78123402219987,-0.019703599448542136
2,15.1,268.8974464721449,43.09568786621094,58194,656.1941437261573,143.0558304979895,0.010440456127992319
2,20.1,270.4576882102273,42.526580810546875,56320,658.0104936079546,140.58991477272727,-0.0029030782575376907
2,25.1,268.88594101622647,42.50106430053711,59101,656.1420280536709,142.5666909189354,-0.003501349576308706
2,30.0,267.259325420855,42.17280578613281,33028,623.6730047232651,87.72577812764926,-0.01119784311070318
2,35.1,270.5587736789631,42.233558654785156,60180,658.3155034895314,143.88188767032236,-0.00977340462621414
2,40.0,269.8110203744948,42.2925910949707,60615,655.3080260661552,141.78051637383487,-0.008389304064399002
2,45.1,271.64631289468326,42.303245544433594,58908,657.7755822638691,141.34934134582738,-0.008139495155245549
2,50.1,269.6250470616422,42.2584114074707,58434,655.4308450559606,141.2607899510559,-0.009190696053663211
2,55.1,272.003408749713,43.231380462646484,56619,653.2395132376057,138.4502728765962,0.013621964437157184
2,60.1,272.75233171667645,43.40119171142578,56289,653.1188509300218,141.2783137024996,0.017603433678462573
2,65.1,283.61452600976014,52.87790298461914,57786,654.7213511923303,142.35101927802583,0.23979857513219838
2,70.0,291.49734582757264,59.49208068847656,58587,657.3684093740932,142.23559834092887,0.3948774952493376
2,75.1,283.3308120815659,53.382144927978516,58701,656.6029028466295,141.610432530962,0.25162125355953097
2,80.1,293.1049614717946,60.785945892333984,58269,654.0006693095814,142.16566270229453,0.4252140280090078
2,85.1,285.1065377404347,54.64164733886719,57604,655.7548954933685,141.4513922644261,0.281152101158566
2,90.1,293.747915763931,61.3077507019043,57695,655.6678741658723,143.51732385821995,0.43744849312368106
2,95.1,286.1014921337682,55.22429275512695,59177,656.1967487368403,142.63195160281867,0.2948130619023436
2,100.1,294.6723882547704,62.142677307128906,57385,657.1882024919404,145.97225755859546,0.4570245496060747
2,105.1,286.9011199834076,55.64793014526367,57858,655.7428359086039,143.74684572574233,0.3047458505157083
2,110.0,293.24241768485535,61.747127532958984,60074,655.9838199553883,140.86528281785797,0.4477503155928163
2,115.0,285.731573713573,55.532249450683594,59331,657.9465540779694,143.4631137179552,0.302033550060972
2,120.0,296.16931262483644,63.088134765625,58076,655.8289138370411,146.14102210896067,0.4791921610983936
2,125.1,286.5536786215526,55.860496520996094,59139,657.479294543364,144.60604677116623,0.3097297752721558
2,130.1,296.2558466925933,64.22706604003906,56827,655.6401534481848,144.785647667482,0.5058960447906569
2,135.1,288.75980600396485,57.06186294555664,56496,655.6835705182668,144.25456669498726,0.3378975409608797
2,140.0,296.04232389707164,63.96876525878906,57438,656.068578293116,146.30659145513422,0.4998398110432174
2,145.0,286.98529437058187,56.378562927246094,58141,655.3089730138801,145.83655251887652,0.3218765881380033
2,150.1,298.75302181344045,63.76637649536133,56754,657.0182542199668,142.80662155971385,0.4950945150621445
2,155.1,285.9910076477015,56.385074615478516,59495,655.1892596016472,139.5525002101017,0.3220292640448865
2,160.1,296.8578909574934,60.35716247558594,57097,657.0106660595128,147.07545054906564,0.4151605833919023
2,165.1,286.7479010126024,56.59306716918945,58957,654.7857082280306,141.6639415166986,0.3269059489581278
2,170.1,294.7486024168982,62.425270080566406,59746,656.9945435677703,147.68083218960265,0.4636503440887413
2,175.0,286.8332292949572,55.38405227661133,59273,656.2375280481838,146.5556155416463,0.29855885392359194
2,180.1,295.2172500962617,63.17128372192383,59733,654.3750188338105,143.3909899050776,0.4811417081062052
2,185.5,261.0368863978308,34.789756774902344,60483,657.3380950019014,144.6927401087909,-0.1843040581381267
2,191.1,260.82913042746833,36.38166046142578,59443,653.3843682182932,136.37101088437663,-0.14697958400242708
2,196.8,261.49793702138896,36.460838317871094,60592,654.232423422234,143.10286836546078,-0.1451231451487253
2,202.5,261.033536948495,36.179161071777344,58771,653.0029946742441,143.22152081809057,-0.1517274737745366
2,208.1,261.82394243804094,36.923805236816406,57538,652.5118530362543,135.40430671903786,-0.1342682191012854
2,213.8,261.442202606137,35.98031997680664,59475,655.6979066834805,140.012711223203,-0.15638958956029517
2,219.4,260.9344582299421,36.356414794921875,60450,653.2936641852771,142.70992555831265,-0.14757150500521174
2,225.1,262.3157894736842,35.747154235839844,57342,656.7171357818004,145.29906525757735,-0.16185649609598673
2,230.7,261.7302783919773,36.423095703125,57437,655.1213503490782,143.2323589323955,-0.14600807509758468
2,236.4,260.5075504872077,35.05790710449219,60857,657.2933927074946,144.4778086333536,-0.17801688754735234
2,242.0,260.84390366281986,36.412410736083984,59790,656.0176618163573,144.3014216424151,-0.1462585995353
2,247.6,261.16086717068043,35.719181060791016,59919,654.5841052086984,141.9408701747359,-0.16251236746398612
2,253.3,263.0748687514266,36.93521499633789,56953,654.9249205485224,147.23226168946323,-0.13400070086022633
2,258.9,260.6197614933767,36.28579330444336,59034,651.4617339160484,142.46312294609885,-0.14922732753838677
2,264.6,261.6353535876335,36.90574645996094,57963,649.1250797922813,139.69511584976624,-0.134691633127756
2,270.2,261.1069312249249,36.78192138671875,59571,649.7202497859697,140.03756861560154,-0.13759489026743416
2,275.9,262.45467786308956,37.527587890625,55613,650.1197202093036,147.98800640138097,-0.12011166538736122
2,281.5,261.7246745054059,36.67026901245117,57067,650.2940753850737,145.37517304221353,-0.14021274095200717
2,287.2,261.26613590644075,36.47854995727539,58658,650.7671417368475,144.28828122336253,-0.14470787025964563
2,292.8,263.45409299042586,37.38374328613281,55253,649.8701427976762,144.76039310082712,-0.12348430926360841
2,298.5,260.03588044315023,36.8922004699707,59754,650.7285704722697,143.65411520567662,-0.1350092383681441
2,304.2,261.32458908952935,37.23534393310547,57981,651.5965057518843,142.85488349631777,-0.1269637457777107
2,309.8,262.8682550559626,37.51355743408203,56913,651.0897158821359,143.36431043873984,-0.12044062964366857
2,315.4,261.02442958033413,36.76213455200195,58904,650.8325920141247,146.19640431889175,-0.13805882109871914
3,0.1,259.2502926633236,38.885807037353516,57233,1084.5035556409764,288.4563625880174,-0.15817266252190126
3,5.1,258.48994008906544,57.54804229736328,62426,1085.295325665588,281.5405920610002,0.24584054993972004
3,10.1,261.3945707177552,43.85171127319336,59087,1086.1699189330986,290.12882698393895,-0.050667270207102086
3,15.1,259.81001076426264,52.428871154785156,65030,1080.6368599108105,290.8806243272336,0.1350171276840982
3,20.1,261.89530839895014,38.246273040771484,60960,1085.6157644356956,295.85374015748033,-0.17201774489481475
3,25.1,260.5204725857366,57.293453216552734,65258,1078.481565478562,296.6600263569218,0.24032902621478194
3,30.0,259.46659059418045,203.4939422607422,61345,1082.2231314695575,280.12586192843753,3.4053801800159658
3,35.1,262.8453743979468,78.6448974609375,60003,1082.2893855307234,288.23002183224173,0.7025601287426669
3,40.0,261.4679076791753,42.16071701049805,60918,1080.9265405955546,281.8335139039364,-0.08727510494968835
3,45.1,262.4062327185192,37.36878967285156,61482,1083.8945870336033,284.7733320321395,-0.19101412284288619
3,50.1,261.320085822743,63.697235107421875,60590,1085.0413104472684,293.9031853441162,0.37896260668290443
3,55.1,264.25108569648944,52.70744323730469,57797,1090.7261276536844,294.7296918525183,0.1410478523209272
3,60.1,262.00994900743837,31.322200775146484,64127,1084.4908384923667,285.4313939526253,-0.32191493782893216
3,65.1,265.81919462570994,42.47132110595703,78001,1092.4311354982628,249.78022076640042,-0.08055092873704454
3,70.0,270.99575907163216,55.036102294921875,73333,1085.2927604216384,269.3438833812881,0.19146030364243516
3,75.1,275.5585294951787,126.091796875,56416,1091.6081785309132,283.59258011911515,1.7297240234501423
3,80.1,272.3443328550933,41.32788848876953,71094,1093.835232227755,259.5021380144597,-0.10530476333762065
3,85.1,269.0706039318194,64.87548828125,73452,1093.820168273158,257.4160267930077,0.4044702612172709
3,90.1,267.17927389307687,181.48573303222656,80787,1090.269436914355,235.62646217832076,2.9289309665611656
3,95.1,266.6181670958664,170.57960510253906,75334,1092.4268059574695,230.21732551039372,2.6928274281049607
3,100.1,277.23203360278967,59.4992561340332,63090,1084.7857029640197,279.5795054683785,0.2880818012887381
3,105.1,269.27714362238066,27.92466163635254,78407,1089.1238282296224,253.1496422513296,-0.3954672579451407
3,110.0,280.13983324715616,29.41762351989746,61888,1085.950830532575,288.46710186142707,-0.3631465676178545
3,115.0,267.1462721661605,70.40702819824219,81656,1087.3637822082885,249.3371093367297,0.5242209331270051
3,120.0,274.2072333537981,75.69658660888672,71668,1093.2758971926103,255.74796282859853,0.6387330189631135
3,125.1,269.40018388389046,50.83967208862305,76135,1097.9315295199317,244.28084323898338,0.10061302704900492
3,130.1,272.08353153838834,72.38386535644531,73577,1096.4197643285265,247.57626703997173,0.5670168961867232
3,135.1,273.92955413632563,55.33068084716797,67016,1094.5021785842187,262.20732362420915,0.19783754760903896
3,140.0,278.9543636334192,71.75667572021484,61749,1091.6644156180666,274.4502097199955,0.5534390532206619
3,150.1,277.2949135554999,68.57025146484375,63856,1102.724050989727,246.69404597845153,0.4844570967860696
3,155.1,276.62041809120444,63.945960998535156,58791,1098.0433739858142,264.72482182647,0.3843471999479131
3,160.1,278.46461219772135,74.56558990478516,66619,1088.1475855236495,278.7813836893379,0.6142484057674625
3,165.1,275.2746973777902,159.3131103515625,64602,1076.984396767902,287.56106622086,2.4489224149001463
3,170.1,280.2238026675949,45.98784255981445,63203,1085.7014856889705,288.4449946996187,-0.004422795666750976
3,175.0,271.45249416200096,86.95550537109375,71086,1092.9742143319359,255.88522353205977,0.8824740218273814
3,180.1,275.2835569281333,77.50025939941406,70589,1093.2768278343651,256.6307640000567,0.6777801978341287
3,185.5,255.76563570938998,62.282814025878906,70032,1098.7898389307745,252.95403529814942,0.34834222295255185
3,191.1,258.3620308018456,30.70163917541504,64152,1089.6605405910962,274.120417134306,-0.33534929239282874
3,196.8,257.2056114677789,98.47734832763672,70249,1087.5026548420617,270.46288203390793,1.1319069928244898
3,202.5,258.97736187910584,24.609676361083984,63477,1084.5629440584778,285.98805866691873,-0.46723239388221277
3,208.1,261.0414830360266,55.02344512939453,57180,1087.040013990906,289.0173837005946,0.19118629240883345
3,213.8,259.9617689107352,34.900360107421875,62253,1085.8452925963406,291.1347244309511,-0.2444524245559453
3,219.4,259.90771085122327,25.529720306396484,61394,1089.3486171287097,282.8478190051145,-0.44731463457992365
3,225.1,256.5673845688808,21.813209533691406,66165,1098.309242046399,257.9176603944684,-0.5277722772743292
3,230.7,259.32425867662164,23.576417922973633,61343,1080.0975009373522,291.4201294361215,-0.4896011002599836
3,236.4,259.12756130465834,25.422149658203125,63005,1085.771478454091,285.26394730576936,-0.44964339973252604
3,242.0,257.0449806797571,86.33307647705078,63405,1088.00714454696,269.7959940067818,0.8689992427611196
3,247.6,252.6458268613441,52.91273880004883,77256,1093.7099642746196,235.58891218805013,0.14549223525002405
3,253.3,261.19359786000894,23.46122169494629,56075,1091.2985644226483,280.0146767721801,-0.49209494933542197
3,258.9,258.031251503247,36.972625732421875,62365,1088.6438066223043,277.3332638499158,-0.1995905588380655
3,264.6,259.00791066405253,50.611690521240234,58655,1091.0262381723637,269.1189838888415,0.09567752151405233
3,270.2,258.8797416584302,38.21826934814453,58682,1091.4161241948127,267.64016223032615,-0.17262398855541458
3,275.9,260.8022527462315,23.76528549194336,53801,1094.7215107525883,277.3399565063846,-0.485512362110123
3,281.5,258.86038597873176,27.479360580444336,63475,1084.3078377313902,288.26785348562424,-0.40510744882278643
3,287.2,259.95843024694415,37.502113342285156,60621,1082.6683657478432,291.6975305587173,-0.18812783814898026
3,292.8,260.55868568604393,52.505889892578125,58677,1083.5980367094432,286.43840005453586,0.13668448356306703
3,298.5,259.5708138416652,62.96504211425781,61351,1084.6553275415233,296.33860898762856,0.3631115770935396
3,304.2,258.01838223479126,19.73383140563965,62234,1081.0980492978115,280.7265481890928,-0.5727881194675104
3,309.8,260.6522547731577,30.098594665527344,58609,1086.4005016294425,283.57984268627683,-0.34840442465874494
3,315.4,260.737758500185,28.646581649780273,48646,1096.1791514204663,265.13513957982155,-0.37983862505622473
4,0.1,238.85997293640054,14.772568702697754,55425,857.1881641858367,293.45033829499323,-0.024489357604390378
4,5.1,240.47225260186983,16.77350425720215,56690,851.9565355441877,297.4548950432175,0.10764297276076383
4,10.1,241.81399631675876,13.80526351928711,55929,855.9684421319888,299.69361154320654,-0.08836562177022894
4,15.1,242.35061626790508,16.02195930480957,51033,853.7179864009562,288.8779025336547,0.058014494866883655
4,20.1,242.63015492035785,14.34381103515625,54996,857.3607171430649,289.14090115644774,-0.052802488253027934
4,25.1,243.57862361358215,15.25870132446289,52834,842.1754551993034,302.6936063898247,0.007612543946486646
4,30.0,242.97851116984685,83.26459503173828,55238,849.3894058438032,307.59835620406244,4.49840046256735
4,35.1,244.7020421704512,29.878314971923828,54256,854.3173105278679,299.1622861987614,0.9730227571483249
4,40.0,244.5462599358792,14.924474716186523,52713,850.8871435888681,295.0856145542845,-0.014458202171339382
4,45.1,245.0383923215357,14.92593765258789,55011,851.8616458526476,300.64885204777227,-0.014361596763207415
4,50.1,243.22624833526473,16.443254470825195,57817,852.637027171939,305.3211166265977,0.0858348371722144
4,55.1,244.64287380452532,14.791998863220215,60018,857.7648538771701,294.6146822619881,-0.023206281603555517
4,60.1,245.34198217442545,16.481599807739258,54304,844.5346199175015,303.95753535651147,0.088366982054985
4,65.1,248.19594457462316,17.9177188873291,54199,854.3149504603406,299.5273344526652,0.18320150095835216
4,70.0,252.8881603708179,19.822546005249023,50483,850.7080007131113,296.4085929917002,0.30898728424702976
4,75.1,248.08766589553147,69.53568267822266,57491,851.8566732184167,305.5129324589936,3.5918079545951054
4,80.1,252.80833066780397,21.092864990234375,56274,847.8086505313289,302.2657355084053,0.3928731482446767
4,85.1,248.92496913103875,19.76280403137207,51832,855.1537081339712,289.1611166846736,0.3050422065501465
4,90.1,252.6342716410444,81.69085693359375,51973,853.9391799588248,297.77977026533006,4.394478233875798
4,95.1,250.16112942586804,102.70323944091797,46714,856.4294644003938,291.97855032752494,5.782036699198002
4,100.1,252.38560945633313,22.907140731811523,55328,855.2367698091382,295.59201489300176,0.5126793464602576
4,105.1,249.9014235215439,13.961796760559082,52335,848.4319671348046,303.4138339543327,-0.07802890607625468
4,110.0,252.79528359779084,22.13481330871582,57035,851.7201367581309,299.3249408258087,0.4616784923903593
4,115.0,249.44319942062805,20.070098876953125,49709,843.3452694683056,300.0078858959142,0.32533450630184035
4,120.0,253.4964862846279,23.911569595336914,58912,847.9435938348723,310.77225353068985,0.5790070830657005
4,125.1,249.3226669410433,18.566295623779297,58314,850.3683849504407,308.06362108584557,0.2260304443567901
4,130.1,252.68101967799643,23.7058162689209,55900,847.3572987477638,301.7030411449016,0.5654201054948691
4,135.1,249.92763606357406,19.8490047454834,55746,846.9231514368744,305.335414200122,0.3107344944446916
4,140.0,252.87216313384766,22.821258544921875,53404,854.4077222679949,299.4662572091978,0.5070080925985131
4,145.0,249.15245966938858,6.6574530601501465,60252,854.9444167828453,313.79580760804623,-0.5603732538241856
4,150.1,254.524080815435,23.074308395385742,54940,858.5913360029123,291.77495449581363,0.5237183091594989
4,155.1,249.00051610239473,19.391035079956055,58128,856.0191129920177,302.2800715661987,0.2804923414645741
4,160.1,252.90279389109722,21.035865783691406,52579,850.4297533235703,298.2568706137431,0.38910918994400434
4,165.1,249.18699035169624,57.92864990234375,48195,850.3845834630148,287.84558564166406,2.825334348861475
4,170.1,252.89689190218633,23.57654571533203,52508,845.7962786622991,301.70825398034583,0.556883688889727
4,175.0,248.61973476867507,21.77381706237793,56479,844.3166840772676,306.38297420280105,0.4378400058512398
4,180.1,253.22105030240448,24.13552474975586,54232,846.3745943354477,305.3897883168609,0.5937960233611778
4,185.5,239.44665664233048,15.778907775878906,55199,854.1548397615899,297.7006105183065,0.041964520221709836
4,191.1,239.45107956618355,20.146934509277344,60302,836.9961692812842,305.1738748300222,0.3304083684415902
4,196.8,239.72161675258192,75.59300994873047,56063,841.7513154843658,304.90833526568326,3.9918052289875017
4,202.5,239.59415274957524,12.515379905700684,48262,842.2753512079897,298.6167170859061,-0.17354344140531217
4,208.1,239.48543069221475,14.38458251953125,57930,838.3001553599171,306.58760573105474,-0.05011013205455478
4,213.8,239.2166531620172,14.536443710327148,51834,849.0380445267585,301.01103522784274,-0.04008193650037093
4,219.4,239.28331652362556,15.997684478759766,52549,851.9725018554111,297.6427715084968,0.056411500043812554
4,225.1,238.60089218787135,13.268265724182129,54697,857.091979450427,293.38300089584436,-0.12382641905000202
4,230.7,238.78116814300853,10.139062881469727,50011,849.6298014436824,292.71382295894904,-0.3304641904975016
4,236.4,239.3860158420769,15.00932502746582,48226,853.3236013768507,296.39140712478746,-0.008855088499685344
4,242.0,238.53525798284693,105.73592376708984,50953,847.869095048378,298.07701214845054,5.982300843826199
4,247.6,239.19374702049896,12.518599510192871,50344,851.0164468457016,291.4911608136024,-0.1733308339360465
4,253.3,239.5093628829226,15.765996932983398,54417,853.9578256794751,297.84126284065644,0.041111949155679485
4,258.9,238.77306532663317,15.84193229675293,49750,843.6141306532663,297.8865326633166,0.04612636181350196
4,264.6,239.58301493925242,15.261186599731445,49467,845.7107768815574,291.7594557988154,0.007776659783247992
4,270.2,239.11514707982295,15.644244194030762,56024,837.5564579465943,296.96626445808937,0.03307197351031852
4,275.9,238.56992718402083,17.720333099365234,54521,852.3628876946498,293.92300214596213,0.17016707609348541
4,281.5,238.3130754366688,16.596168518066406,52786,844.0425491607623,292.06272496495285,0.09593255839170314
4,287.2,238.7993585970325,16.899456024169922,49267,846.8801428948383,296.26565449489516,0.11596023237744492
4,292.8,239.29484539562517,13.589460372924805,59248,831.2491729678638,301.20447947610046,-0.10261624196876225
4,298.5,237.64001473839352,16.468656539916992,51566,853.4510724120545,293.47110499166115,0.08751226979998693
4,304.2,238.1685697001777,17.18195915222168,52898,842.8798442285153,291.98449846875116,0.13461540423487633
4,309.8,239.32016901721678,15.073034286499023,53959,842.745232491336,299.6527734020275,-0.004648030034986603
4,315.4,238.6836751674502,13.468059539794922,48074,851.1331072929235,289.0267504264259,-0.11063297941620881
5,0.1,264.52294705011496,46.34811782836914,63494,402.67787507481023,317.0310580527294,0.03720732155684865
5,5.1,265.07307955797813,44.492515563964844,67146,406.47731808298334,321.17327912310486,-0.004318512602474036
5,10.1,266.72957974714507,44.46989440917969,65413,404.8856343540275,320.1601975142556,-0.004824743027021578
5,15.1,266.7523495316071,44.4052619934082,66077,402.7195090576146,319.2236481680464,-0.006271127863970819
5,20.1,266.58006893073303,43.71166229248047,71376,408.2873514906972,323.02621329298364,-0.021792938063381898
5,25.1,269.21574095592223,49.43680191040039,64545,406.7383995661941,323.5374389960493,0.10632783591564354
5,30.0,266.0570061846332,42.012939453125,70659,409.09824650787584,319.71168570175064,-0.05980802581300515
5,35.1,269.0721077074085,43.395076751708984,68259,408.8396255438843,319.19560790518466,-0.02887768834392575
5,40.0,269.67298301649214,43.711273193359375,65122,402.4801449586929,319.94703786738734,-0.021801645568154893
5,45.1,269.4083319824931,42.51442337036133,67859,406.330332011966,320.86066697121976,-0.0485855034114125
5,50.1,269.0393705599267,45.389278411865234,65455,403.4712245053854,326.32054082957757,0.0157498102361534
5,55.1,270.2944855364335,48.790138244628906,68275,402.16585865983154,327.1194580739656,0.09185638982139822
5,60.1,269.98017044589864,43.216373443603516,65710,405.50684827271346,318.77294171359,-0.03287682333015748
5,65.1,274.3815123977137,48.9733772277832,72957,407.0693148018696,326.329659936675,0.09595702699562102
5,70.0,278.3427954521433,46.133914947509766,66229,402.0985368947138,327.1063582418578,0.03241375481162208
5,75.1,276.10770976645136,51.39701461791992,71377,410.08261764994324,333.97265225492805,0.15019470834349358
5,80.1,278.0397035318746,52.006080627441406,70699,409.65903336680856,329.7416087922036,0.16382477044712498
5,85.1,275.9546726278347,54.80663299560547,71127,408.80591055436054,330.1370787464676,0.2264972921538246
5,90.1,276.4423087269988,34.65184020996094,74344,421.2009980630582,336.65000538039385,-0.2245393328746925
5,100.1,277.43659778850974,47.204017639160156,75786,414.77292639801544,343.35374607447284,0.0563611856589241
5,105.1,276.4456974459725,55.54061508178711,76350,407.32683693516697,338.303798297315,0.2429228047603622
5,110.0,277.85547527111925,53.62202072143555,78471,422.19269539065385,349.4230225178728,0.19998729387244701
5,115.0,274.98886341713956,48.333290100097656,79827,417.08820323950545,345.6322798050785,0.08163275480557805
5,120.0,277.37191688816483,50.62750244140625,69978,401.29009117151105,324.43252164966134,0.1329740810364103
5,125.1,275.71699723035323,49.66192626953125,76183,413.96878568709553,335.4195424175997,0.11136581036837088
5,130.1,278.5225486846601,55.7810173034668,70248,406.3580884865049,332.92986277189385,0.24830267682697033
5,135.1,276.22389611675726,53.492008209228516,80783,416.2940841513685,349.80279266677394,0.19707779213055338
5,140.0,276.1950806546877,50.96022415161133,76189,413.1393902006851,334.76068723831526,0.14041993666195182
5,145.0,276.1472387401485,47.72250747680664,70294,409.6911969727146,327.57441602412723,0.06796427723971286
5,150.1,280.27672013787617,46.88742446899414,75430,414.1099827654779,350.01319103804855,0.04927626464299254
5,155.1,276.01279945778265,52.056488037109375,76722,414.76917963556735,339.82134198795654,0.16495281915369686
5,160.1,276.78979282465895,50.8884162902832,75202,413.0632828914125,335.3336879338315,0.13881297519286534
5,170.1,277.79982172950236,54.26900100708008,71801,409.25563710811826,335.1936881101935,0.21446582548528212
5,208.1,265.6061369645362,37.684818267822266,80561,416.3308176412904,348.03500453072826,-0.15666544294923113
5,213.8,265.4821390475739,45.791568756103516,84374,422.48430796216843,356.87223552279136,0.024752516494489767
5,219.4,266.31239208049334,38.71656036376953,77025,418.5076403765011,346.0913209996754,-0.13357646963131362
5,225.1,267.481098717875,44.70515441894531,69572,409.88802966710745,337.4731501178635,0.00044005338827285764
5,230.7,267.9560870417565,44.92568588256836,66313,409.12457587501694,335.0239319590427,0.005375245137601347
5,236.4,266.7252616189597,43.48195266723633,77976,425.26565866420435,350.01721042372014,-0.026933524484120404
5,242.0,266.6447496842347,44.58533477783203,69672,403.97643242622576,337.1949994258813,-0.0022413458756459096
5,247.6,268.67874222353885,44.51899337768555,70887,410.1826569046511,347.82566620113704,-0.0037259754394412385
5,253.3,267.49907682637786,46.16771697998047,76367,409.1145651917713,345.4909581363678,0.033170197946852394
5,258.9,266.89153604165534,42.87533187866211,73748,408.4872674513207,347.9902641427564,-0.040508865895992105
5,264.6,268.91019081442244,48.73286437988281,66452,403.923222777343,339.80552880274485,0.09057467926589118
5,270.2,267.75889707373113,49.76190185546875,73985,402.1080759613435,352.5397310265594,0.113603126888867
5,275.9,267.23064516129034,50.45960235595703,66340,393.59963822731385,335.9420862224902,0.12921670735916993
5,281.5,267.9583867925987,46.1651496887207,64691,397.989735821057,337.21264163484875,0.03311274548888941
5,287.2,266.037625578276,47.91994857788086,73062,404.5163970326572,337.7227286414278,0.0723827383381499
5,292.8,268.3982122260669,29.779163360595703,55488,377.04431588811997,324.84362384659744,-0.3335831590438039
5,298.5,265.3841696870693,41.7620735168457,78356,416.3015850732554,350.0199857062637,-0.0654220614638517
5,304.2,265.1899157221738,48.16822814941406,68820,399.2815605928509,327.3023684975298,0.0779388946925642
5,309.8,268.6398077423503,52.78972625732422,65329,389.8663686877191,338.77311760473907,0.18136168505993314
5,315.4,266.84805090323994,48.01191711425781,68365,402.9719885906531,334.687310758429,0.07444086806924884
6,0.1,247.78945671449299,20.4882755279541,86842,656.2406554432188,462.7700076000092,0.0040848539131919
6,5.1,249.59960796324654,20.62885093688965,81625,655.1095130168453,469.72213169984684,0.010974142313879987
6,10.1,250.79927913305008,20.885480880737305,83788,657.1631259846279,467.0741275600325,0.023551005570450784
6,15.1,251.0570775744271,19.649259567260742,89282,658.167962187227,466.31721959633524,-0.03703345383185003
6,20.1,252.25294988717562,20.37275505065918,85088,657.3244288266266,472.268733546446,-0.0015765479656726451
6,25.1,252.10202622756853,35.05864334106445,81136,656.0557212581344,465.91354022875174,0.718146201688774
6,30.0,251.79483049547477,20.65207862854004,78228,656.7734570741934,472.3388556527075,0.012112479864334244
6,35.1,253.83447966869292,38.30540084838867,82582,659.8803613378218,469.37537235717224,0.877262572072667
6,40.0,253.48177746987653,20.571287155151367,80834,654.2105673355271,461.22882697874655,0.008153069290993683
6,45.1,254.7348525469169,20.448596954345703,78330,660.2638069705093,468.41334099323376,0.002140295195660296
6,50.1,252.5318610390432,20.50313949584961,79015,656.5806239321648,463.63785357210656,0.004813303948558135
6,55.1,254.32999118816832,19.99319839477539,83978,652.8197980423445,465.7619495582176,-0.02017777620739916
6,60.1,254.91888822937366,20.679033279418945,77498,660.3246148287698,467.65626209708637,0.013433467404408109
6,65.1,255.23821047812152,20.76869773864746,76445,661.9956962522075,465.7608084243574,0.017827723295921867
6,70.0,256.3725172510257,20.618486404418945,85792,652.6016062103693,464.87510490488626,0.010466199609891778
6,75.1,255.78173803001016,20.98626708984375,71909,635.9439847585143,471.2526248452906,0.02849031370836779
6,80.1,257.86987656986577,21.858346939086914,83367,652.8308563340411,475.28110643300107,0.07122900915558779
6,85.1,255.49243590904973,21.443984985351562,88312,660.8439509919377,465.06041081619713,0.05092205061162041
6,90.1,255.87598841814145,20.21931266784668,77017,661.7285923886934,475.98177025851436,-0.009096418162662621
6,95.1,265.96860050166794,28.93219757080078,154684,564.4218665149596,414.38875384655165,0.4179027088750789
6,100.1,255.56784161019522,20.643009185791016,79096,653.8317866895924,472.46653433801964,0.011668006629615079
6,105.1,255.63834126444596,21.365367889404297,80905,650.513923737717,466.8188492676596,0.04706920144471094
6,110.0,256.25176799591276,20.806413650512695,74378,662.6347979241174,473.172470354137,0.019676096322911722
6,115.0,254.78438179023794,20.68722915649414,75476,661.8635592771212,471.53454078117545,0.013835129126718993
6,120.0,256.14172343187505,20.755523681640625,74723,653.1326231548519,460.76618979430697,0.017182092037834534
6,125.1,255.77698398523546,20.734783172607422,67188,646.4300470322081,471.1296362445675,0.016165645780350582
6,130.1,257.0880796572088,21.916168212890625,81449,636.7301133224472,470.92914584586674,0.07406270129239356
6,135.1,255.04870384917518,17.30562973022461,71288,655.9105459544384,470.73630905622264,-0.1518895440545886
6,140.0,255.66641335394775,20.430517196655273,76322,650.9985456355965,468.1818479599591,0.0012542464486775496
6,145.0,256.86155770802884,22.401920318603516,80734,640.6930537320088,480.09370277702084,0.0978683325392639
6,150.1,256.4479342621639,20.403759002685547,78737,668.3055869540368,461.5037784015139,-5.7113174850348996e-05
6,155.1,254.76590915089608,21.09187126159668,75774,656.9669675614326,470.5779818935255,0.0336657394889558
6,160.1,256.7556737904612,21.080543518066406,78563,647.0446902485903,472.7436834133116,0.033110591951416975
6,165.1,264.21628226094475,35.25392532348633,159597,544.0258651478412,406.2981822966597,0.7277165376853012
6,170.1,257.6033138149031,23.452190399169922,77192,635.7237667115763,479.3794693750648,0.149339735243512
6,175.0,265.77187852706476,36.427894592285156,151507,522.6786947137756,409.42167688621646,0.7852501627164634
6,180.1,277.17549498900024,75.6633071899414,81820,422.81922512833046,360.53035932534834,2.7080905439183955
6,185.5,267.39449504580796,48.598304748535156,74987,416.97692933441795,345.1970874951658,1.381694918993234
6,191.1,267.179694865861,52.13643264770508,70002,401.58532613353907,333.66436673237905,1.5550907047887295
6,196.8,268.693017183886,57.32120132446289,70473,410.3535396534843,340.60247186865894,1.809184695875148
7,0.1,247.63328568067897,24.3662166595459,55261,195.7827038960569,471.0635529577822,-0.06478114847454654
7,5.1,250.14529809680698,30.1958065032959,57062,193.7973081910904,486.50573060881146,0.15896890655914814
7,10.1,248.316606311433,28.799427032470703,67655,165.25436405291552,481.77476904885077,0.1053733720842775
7,15.1,254.77144293404268,25.921157836914062,47743,217.00513164233502,480.2198856376851,-0.005099732914360336
7,20.1,250.10686798228187,20.987524032592773,67953,166.15288508233633,482.92125439642103,-0.1944613972545189
7,25.1,254.3474760620991,26.5245418548584,53785,210.53468439155898,476.6218462396579,0.01805922180459651
7,30.0,253.2552926987661,30.743364334106445,53895,204.34201688468318,481.2181092865757,0.17998515265223167
7,35.1,252.10163264574635,21.890300750732422,55799,199.86856395275902,454.52049319880285,-0.15981121674766072
7,40.0,251.66551516368747,20.908557891845703,49790,179.82542679252862,471.74766017272543,-0.197492258569213
7,45.1,256.17585835860314,22.457740783691406,51115,206.32174508461313,479.5625354592585,-0.13803185627704112
7,50.1,251.85622259021346,21.895235061645508,54953,186.60935708696522,479.8944006696632,-0.1596218290946786
7,55.1,254.61082037296381,22.37248992919922,54268,197.73190462150808,477.1660278617233,-0.14130393611379788
7,60.1,256.69762148253227,22.74189567565918,60626,203.87371754692705,486.15663246791803,-0.12712548474490876
7,65.1,272.07159885106927,33.57276916503906,85993,186.50042445315316,566.9130278045888,0.28858275618904133
7,70.0,259.03337171864354,24.828372955322266,42551,209.85683062677728,459.8252685013278,-0.04704276560615391
7,75.1,259.77036826659094,32.323272705078125,52815,207.47787560352174,481.2834990059642,0.24062485363087022
7,80.1,260.98291346122096,29.31928062438965,60574,200.99057351338857,484.6665070822465,0.1253262800793457
7,85.1,258.9414067478742,23.68851089477539,54921,201.90644744269042,479.91595200378725,-0.09079270438643038
7,95.1,260.52459352020884,12.419054985046387,58613,196.44792110965145,488.2617166840121,-0.5233345208068508
7,100.1,260.8697246344541,14.535201072692871,67365,190.09104134194314,496.573161137089,-0.4421130599046104
7,105.1,259.198438538206,24.217214584350586,60200,191.30757475083055,485.80591362126245,-0.07050011385953489
7,110.0,271.88002850102424,33.21398162841797,101049,170.51797642727786,566.934556502291,0.2748118506509027
7,115.0,270.89290129761224,43.11544418334961,93017,181.55439328294827,573.8096369480847,0.6548476423550559
7,120.0,260.20163669235893,14.763238906860352,73563,165.63234234601634,497.52617484333155,-0.4333605611332875
7,125.1,268.13482674000016,30.646821975708008,104727,164.88067069619106,563.5097825775588,0.17627968475762631
7,130.1,295.9602951198554,63.659507751464844,33749,162.11161812201843,706.4392426442265,1.4433654415806296
7,135.1,294.6470607760481,49.52244567871094,30127,152.01175025724433,709.7570949646497,0.9007597863672134
7,140.0,297.59494537645116,64.82687377929688,32129,164.15577826885368,703.4485978399576,1.4881710316774899
7,155.1,291.893554893284,60.72624588012695,33219,153.0875703663566,714.6330413317679,1.3307816196083617
7,185.5,280.74174249034024,52.87384033203125,32092,165.36317462295898,712.8434812414309,1.02939229023436
7,191.1,278.6600660066007,51.00941848754883,35754,152.15352128433182,710.3787268557364,0.9578324547244547
7,196.8,278.354246386786,38.49532699584961,36325,159.0032484514797,715.25759119064,0.47751930491232036
7,202.5,278.9350433547841,51.04584884643555,33099,152.79920843530016,716.2249916915919,0.959230716870554
7,219.4,278.48077713534104,49.315284729003906,36493,162.31693749486203,711.9103389691173,0.8928085796545361
7,225.1,279.27536189415696,51.236961364746094,34126,156.49472542929144,712.6578561800387,0.9665659561645256
7,230.7,280.35951484476266,52.178138732910156,32402,152.9174125054009,710.2899820998704,1.00269002210528
8,0.1,255.282420184535,16.681034088134766,61235,1033.0660243324896,503.9054788927901,-0.6283635256510945
8,5.1,255.37275750415682,66.0292739868164,68562,1048.2464047139815,518.2305212800094,0.471065070584136
8,10.1,256.2667365314874,66.16932678222656,72521,1050.4472911294658,527.5136305346037,0.4741853044277897
8,15.1,256.5038863764839,64.24666595458984,70760,1050.6641181458451,530.1908705483324,0.43135037659439446
8,20.1,258.59033974207887,11.300460815429688,59398,1024.5003367116738,511.09047442674836,-0.7482372259552259
8,25.1,257.1041154524684,54.4404182434082,69154,1051.0842467536224,531.9677386702143,0.21287715085068562
8,30.0,256.76280249086943,86.88841247558594,76118,1048.8994193226306,523.5760529703881,0.9357854617159952
8,35.1,258.89661001157947,83.43093872070312,75133,1048.865784675176,528.4556985612181,0.8587564628164314
8,40.0,258.161985274066,75.26121520996094,80674,1042.5781788432457,524.5880085281503,0.676743331862085
8,45.1,259.1412934659281,61.21532440185547,74915,1049.996609490756,528.7422812520857,0.3638151697688859
8,50.1,257.1648634797711,126.58966827392578,70246,1048.5052814395126,529.0238163027076,1.8202890634809423
8,55.1,259.228893196987,18.224830627441406,67573,1035.738490225386,521.0628801444363,-0.5939693088448321
8,60.1,260.61955006645275,15.980623245239258,61698,1025.533663976142,509.674819281014,-0.6439679668910163
8,65.1,267.88570212487315,19.28800392150879,61086,1033.3271453360835,509.76844121402615,-0.5702828891335889
8,70.0,271.63268304772697,87.95848846435547,56488,1023.0245715904263,504.08771774536183,0.9596256664449453
8,75.1,266.051122680981,19.889339447021484,74331,1012.3428448426632,505.7610283730879,-0.5568857452022516
8,80.1,272.5037827703036,18.898096084594727,60802,1031.7747278050065,508.2749580605901,-0.5789696391915377
8,85.1,269.4035035135045,136.81240844726562,60054,1022.313251407067,510.49901755087086,2.048041317695642
8,90.1,271.3699550187935,138.8682861328125,64916,1021.253912748783,504.92063589869986,2.0938441816375537
8,95.1,270.47670684405887,100.83952331542969,71931,1049.7648996955415,509.13932796707957,1.246602022510523
8,100.1,271.2938265966355,29.327064514160156,65685,1019.0211311562762,507.37038897769656,-0.3466228291687354
8,105.1,268.19529210128144,24.946195602416992,74683,1041.507103356855,528.1632767832036,-0.4442241330413183
8,110.0,272.0832147381261,19.83543586730957,63943,1023.9145019783244,512.7727194532631,-0.5580866621366023
8,115.0,268.7247571199899,138.94178771972656,63097,1022.8329873052602,508.3993058307051,2.09548172224058
8,120.0,271.7935773736945,143.3215789794922,75452,1044.867942533001,528.1640778243121,2.1930590171231095
8,125.1,268.57409519858965,20.644624710083008,67501,1013.8811128724019,506.6524940371254,-0.5400587576900371
8,130.1,270.3920134202792,125.84147644042969,79283,1035.9309435818523,522.6323675945663,1.8036201103652052
8,135.1,268.7135630518208,18.09520149230957,74526,1024.789308429273,513.1893969889703,-0.5968573141386742
8,140.0,270.6463690776664,142.10435485839844,69335,1015.0,504.7098723588375,2.1659405016602404
8,145.0,270.21681879856914,9.961026191711426,64856,1041.5345226347602,509.3472616257555,-0.7780784671246557
8,150.1,272.88351896374076,134.55593872070312,81524,1046.0600559344487,520.4925911388058,1.9977694670882977
8,155.1,268.35207089093007,139.05982971191406,77189,1040.1535970151187,514.4604412545829,2.09811157777411
8,160.1,270.16804948330685,124.02188873291016,80512,1034.6038230325914,528.743789745628,1.7630815468194256
8,165.1,268.1341393125747,121.3895263671875,71135,1048.2959865045336,521.0583116609264,1.704435190506194
8,170.1,270.31026277077507,21.17325210571289,69338,1013.406573596008,506.7295999307739,-0.5282814769460409
8,175.0,267.2830626744481,128.14035034179688,78820,1031.4101750824664,516.9612788632327,1.8548366828608223
8,180.1,271.0457796138437,134.73641967773438,80123,1035.8035520387405,522.4176578510541,2.001790399256161
8,185.5,255.38706290034654,124.3730697631836,76184,1042.218602331198,520.3630158563478,1.770905503011798
8,191.1,256.33943787358515,20.790563583374023,70767,1017.9224497293936,506.9309706501618,-0.5368073880175236
8,196.8,256.8703991232076,17.638051986694336,65694,1021.8673242609675,507.58536548238806,-0.6070421401883994
8,202.5,253.83564262981474,15.387070655822754,82637,1020.3984897806067,518.0043806043298,-0.6571917149216205
8,208.1,255.62633796479363,131.6042022705078,73339,1030.88786321057,510.17071408118466,1.932007780986474
8,213.8,256.16569134787443,17.358240127563477,62031,1016.0685947348907,503.16848027599104,-0.6132760638324002
8,219.4,255.22305826240697,17.046022415161133,72963,1006.5667118950701,503.11603141318204,-0.6202319569295206
8,225.1,255.08579901688626,17.57231903076172,73847,1025.633675030807,508.7104554010319,-0.6085066035941008
8,230.7,255.23354330488706,17.350788116455078,71597,1017.2998868667681,506.99424556894843,-0.6134420870609664
8,236.4,255.1593397478434,19.548484802246094,72336,1025.045592789206,511.594503428445,-0.5644796400279855
8,242.0,254.94718162839249,17.218420028686523,71850,1024.0090048712595,503.26872651356996,-0.6163911134339538
8,247.6,254.42664991763743,102.70816040039062,84383,1021.6529751253214,512.3850538615598,1.288233356300942
8,253.3,255.24860376430064,15.921319007873535,81290,1034.5697133718784,517.0431787427727,-0.6452892049852557
8,258.9,253.82671797123157,21.774932861328125,77446,1005.435167729773,501.4152829067996,-0.5148766416391288
8,264.6,254.82206643088193,37.38181686401367,79451,1018.6311814829265,502.2051956551837,-0.16717113874971282
8,270.2,253.94952013549116,63.81441879272461,85024,1033.4811347384268,511.93253669552126,0.4217203494369547
8,275.9,254.52257723093206,17.310686111450195,75585,1015.4419527684064,498.2444532645366,-0.6143355189474785
8,281.5,254.4308924151987,16.758182525634766,68690,1019.3935216188673,509.373460474596,-0.6266447369259746
8,287.2,254.14227026164644,17.70677375793457,75216,1010.3548580089342,507.9702722824931,-0.6055110890173633
8,292.8,254.25918970012233,116.54635620117188,80933,1026.4894418840274,513.1266232562737,1.5965342848632929
8,298.5,253.38383810760922,116.20755767822266,73135,1003.4246940589321,507.5278867847132,1.5889861983407059
8,304.2,253.96377918111705,18.16230583190918,77276,1036.1741549769656,515.7643382162638,-0.5953622976996125
8,309.8,255.26523035305158,16.558265686035156,72454,1017.6847379026693,503.6024926160046,-0.6310986807905592
8,315.4,254.23799622353098,36.52763366699219,88972,1033.3741289394416,501.3086364249427,-0.18620147164825537
9,0.1,265.4694581829169,78.43269348144531,62881,371.6752437143175,620.8754631764762,0.0458235036200812
9,5.1,267.3031104437885,70.95902252197266,58609,373.802692419253,622.4748076234025,-0.05383061255008957
9,10.1,270.07084747589033,89.35501098632812,55683,373.35059174254263,609.3173140814971,0.19146195939120378
9,15.1,269.48822027654506,53.82386016845703,58363,372.6111234857701,619.3211795144184,-0.28231129748145706
9,20.1,270.3125600449544,82.40995788574219,55167,372.43263182699803,621.2760345858937,0.09885644702026167
9,25.1,269.7486089030207,92.98851013183594,60384,374.01498741388446,615.7642753047165,0.23991112820184152
9,30.0,269.5443637351074,71.25122833251953,58922,371.83225280879805,619.9089983367842,-0.04993433293760154
9,35.1,272.5315795650789,103.3968505859375,59643,373.377814663917,616.6075482453934,0.37869620107651253
9,40.0,271.6208625719467,46.459434509277344,63415,375.42450524323897,612.6700622881021,-0.3805087340753559
9,45.1,272.8534971800936,70.7857894897461,60463,382.2900616906207,614.7039677157932,-0.05614050615011969
9,50.1,268.9843463805815,53.87964630126953,64969,383.37573304191227,625.709938586095,-0.2815674437862479
9,55.1,270.9858511947161,70.65343475341797,61772,373.04236547302986,632.2537557469403,-0.057905327526554216
9,60.1,273.6700056733565,57.39223861694336,56404,382.39956386071907,607.4091731082902,-0.23473044967949794
9,65.1,275.06466729147144,70.57438659667969,60819,370.364195399464,627.0587480885907,-0.05895935763268968
9,70.0,279.24258879060574,28.115398406982422,52117,364.02705451196346,619.8603526680354,-0.625108571916878
9,75.1,275.0031503867188,70.81202697753906,56501,364.298932762252,634.2579600361056,-0.05579065482930124
9,80.1,279.5582780781393,81.65359497070312,49015,366.2506579618484,637.9708048556564,0.08877108492567058
9,85.1,275.55801422515987,42.97749328613281,55676,368.79226237517065,636.8343810618579,-0.4269370257449473
9,90.1,277.341312335958,15.732344627380371,57150,364.86325459317584,636.0076815398075,-0.7902245218410379
9,95.1,277.0714438884918,11.792058944702148,55960,360.31947819871334,631.1817548248749,-0.8427643900389526
9,100.1,277.3572309701763,11.925016403198242,55124,355.3736122197228,647.4141571729192,-0.8409915319500014
9,105.1,276.02608002832864,72.62845611572266,56480,359.41813031161473,644.7698654390935,-0.031570343106586136
9,110.0,278.68377418851435,87.21040344238281,51264,358.7416705680399,627.5918188202247,0.16286570856845803
9,115.0,276.44711137581896,80.77796173095703,50370,357.9163986499901,630.6996823506055,0.07709536932763235
9,120.0,278.6152898810545,14.491847038269043,64147,380.3618875395576,618.6940776653623,-0.8067653478319696
9,125.1,276.0058602215788,74.7374267578125,57677,371.62184232883124,627.046639041559,-0.003449275627702853
9,130.1,276.91321814562,83.69367980957031,56256,362.3660587315131,645.3006790386803,0.1159736273752809
9,135.1,275.6726784343822,80.1240005493164,57332,357.18204493127746,644.2516918998116,0.06837543451656122
9,140.0,277.15376906006156,76.84564971923828,55876,361.6731870570549,634.4945235879447,0.024661822258438295
9,145.0,276.1625411625412,75.05455017089844,54054,363.2483997483997,638.1329041329042,0.0007792559224976068
9,150.1,279.4613315779575,11.903105735778809,53170,366.8974421666353,628.3837314274967,-0.8412836893393517
9,155.1,274.64307517300216,79.26109313964844,52745,371.0597592188833,649.3899706133283,0.05686940545621569
9,160.1,277.13506705053413,83.82422637939453,52796,366.1985945904993,638.6077354345026,0.11771433861416557
9,165.1,274.925280518387,65.59455108642578,54631,364.5184602148963,634.1102121506104,-0.12536060932523152
9,170.1,276.2548824952168,91.20187377929688,55402,359.7176636222519,642.5058662142161,0.2160880742307391
9,175.0,275.609757502448,86.0545883178711,52083,361.454658909817,641.224507036845,0.14745404068611145
9,180.1,277.0961073195392,16.316761016845703,55386,360.8661394576247,639.8086339508179,-0.7824318990344754
9,185.5,267.577249039322,79.78690338134766,56991,366.6482427049885,643.4697934761629,0.06388057241739226
9,191.1,267.45395404465063,81.13855743408203,55184,366.48713395187013,644.7009459263554,0.08190356148441132
9,196.8,266.71925287858403,84.86060333251953,57233,369.2976953855293,644.9509548686947,0.13153341492122494
9,202.5,266.47726999501947,78.4122314453125,58227,361.82818967145823,644.3869167224827,0.045550662316668857
9,208.1,267.0347184745458,12.315162658691406,55590,371.5130059363195,630.1319481921208,-0.8357893119861972
9,213.8,265.6671474193881,26.362916946411133,58242,366.91761958723947,644.9105628240789,-0.6484762037011604
9,219.4,267.22894578206444,38.77102279663086,56402,363.10864862948125,631.6101202085032,-0.48302620883855263
9,225.1,266.03361666666666,71.46670532226562,60000,372.92678333333333,641.9494833333333,-0.047061157347640714
9,230.7,265.5951488388347,72.11489868164062,62954,371.06709661022336,643.224131905836,-0.038418130823437494
9,236.4,265.88185510071474,62.14566421508789,61560,383.93148148148146,632.8180311890839,-0.17134815343813614
9,242.0,265.6042123304603,67.27220916748047,60679,371.9436048715371,638.4399874750737,-0.10299067436156457
9,247.6,266.0393338175096,13.188840866088867,60584,372.8808596329064,644.131800475373,-0.8241396648385689
9,253.3,266.9884370371692,76.89042663574219,56041,370.8297139594226,645.903677664567,0.025258878787046447
9,258.9,265.89228447127766,59.774288177490234,56315,373.29922755926486,648.8341116931546,-0.20296814104735658
9,264.6,266.2709968568368,78.7883071899414,56949,369.33034820628984,645.4150028973291,0.05056526573542532
9,270.2,264.2090366958003,70.32672882080078,63386,386.34731644211655,645.9844287382072,-0.062261632632715114
9,275.9,264.9569596151919,46.84321212768555,59874,365.6789758492835,653.5334869893443,-0.3753914336783016
9,281.5,265.4621221457369,71.03385162353516,56801,360.0216193376877,652.1505079135931,-0.052832839431570446
9,287.2,265.1569216346655,77.00031280517578,57602,363.55638693100934,646.4452970382973,0.026724103728525954
9,292.8,265.2322502461562,21.076095581054688,66015,375.62834204347496,637.5326819662198,-0.7189708124912894
9,298.5,263.87232250113107,59.26149368286133,64099,374.885505234091,647.7124916145337,-0.20980575571038942
9,304.2,264.32572587802713,98.0850830078125,63096,370.764612653734,640.6812000760746,0.30786895885915305
9,309.8,266.54359961501444,53.56525802612305,51950,363.12769971126085,652.3577093358999,-0.285759504938509
9,315.4,265.76858464258993,70.56297302246094,58812,369.9874345371693,640.0068013330613,-0.05911154651781454
10,0.1,249.24753426412195,18.962329864501953,15614,38.08690918406558,653.3801716408351,-0.2811136937686043
10,5.1,251.14176859835572,29.354228973388672,14961,37.290221241895594,664.4235679433193,0.11285656297194951
10,10.1,253.69288361188836,30.98643684387207,13223,35.941390002268776,668.2935793692808,0.1747356619749792
10,25.1,246.98252849673628,23.29827308654785,30793,42.46617737797551,584.5598675023545,-0.11673251122410891
10,30.0,255.58729902238022,29.285579681396484,12377,37.52177425870566,665.4463925022219,0.11025398004578438
10,70.0,252.56067000791347,22.708084106445312,30328,43.09938011078871,580.2378000527565,-0.13910733430313632
10,75.1,249.49678369928486,14.014208793640137,27827,43.684802529916986,557.629496532145,-0.4687033256775321
10,80.1,259.79033687943263,19.897130966186523,15792,40.85448328267477,653.5192502532929,-0.2456741820707779
10,115.0,259.1234373883849,31.986530303955078,13999,36.47281948710622,659.6145438959926,0.2126504909302096
10,125.1,251.47058823529412,2.8468267917633057,34,37.588235294117645,600.0,-0.8920731359787971
11,0.1,262.6796608749092,30.338531494140625,71596,1028.2001648136768,750.3434968433991,0.04566391919466666
11,5.1,262.15814681335354,33.614383697509766,84352,1023.8471405538695,738.2342920144158,0.15857117887330424
11,10.1,260.45745118277404,33.158504486083984,119169,941.7751344728914,731.5598016262619,0.1428586041565312
11,15.1,260.90134110984894,32.30392837524414,117962,935.9767043624217,730.5545599430325,0.11340433062046665
11,20.1,254.7835187125248,15.652923583984375,44863,776.6946927312039,702.3532532376346,-0.460498032844969
11,25.1,253.83755037325759,24.989778518676758,45411,766.536786241219,698.863469203497,-0.13868903804085
11,30.0,253.67738097961612,24.9454288482666,43711,776.5703598636499,697.4068541099494,-0.1402176173059681
11,35.1,255.86931718448307,25.2839298248291,45576,767.4270888186765,703.7629892926102,-0.12855066309389865
11,40.0,255.53728813559323,24.935287475585938,46610,773.042737609955,703.979060287492,-0.14056715523615188
11,45.1,256.60468445896066,24.85179901123047,44701,774.8693988948793,702.3945325607929,-0.14344471293410255
11,50.1,254.11188371988695,24.321640014648438,44582,770.6573729307793,704.239715580279,-0.1617174541269103
11,55.1,255.34989567873353,24.405250549316406,46491,772.0571723559399,705.3607364866318,-0.15883568908881823
11,65.1,256.0445840099341,24.982765197753906,41876,765.568344636546,704.1034960359156,-0.13893076287991069
11,70.0,258.5286061361828,26.559953689575195,46511,777.5234675668122,702.2802992840403,-0.08457054771969137
11,75.1,256.0359169117477,24.841245651245117,43183,770.6657712525763,702.3449737165088,-0.1438084506372635
11,80.1,258.17691849794136,25.8823299407959,40318,763.5753509598691,700.5402301701473,-0.10792588728267548
11,85.1,256.42256243547786,25.674034118652344,45527,770.7753201396973,702.0115535835878,-0.11510512157674704
11,90.1,257.8099747775187,26.29090118408203,42026,765.6958787417313,705.1003426450293,-0.0938438540897595
11,95.1,257.2697006792924,24.894853591918945,41661,771.2980725378651,701.687933558964,-0.14196077091829698
11,100.1,258.13029847821826,26.99956512451172,45933,779.4234863823395,704.6692573966429,-0.06941866681644802
11,105.1,257.35811905454244,25.953901290893555,48146,775.0016200722802,701.1053462385245,-0.10545907116602782
11,130.1,257.80605542558936,25.99108123779297,44456,775.6976561094116,698.6821801331654,-0.10417760739452656
11,140.0,256.86275122357597,25.70728874206543,48015,765.0486722899094,699.2034780797668,-0.1139589500866673
11,145.0,255.6683645316015,25.244884490966797,47118,771.3974701812471,699.75472218685,-0.1298964202819355
12,0.1,250.84991266375545,25.51494789123535,45800,777.6160698689956,700.8481877729257,0.021111462918362262
12,5.1,251.28078253727256,24.45990562438965,40177,766.9585334893098,702.1548398337358,-0.021111462918362262
13,0.1,267.2274353307789,40.79573440551758,62897,549.0200009539406,749.7129274846177,0.020605542254703298
13,5.1,267.96341652216995,39.741485595703125,64592,548.9446061431756,750.671863388655,-0.005769082295909803
13,10.1,267.74074754209516,38.83889389038086,70792,545.2302096282066,748.1593400384224,-0.028349631715322593
13,15.1,270.4319431385361,39.67924118041992,62749,546.8696712298204,752.0695628615596,-0.007326279295502204
13,20.1,270.6708801643887,40.805084228515625,64238,548.0447087393754,753.2662131448675,0.020839451052031298
13,25.1,271.26650723007964,45.06626510620117,63139,538.8270640966756,752.7805001662997,0.12744336157576083
13,30.0,268.8691664220722,39.14030456542969,68140,544.7282800117405,754.0733930143822,-0.020809103031814935
13,35.1,273.35505981857915,44.39181900024414,63609,538.0668301655426,755.6281029414076,0.11057043493961842
13,40.0,272.4495607669391,40.70203399658203,65455,540.5986097318769,755.0732411580475,0.018261396278053905
13,45.1,273.0402582013222,40.22920227050781,64136,543.9115161531745,755.124002120494,0.006432348775481243
13,50.1,272.97372015983063,41.239410400390625,58562,553.3640586045559,750.3032341791605,0.031705187497799055
13,55.1,274.134825207845,41.819000244140625,59299,546.2617750720923,757.9940302534612,0.046205051647463274
13,60.1,272.2966155260587,39.35301208496094,69612,536.6762339826466,749.6866488536459,-0.015487701751109396
13,65.1,278.58251348063146,45.744422912597656,66577,542.4241104285263,749.1763672139027,0.14440914551904324
13,70.0,279.7950707439525,46.670597076416016,70112,530.0272278639891,750.991171268827,0.16757966808618419
13,75.1,280.1882173659296,47.00162887573242,61684,543.8724466636405,750.477595486674,0.17586124198032094
13,80.1,281.90890876898703,48.041725158691406,64386,541.1719317864132,752.9850899263815,0.20188180629507646
13,85.1,280.8312212738017,48.30854415893555,60920,548.4647734734077,749.263476690742,0.2085569392322886
13,90.1,281.5475804657961,48.43696975708008,62946,542.5347917262416,753.8201792012201,0.21176982114613785
13,95.1,280.23667429818227,46.780181884765625,65081,543.0849249396905,754.528633548962,0.1703212013464214
13,100.1,281.97553571140213,48.79719161987305,61927,542.0309235067095,754.0595216948989,0.22078165620598403
13,105.1,281.83522045652495,49.07011032104492,60851,541.6894874365253,754.8094361637442,0.22760938815051052
13,110.0,281.6027313249768,47.83890914916992,66854,533.47214826338,752.07477488258,0.19680786544336787
13,115.0,279.50745138426123,46.97822952270508,66028,537.0770733628158,749.7384442963591,0.17527584966583298
13,120.0,283.3978288221441,49.23050308227539,61994,542.1024131367552,753.1442397651385,0.231622007200879
13,125.1,280.106669392505,47.14262771606445,63589,543.6728522228688,753.3595118652597,0.17938867444333095
13,130.1,282.98537042616584,49.470787048339844,59742,546.1137056007499,755.2267249171438,0.23763330105436467
13,135.1,281.3695824119062,43.240997314453125,61951,540.4778453939404,752.80860680215,0.08177980259090019
13,140.0,282.43475758173804,49.14978790283203,60804,536.8770146700875,752.5145385172028,0.22960271864818085
13,145.0,281.1083531903627,48.73381805419922,60432,541.9643897272967,755.8704659782896,0.2191962107347437
13,150.1,283.11023049178806,48.3992805480957,64601,544.3784461540843,747.1630779709293,0.2108269329708622
13,155.1,279.3453982190672,46.87906265258789,64236,548.0234915000934,750.5105081262843,0.1727949467301583
13,160.1,282.02404498739577,48.60704803466797,61884,540.4804311292095,757.7297524400491,0.216024747188108
13,165.1,279.8018712162906,48.04437255859375,61778,542.205736670012,756.8447343714591,0.20194803750900778
13,170.1,281.71109837944016,50.054664611816406,61090,540.1706662301523,757.1264200360124,0.25224043304907035
13,175.0,281.10089964709977,42.87873077392578,60357,541.6901933495701,759.0907765462167,0.07271681489320503
13,180.1,282.4815805109923,51.712188720703125,60588,543.8580081864395,759.3480887304416,0.29370747161577343
13,185.5,271.64475117434813,41.058929443359375,58756,548.0771665872421,757.8617502893321,0.027190012867369703
13,191.1,271.4288479666038,41.46709060668945,59408,544.0999023700512,758.4779659305144,0.03740116732991724
13,196.8,271.67977735895585,44.196876525878906,56773,549.5961108273299,762.7250629700739,0.10569346991723866
13,202.5,272.3159095928734,36.514095306396484,54332,545.5844621953913,761.8704998895679,-0.08651018094959337
13,208.1,270.9414227342756,40.49468231201172,59716,546.7902572174961,758.7187855851029,0.01307398436962438
13,213.8,272.5125786163522,42.89570236206055,54378,544.9115634999448,759.6312479311487,0.07314140087415659
13,219.4,272.05376917257036,41.20777893066406,58156,539.5136185432285,754.9468842423826,0.03091384855555353
13,225.1,272.6814639421284,42.305763244628906,53636,548.045585054814,758.0628682228354,0.058382624212394915
13,230.7,272.5895857988166,42.62250518798828,54925,544.5023031406463,759.4397269003186,0.06630670224574395
13,236.4,272.24513217737353,41.48335266113281,56288,549.2762400511655,758.0071951392837,0.037808002582063
13,242.0,272.2256307927568,42.63601303100586,53623,543.0152919456203,762.2543871100088,0.06664463413123496
13,247.6,271.40321080373445,41.49645233154297,58054,545.3128122093224,756.0703999724394,0.03813572302678938
13,253.3,273.83538902966166,37.86648941040039,53672,542.1910866000894,760.9963109256223,-0.05267671924158961
13,258.9,273.76580935572787,43.13679504394531,50429,544.2344484324495,756.2870967102263,0.07917292674111984
13,264.6,273.6104013198281,43.383853912353516,52128,543.0357581338244,760.1016728054021,0.08535371142449312
13,270.2,273.8988561830107,44.64817810058594,50008,547.5829667253239,763.3949568069108,0.11698388777798381
13,275.9,272.21606526052767,42.154762268066406,54428,546.5835415594914,753.8177592415668,0.05460496373363867
13,281.5,273.19935128759585,43.61567306518555,50870,548.7367013957146,763.0564969530175,0.09115323717464513
13,287.2,272.3807347767744,42.80856704711914,55146,547.1436006237986,756.4994741232365,0.07096149685597374
13,292.8,274.61970786832035,45.20436096191406,49909,543.5337313911318,759.7500851549821,0.1308981687451084
13,298.5,272.45348837209303,43.38195037841797,51686,549.2134620593584,759.9280269318577,0.08530608984560015
13,304.2,272.66239397875756,46.3910026550293,52348,545.3767670207076,757.9022694276763,0.16058492659644186
13,309.8,273.36878585086043,37.07905960083008,54392,547.3712310633916,754.4368105603766,-0.07237621085499057
13,315.4,271.81510516601793,42.8792839050293,54723,543.7115472470442,762.0620397273541,0.07273065282695149
14,0.1,280.1447681668745,53.176246643066406,35284,166.95853644711485,694.9211540641651,0.06675803856521631
14,5.1,281.7573704827261,54.96426010131836,33953,171.41775395399523,703.7480045945866,0.10262701860918043
14,10.1,280.32327128692367,53.56821823120117,38627,174.21280451497657,703.5036373521112,0.07462130212608022
14,15.1,282.27648450506763,43.66028594970703,34237,166.63413850512603,707.2766013377341,-0.12413974390614867
14,20.1,282.9499959280072,43.873294830322266,36837,173.94855715720607,702.4888291663274,-0.11986661539432829
14,25.1,285.2222117142677,55.10991287231445,31722,165.70074396318012,705.8122123447449,0.10554892968993627
14,30.0,283.7405334499344,54.789466857910156,34305,164.94648010494097,702.65506485935,0.09912052634499013
14,35.1,283.8311991563724,41.384979248046875,39828,169.0791905192327,690.0801948378025,-0.1697842161549955
14,40.0,282.13470810602803,37.99093246459961,44177,172.13373474885123,679.0320302419811,-0.23787150922423805
14,45.1,284.595166163142,42.33218002319336,37734,165.67093337573542,703.6676737160121,-0.15078261102470064
14,50.1,279.19995498537025,38.576107025146484,44430,163.79813189286517,697.5749493585415,-0.22613243951107617
14,55.1,285.3366034807671,42.56216049194336,36084,158.9791043121605,698.7099822636071,-0.1461690188808473
14,60.1,285.04988751406074,43.61450958251953,35560,157.20852080989877,709.1583802024747,-0.12505805444433604
14,70.0,292.55973732523654,48.79431915283203,42486,172.90766370098385,682.5117215082615,-0.021146931599256933
14,75.1,290.4279942617911,53.95834732055664,34157,160.15051087624792,711.5379570805399,0.08244760368778208
14,80.1,295.2837408521019,61.735435485839844,35254,164.75954501616837,708.5672264140239,0.23846221247792707
14,85.1,289.7481267394562,46.533668518066406,37368,162.88086062941554,707.5450117747805,-0.06649739142412746
14,105.1,293.0950931562442,48.26676940917969,32526,150.6024718686589,710.7149972329828,-0.03173000139659728
15,0.1,235.76685413255498,18.743873596191406,70235,262.7821456538763,982.2288460169431,0.006326845388615599
15,5.1,236.74618067087346,18.37168312072754,72264,260.98533156205025,987.2871139156426,-0.013655431227534159
15,10.1,238.4121470706145,18.71002197265625,69844,263.7890727907909,988.6898516694347,0.0045094090220825535
15,15.1,238.5413370775583,18.611976623535156,71933,263.5299931881056,986.148638316211,-0.0007544798096317066
15,20.1,239.42695558671005,18.69259262084961,73469,258.05481223373124,984.540377574215,0.003573656626467331
15,25.1,239.8375082210975,18.96228790283203,69942,262.8955277229705,981.9859169025764,0.018053139799503144
15,30.0,238.99152425768457,18.52582550048828,72678,258.05945403010537,994.8518258620215,-0.005379787776927437
15,35.1,241.807531805141,18.923309326171875,69014,268.27175645521197,983.3513200220245,0.01596044599814697
15,40.0,241.48675788695132,18.79588508605957,70306,265.06747646004607,982.9410861092937,0.009119254239133383
15,45.1,241.90353949005876,18.74304962158203,69106,266.9167366075305,985.0306051572946,0.006282607586590454
15,50.1,239.35743360602484,18.231657028198242,75421,258.53373728802325,986.50017899524,-0.02117319511150176
15,55.1,242.09453113389804,19.022729873657227,67290,265.8313270916927,983.2712884529648,0.021298166902222644
15,60.1,241.61567542774543,18.776891708374023,71947,267.52765229960943,983.8896270866054,0.008099531941525987
15,65.1,242.29866834855153,19.977245330810547,69763,265.99306222496165,985.4215128363172,0.0725444860764487
15,70.0,244.01069440801936,20.678794860839844,68634,264.750502666317,984.8250284115744,0.11020949282199669
15,75.1,242.147734408084,19.75248146057129,68481,265.60413837414757,987.4617631167769,0.06047729434393683
15,80.1,243.76558306819754,20.35857391357422,72290,264.454627196016,981.6402130308479,0.09301737220533565
15,85.1,242.44994287346472,19.744773864746094,70020,268.4116823764639,982.056783776064,0.060063486570826614
15,90.1,243.46040236895087,18.989757537841797,68047,265.98556879803664,988.0318015489294,0.01952793800498032
15,95.1,243.10161512075214,18.1007137298584,72007,265.3772549890983,982.7448025886372,-0.02820331914999774
15,100.1,242.69047949579365,18.682451248168945,72034,261.663506122109,989.216508870811,0.0030291834936717367
15,105.1,243.46697701045528,19.764942169189453,66378,265.7663382445991,988.635526831179,0.06114628869724765
15,110.0,243.53147974506368,20.346973419189453,73587,261.3543696576841,988.1508282712979,0.09239456129812053
15,115.0,242.2275729502392,19.93964195251465,69191,264.38398057550836,986.3737480308132,0.07052562434745394
15,120.0,244.16324825065865,18.565753936767578,70598,263.67055723958185,981.6224963879996,-0.0032360976204589454
15,125.1,242.71265588847334,19.822397232055664,68719,266.54923674675126,983.9369606659003,0.064230953767626
15,130.1,243.4410880584699,20.469594955444336,67864,264.73691500648357,985.4063863020158,0.09897790401662644
15,135.1,242.74102530898836,20.12240982055664,69501,264.34354901368323,985.111811340844,0.08033812180915645
15,140.0,243.39579298548185,20.862831115722656,70739,266.173977579553,980.3924709142058,0.12009008782616845
15,145.0,242.42353987633243,20.111095428466797,69703,264.83379481514424,980.7144599228154,0.07973067124986671
15,150.1,244.71688881640398,18.704545974731445,67447,268.22035079395675,984.0300680534345,0.004215411962790443
15,155.1,242.32161943553746,20.103302001953125,69234,264.5174191871046,981.6033162896842,0.07931225537237889
15,160.1,243.25963903666837,20.733768463134766,69924,263.3214203992907,980.7891711000515,0.11316093247470209
15,165.1,241.91493178744997,19.985811233520508,74693,268.5510288782081,977.6495789431406,0.0730043748933351
15,170.1,242.2636840515229,20.40121078491211,72822,258.58324407459287,985.1094037516135,0.09530647365549791
15,175.0,242.84082256535092,20.380691528320312,70657,268.22968707983637,977.5464851324002,0.0942048295022884
15,180.1,242.57704040674338,18.340036392211914,74740,256.6254883596468,988.7009499598608,-0.01535449051272214
15,185.5,239.15570779447745,18.77298927307129,71525,263.42534778049634,985.4981055574974,0.007890016795823563
15,191.1,239.371723183391,18.65388298034668,72250,261.91454671280275,982.8644705882353,0.0014954015521610334
15,196.8,239.08668206533434,18.57027244567871,69703,260.79947778431347,988.2648379553248,-0.002993506525557166
15,202.5,238.94178027958134,18.781038284301758,69461,267.54794776925183,977.8400253379594,0.00832215458412475
15,208.1,239.34552288304224,17.24726676940918,67845,263.0247328469305,987.533642862407,-0.07402344181609784
15,213.8,236.66977024154093,15.830446243286133,78082,248.24647165800056,979.107233421275,-0.15009013759369588
15,219.4,239.1191198015637,18.472124099731445,68939,263.98109923265497,983.0913561264306,-0.00826292508252457
15,225.1,239.52387216359233,18.856918334960938,66898,267.8566175371461,976.1153248228646,0.012396026060898705
15,230.7,239.3580317237753,18.882280349731445,68466,264.42613852130984,979.1388864545906,0.013757669703325452
15,236.4,239.15657682169885,18.629587173461914,70566,259.62785194002777,979.655145537511,0.00019100080633626792
15,242.0,238.7127391599683,18.70347785949707,70664,261.82480470961167,983.1946111174007,0.004158066663868958
15,247.6,238.71687847944665,17.057395935058594,71132,263.0441292245403,985.4762975875836,-0.08421728551562821
15,253.3,239.68983843235333,18.980606079101562,70373,261.6673582197718,975.8340556747617,0.019036611676006603
15,258.9,238.50181708490743,18.40022850036621,69617,262.2250886995992,980.8639412787106,-0.012122878113857488
15,264.6,238.4597279059053,18.47443962097168,73798,257.1768069595382,984.3806742730155,-0.008138608666648351
15,270.2,239.0074597287886,18.8721866607666,70646,259.68418594117145,979.7915239362455,0.013215756628517424
15,275.9,237.99035304056355,18.417911529541016,73391,256.51176574784375,982.3809186412503,-0.011173506209748411
15,281.5,237.55126430480368,18.336870193481445,72965,253.03119303775782,987.0216542177757,-0.01552447836309654
15,287.2,238.23846565014347,18.68317413330078,71092,259.5524953581275,984.0229139706296,0.0030679939727632412
15,292.8,239.59277877344059,18.843765258789062,68631,261.20879777360085,979.1288776209002,0.011689859665608425
15,298.5,237.72719843765148,18.676176071166992,72199,255.45204227205363,982.8136400781174,0.0026922798625080156
15,304.2,237.74386255433657,18.504318237304688,72465,256.3621748430277,986.2566618367488,-0.006534476331639326
15,309.8,238.27301857710717,18.740190505981445,73962,254.80622481814987,988.9825856520916,0.006129106509655981
15,315.4,237.86701183231455,18.4572696685791,73781,252.15739824616094,987.6948807958688,-0.009060434346811213
16,0.1,216.02499195537916,6.147496700286865,9323,49.58200150166255,895.9007830097609,0.01839765175621812
16,15.1,219.10596562184026,5.925384044647217,4945,39.90252780586451,889.8473205257836,-0.01839765175621812
17,0.1,240.08013090595543,19.90557861328125,51029,1082.784161947128,1028.085382821533,0.011455352213047047
17,5.1,241.22447953917228,20.1907901763916,51733,1083.837299209402,1026.8176599076025,0.025947709738818124
17,10.1,241.03368810400158,19.539039611816406,55153,1080.966692654978,1030.3961887839284,-0.007169468598696712
17,15.1,242.08079970695405,19.386877059936523,51869,1081.5377778634638,1029.1140951242553,-0.014901252260720742
17,20.1,243.29288280415574,19.378393173217773,51495,1083.6127973589669,1025.054296533644,-0.015332341092447717
17,25.1,242.31220402807097,19.20635986328125,52581,1084.6994351571861,1026.9596051805786,-0.024073810781659613
17,30.0,241.80613370733988,19.92142677307129,53475,1080.2813838242168,1027.4858719027584,0.012260639331486668
17,35.1,244.69211913701534,19.908832550048828,51403,1085.6845903935568,1029.089897476801,0.011620693388165352
17,40.0,243.39202060633014,19.72338104248047,53964,1077.7941034763917,1027.2972907864503,0.0021974094158600955
17,45.1,244.22284101165673,19.91748809814453,52073,1082.0069133716129,1028.4261133408868,0.012060504790678168
17,50.1,242.02907957462412,18.92145347595215,54540,1078.1670883755041,1026.1442610927759,-0.03855066151492253
17,55.1,243.97159493272483,19.034502029418945,50836,1080.5985718781965,1028.3434770634983,-0.03280636406517931
17,60.1,243.17689392559123,19.66538429260254,54886,1081.7231716649055,1027.7438873301023,-0.0007495595828634048
17,65.1,249.8503731129645,25.03580093383789,52397,1080.1799530507471,1023.8793251522034,0.27213558286495554
17,70.0,253.52011847002203,26.952566146850586,51321,1080.7335788468658,1024.2388885641356,0.3695315175073141
17,75.1,250.3281749143983,25.33770751953125,52277,1079.9628134743768,1028.2055588499722,0.28747625885837635
17,80.1,254.41846944294213,27.505813598632812,51772,1081.1445375878855,1026.694081743027,0.39764349089300616
17,85.1,251.70002745205696,26.398019790649414,50998,1082.4662535785717,1025.0146868504646,0.3413535433360092
17,90.1,254.29926951172627,27.763103485107422,52020,1082.159996155325,1024.9884851980007,0.41071707382173334
17,95.1,251.955672510285,25.896501541137695,53962,1080.1724546903376,1022.5369148660168,0.31587006819790425
17,100.1,254.4565154966786,28.06251335144043,52237,1083.1435763922125,1027.4615885292035,0.42593088486894676
17,105.1,251.8177751993113,26.164302825927734,53434,1080.3741250888947,1027.5388703821536,0.3294777632110846
17,110.0,255.36350527752677,28.047847747802734,52013,1078.3393959202508,1021.2046795993309,0.42518568657147626
17,115.0,251.95252901755538,26.36861228942871,51779,1081.8992062419127,1022.4383244172348,0.3398592700429412
17,120.0,255.57096699746134,27.905019760131836,51996,1080.18507192861,1024.6859181475497,0.41792821692529575
17,125.1,251.06553234807583,25.857080459594727,55011,1080.4761229572268,1020.2686008252895,0.3138669782756621
17,130.1,254.10925616063278,27.506132125854492,52592,1080.5297383632492,1021.4122870398539,0.39765967610768654
17,135.1,251.41210969919405,25.798234939575195,54221,1078.5971855922983,1023.0494273436491,0.3108768810102753
17,140.0,253.84112958156146,28.61310577392578,54321,1080.9450304670386,1021.3350085602253,0.45390794915981775
17,145.0,251.76505250434388,26.542646408081055,52948,1079.971047065045,1020.0478960489537,0.34870240614053477
17,150.1,255.83240494971776,28.038066864013672,53498,1079.6011252757112,1020.489625780403,0.4246886938715896
17,155.1,250.75928559854526,25.7443790435791,55543,1078.9177214050376,1018.9165151324199,0.3081403198023969
17,160.1,254.2109634551495,26.69045639038086,53578,1080.0658292582777,1020.0609765202136,0.3562130241744111
17,165.1,251.29009593045043,26.341821670532227,53372,1081.2485760323766,1020.7773176946714,0.3384979674956307
17,170.1,253.352623049329,27.820802688598633,54917,1077.230201941111,1016.9802247027333,0.41364892369776135
17,175.0,251.91776273072998,24.802244186401367,53905,1080.8130229106762,1017.9252388461182,0.26026794380609763
17,180.1,254.8336029753603,27.661710739135742,53775,1079.588340306834,1020.2996745699675,0.40556503892834883
17,185.5,241.26521359117228,18.975677490234375,54918,1081.2387559634365,1014.7879201718927,-0.03579539523858121
17,191.1,241.83104824221334,19.074708938598633,52879,1083.474744227387,1015.2219973902684,-0.03076334415222863
17,196.8,241.83416057287917,19.050321578979492,52786,1080.3663850263326,1017.5567385291555,-0.032002530708537334
17,202.5,240.48144601388557,19.370100021362305,54301,1077.691386898952,1019.7139831678975,-0.01575373817885709
17,208.1,241.1749302814096,19.683698654174805,55222,1080.2992104595994,1017.1308355365616,0.00018104180253282134
17,213.8,241.82606503655154,20.03630256652832,51571,1084.1672839386476,1018.6088111535553,0.018097783701372515
17,219.4,241.90854042902714,19.589218139648438,52351,1081.4490458634982,1017.7745028748257,-0.004619764240541753
17,225.1,241.36461393596986,19.44738006591797,53100,1082.1296798493408,1018.7233898305085,-0.01182693372852394
17,230.7,241.7344834232845,19.783390045166016,51880,1080.344198149576,1020.437567463377,0.005246626327684306
17,236.4,241.34080144350048,19.40026092529297,53204,1081.8657431772046,1019.2216938576047,-0.01422118249178455
17,242.0,241.176897639591,19.698993682861328,52618,1079.417822798282,1018.3278535862253,0.0009582228595513943
17,247.6,240.6492382956528,19.393543243408203,55599,1080.216352812101,1017.3189985431393,-0.014562525761870523
17,253.3,241.59874695054336,19.922266006469727,54108,1082.3561950173726,1018.390570710431,0.01230328301088412
17,258.9,240.9665502700021,18.673263549804688,52407,1080.7693819527926,1017.9018260919343,-0.051161851274546886
17,264.6,241.22795663237085,19.31881332397461,54234,1080.7186082531252,1017.9179481506067,-0.01835975157730732
17,270.2,241.26363398497364,19.62578582763672,53506,1082.8225619556686,1015.1049601913804,-0.0027616628282509338
17,275.9,240.94772460336696,20.217206954956055,53639,1079.3657413449168,1017.1027237644251,0.02729001646530612
17,281.5,240.1986450428628,19.08119010925293,52843,1080.814280037091,1020.7513010237874,-0.030434018646336488
17,287.2,240.58638442876457,19.93255615234375,53997,1078.5997370224272,1019.9940367057429,0.012826152670768795
17,292.8,241.72708510145821,19.188156127929688,51844,1080.1067625954788,1016.8600416634519,-0.02499879095477163
17,298.5,239.98983483928308,19.50209617614746,54008,1082.4848911272404,1019.5270700636943,-0.00904666274926321
17,304.2,240.0147003052029,19.69982147216797,55373,1080.5758763296192,1017.9931013309736,0.0010002850342297907
17,309.8,241.92294308691618,19.676910400390625,51728,1079.1975719146303,1018.0386057841015,-0.00016388741332066427
17,315.4,240.41382220386762,19.48358154296875,55693,1081.070242220746,1019.4960048839172,-0.009987440467242918
18,0.1,264.61908088636613,39.73186492919922,45805,694.3787141141797,1101.6480951861151,0.02779850934791625
18,5.1,261.69339458749954,39.477928161621094,51806,692.2347990580241,1096.2653553642435,0.02122957955691574
18,10.1,265.24137714656234,36.83409118652344,47809,692.492396829049,1101.816938233387,-0.047162168648371486
18,15.1,266.71629700225265,38.667179107666016,46168,689.6867960492116,1103.3364668168429,0.00025682455044549155
18,20.1,265.2636561980824,38.575191497802734,49959,688.4585159831062,1097.3398386677075,-0.0021227448069061836
18,25.1,266.61164247323205,40.6213493347168,47258,690.2392610774896,1103.2732024207542,0.05080801941517022
18,30.0,265.5618567354193,36.79056167602539,48386,688.2933286487827,1101.3711197453808,-0.048288206051404575
18,35.1,267.42365873336024,39.57262420654297,49580,690.8957845905608,1100.2810004033884,0.023679211709478485
18,40.0,267.24573846216737,40.241512298583984,48926,693.1717082941585,1101.8490986387606,0.04098225512678086
18,45.1,268.9415795858429,41.148712158203125,46987,687.2588801157767,1104.0998786898504,0.06445003508271116
18,50.1,266.9903642074879,40.16224670410156,47116,686.3211223363613,1104.2587443755838,0.03893178354693469
18,55.1,268.28511637838994,39.299442291259766,46830,687.1904761904761,1102.1478752936152,0.01661244135250637
18,60.1,265.4230934018852,37.4537353515625,51348,684.6365973358261,1100.275901690426,-0.031132985263998228
18,65.1,268.431283794855,39.45641326904297,48824,692.6765525151565,1100.1046616418155,0.0206730243949574
18,70.0,269.6352943604135,41.07198715209961,48461,688.4903117971152,1101.9596582819174,0.06246528437837284
18,75.1,268.9020808598388,41.45387268066406,48009,686.3663896352767,1101.6180716115728,0.07234403982314015
18,80.1,268.84462015814233,41.37051010131836,49955,688.8649384446002,1099.8304874386947,0.07018758593053809
18,85.1,267.8724475354818,40.7237434387207,49462,684.8964053212567,1103.753588613481,0.0534567877941216
18,90.1,267.6812367372033,39.962223052978516,50423,688.5393372072268,1100.9737024770443,0.03375749810060745
18,95.1,270.27433279375754,40.72165298461914,48186,685.8696716888722,1104.3423816046154,0.05340271115781785
18,100.1,267.73166137985726,39.64151382446289,50440,688.9029540047582,1100.4578310864392,0.02546127370767098
18,105.1,266.11445054433796,39.405555725097656,53735,685.2679817623523,1096.4901646971248,0.019357422724881404
18,110.0,268.7172054474865,35.06998825073242,49711,684.1826959827805,1099.6863269698858,-0.09279663284916459
18,115.0,269.15181276773586,42.388084411621094,47855,688.6495037091213,1103.2333925399644,0.09651057281130929
18,120.0,270.5274741141042,41.38186264038086,48482,688.0256796336785,1101.187347881688,0.07048125759046504
18,125.1,268.40586563872273,41.32401657104492,50327,691.3863731197965,1099.0083851610468,0.06898487417274585
18,130.1,268.5274387158155,41.13018798828125,49401,688.7374749498998,1100.7831420416592,0.06397084503546475
18,135.1,268.00287145771034,38.641868591308594,50497,688.8063845376953,1100.2684119848705,-0.00039791720480159996
18,140.0,268.931644902263,41.703697204589844,49316,684.8570849217292,1102.5862397599155,0.07880659258141175
18,145.0,266.92584655778217,40.920196533203125,51798,686.5145372408201,1097.7614386655855,0.05853870876676214
18,150.1,270.9576155150921,43.20881652832031,48933,687.2304375370404,1101.847546645413,0.11774157336012794
18,155.1,266.93728174877185,35.73040771484375,50687,686.1104227908537,1099.5680746542505,-0.07571265901688837
18,160.1,268.87111922240905,37.09531784057617,48766,686.2122995529672,1100.2543575441907,-0.04040466139026062
18,165.1,268.1583879847786,42.275970458984375,49404,688.8620152214396,1103.3256011658975,0.0936103678095441
18,170.1,269.4056625569721,42.12949752807617,47611,686.470605532335,1103.8095818193274,0.0898213521085309
18,175.0,268.6527160468998,42.23117446899414,49723,684.3146230114836,1102.0754178146933,0.09245156864875034
18,180.1,269.52523117569353,41.7899055480957,49205,687.160491819937,1102.6145920130068,0.08103666174898205
18,185.5,265.8120827029753,40.19931411743164,49575,684.3640746343923,1102.1507816439737,0.03989065704139377
18,191.1,265.1278263968637,37.17172622680664,50506,684.8033104977626,1100.3405733972202,-0.03842810112536247
18,196.8,266.2701874144168,40.735774993896484,48929,686.6130106889575,1102.3657544605448,0.053768024492847954
18,202.5,265.9516155758078,39.75629806518555,48280,686.4082642916321,1101.2637116818557,0.028430554704714686
18,208.1,264.8292445103163,39.96451187133789,51278,684.4525527516673,1099.9439525722532,0.03381670609656047
18,213.8,266.00257187663357,36.38896942138672,47825,683.794228959749,1103.192242550967,-0.058676742341327345
18,219.4,266.36728045033715,36.91201400756836,48497,683.0710765614368,1101.946367816566,-0.04514643242615109
18,225.1,267.3161681985099,41.24065017700195,47111,685.8936341830995,1103.336078622827,0.06682832160015052
18,230.7,266.952473204321,41.882530212402344,47489,683.8556718397945,1103.7755690791553,0.08343271066520733
18,236.4,265.73979529669793,39.02605056762695,49242,679.8611551114902,1103.4401120994273,0.009540243595905233
18,242.0,266.29436003634595,34.498313903808594,47323,682.3094055744564,1101.8246307292436,-0.1075849153183559
18,247.6,265.17491440401307,36.93315124511719,50236,681.1377299148021,1103.4944860259575,-0.04459964658352499
18,253.3,266.7886153396396,35.783607482910156,47889,679.6916828499238,1101.6770030695984,-0.07433646783095378
18,258.9,266.11653059946127,39.00775909423828,47893,682.475560102729,1104.614014574155,0.009067073028247387
18,264.6,264.70396097560973,39.35350036621094,51250,675.4534829268292,1102.1396487804877,0.01801083553692333
18,270.2,265.17277423764244,36.762054443359375,49747,678.2441353247432,1100.4848332562767,-0.04902564164099938
18,275.9,266.6430809620596,38.73262405395508,47232,681.3901592140921,1103.8563897357724,0.001949778514728702
18,281.5,266.89772850072404,42.01179504394531,46269,681.4210162311699,1107.1921156714,0.0867765809166471
18,287.2,265.01629047291,36.34716033935547,49354,677.8444502978482,1104.4647850224906,-0.05975827506740242
18,292.8,265.923865088855,34.67263412475586,48506,673.8130334391622,1103.2945408815403,-0.10307553566658102
18,298.5,264.7389821454254,37.39780807495117,48671,678.8268578825173,1102.5990014587742,-0.03257973264511015
18,304.2,264.5064510990761,39.16542434692383,50224,675.1082151959223,1102.3860704045874,0.01314561582947083
18,309.8,266.23005166763835,42.07114028930664,49741,675.9825093986852,1104.2800104541525,0.08831174557171553
18,315.4,264.3127398834921,37.837345123291016,51327,674.9013579597482,1100.8610283086875,-0.021209626462279647
19,0.1,226.28092799407662,14.070505142211914,16207,63.432220645400136,1130.0461528968965,-0.15863226877518502
19,5.1,233.715382996633,18.133024215698242,9504,53.36868686868687,1156.0545033670035,0.08429237546252719
19,10.1,233.5572689270785,17.18875503540039,10765,63.55940548072457,1153.2262888992104,0.027828331715493274
19,15.1,234.1528644356211,17.4996395111084,10578,57.45604083947816,1151.9555681603329,0.04641815229092881
19,20.1,234.4238034731046,16.724933624267578,11805,65.56467598475223,1145.7502753070733,9.34093062357384e-05
19,25.1,232.29121222646754,15.955060005187988,14395,70.80500173671413,1136.7663772143105,-0.04594238071466217
19,30.0,234.90358586746353,17.800615310668945,11378,58.355510634557916,1150.142819476182,0.06441546817052228
19,35.1,235.00982941213775,16.75995445251465,15769,76.97171665926818,1136.5610374785972,0.002187534180221566
19,40.0,236.74943623152092,16.755210876464844,11973,66.09939029483003,1147.3976447005764,0.0019038846752053493
19,45.1,235.92648293762883,16.78551483154297,13099,60.30445072142912,1141.5334758378501,0.003715956784452494
19,50.1,236.27313288069834,18.277984619140625,10310,48.5835111542192,1149.7954413191076,0.09296050816487439
19,55.1,235.32995854591837,16.48922348022461,12544,65.56433354591837,1143.8549107142858,-0.014001245229310722
19,60.1,236.8538578999371,17.949153900146484,11133,59.931554836971166,1151.0997035839396,0.07329756407005904
19,65.1,236.43557486544321,18.691545486450195,15421,76.49730886453537,1134.9321055703263,0.11769002321318205
19,70.0,239.71874521805663,20.562801361083984,13070,67.03557765876052,1142.0523335883704,0.2295846775890545
19,75.1,238.34507262220833,20.073440551757812,12806,62.27369982820553,1144.5873028268,0.20032258715721266
19,80.1,241.2080974438154,21.155725479125977,11658,57.41996911991765,1147.456853662721,0.26503949708155794
19,85.1,239.802686045442,20.152904510498047,10871,51.40594241560114,1149.7946831018305,0.20507425811739988
19,90.1,240.93661163591418,21.280902862548828,11327,59.134810629469406,1149.6762602630881,0.2725246733440064
19,95.1,237.07660637149027,18.612232208251953,14816,69.17967062634989,1137.986568574514,0.1129473624302752
19,100.1,242.23975631325538,22.435203552246094,10177,55.739019357374474,1153.5148865087942,0.34154787774398393
19,105.1,240.40931304748733,20.232887268066406,10845,50.17897648686031,1148.4852927616414,0.20985695146012204
19,110.0,240.3487243831033,21.49146842956543,11955,57.054286909243,1146.7728147218736,0.28511576880250067
19,115.0,238.06851971557853,19.779510498046875,12376,61.87483839689722,1144.703539107951,0.18274658260513424
19,120.0,243.97521973948957,22.36924934387207,9443,49.33972254580112,1154.2744890395002,0.3376040433113519
19,125.1,239.235073673452,20.205554962158203,11741,57.962524486840984,1147.836640831275,0.20822257373318903
19,130.1,240.99009523809525,20.832082748413086,10500,49.93485714285714,1149.711523809524,0.24568677681209206
19,135.1,239.02140485759216,19.993011474609375,11446,57.32884850602831,1149.6338458850253,0.19551320544128029
19,140.0,239.00285918513222,19.936891555786133,12591,64.51505043284887,1144.4129139861807,0.19215742764228866
19,145.0,238.69684428349714,19.788795471191406,11598,63.73693740300052,1149.0542334885324,0.1833017920102082
19,150.1,241.69113405898224,20.61040496826172,10749,55.39026886221974,1150.3097032282074,0.23243120929238972
19,155.1,237.93916718020952,19.290884017944336,11359,58.621357513865654,1149.4203715115768,0.1535284025309246
19,160.1,236.3422116212814,18.785226821899414,15093,73.16027297422646,1135.3277678393958,0.12329184431827915
19,165.1,235.96548507462686,18.32498550415039,13936,70.15420493685419,1140.0452784156143,0.09577099915908814
19,170.1,241.13325692852678,21.779376983642578,9598,55.04386330485518,1156.353719524901,0.3023317084219952
19,175.0,235.2837035123967,17.844745635986328,15488,73.72533574380165,1137.6511492768595,0.06705430958490113
19,180.1,240.30883185506698,21.6710205078125,10598,55.29165880354784,1152.5250047178713,0.2958523644815162
19,185.5,229.78181143281367,14.79979133605957,13470,58.96295471417966,1141.6746102449888,-0.11502346694970028
19,191.1,233.26109880839397,16.3486385345459,9483,54.73847938416113,1155.6492671095646,-0.022407740631896277
19,196.8,231.26005288593052,14.822976112365723,10967,52.75863955502872,1149.2999908817362,-0.1136370972037314
19,202.5,231.69514581198175,15.332310676574707,10733,64.43594521568993,1151.2882698220442,-0.08318064504429415
19,208.1,231.1790347690711,14.699817657470703,11562,63.812056737588655,1147.6993599723232,-0.12100154849591058
19,213.8,231.22559939588447,14.687747955322266,10594,62.398338682272986,1149.850670190674,-0.12172327510135594
19,219.4,228.72884730240892,13.410836219787598,15069,74.31866746300352,1134.0168557966686,-0.1980781976178232
19,225.1,228.771668779609,13.14946174621582,14987,78.98465336625075,1132.2077133515713,-0.21370749063939526
19,230.7,229.6895394223263,13.885890007019043,12810,68.77658079625293,1142.8487900078064,-0.16967161781610868
19,236.4,230.3454462242563,14.405194282531738,10925,60.42700228832952,1150.06471395881,-0.1386190112687664
19,242.0,231.74900489025362,14.853724479675293,8793,58.643921301034915,1158.6477880131922,-0.11179845077415101
19,247.6,229.28977051730843,13.98161506652832,12855,68.35807078957605,1141.3649163749515,-0.16394758905334172
19,253.3,234.5308064516129,14.047432899475098,6200,49.10516129032258,1165.1866129032258,-0.16001190940141286
19,258.9,231.65231498814427,14.465739250183105,8013,50.238612255085485,1160.9865219019093,-0.13499863079521202
19,264.6,232.71555078491883,14.866665840148926,7453,45.23453642828391,1160.7814302965248,-0.11102460200393185
19,270.2,232.5144015659955,14.84981918334961,7152,56.20567673378076,1163.8843680089485,-0.11203197403974036
19,275.9,231.37315917531055,15.017698287963867,7809,51.874503777692404,1160.365731847868,-0.10199338196776113
19,281.5,231.75867670949637,14.900984764099121,6771,46.04563579973416,1163.836804017132,-0.10897244858866978
19,287.2,230.7680879333253,14.256688117980957,8279,55.12199541007368,1159.0811692233362,-0.14749916826939471
19,292.8,234.35936285936285,14.831266403198242,5148,39.77797202797203,1168.5759518259517,-0.11314136637399558
19,298.5,226.70636717688615,12.470062255859375,11041,57.25613621954533,1149.1398424055792,-0.2543332394678156
19,304.2,230.6851851851852,14.575958251953125,7020,47.263675213675214,1164.0304843304843,-0.12840791422037504
19,309.8,228.88789420142422,14.747965812683105,9830,52.14211597151577,1153.5144455747711,-0.11812245469620135
19,315.4,228.8082582411315,13.95292854309082,8767,55.379605338200065,1159.1282080529259,-0.1656629443229211
20,0.1,248.0591422121896,29.244796752929688,4430,1171.7652370203161,1159.3634311512415,0.05222835887483656
20,5.1,246.57462223142207,26.877431869506836,4831,1169.1229559097496,1158.4044711239908,-0.03294947591016332
20,10.1,247.74617926476662,29.535465240478516,4842,1168.9884345311855,1160.2116893845518,0.06268661673910073
20,15.1,248.52155741311043,26.70646858215332,4546,1171.197976242851,1158.2626484821822,-0.03910073833129181
20,20.1,249.5096341199394,26.60185432434082,4619,1168.2569820307426,1160.1545789131847,-0.04286476137248216
20,25.1,249.23602620087337,26.558107376098633,4580,1170.9157205240174,1158.9144104803493,-0.04443877742544201
20,30.0,248.19612111616863,26.922237396240234,5053,1167.64476548585,1158.9653671086483,-0.03133737218239563
20,35.1,250.64005602240897,26.190284729003906,4998,1166.1430572228892,1160.3993597438975,-0.05767304345844872
20,40.0,249.21722633276417,26.667875289916992,5271,1166.0929614873837,1159.2988047808765,-0.04048932574041239
20,45.1,251.80769230769232,28.016082763671875,4706,1168.6277093072674,1160.3667658308543,0.008019205521299142
20,50.1,249.64389233954452,27.094852447509766,4830,1168.159420289855,1159.9089026915115,-0.025126679263278686
20,55.1,250.72524700441454,26.47112464904785,4757,1166.1301240277485,1162.5171326466261,-0.04756841764514818
20,60.1,250.746980795882,28.30410385131836,5051,1167.5375173233024,1159.6515541476936,0.01838220988532316
20,65.1,252.1701776882213,29.061391830444336,5459,1166.1685290346218,1157.5283018867924,0.04562944617844398
20,70.0,253.98293912369135,28.02789878845215,5158,1165.9042264443583,1159.7328421868942,0.008444346323883998
20,75.1,253.53070175438597,29.282611846923828,5016,1166.7272727272727,1160.1449362041467,0.053588946695990285
20,80.1,255.6293592862936,29.5286808013916,4932,1168.0640713706407,1159.2779805352798,0.06244251248812505
20,85.1,251.2118252840909,28.397016525268555,5632,1164.7748579545455,1157.9050071022727,0.02172520971039436
20,90.1,253.4489950701555,28.89868927001953,5274,1163.5396283655668,1160.8170269245354,0.03977540487369887
20,95.1,256.05490360435874,29.408451080322266,4772,1167.330050293378,1160.673302598491,0.058116644773688185
20,100.1,257.9020370794232,32.340641021728516,4369,1167.9031815060655,1164.6033417257954,0.16361689618665515
20,105.1,256.05574837310195,31.139404296875,4610,1169.0344902386116,1162.1180043383947,0.12039637534353538
20,110.0,256.53268817204304,28.54694175720215,4650,1168.5627956989247,1159.3187096774193,0.02711952248624263
20,115.0,254.41647501568053,29.48463249206543,4783,1167.6293121471879,1160.0825841522058,0.06085765345747216
20,120.0,257.4953473274183,29.81450080871582,4621,1168.806535381952,1160.008223328284,0.07272632193912519
20,125.1,254.6520932150959,30.72212791442871,4849,1167.7123118168695,1160.6650855846567,0.10538276294581195
20,130.1,255.9286967968407,29.038288116455078,4558,1170.0149188240457,1160.5120666959192,0.04479817409745764
20,135.1,254.46930972026564,31.003210067749023,4969,1168.8512779231235,1158.4862145300865,0.11549610431713157
20,140.0,255.09295059558679,32.39857482910156,5121,1168.247607889084,1158.2858816637377,0.16570135570848119
20,145.0,251.4652211621856,28.43712043762207,5765,1163.8291413703382,1158.314657415438,0.023168149260862348
20,150.1,259.63344051446944,31.55498504638672,4354,1171.9956361966008,1158.0535140101056,0.13534897883512517
20,155.1,255.2842594642462,30.353172302246094,4517,1168.7708656187735,1161.4990037635598,0.09210773280679467
20,160.1,255.2670501232539,30.786283493041992,4868,1167.9735004108463,1159.7132292522597,0.1076910819184906
20,165.1,252.5832216050565,31.633939743041992,5221,1167.9904232905574,1158.2635510438613,0.1381897703642616
20,170.1,255.27799385875127,32.079193115234375,4885,1167.7512794268168,1160.3306038894575,0.15420999539996966
20,175.0,256.72988379741287,32.8623161315918,4561,1169.4014470510854,1160.4417890813418,0.18238677683772517
20,180.1,256.33705583756347,32.98582458496094,4925,1168.685076142132,1158.4665989847715,0.1868306134044047
20,185.5,248.30991396968454,29.441686630249023,4882,1167.5241704219582,1160.461900860303,0.059312460509772305
20,191.1,251.12579852579853,27.741546630859375,4070,1170.1257985257985,1162.140294840295,-0.0018586099041817041
20,196.8,248.30179028132991,27.84483528137207,4692,1167.4814578005114,1160.5119352088661,0.0018577177604474663
20,202.5,246.07597208374875,27.793912887573242,5015,1168.1866400797608,1158.9068793619142,2.552903608741993e-05
20,208.1,246.9519250356488,27.734846115112305,4909,1169.0008148299044,1157.7584029333877,-0.002099694591749194
20,213.8,246.62371242379652,28.070833206176758,4757,1167.123817532058,1160.011351692243,0.009989127512937285
20,219.4,246.78577075098815,27.169599533081055,5060,1168.587351778656,1156.7982213438736,-0.02243727766319831
20,225.1,249.55683149753926,29.531185150146484,4267,1169.1265526130771,1162.420435903445,0.06253261900528306
20,230.7,247.67860928556286,27.377521514892578,4717,1167.1049395802418,1160.3366546533814,-0.014956240692967842
20,236.4,248.94915254237287,28.3061466217041,4484,1169.834745762712,1159.8519179304192,0.018455708803736134
20,242.0,247.30238611713665,26.858545303344727,4610,1168.382863340564,1160.0498915401301,-0.03362901492988814
20,247.6,247.93639344262294,27.418384552001953,4575,1169.1046994535518,1160.0646994535518,-0.01348598781894396
20,253.3,248.3602020645728,27.557727813720703,4553,1169.7610366791127,1159.145837909071,-0.008472414538291942
20,258.9,248.54602076124567,26.639644622802734,4335,1169.512341407151,1160.2936562860439,-0.04150506569506266
20,264.6,248.08130939809925,27.73590850830078,4735,1168.5022175290392,1159.2236536430835,-0.0020614696640591595
20,270.2,246.0968851519205,26.81134796142578,5233,1168.3944200267533,1155.7150773934645,-0.03532717621478923
20,275.9,246.98773006134968,27.50667381286621,5053,1168.6117158123886,1155.2515337423313,-0.010309338487087557
20,281.5,247.6010329244674,27.358854293823242,4647,1170.3283839035937,1157.8844415752098,-0.015627887671966708
20,287.2,245.84036363636363,27.787744522094727,5500,1167.3398181818181,1155.2254545454546,-0.00019640887441450494
20,292.8,250.39249378250057,28.812517166137695,4423,1170.9654080940538,1158.3246665159395,0.03667493089145816
20,298.5,250.6015274034142,31.394250869750977,4452,1171.8638814016172,1158.4530548068285,0.12956576001759032
20,304.2,249.04471794871796,30.83479881286621,4875,1170.1671794871795,1156.907282051282,0.10943666407418848
20,309.8,248.4038350910834,29.524700164794922,5215,1168.2126558005752,1156.103355704698,0.06229928910555934
20,315.4,250.20081883316274,31.894956588745117,4885,1170.36417604913,1157.1629477993858,0.14758116157525955
21,5.1,237.42953220298543,15.680123329162598,67059,956.0259771246216,77.16911973038667,-0.0862090650247205
21,10.1,240.7018000595061,15.172576904296875,53776,909.7097218089855,83.28588961618566,-0.11578736057669677
21,15.1,238.79417736723195,18.717618942260742,69934,961.6882346212143,76.30095518631853,0.09080714192781097
21,20.1,239.09245785760635,17.738813400268555,72433,965.7847804177654,81.09984399375975,0.03376526715425374
21,25.1,238.73144363166955,18.487972259521484,74368,962.7367416092943,82.5359563253012,0.07742401651935255
21,30.0,238.90257432725696,44.23163604736328,73728,954.3693169487847,82.57590060763889,1.5776881476457705
21,35.1,240.5483072412458,31.394149780273438,72308,967.8916440781103,81.53653814239088,0.8295576430266576
21,40.0,243.65563976644367,16.69465446472168,51722,904.6687676423959,78.57809056107652,-0.027085208951480293
21,45.1,243.83462823186372,15.737344741821289,54187,914.7854651484673,83.34236994112979,-0.08287437134429877
21,50.1,242.33936904984134,18.849102020263672,53570,905.2983572895278,81.37283927571401,0.09846958451576358
21,55.1,240.90903144928325,17.422786712646484,73388,964.1797705346924,80.83013571701096,0.015348172065325337
21,60.1,241.40393934016734,17.217777252197266,73261,949.1329220185364,82.7384010592266,0.0034008306694669477
21,65.1,244.70621256815946,18.3161563873291,55935,912.0675248055779,81.68547421113793,0.06741109868711408
21,70.0,245.33242059145672,20.2674503326416,63910,937.5886872163981,78.37407291503678,0.1811267041876441
21,75.1,241.5892825831861,20.17675018310547,74141,963.7051563912006,82.8329129631378,0.17584096933038856
21,80.1,245.97451204402466,19.589933395385742,62147,931.3132572771011,78.64601670233479,0.141643032882255
21,85.1,243.4954005658236,19.199127197265625,59029,928.2991749817886,77.74222839621203,0.11886801041096247
21,90.1,247.19810685423525,51.71078872680664,53456,903.6937668362766,79.88373615683928,2.013550913282347
21,95.1,245.7254666713716,26.595211029052734,56678,905.0019407883129,84.10866650199372,0.5498897707586363
21,100.1,244.69259637324367,18.511125564575195,66616,955.6825837636604,76.26927464873303,0.07877332225047834
21,105.1,245.64091042476707,15.799386978149414,54524,900.615985621011,85.99649695546915,-0.07925873440368918
21,110.0,244.90513476236998,18.67570686340332,69604,964.7858887420264,78.08877363369922,0.088364630671879
21,115.0,244.4073868320132,20.13685417175293,55802,912.6552453317086,79.4204150388875,0.17351594849028984
21,120.0,246.3135662729659,20.278972625732422,60960,925.0318569553806,80.15976049868766,0.18179818914700901
21,125.1,244.64595791219065,20.970966339111328,56691,912.5571254696513,81.00047626607397,0.2221255238924875
21,130.1,246.18783824666374,19.275470733642578,59498,919.9590742545968,80.1964939997983,0.12331708456814519
21,135.1,243.45806878103525,18.43975830078125,65047,937.5348132888527,78.63195843005826,0.07461425045366361
21,140.0,244.33221062890559,19.303613662719727,69772,947.3866737373158,79.19547956200195,0.12495717074186305
21,145.0,245.2364621937054,15.579549789428711,54237,897.0460571196785,81.57431273853642,-0.0920701916866694
21,150.1,247.17457410705285,19.313358306884766,59522,931.9776049191895,76.72452202546957,0.12552505961082439
21,155.1,242.82699423718532,18.385456085205078,65940,952.0320897785866,76.63365180467092,0.07144967889380273
21,160.1,244.57637145367812,14.247849464416504,63728,963.4577108963093,80.79326198845092,-0.16967772445629697
21,165.1,242.6923044774456,25.890804290771484,71782,962.6764230587055,80.02867014014656,0.5088390418539877
21,170.1,247.23354453969438,17.656354904174805,53660,903.0757733879985,83.18827804696235,0.02895983133845093
21,175.0,243.58957681140615,17.46517562866211,61651,926.3815672089667,81.22233216006228,0.017818471972116647
21,180.1,245.77143677427588,20.305015563964844,62696,927.2948672961593,81.76904427714686,0.18331589410234236
21,185.5,238.56971677559912,16.744857788085938,58752,930.6289317810457,77.22712418300654,-0.02415950863440623
21,191.1,237.2638868315805,17.617530822753906,67510,951.9314471930085,79.84322322618871,0.026697279385483996
21,196.8,237.7732810808338,13.290692329406738,65579,946.0996203052806,76.261623385535,-0.22545799448084047
21,202.5,238.9756435335053,11.658507347106934,57767,909.3912960686897,84.25244516765628,-0.32057687905328736
21,208.1,238.98688994725254,15.580034255981445,58581,909.0749901845309,86.2121336269439,-0.09204195841739632
21,213.8,236.9086984884867,16.34185791015625,72047,962.7409885213818,83.10949796660513,-0.04764514248547362
21,219.4,237.06123800066203,17.059619903564453,72504,954.6835209091912,80.2585374600022,-0.005816109047556774
21,225.1,238.64680377237528,17.108421325683594,59273,923.9326843588143,77.51579977392743,-0.002972107364009151
21,230.7,239.30311858692465,14.307463645935059,54576,902.7021401348578,85.2889914980944,-0.1662035873258631
21,236.4,237.064964320694,16.8785343170166,71470,956.5012592696236,82.9211837134462,-0.016369238252500688
21,242.0,236.62749413570415,17.078495025634766,69062,946.8459500159278,80.99797283600243,-0.004716123091940919
21,247.6,239.75964221692448,17.6176815032959,54111,911.394485409621,83.24266784942064,0.02670606059915555
21,253.3,240.1638262383059,16.16370391845703,55156,899.2132496917833,83.88313148161578,-0.05802742706493435
21,258.9,236.73708649340782,16.438602447509766,71069,951.2702725520269,81.08594464534467,-0.042007158689925175
21,264.6,237.3009230508666,16.650175094604492,70852,949.7230988539491,82.16167504093039,-0.02967733430363892
21,270.2,228.15873015873015,5.558376789093018,63,1163.7936507936508,100.15873015873017,-0.6760743384203053
22,5.1,232.11494252873564,5.274056434631348,87,1151.448275862069,116.3103448275862,0.0
23,5.1,233.25196140319235,18.266597747802734,11089,26.740102804581117,465.7161150689873,0.2851757557179761
23,15.1,239.9209004543577,8.950218200683594,24210,56.05006195786865,515.5389508467575,-0.3702930562814876
23,30.0,238.20424170170045,19.245290756225586,15937,39.53843257827697,497.622513647487,0.35403327062477014
23,50.1,237.97350654664484,10.391121864318848,9776,23.099836333878887,476.4795417348609,-0.26891597006125867
24,20.1,263.200401417619,19.926074981689453,55304,1065.184525531607,779.770667582815,-0.3900629378794956
24,25.1,265.0582035959193,35.08156204223633,77143,1025.7510337943818,744.7695448712132,0.07384645025688931
24,30.0,263.7232923550753,35.10082244873047,76626,1032.3794273484195,753.4784146373294,0.07443601120971509
24,35.1,266.5887484047522,36.516727447509766,76007,1030.0637572855132,750.3310089860145,0.11777685660906119
24,40.0,266.4969497003569,36.720149993896484,74255,1032.758790653828,753.243552622719,0.12400361980382998
24,45.1,266.8288904995839,36.65830993652344,74502,1031.8435209793026,751.4847252422754,0.12211069593647828
24,50.1,264.25893552132914,35.565460205078125,78367,1029.4746002781783,747.1302333890541,0.08865857076132648
24,55.1,266.3365806861328,31.232208251953125,74009,1032.5851450499263,751.9092002324041,-0.04398225128444652
24,60.1,263.1248745470937,28.311609268188477,117574,940.0272934492319,732.3946280640278,-0.13338177253619804
24,65.1,268.31985570055446,30.63098907470703,82606,1022.2275863738712,742.5018884826768,-0.06238556749182625
24,70.0,273.06594309260583,41.27804946899414,74261,1030.7381532702225,748.5666635245957,0.2635209014479215
24,75.1,268.2793261520199,31.179656982421875,79187,1028.5813580511954,748.1811282154899,-0.0455908453993461
24,80.1,272.9649009098841,32.360416412353516,80230,1019.1605384519506,745.4718933067431,-0.009447804764128912
24,85.1,270.0365673048442,40.65932083129883,74274,1031.3054096992219,750.8786250908797,0.2445816207379729
24,90.1,272.82454485920107,42.066768646240234,76350,1024.4901768172888,749.2511853307138,0.28766359177954226
24,95.1,269.1515957757162,35.09417724609375,85695,1030.0430363498454,741.0328723962891,0.07423260158804297
24,100.1,272.5764697764284,39.1727180480957,72460,1037.3411261385593,754.7632486889319,0.1990767164876226
24,105.1,270.3659018774544,37.75798416137695,74356,1036.5089569100005,752.2626284361719,0.1557717188229799
24,110.0,268.03333638687866,30.350160598754883,120079,937.864056163026,732.7823099792637,-0.07098172582905185
24,115.0,256.50143624602566,25.6954288482666,45605,777.2406095822827,703.1234952307861,-0.2134630429705745
24,120.0,258.5522929257021,26.206439971923828,42195,767.5713473160328,700.9991468183434,-0.1978209948622139
25,30.0,270.72537172898114,39.31793212890625,25489,694.1843932676841,213.10439797559732,0.0
26,50.1,231.913438472924,14.761425971984863,19593,1132.192517735926,79.38937375593324,0.0
27,70.0,263.9141507118311,112.42708587646484,16296,1151.0354074619538,626.1059769268533,0.14054137473491093
27,85.1,258.85380938993535,124.16232299804688,14228,1157.8935198200732,627.3361681192016,0.2595920765755357
27,90.1,263.9011879420449,119.14929962158203,14563,1154.3242463778067,631.0657831490764,0.20873635503122803
27,100.1,264.0256527018822,6.872857093811035,13176,1157.3750758955678,628.2168336369156,-0.9302767850200699
27,115.0,259.3222242184693,130.25563049316406,11132,1162.6286381602588,628.8125224577793,0.3214069786783955
27,140.0,264.016275324235,136.3359375,11797,1158.017207764686,631.3275409002289,0.3830899944599039
28,115.0,241.88733818770226,20.627574920654297,9888,29.28418284789644,484.0013147249191,-0.02103082070259036
28,130.1,242.30817194142654,21.513843536376953,10585,27.934152102031177,476.91251771374584,0.02103082070259036
29,115.0,269.2262868199825,40.9472541809082,76487,1035.2241426647665,751.2498333050061,0.14525171046874497
29,120.0,273.33467913028943,41.61331558227539,77773,1030.0376737428157,751.1101667673871,0.16388074859234744
29,125.1,264.91892024781197,29.138025283813477,122028,940.6590782443374,729.9932720359262,-0.18504002372085862
29,130.1,272.4809063706945,41.16905975341797,75863,1033.9735180522785,751.5167736577779,0.15145537946657356
29,135.1,270.60220380511186,25.902015686035156,74689,1029.243877947221,752.9383978899168,-0.27554781480680773
29,140.0,272.032266917588,42.611751556396484,76518,1031.1145612796988,752.1308450299276,0.19180595456840172
29,145.0,268.7015632401705,31.234909057617188,80218,1031.1664588994988,743.3045575805929,-0.12639238600642194
29,150.1,269.25450615912933,35.93412399291992,117062,935.4782850113615,731.0982214552972,0.005039722206221144
29,155.1,256.5328146538632,25.930801391601562,42801,777.6960818672461,701.9556085138198,-0.27474270884313734
29,160.1,257.2996807940539,25.686275482177734,42919,765.2603508935437,701.2267061208323,-0.28158184181123114
29,165.1,255.4873514892411,24.971546173095703,42337,764.2912818574769,703.6650447599027,-0.3015720702190248
29,170.1,256.45392309496896,26.368549346923828,46889,767.5797095267546,701.2047601782934,-0.26249935810777186
29,180.1,257.7212728344137,27.092510223388672,42425,763.3167472009428,702.6688037713612,-0.24225093245215384
29,185.5,252.21240605720695,23.489938735961914,44575,768.5949523275378,698.878407178912,-0.3430110747521256
29,191.1,252.27793921650024,23.55377769470215,45769,770.2491861303503,698.0386506150451,-0.3412255660982661
29,196.8,251.42738741858,24.003206253051758,46211,767.1260955183831,698.6126463396162,-0.3286555211592485
29,208.1,252.5904127206828,23.4263973236084,42765,770.5522740558869,697.8363848941892,-0.3447882613459313
29,213.8,250.97653274628507,23.528398513793945,45425,757.8827738029719,703.65133736929,-0.34193539514362775
29,219.4,252.15537307940014,23.2655086517334,43476,758.9201858496642,699.957838807618,-0.34928814858735224
29,225.1,251.37013397233417,23.149999618530273,45905,764.0085393747958,700.1345169371529,-0.35251881497748466
29,230.7,251.85153698152044,23.636438369750977,44698,761.634927737259,701.6000939639357,-0.33891363379946227
29,236.4,252.00463817715135,23.2901668548584,44414,771.2129058405008,697.2754762011979,-0.3485984845336595
29,242.0,251.10631674521164,23.111907958984375,46258,763.6943879977517,700.1617449954603,-0.3535841987039928
29,247.6,251.62559067065504,22.930749893188477,46134,764.473381887545,698.0544500802011,-0.3586509996133123
29,258.9,251.34073801341842,23.26791000366211,48888,760.0576624120439,702.2380134184258,-0.3492209852949946
29,264.6,251.3238449575779,22.926055908203125,50799,767.0776590090356,694.5377074351858,-0.35878228544531554
29,270.2,252.162774740983,23.890230178833008,43723,756.9520618438808,702.7448253779476,-0.33181534334584567
29,275.9,251.9437714936587,23.609790802001953,45653,766.1937879219329,699.0684949510437,-0.3396589382931304
29,292.8,252.04735802578728,24.447538375854492,45061,755.0947382437141,706.1077650296265,-0.31622801817192236
29,298.5,251.14373376847234,23.848718643188477,43511,763.1652685527797,703.5258670221324,-0.3329763774164342
29,304.2,250.669733115581,24.346221923828125,48373,762.4470055609535,697.9870588964918,-0.3190617329667943
30,115.0,222.49851712051765,6.475882053375244,3709,38.27069290913993,899.1927743327043,0.0
31,130.1,259.93820961070355,35.352806091308594,58747,194.05726249851057,485.35283503838497,0.18834294936339682
31,135.1,258.0666727444009,23.136009216308594,65814,178.46582793934422,484.5758653174097,-0.2223102924956754
31,140.0,257.5299667953784,32.55467224121094,66557,168.3448322490497,486.79396607419204,0.09428697475276798
31,145.0,272.7293768127855,41.76446533203125,85159,192.1987106471424,565.761728061626,0.40386332510824086
31,150.1,264.3409224011713,15.940378189086914,54640,197.85655197657394,494.27765373352855,-0.4641829567287302
31,155.1,258.29782766922347,32.95600891113281,71444,183.28527238116567,492.8959744695146,0.10777743434431639
31,160.1,275.79521075512713,48.01793670654297,84648,193.49390416784803,572.7781282487477,0.6140664019942307
31,165.1,293.4015263659989,60.75898742675781,30399,151.96990032566862,711.3417217671634,1.0423418195592045
32,130.1,259.5134013605442,31.516759872436523,14700,36.42836734693878,664.9668027210885,0.2673939734956006
32,140.0,259.51580319322255,31.54630470275879,15345,34.48191593352884,668.0463994786576,0.2685820696085877
32,145.0,256.26648882703165,23.75548553466797,25866,41.687040903116056,632.391479161834,-0.04471273931838604
32,150.1,253.96106235388802,7.089454174041748,26093,38.24228720346453,580.3062123941287,-0.7149094154373454
32,155.1,257.6012421530653,30.428865432739258,14974,37.71877921731,641.9937892346734,0.22364611165154313
32,160.1,252.72585550208154,28.264446258544922,33869,46.760341315066874,579.6019368744279,0.1366076017096849
32,165.1,257.4522863450016,19.788066864013672,15855,38.879848628193,653.7669504888048,-0.20425586919192187
32,185.5,254.83076401829578,30.66546630859375,17709,39.87447060816534,666.2271161556271,0.23316062156295117
32,191.1,255.14382150216727,31.15479850769043,14073,40.94691963334044,652.3508846727776,0.25283830044500105
32,202.5,253.00676256518997,18.86381721496582,17449,46.86119548398189,642.1379448679007,-0.24142302850493003
32,213.8,255.64665733286665,3.0613467693328857,11428,32.710973048652434,655.422383619181,-0.8768930416090779
32,219.4,254.07118938360412,20.345924377441406,16126,40.14008433585514,649.0088056554632,-0.18182255899603808
32,225.1,246.67296321892036,24.35041618347168,26046,37.93227366966137,580.9720878445827,-0.020788594768200743
32,230.7,254.6892180601054,30.402021408081055,14042,35.437971798889045,656.9438114228742,0.22256662393726423
32,242.0,253.88503663418686,30.20804214477539,13239,35.16149255986102,652.5192235063071,0.21476607114275806
32,247.6,247.53032591414944,6.590724468231201,25160,35.612957074721784,590.0529411764705,-0.7349649993903241
32,253.3,250.3543603426485,20.278589248657227,71210,168.21022328324673,494.96431680943687,-0.18453032898162772
32,258.9,252.1997605787748,29.638412475585938,57639,199.32847551137252,492.1206127795416,0.1918593633219965
32,264.6,253.22034507548526,30.927310943603516,55640,204.8731308411215,489.117523364486,0.2436902671783866
32,270.2,249.91833062970065,20.129009246826172,67810,168.38573956643563,497.8160005898835,-0.1905454394702518
32,275.9,249.8171039065185,24.080596923828125,69832,173.91662847978003,492.3710762973995,-0.031638926623042164
32,281.5,251.49290369422786,20.626020431518555,57847,195.58888101370857,488.51905889674487,-0.17055896298001044
32,287.2,262.5753118919538,28.212358474731445,87370,181.7325283278013,572.3123268856586,0.13451297829137857
32,292.8,252.44406343763396,23.610998153686523,58325,190.2806686669524,492.9708358336905,-0.050523058546734105
32,298.5,252.01185770750988,20.76224136352539,57431,203.38552349776253,489.08794901708137,-0.16508106522058982
32,304.2,251.05060130533036,20.669906616210938,63279,176.6256736041973,501.66007680273077,-0.16879415320184904
32,309.8,251.05338134906862,19.875839233398438,69144,172.00144625708666,495.5967256739558,-0.20072624963559907
32,315.4,250.09281489981464,19.807544708251953,67974,170.11170447524054,495.1340953894136,-0.203472600147001
33,155.1,269.3243481991873,39.45793914794922,79242,1031.7527826152798,744.1350294035991,0.08057554353660369
33,160.1,272.74419765410534,41.65258026123047,76133,1026.744473487187,752.5160968305465,0.14067689614297565
33,165.1,267.7075459403102,37.89362335205078,84403,1021.7792850965013,739.7532078243664,0.03773596732159238
33,170.1,271.9044142635971,32.48590850830078,79447,1029.800986821403,744.8969249940212,-0.11035702822654998
33,175.0,268.4363205407367,31.088294982910156,88176,1012.2656164942841,738.9964729631646,-0.14863137877462151
33,180.1,273.0971057234415,41.91033172607422,78327,1025.609713125742,746.8203939893012,0.14773554986983575
33,185.5,258.21673919899087,31.339778900146484,79275,1026.6258971933144,744.2014254178492,-0.14174436499674956
33,191.1,257.5172426073434,27.919965744018555,84239,1047.8411662056767,738.2987214947946,-0.23539767127107455
33,196.8,258.4925593898314,26.04807472229004,77749,1027.6125609332596,746.417998945324,-0.28666035001010615
33,202.5,256.90345862512504,23.213836669921875,83964,1021.8188509361155,748.7439974274689,-0.36427738703949775
33,208.1,257.33330964394855,31.562084197998047,84426,1032.7658541207684,738.9989932011466,-0.13565642241170192
33,213.8,256.8350351211797,25.271223068237305,85988,1025.6860957342885,738.1258896590222,-0.3079348239550783
33,219.4,257.89385157129203,25.548795700073242,82639,1026.9882016965355,740.865668752042,-0.3003333575837006
33,225.1,257.3070421513385,27.415929794311523,82702,1035.7030180648594,738.244915479674,-0.24920094970065698
33,230.7,257.50259399376455,26.146459579467773,81149,1028.95529211697,741.57584196971,-0.28396603112735913
33,236.4,257.5897008541771,26.930103302001953,81599,1037.3309599382346,740.5955710241547,-0.262505552964996
33,242.0,257.3176131644518,25.63273048400879,77056,1026.796667358804,750.0710132890365,-0.2980347612370261
33,247.6,257.59614291715053,31.880666732788086,80942,1030.8845593140768,746.2941241876899,-0.12693187918603507
33,253.3,257.9706269540892,23.298294067382812,85078,1013.6362631937751,743.816850419615,-0.36196447865812365
33,258.9,256.4107759232115,26.954601287841797,84596,1041.8423802543855,736.7041822308383,-0.2618346632800283
33,264.6,256.85109146002105,28.873838424682617,80855,1047.3710716715107,743.7551295529033,-0.20927538732440124
33,270.2,256.9789862959482,28.652587890625,80852,1023.7199079800129,745.2175703755009,-0.21533444467153334
33,275.9,257.1935492214578,26.20810890197754,77324,1029.2221431896953,744.8634447260877,-0.28227773336984396
33,281.5,255.07048892246547,25.27558708190918,121778,935.6343674555338,730.2013828441919,-0.30781531324196665
33,287.2,255.3641406645163,26.176490783691406,120599,932.4991832436422,731.5141253244223,-0.28314361146916733
33,292.8,257.2701353894724,30.722002029418945,82355,1024.699799647866,741.4078562321656,-0.15866249585421094
33,298.5,255.08295128616274,31.966428756713867,88558,1039.2002416495404,736.3641455317419,-0.12458324295161538
33,304.2,256.0103773820525,29.132211685180664,80078,1035.3532555758136,750.431479307675,-0.20219970541027085
33,309.8,257.39185411952616,21.451547622680664,90156,1006.4018922756112,739.4078708017215,-0.4125385604867746
33,315.4,254.9992033731915,28.523178100585938,124274,935.7420297085472,731.2891352978097,-0.21887839697188266
34,165.1,258.96086810228803,24.455223083496094,59440,190.82326716016152,493.9026749663526,-0.07507735948717241
34,170.1,269.45408739384163,33.06733322143555,105385,161.387673767614,564.245945817716,0.2506418384924972
34,175.0,268.48400392732503,31.62407112121582,102869,166.57497399605325,564.5834216333395,0.19605612532481828
34,180.1,259.7309123093305,14.305027961730957,72311,167.84841863616876,497.7244955815851,-0.458968573306405
34,185.5,249.60014605781686,28.74979591369629,72574,174.30222944856285,482.66905503348306,0.08734796897626182
34,191.1,252.22336404647032,30.605703353881836,57413,200.24288924111264,483.36223503387737,0.1575403693589133
34,196.8,250.33592917698252,19.17764663696289,66645,174.83916272788656,484.57951834346164,-0.27468093397797455
34,202.5,251.66082830634636,23.837493896484375,56694,198.2640843828271,482.21670723533356,-0.09844053670383436
34,208.1,249.7551419183951,12.115202903747559,69089,164.41909710663057,492.7682264904688,-0.5417900944176984
34,213.8,256.38206678937684,15.715665817260742,79863,175.830672526702,524.4495824098769,-0.40561674389600494
34,219.4,251.8237968662563,23.44173240661621,57184,193.2458030218243,482.94487968662565,-0.11340865868629893
34,225.1,251.83112778298775,28.928647994995117,57582,200.28310930499114,484.05849050050364,0.0941123455976211
34,230.7,249.9104006546071,27.147457122802734,68438,171.54317776673778,490.16720243139775,0.026745805568904858
34,236.4,259.59991881652536,27.168302536010742,110860,158.7920530398701,570.3686361176258,0.02753420134681715
34,242.0,278.6981796299082,51.55808639526367,33235,149.7600421242666,713.1987362720024,0.9499818605489674
35,180.1,255.6819171189507,29.162677764892578,70752,655.8701379466305,467.84359452736317,-0.06520433729909558
35,185.5,252.03585683101048,20.74356460571289,77419,655.3449411643137,471.23883026130534,-0.3350749756690653
35,191.1,253.4383760392617,22.641094207763672,79263,632.25103768467,471.97528481132434,-0.2742505734607389
35,196.8,252.8372350184089,50.690128326416016,79581,639.472185571933,475.68635729633957,0.6248477757529579
35,202.5,259.27286050011884,32.74677276611328,151484,530.6683874204537,414.1291159462385,0.04968211067594164
35,208.1,252.33402839982966,20.876197814941406,68099,650.6354718865182,473.9415556762948,-0.3308234816973362
35,213.8,250.7731964585775,20.00376319885254,70819,662.1256160070037,470.15300978550954,-0.35878895529632776
35,219.4,251.684269218825,20.601402282714844,70842,646.0786256740352,470.18469269642304,-0.33963192081688165
35,225.1,251.7820318280433,20.146930694580078,79741,646.5933208763371,468.64806059618013,-0.35419978981828765
35,230.7,251.86979573129187,21.40688133239746,80727,643.315322011223,468.88338474116466,-0.3138126758178437
35,236.4,250.92232882876345,19.242801666259766,68893,663.4777989055492,464.8754154993976,-0.38318121261524607
35,242.0,250.389174646819,20.48568344116211,84376,646.7522636768749,465.7892765715369,-0.3433412328371411
35,247.6,251.54447246221045,19.84015464782715,72573,643.7543439020021,455.46967880616756,-0.36403334900778017
35,253.3,251.34310692501347,16.893199920654297,79841,649.1464160018036,472.32445735900103,-0.45849657077863787
35,258.9,251.4561403508772,19.742252349853516,73530,638.0511355909152,465.3654970760234,-0.3671715602602591
35,264.6,252.0528667076666,20.255598068237305,86179,640.4921152484944,466.6864317293076,-0.3507165092227669
35,270.2,250.17972410888223,21.215240478515625,75972,646.6911098825883,455.89689622492494,-0.3199556315659164
35,275.9,251.4807677056071,21.77825164794922,88263,632.639928395817,458.3668694696532,-0.3019085782918075
35,281.5,251.41559442257147,20.773895263671875,94739,630.6624410221767,474.4405049662758,-0.33410274096087067
35,287.2,252.15715453203714,21.838512420654297,81983,635.492272788261,475.9005647512289,-0.2999769480961906
35,292.8,253.7640113960114,14.765713691711426,87750,616.2102450142451,458.8722507122507,-0.526692122480199
35,298.5,249.72036674152162,20.354738235473633,69913,648.1192911189621,460.04302490237865,-0.34753861866418695
35,304.2,251.66318327974275,53.419246673583984,85836,641.8285218323314,468.6608532550445,0.7123283567372355
35,309.8,252.50351325455125,19.626684188842773,93930,624.5553710209731,467.58625572234644,-0.3708760422879423
35,315.4,251.0754200346104,21.521251678466797,91302,648.1341153534424,467.4632319116777,-0.3101465891741843
36,185.5,219.09660959292438,5.823083877563477,8819,48.99512416373739,904.8006576709378,0.0
37,191.1,237.5548909542652,18.939838409423828,10867,30.636974325940923,490.5375908714457,0.0
38,242.0,249.73982665993884,27.539155960083008,67382,171.432949452376,493.13996319491855,-0.25314692981809556
38,247.6,255.43249262814481,14.001060485839844,63756,197.42101135579395,507.1125697973524,-0.6202957336525242
38,253.3,279.2735047724685,39.40535354614258,34259,152.82241162906098,714.5833211710791,0.06866053993076968
38,258.9,277.8168210363318,50.36275863647461,34873,155.01273191294123,716.4330857683594,0.36582184889764907
38,264.6,280.23816846598044,53.059635162353516,31864,157.25734371077078,716.3236567913633,0.43896027464220116
38,270.2,280.333711962695,40.773738861083984,33454,160.14276319722603,710.2054462844503,0.10577071045077936
38,275.9,281.6277174867418,54.13715362548828,28473,151.778948477505,715.3524742738734,0.46818222950299426
38,281.5,281.2609508809922,41.19182586669922,30477,155.1394822325032,710.9005807658234,0.11710909584644984
38,292.8,280.23449135379343,52.1786994934082,32095,147.0295061536065,717.3131328867424,0.41506958206112854
38,298.5,280.96807733191605,41.097206115722656,30104,150.20276375232527,713.0180374701036,0.11454303857079759
38,304.2,279.14431477783324,40.83299255371094,32048,152.78282576135797,716.8816462805792,0.10737765157570704
38,309.8,278.7385749679114,40.2448844909668,33501,157.39389868959137,721.5233276618609,0.09142834968367224
38,315.4,280.95604575698974,40.81085205078125,30509,155.50771903372774,716.9100921039693,0.10677720824286212
39,258.9,245.58702384639207,24.83664894104004,25832,36.11671570145556,578.2287860018581,0.015205187358877673
39,264.6,246.81293866341164,24.93899917602539,29493,41.32173736140779,586.8364696707694,0.01938878272760852
39,275.9,252.8474913646742,29.040407180786133,17081,37.46226801709502,658.094725133189,0.18703501760384908
39,292.8,253.2149391292386,19.04258155822754,14539,41.16555471490474,645.816837471628,-0.2216289876903353
40,270.2,237.5739555831651,14.590935707092285,64390,948.0961174095356,77.59169125640628,-0.13627442867657605
40,275.9,239.8648628475462,16.881362915039062,53590,889.3851278223549,82.48775891024445,-0.0006902147185265208
40,281.5,236.41733483984262,16.858226776123047,73459,955.9288991137913,79.93144475149403,-0.002059782455963698
40,287.2,240.0639883995464,19.28329086303711,53791,891.3200163596141,86.68379468684353,0.14149440118337883
40,292.8,238.70590337668796,16.85129737854004,64353,922.5661740711389,81.50314670644725,-0.002469975332312359
40,298.5,236.05720887614038,16.8074951171875,75303,960.6137604079519,82.63474230774338,-0.005062895620048944
40,304.2,236.85803895212894,18.09709930419922,71421,955.7643690231165,79.1869618179527,0.0712765616682424
40,309.8,241.40836873654195,17.41273307800293,51549,885.379056819725,83.30615530854139,0.03076479315784286
40,315.4,236.94261851992,15.943081855773926,73996,959.886237093897,81.61562787177685,-0.05623273510546813
41,270.2,230.6451612903226,6.635711669921875,31,1165.967741935484,94.61290322580645,0.0
42,270.2,227.3695652173913,6.435564994812012,46,1165.5217391304348,97.95652173913044,0.0
43,287.2,229.13890198431406,8.75082778930664,23333,1115.2924184631208,82.3873483906913,0.0
